sample_id,text,label,scam_category,language,source,data_origin,indicators,expected_action,resolution_steps,severity,priority,notes
G0001,Your monthly investment statement for mutual fund is available in your official account. Please keep this for your records.,genuine,finance_genuine,en,Research-backed synthetic,synthetic_research_backed,normal financial statement,Review it through the official investment platform.,1. Sign in directly to the known platform. 2. Review the statement. 3. Contact the provider through official channels for discrepancies.,Low,P4,"English dataset row; retained from the finalized 1,500-record ScamShield dataset."
G0002,The Machine Learning assignment deadline is 20 October. Please submit it through the student portal.,genuine,education,en,Research-backed synthetic,synthetic_research_backed,normal educational announcement,Use the official student portal.,1. Check the assignment details. 2. Prepare the submission. 3. Upload through the official portal before the deadline.,Low,P4,"English dataset row; retained from the finalized 1,500-record ScamShield dataset."
S0003,"Hi, I lost my phone and need you to urgently transfer Rs 1299 to this new account. Please don't call.",scam,impersonation,en,Research-backed synthetic,synthetic_research_backed,"impersonation, money request, urgency, discouraging verification",Verify the person's identity through an independent channel before any payment.,1. Do not transfer money. 2. Call the person using a known number. 3. Confirm the request independently. 4. Report if fraudulent.,High,P1,"English dataset row; retained from the finalized 1,500-record ScamShield dataset."
S0004,Urgent: your Canara Bank account will be blocked today because PAN/KYC is incomplete. Click http://account-check.invalid to update now. Act now.,scam,bank_kyc,en,Research-backed synthetic,synthetic_research_backed,"bank impersonation, urgency, suspicious URL, KYC request",Do not click the link or share banking credentials.,1. Do not click the link. 2. Open the bank's official app/site manually. 3. Verify KYC status. 4. Report the message if fraudulent.,High,P1,"English dataset row; retained from the finalized 1,500-record ScamShield dataset."
S0005,You have been selected for a work-from-home Frontend Developer paying Rs 499 per day. Pay Rs 299 as registration before joining. Act now.,scam,job_scam,en,Research-backed synthetic,synthetic_research_backed,"unrealistic earnings, upfront fee, unsolicited job",Do not pay the registration fee.,1. Do not pay. 2. Verify the employer independently. 3. Do not share identity/banking documents. 4. Block and report the sender.,High,P1,"English dataset row; retained from the finalized 1,500-record ScamShield dataset."
G0006,Your Akasa Air booking H9P3ZA is confirmed for 5 October. Thank you.,genuine,travel,en,Research-backed synthetic,synthetic_research_backed,normal travel confirmation,Check the booking in the official airline/travel app.,1. Open the official travel account. 2. Verify the booking reference. 3. Check schedule changes through the official channel.,Low,P4,"English dataset row; retained from the finalized 1,500-record ScamShield dataset."
S0007,A refund of Rs 199 is waiting for you. Share your card number and OTP so we can process it immediately.,scam,refund_scam,en,Research-backed synthetic,synthetic_research_backed,"refund pretext, card-data request, OTP request",Do not share card or OTP details.,1. Do not share credentials. 2. Check refunds in the official merchant app. 3. Contact official support. 4. Report the sender.,Critical,P1,"English dataset row; retained from the finalized 1,500-record ScamShield dataset."
G0008,Interview reminder: your ML Intern interview is scheduled for 30 September at 6:00 PM. Thank you.,genuine,job_genuine,en,Research-backed synthetic,synthetic_research_backed,normal recruitment communication,Verify the interview through the official recruitment channel.,1. Check the original application. 2. Confirm the interview details. 3. Join through the verified meeting link.,Low,P4,"English dataset row; retained from the finalized 1,500-record ScamShield dataset."
S0009,Your computer has a critical virus. Call our support number immediately and install this remote-access application.,scam,tech_support,en,Research-backed synthetic,synthetic_research_backed,"fake technical support, remote-access request, urgency",Do not install remote-access software or call the supplied number.,1. Disconnect from the conversation. 2. Do not install unknown software. 3. Use trusted security tools. 4. Contact the vendor through official support.,Critical,P1,"English dataset row; retained from the finalized 1,500-record ScamShield dataset."
S0010,Our AI trading group guarantees 30% daily profit. Deposit Rs 249 today to activate your account. Do not ignore this message.,scam,investment_scam,en,Research-backed synthetic,synthetic_research_backed,"guaranteed returns, investment pressure, deposit request",Do not transfer money based on the message.,1. Do not deposit funds. 2. Verify the company independently. 3. Check regulatory status where applicable. 4. Report the solicitation.,Critical,P1,"English dataset row; retained from the finalized 1,500-record ScamShield dataset."
G0011,Please review the latest Live Call Guardian build before the review tomorrow.,genuine,work,en,Research-backed synthetic,synthetic_research_backed,ordinary workplace communication,Review the work through the normal project channel.,1. Open the known project workspace. 2. Review the requested item. 3. Reply with feedback.,Low,P4,"English dataset row; retained from the finalized 1,500-record ScamShield dataset."
S0012,Your electricity connection will be disconnected tonight unless you pay the pending bill through https://example.invalid/verify. Immediate action required.,scam,utility_scam,en,Research-backed synthetic,synthetic_research_backed,"utility impersonation, disconnection threat, suspicious URL",Verify the bill through the official utility portal.,1. Do not open the link. 2. Check the official utility account. 3. Pay only through the official portal. 4. Report the message.,High,P1,"English dataset row; retained from the finalized 1,500-record ScamShield dataset."
S0013,Meeru KBC lottery lo 25 lakshalu geluchukunaru. Claim cheyadaniki tax pay cheyandi.,scam,lottery,en,User-provided reference file,user_reference,"lottery win, upfront tax request",Do not pay,Verify through an official channel; follow the expected action above.,High,P1,"English dataset row; retained from the finalized 1,500-record ScamShield dataset."
G0014,Amazon order #404-1234567 has shipped and will be delivered by tomorrow 9 PM.,genuine,delivery,en,User-provided reference file,user_reference,None,None,Verify through an official channel; follow the expected action above.,Low,P4,"English dataset row; retained from the finalized 1,500-record ScamShield dataset."
S0015,I trust you completely. I can show you a special crypto investment platform. Send ₹499 and we will grow it together.,scam,matrimonial_investment,en,Research-backed synthetic,synthetic_research_backed,"romance grooming, investment pitch, money request",Do not send money to an online romantic contact.,1. Do not send money to an online romantic contact. 2. Verify independently using the official service/authority. 3. Preserve evidence. 4. Report suspected cyber fraud.,Critical,P1,"English dataset row; retained from the finalized 1,500-record ScamShield dataset."
G0016,Your verification code for Microsoft is G-481205. Do not share it with anyone.,genuine,otp,en,Research-backed synthetic,synthetic_research_backed,legitimate verification-code notice,Use the code only in the login/verification flow you initiated.,"1. Use the code only on the official service. 2. Never forward the code. 3. If you did not request it, ignore it and review account security.",Low,P4,"English dataset row; retained from the finalized 1,500-record ScamShield dataset."
S0017,Premium apartment available at a very low rent. Send a refundable booking deposit of Rs 299 before viewing. Do not ignore this message.,scam,rental_scam,en,Research-backed synthetic,synthetic_research_backed,"unusually low price, advance deposit, no viewing",Do not pay a deposit before independently verifying the property and owner.,1. Do not transfer the deposit. 2. Verify ownership/listing independently. 3. Inspect the property. 4. Report suspicious listings.,High,P2,"English dataset row; retained from the finalized 1,500-record ScamShield dataset."
G0018,Interview reminder: your ML Intern interview is scheduled for 2 October at 9:30 AM. Please keep this for your records.,genuine,job_genuine,en,Research-backed synthetic,synthetic_research_backed,normal recruitment communication,Verify the interview through the official recruitment channel.,1. Check the original application. 2. Confirm the interview details. 3. Join through the verified meeting link.,Low,P4,"English dataset row; retained from the finalized 1,500-record ScamShield dataset."
G0019,Your subscription to Microsoft has been renewed successfully.,genuine,subscription,en,Research-backed synthetic,synthetic_research_backed,normal subscription notice,Verify the renewal in the official account.,1. Open the official service app. 2. Check billing history. 3. Contact official support if the charge is unfamiliar.,Low,P4,"English dataset row; retained from the finalized 1,500-record ScamShield dataset."
G0020,Your Zomato payment of ₹799 was processed successfully.,genuine,transaction,en,Research-backed synthetic,synthetic_research_backed,normal transaction notification,Verify in the official app.,1. Verify in the official app. 2. Verify the message in the official app/portal if needed. 3. Do not share sensitive information unnecessarily.,Low,P4,"English dataset row; retained from the finalized 1,500-record ScamShield dataset."
S0021,You have been selected for a work-from-home Java Backend Developer paying Rs 1299 per day. Pay Rs 299 as registration before joining. Do not ignore this message.,scam,job_scam,en,Research-backed synthetic,synthetic_research_backed,"unrealistic earnings, upfront fee, unsolicited job",Do not pay the registration fee.,1. Do not pay. 2. Verify the employer independently. 3. Do not share identity/banking documents. 4. Block and report the sender.,High,P1,"English dataset row; retained from the finalized 1,500-record ScamShield dataset."
S0022,Urgent: your Canara Bank account will be blocked today because PAN/KYC is incomplete. Click http://account-check.invalid to update now.,scam,bank_kyc,en,Research-backed synthetic,synthetic_research_backed,"bank impersonation, urgency, suspicious URL, KYC request",Do not click the link or share banking credentials.,1. Do not click the link. 2. Open the bank's official app/site manually. 3. Verify KYC status. 4. Report the message if fraudulent.,High,P1,"English dataset row; retained from the finalized 1,500-record ScamShield dataset."
S0023,Your Google account has been locked. Verify your identity now at http://account-check.invalid to avoid permanent closure. Immediate action required.,scam,phishing,en,Research-backed synthetic,synthetic_research_backed,"account threat, urgency, suspicious URL, credential harvesting",Do not click the link.,1. Do not open the URL. 2. Visit the service by typing its official address. 3. Change credentials if exposed. 4. Report the message.,High,P1,"English dataset row; retained from the finalized 1,500-record ScamShield dataset."
S0024,You have been selected for a work-from-home Java Backend Developer paying Rs 1299 per day. Pay Rs 499 as registration before joining. Do not ignore this message.,scam,job_scam,en,Research-backed synthetic,synthetic_research_backed,"unrealistic earnings, upfront fee, unsolicited job",Do not pay the registration fee.,1. Do not pay. 2. Verify the employer independently. 3. Do not share identity/banking documents. 4. Block and report the sender.,High,P1,"English dataset row; retained from the finalized 1,500-record ScamShield dataset."
S0025,Congratulations! Your instant loan of Rs 2499 is approved. Pay Rs 999 processing charges to release the funds. Immediate action required.,scam,loan_scam,en,Research-backed synthetic,synthetic_research_backed,"unsolicited loan, advance fee, pressure",Do not pay the fee.,1. Do not pay upfront charges. 2. Verify the lender independently. 3. Avoid sharing banking credentials. 4. Report the message.,High,P1,"English dataset row; retained from the finalized 1,500-record ScamShield dataset."
G0026,Rs 1299 was spent at BookMyShow using your credit card. — Customer Notification.,genuine,transaction,en,Research-backed synthetic,synthetic_research_backed,normal transaction notification,Verify the transaction in the official banking/payment app.,1. Open the official banking app. 2. Confirm the transaction. 3. Contact the bank only if it is unrecognized.,Low,P4,"English dataset row; retained from the finalized 1,500-record ScamShield dataset."
S0027,A refund of Rs 199 is waiting for you. Share your card number and OTP so we can process it immediately. Act now.,scam,refund_scam,en,Research-backed synthetic,synthetic_research_backed,"refund pretext, card-data request, OTP request",Do not share card or OTP details.,1. Do not share credentials. 2. Check refunds in the official merchant app. 3. Contact official support. 4. Report the sender.,Critical,P1,"English dataset row; retained from the finalized 1,500-record ScamShield dataset."
S0028,Congratulations! Your instant loan of Rs 799 is approved. Pay Rs 499 processing charges to release the funds.,scam,loan_scam,en,Research-backed synthetic,synthetic_research_backed,"unsolicited loan, advance fee, pressure",Do not pay the fee.,1. Do not pay upfront charges. 2. Verify the lender independently. 3. Avoid sharing banking credentials. 4. Report the message.,High,P1,"English dataset row; retained from the finalized 1,500-record ScamShield dataset."
G0029,Your service request SUP-23817 has been completed. Please review the update in the official portal.,genuine,service_update,en,Research-backed synthetic,synthetic_research_backed,normal service update,Review the request through the official portal.,1. Open the official portal directly. 2. Check the request status. 3. Contact official support if the result is incorrect.,Low,P4,"English dataset row; retained from the finalized 1,500-record ScamShield dataset."
G0030,Your IndiGo booking AI7K2P is confirmed for 2 October. — Customer Notification.,genuine,travel,en,Research-backed synthetic,synthetic_research_backed,normal travel confirmation,Check the booking in the official airline/travel app.,1. Open the official travel account. 2. Verify the booking reference. 3. Check schedule changes through the official channel.,Low,P4,"English dataset row; retained from the finalized 1,500-record ScamShield dataset."
G0031,Your Spotify payment of ₹1299 was processed successfully.,genuine,transaction,en,Research-backed synthetic,synthetic_research_backed,normal transaction notification,Verify in the official app.,1. Verify in the official app. 2. Verify the message in the official app/portal if needed. 3. Do not share sensitive information unnecessarily.,Low,P4,"English dataset row; retained from the finalized 1,500-record ScamShield dataset."
S0032,"Hi, I lost my phone and need you to urgently transfer Rs 1299 to this new account. Please don't call. Do not ignore this message.",scam,impersonation,en,Research-backed synthetic,synthetic_research_backed,"impersonation, money request, urgency, discouraging verification",Verify the person's identity through an independent channel before any payment.,1. Do not transfer money. 2. Call the person using a known number. 3. Confirm the request independently. 4. Report if fraudulent.,High,P1,"English dataset row; retained from the finalized 1,500-record ScamShield dataset."
G0033,Your electricity bill of Rs 4999 is due on 20 October. Please pay through the official utility portal. Thank you.,genuine,utility_genuine,en,Research-backed synthetic,synthetic_research_backed,normal utility bill reminder,Use the official utility website/app.,1. Verify the bill in the official portal. 2. Check the due date and amount. 3. Pay only through the official channel.,Low,P4,"English dataset row; retained from the finalized 1,500-record ScamShield dataset."
G0034,Your bank statement for account ending 8842 is now available in online banking. — Customer Notification.,genuine,banking_genuine,en,Research-backed synthetic,synthetic_research_backed,normal banking notification,Open the bank's official app or website.,1. Sign in through the official app/site. 2. Review the statement. 3. Never use links from unexpected messages to sign in.,Low,P4,"English dataset row; retained from the finalized 1,500-record ScamShield dataset."
S0035,Congratulations! Your instant loan of Rs 249 is approved. Pay Rs 299 processing charges to release the funds. Do not ignore this message.,scam,loan_scam,en,Research-backed synthetic,synthetic_research_backed,"unsolicited loan, advance fee, pressure",Do not pay the fee.,1. Do not pay upfront charges. 2. Verify the lender independently. 3. Avoid sharing banking credentials. 4. Report the message.,High,P1,"English dataset row; retained from the finalized 1,500-record ScamShield dataset."
G0036,Please review the latest ScamShield build before the review tomorrow. Thank you.,genuine,work,en,Research-backed synthetic,synthetic_research_backed,ordinary workplace communication,Review the work through the normal project channel.,1. Open the known project workspace. 2. Review the requested item. 3. Reply with feedback.,Low,P4,"English dataset row; retained from the finalized 1,500-record ScamShield dataset."
S0037,Congratulations! You won Rs 499 in a lucky draw. Pay Rs 299 tax/processing charges to claim your prize. Immediate action required.,scam,lottery,en,Research-backed synthetic,synthetic_research_backed,"unexpected prize, upfront payment, lottery claim",Do not pay the fee.,1. Do not send money. 2. Do not share financial details. 3. Block the sender. 4. Report the message.,High,P1,"English dataset row; retained from the finalized 1,500-record ScamShield dataset."
G0038,Reminder: your career counseling session is scheduled for 5 October at 2:00 PM. — Customer Notification.,genuine,appointment,en,Research-backed synthetic,synthetic_research_backed,normal appointment reminder,Confirm or reschedule through the official provider if necessary.,1. Check the appointment details. 2. Add it to your calendar. 3. Use the provider's official contact channel for changes.,Low,P4,"English dataset row; retained from the finalized 1,500-record ScamShield dataset."
G0039,"Ashok, can you review the MediSync admin dashboard API? The patient management endpoint is throwing an error.",genuine,work,en,User-provided reference file,user_reference,None,Review code,Verify through an official channel; follow the expected action above.,Low,P4,"English dataset row; retained from the finalized 1,500-record ScamShield dataset."
S0040,We detected an issue with your Netflix account. Call +91 9XXXX XXXXX and provide your card details for verification. Do not ignore this message.,scam,customer_support,en,Research-backed synthetic,synthetic_research_backed,"fake support, request for financial data, unsolicited contact",Do not provide card or account details.,1. Do not call the supplied number. 2. Use official support channels. 3. Do not share card/OTP details. 4. Block the sender.,Critical,P1,"English dataset row; retained from the finalized 1,500-record ScamShield dataset."
S0041,Please donate Rs 1299 for an emergency relief campaign. Transfer to this personal UPI ID today. Do not ignore this message.,scam,charity_scam,en,Research-backed synthetic,synthetic_research_backed,"emotional appeal, personal payment destination, urgency",Verify the charity and donation channel independently.,1. Do not transfer to an unverified personal account. 2. Check the organization's official website. 3. Donate through verified channels. 4. Report the message.,Medium,P2,"English dataset row; retained from the finalized 1,500-record ScamShield dataset."
G0042,Your registration for AI workshop is confirmed. The event begins at 10:00 AM on 10 October.,genuine,event,en,Research-backed synthetic,synthetic_research_backed,normal event confirmation,Check the registration in the official event account/email.,1. Verify registration details. 2. Save the event information. 3. Use the organizer's official contact channel for changes.,Low,P4,"English dataset row; retained from the finalized 1,500-record ScamShield dataset."
G0043,The department seminar on Cloud Computing will be held on 5 October in sample-venue. Please keep this for your records.,genuine,college_announcement,en,Research-backed synthetic,synthetic_research_backed,normal institutional announcement,Check the official college communication channel for details.,1. Verify the announcement in the official portal/email. 2. Note the venue and time. 3. Attend if relevant.,Low,P4,"English dataset row; retained from the finalized 1,500-record ScamShield dataset."
S0044,Earn ₹25000 daily by completing CAPTCHA tasks. Pay ₹199 registration/software charges to activate your account.,scam,fake_captcha_job,en,Research-backed synthetic,synthetic_research_backed,"upfront fee, unrealistic earnings, fake job platform",Do not pay the registration fee.,1. Do not pay the registration fee. 2. Verify independently using the official service/authority. 3. Preserve evidence. 4. Report suspected cyber fraud.,High,P1,"English dataset row; retained from the finalized 1,500-record ScamShield dataset."
G0045,Please review the latest Live Call Guardian build before the stand-up tomorrow. Please keep this for your records.,genuine,work,en,Research-backed synthetic,synthetic_research_backed,ordinary workplace communication,Review the work through the normal project channel.,1. Open the known project workspace. 2. Review the requested item. 3. Reply with feedback.,Low,P4,"English dataset row; retained from the finalized 1,500-record ScamShield dataset."
G0046,Your order #401-8246152 from Myntra has been confirmed for delivery. Please keep this for your records.,genuine,ecommerce,en,Research-backed synthetic,synthetic_research_backed,normal ecommerce order confirmation,Check order status in the official store account.,1. Open the official shopping app/site. 2. Verify the order. 3. Contact official support for changes.,Low,P4,"English dataset row; retained from the finalized 1,500-record ScamShield dataset."
G0047,याद दिलाया जाता है कि आपकी dentist appointment 20 October को 6:00 PM बजे है। Thank you.,genuine,appointment,en,Research-backed synthetic,synthetic_research_backed,normal appointment reminder,Use the official provider channel for confirmation or changes.,1. समय जांचें। 2. कैलेंडर में सेव करें। 3. बदलाव के लिए आधिकारिक नंबर/पोर्टल इस्तेमाल करें।,Low,P4,"English dataset row; retained from the finalized 1,500-record ScamShield dataset."
G0048,"Just a reminder that the frontend directory for MediSync has been updated. As the admin, I've added the new patient management portal.",genuine,work,en,User-provided reference file,user_reference,None,None,Verify through an official channel; follow the expected action above.,Low,P4,"English dataset row; retained from the finalized 1,500-record ScamShield dataset."
S0049,Congratulations! Your instant loan of Rs 1299 is approved. Pay Rs 199 processing charges to release the funds.,scam,loan_scam,en,Research-backed synthetic,synthetic_research_backed,"unsolicited loan, advance fee, pressure",Do not pay the fee.,1. Do not pay upfront charges. 2. Verify the lender independently. 3. Avoid sharing banking credentials. 4. Report the message.,High,P1,"English dataset row; retained from the finalized 1,500-record ScamShield dataset."
S0050,Rent your WhatsApp account to earn ₹2499 per week. Send the verification code to activate the rental.,scam,whatsapp_web_renting,en,Research-backed synthetic,synthetic_research_backed,"account renting, OTP request, financial incentive",Do not share the verification code or account access.,1. Do not share the verification code or account access. 2. Verify independently using the official service/authority. 3. Preserve evidence. 4. Report suspected cyber fraud.,Critical,P1,"English dataset row; retained from the finalized 1,500-record ScamShield dataset."
G0051,"Hi Priya, are we still meeting at library around 6:00 PM today?",genuine,personal,en,Research-backed synthetic,synthetic_research_backed,ordinary personal communication,Reply through the normal conversation channel.,1. Check your plans. 2. Reply to the sender. 3. Do not take any financial action based only on this message.,Low,P4,"English dataset row; retained from the finalized 1,500-record ScamShield dataset."
S0052,"To receive your refund of Rs 2499, scan this QR and enter your UPI PIN.",scam,upi_qr,en,Research-backed synthetic,synthetic_research_backed,"QR-for-receiving-money, UPI PIN request, refund pretext",Do not scan the QR or enter the UPI PIN.,1. Do not scan the QR. 2. Never enter a UPI PIN to receive money. 3. Verify the refund in the official app. 4. Report the sender.,Critical,P1,"English dataset row; retained from the finalized 1,500-record ScamShield dataset."
S0053,Please donate Rs 2499 for an emergency relief campaign. Transfer to this personal UPI ID today. Act now.,scam,charity_scam,en,Research-backed synthetic,synthetic_research_backed,"emotional appeal, personal payment destination, urgency",Verify the charity and donation channel independently.,1. Do not transfer to an unverified personal account. 2. Check the organization's official website. 3. Donate through verified channels. 4. Report the message.,Medium,P2,"English dataset row; retained from the finalized 1,500-record ScamShield dataset."
S0054,Your Instagram account is under review. Send your login code to this agent to restore access.,scam,social_media,en,Research-backed synthetic,synthetic_research_backed,"account takeover, login-code request, impersonation",Do not share the login code.,1. Do not share the code. 2. Open the platform directly. 3. Review security settings and sessions. 4. Report the account.,Critical,P1,"English dataset row; retained from the finalized 1,500-record ScamShield dataset."
S0055,Our AI trading group guarantees 10% daily profit. Deposit Rs 1299 today to activate your account.,scam,investment_scam,en,Research-backed synthetic,synthetic_research_backed,"guaranteed returns, investment pressure, deposit request",Do not transfer money based on the message.,1. Do not deposit funds. 2. Verify the company independently. 3. Check regulatory status where applicable. 4. Report the solicitation.,Critical,P1,"English dataset row; retained from the finalized 1,500-record ScamShield dataset."
G0056,Your order #401-8246152 has shipped and is expected to arrive on 2 October.,genuine,delivery,en,Research-backed synthetic,synthetic_research_backed,normal delivery update,Track through the official retailer/carrier app.,1. Track through the official retailer/carrier app. 2. Verify the message in the official app/portal if needed. 3. Do not share sensitive information unnecessarily.,Low,P4,"English dataset row; retained from the finalized 1,500-record ScamShield dataset."
G0057,Can you bring the charger when you come to office?,genuine,personal,en,Research-backed synthetic,synthetic_research_backed,ordinary personal communication,Reply normally if the request is expected.,1. Confirm the context. 2. Reply normally. 3. Ignore if the sender is unknown.,Low,P4,"English dataset row; retained from the finalized 1,500-record ScamShield dataset."
G0058,Rs 499 was spent at Amazon using your UPI. Thank you.,genuine,transaction,en,Research-backed synthetic,synthetic_research_backed,normal transaction notification,Verify the transaction in the official banking/payment app.,1. Open the official banking app. 2. Confirm the transaction. 3. Contact the bank only if it is unrecognized.,Low,P4,"English dataset row; retained from the finalized 1,500-record ScamShield dataset."
G0059,Your monthly investment statement for index fund is available in your official account.,genuine,finance_genuine,en,Research-backed synthetic,synthetic_research_backed,normal financial statement,Review it through the official investment platform.,1. Sign in directly to the known platform. 2. Review the statement. 3. Contact the provider through official channels for discrepancies.,Low,P4,"English dataset row; retained from the finalized 1,500-record ScamShield dataset."
S0060,Your UPS package could not be delivered. Please pay $1.99 redelivery fee at http://ups-redelivery-fee.com,scam,delivery,en,User-provided reference file,user_reference,"small fee, suspicious URL",Do not pay,Verify through an official channel; follow the expected action above.,High,P1,"English dataset row; retained from the finalized 1,500-record ScamShield dataset."
S0061,Congratulations! Your instant loan of Rs 2499 is approved. Pay Rs 499 processing charges to release the funds. Act now.,scam,loan_scam,en,Research-backed synthetic,synthetic_research_backed,"unsolicited loan, advance fee, pressure",Do not pay the fee.,1. Do not pay upfront charges. 2. Verify the lender independently. 3. Avoid sharing banking credentials. 4. Report the message.,High,P1,"English dataset row; retained from the finalized 1,500-record ScamShield dataset."
S0062,Earn ₹2499 daily by completing CAPTCHA tasks. Pay ₹499 registration/software charges to activate your account.,scam,fake_captcha_job,en,Research-backed synthetic,synthetic_research_backed,"upfront fee, unrealistic earnings, fake job platform",Do not pay the registration fee.,1. Do not pay the registration fee. 2. Verify independently using the official service/authority. 3. Preserve evidence. 4. Report suspected cyber fraud.,High,P1,"English dataset row; retained from the finalized 1,500-record ScamShield dataset."
G0063,Please review the latest SupportPilot build before the review tomorrow. — Customer Notification.,genuine,work,en,Research-backed synthetic,synthetic_research_backed,ordinary workplace communication,Review the work through the normal project channel.,1. Open the known project workspace. 2. Review the requested item. 3. Reply with feedback.,Low,P4,"English dataset row; retained from the finalized 1,500-record ScamShield dataset."
G0064,Your electricity bill of Rs 4999 is due on 5 October. Please pay through the official utility portal. Please keep this for your records.,genuine,utility_genuine,en,Research-backed synthetic,synthetic_research_backed,normal utility bill reminder,Use the official utility website/app.,1. Verify the bill in the official portal. 2. Check the due date and amount. 3. Pay only through the official channel.,Low,P4,"English dataset row; retained from the finalized 1,500-record ScamShield dataset."
G0065,Your monthly investment statement for mutual fund is available in your official account.,genuine,finance_genuine,en,Research-backed synthetic,synthetic_research_backed,normal financial statement,Review it through the official investment platform.,1. Sign in directly to the known platform. 2. Review the statement. 3. Contact the provider through official channels for discrepancies.,Low,P4,"English dataset row; retained from the finalized 1,500-record ScamShield dataset."
G0066,आपके Uber भुगतान का ₹2499 का लेनदेन सफल रहा। — Customer Notification.,genuine,transaction,en,Research-backed synthetic,synthetic_research_backed,normal transaction notification,Verify the transaction through the official app.,1. आधिकारिक ऐप खोलें। 2. लेनदेन की राशि जांचें। 3. अनजान लेनदेन हो तो बैंक से संपर्क करें।,Low,P4,"English dataset row; retained from the finalized 1,500-record ScamShield dataset."
G0067,Your mobile plan has 1.2 GB remaining and is valid until 5 October.,genuine,telecom_genuine,en,Research-backed synthetic,synthetic_research_backed,normal telecom usage notice,Check usage in the official provider app.,1. Check usage in the official provider app. 2. Verify the message in the official app/portal if needed. 3. Do not share sensitive information unnecessarily.,Low,P4,"English dataset row; retained from the finalized 1,500-record ScamShield dataset."
G0068,आपके BookMyShow भुगतान का ₹4999 का लेनदेन सफल रहा।,genuine,transaction,en,Research-backed synthetic,synthetic_research_backed,normal transaction notification,Verify the transaction through the official app.,1. आधिकारिक ऐप खोलें। 2. लेनदेन की राशि जांचें। 3. अनजान लेनदेन हो तो बैंक से संपर्क करें।,Low,P4,"English dataset row; retained from the finalized 1,500-record ScamShield dataset."
G0069,Can you bring the book when you come to library? — Customer Notification.,genuine,personal,en,Research-backed synthetic,synthetic_research_backed,ordinary personal communication,Reply normally if the request is expected.,1. Confirm the context. 2. Reply normally. 3. Ignore if the sender is unknown.,Low,P4,"English dataset row; retained from the finalized 1,500-record ScamShield dataset."
G0070,Your electricity bill of ₹499 is due on 2 October.,genuine,utility_genuine,en,Research-backed synthetic,synthetic_research_backed,normal utility reminder,Check the official utility portal.,1. Check the official utility portal. 2. Verify the message in the official app/portal if needed. 3. Do not share sensitive information unnecessarily.,Low,P4,"English dataset row; retained from the finalized 1,500-record ScamShield dataset."
S0071,You have been selected for a work-from-home Frontend Developer paying Rs 799 per day. Pay Rs 199 as registration before joining. Act now.,scam,job_scam,en,Research-backed synthetic,synthetic_research_backed,"unrealistic earnings, upfront fee, unsolicited job",Do not pay the registration fee.,1. Do not pay. 2. Verify the employer independently. 3. Do not share identity/banking documents. 4. Block and report the sender.,High,P1,"English dataset row; retained from the finalized 1,500-record ScamShield dataset."
G0072,"Hi, are we still meeting at the campus cafeteria around 4:30 PM today?",genuine,personal,en,Research-backed synthetic,synthetic_research_backed,ordinary personal communication,Reply normally if expected.,1. Reply normally if expected. 2. Verify the message in the official app/portal if needed. 3. Do not share sensitive information unnecessarily.,Low,P4,"English dataset row; retained from the finalized 1,500-record ScamShield dataset."
S0073,Your Google account has been locked. Verify your identity now at http://secure-update.invalid to avoid permanent closure. Act now.,scam,phishing,en,Research-backed synthetic,synthetic_research_backed,"account threat, urgency, suspicious URL, credential harvesting",Do not click the link.,1. Do not open the URL. 2. Visit the service by typing its official address. 3. Change credentials if exposed. 4. Report the message.,High,P1,"English dataset row; retained from the finalized 1,500-record ScamShield dataset."
G0074,Microsoft verification code M-562901 है। इसे किसी के साथ साझा न करें।,genuine,otp,en,Research-backed synthetic,synthetic_research_backed,legitimate verification-code notice,Use only for the verification you initiated.,1. कोड केवल आधिकारिक स्क्रीन पर दर्ज करें। 2. किसी को न बताएं। 3. अनचाहा कोड हो तो पासवर्ड/सुरक्षा जांचें।,Low,P4,"English dataset row; retained from the finalized 1,500-record ScamShield dataset."
G0075,Your Jio data plan has 5 GB remaining and is valid until 30 September. Please keep this for your records.,genuine,telecom_genuine,en,Research-backed synthetic,synthetic_research_backed,normal telecom usage notice,Check usage in the official telecom app if needed.,1. Open the official provider app. 2. Review plan usage. 3. Recharge only through official channels.,Low,P4,"English dataset row; retained from the finalized 1,500-record ScamShield dataset."
S0076,I need urgent financial help for a family emergency. Please send Rs 2499 today and I will return it next week. Do not ignore this message.,scam,romance_scam,en,Research-backed synthetic,synthetic_research_backed,"emotional pressure, urgent money request, unverifiable emergency",Verify the person's identity and situation independently before sending money.,1. Do not transfer money immediately. 2. Verify identity using another channel. 3. Discuss with someone you trust. 4. Report if fraudulent.,High,P2,"English dataset row; retained from the finalized 1,500-record ScamShield dataset."
G0077,Your subscription renews on 10 October for ₹799.,genuine,subscription,en,Research-backed synthetic,synthetic_research_backed,normal subscription notice,Review the subscription in the official account settings.,1. Review the subscription in the official account settings. 2. Verify the message in the official app/portal if needed. 3. Do not share sensitive information unnecessarily.,Low,P4,"English dataset row; retained from the finalized 1,500-record ScamShield dataset."
G0078,Your Netflix subscription renews on 20 October for Rs 799. Please keep this for your records.,genuine,subscription,en,Research-backed synthetic,synthetic_research_backed,normal subscription notice,Review the subscription in the official account settings.,1. Check the subscription details. 2. Confirm the renewal amount. 3. Cancel only through the official account if desired.,Low,P4,"English dataset row; retained from the finalized 1,500-record ScamShield dataset."
S0079,Our crypto trading bot guarantees 20% profit every day. Deposit ₹2499 now to join.,scam,crypto_investment,en,Research-backed synthetic,synthetic_research_backed,"guaranteed returns, crypto solicitation, deposit request",Do not transfer money based on guaranteed-profit claims.,1. Do not transfer money based on guaranteed-profit claims. 2. Verify independently using the official service/authority. 3. Preserve evidence. 4. Report suspected cyber fraud.,Critical,P1,"English dataset row; retained from the finalized 1,500-record ScamShield dataset."
G0080,Your electricity bill of Rs 249 is due on 15 October. Please pay through the official utility portal. Thank you.,genuine,utility_genuine,en,Research-backed synthetic,synthetic_research_backed,normal utility bill reminder,Use the official utility website/app.,1. Verify the bill in the official portal. 2. Check the due date and amount. 3. Pay only through the official channel.,Low,P4,"English dataset row; retained from the finalized 1,500-record ScamShield dataset."
G0081,Your support ticket SUP-23817 has been updated. Sign in to the official support portal to view it.,genuine,support_genuine,en,Research-backed synthetic,synthetic_research_backed,normal support notification,Open the known support portal directly.,1. Open the known support portal directly. 2. Verify the message in the official app/portal if needed. 3. Do not share sensitive information unnecessarily.,Low,P4,"English dataset row; retained from the finalized 1,500-record ScamShield dataset."
S0082,Urgent: your Canara Bank account will be blocked today because PAN/KYC is incomplete. Click http://account-check.invalid to update now. Immediate action required.,scam,bank_kyc,en,Research-backed synthetic,synthetic_research_backed,"bank impersonation, urgency, suspicious URL, KYC request",Do not click the link or share banking credentials.,1. Do not click the link. 2. Open the bank's official app/site manually. 3. Verify KYC status. 4. Report the message if fraudulent.,High,P1,"English dataset row; retained from the finalized 1,500-record ScamShield dataset."
S0083,Urgent: your Kotak Bank account will be blocked today because PAN/KYC is incomplete. Click http://secure-update.invalid to update now. Do not ignore this message.,scam,bank_kyc,en,Research-backed synthetic,synthetic_research_backed,"bank impersonation, urgency, suspicious URL, KYC request",Do not click the link or share banking credentials.,1. Do not click the link. 2. Open the bank's official app/site manually. 3. Verify KYC status. 4. Report the message if fraudulent.,High,P1,"English dataset row; retained from the finalized 1,500-record ScamShield dataset."
S0084,Congratulations! Your instant loan of Rs 199 is approved. Pay Rs 299 processing charges to release the funds.,scam,loan_scam,en,Research-backed synthetic,synthetic_research_backed,"unsolicited loan, advance fee, pressure",Do not pay the fee.,1. Do not pay upfront charges. 2. Verify the lender independently. 3. Avoid sharing banking credentials. 4. Report the message.,High,P1,"English dataset row; retained from the finalized 1,500-record ScamShield dataset."
G0085,Your BSNL data plan has 1.2 GB remaining and is valid until 15 October. — Customer Notification.,genuine,telecom_genuine,en,Research-backed synthetic,synthetic_research_backed,normal telecom usage notice,Check usage in the official telecom app if needed.,1. Open the official provider app. 2. Review plan usage. 3. Recharge only through official channels.,Low,P4,"English dataset row; retained from the finalized 1,500-record ScamShield dataset."
G0086,Your support ticket SUP-23817 has been updated. Please sign in to the official support portal to view the response.,genuine,support_genuine,en,Research-backed synthetic,synthetic_research_backed,normal support-ticket notification,Open the known support portal directly.,1. Open the official support portal manually. 2. Search for the ticket number. 3. Review the response there.,Low,P4,"English dataset row; retained from the finalized 1,500-record ScamShield dataset."
S0087,We detected an issue with your Instagram account. Call +91 9XXXX XXXXX and provide your card details for verification. Act now.,scam,customer_support,en,Research-backed synthetic,synthetic_research_backed,"fake support, request for financial data, unsolicited contact",Do not provide card or account details.,1. Do not call the supplied number. 2. Use official support channels. 3. Do not share card/OTP details. 4. Block the sender.,Critical,P1,"English dataset row; retained from the finalized 1,500-record ScamShield dataset."
S0088,Your parcel is held because of a Rs 499 customs/redelivery charge. Pay at http://secure-update.invalid within 2 hours. Do not ignore this message.,scam,delivery,en,Research-backed synthetic,synthetic_research_backed,"delivery impersonation, small fee, urgency, suspicious URL",Do not pay through the provided link.,1. Do not open the link. 2. Check the order on the official retailer/carrier site. 3. Verify any fee there. 4. Report the SMS.,High,P1,"English dataset row; retained from the finalized 1,500-record ScamShield dataset."
G0089,Your Jio data plan has 5 GB remaining and is valid until 15 October. Please keep this for your records.,genuine,telecom_genuine,en,Research-backed synthetic,synthetic_research_backed,normal telecom usage notice,Check usage in the official telecom app if needed.,1. Open the official provider app. 2. Review plan usage. 3. Recharge only through official channels.,Low,P4,"English dataset row; retained from the finalized 1,500-record ScamShield dataset."
S0090,Your SIM will be disconnected in 2 hours because it was used for illegal activity. Call this number immediately. Immediate action required.,scam,telecom_threat,en,Research-backed synthetic,synthetic_research_backed,"telecom impersonation, urgency, threat, callback request",Do not call the supplied number.,1. Do not call the supplied number. 2. Check account status in the official telecom app. 3. Contact official support. 4. Report the message.,High,P1,"English dataset row; retained from the finalized 1,500-record ScamShield dataset."
S0091,Your insurance policy bonus is ready. Pay Rs 499 service charges and send your Aadhaar and bank details to receive it.,scam,insurance_scam,en,Research-backed synthetic,synthetic_research_backed,"unexpected bonus, advance fee, identity-data request",Do not pay or send identity/bank documents.,1. Do not pay. 2. Contact the insurer through the official website/number. 3. Do not send identity documents. 4. Report the message.,High,P1,"English dataset row; retained from the finalized 1,500-record ScamShield dataset."
G0092,याद दिलाया जाता है कि आपकी career counseling session 5 October को 2:00 PM बजे है। Please keep this for your records.,genuine,appointment,en,Research-backed synthetic,synthetic_research_backed,normal appointment reminder,Use the official provider channel for confirmation or changes.,1. समय जांचें। 2. कैलेंडर में सेव करें। 3. बदलाव के लिए आधिकारिक नंबर/पोर्टल इस्तेमाल करें।,Low,P4,"English dataset row; retained from the finalized 1,500-record ScamShield dataset."
G0093,Your verification code for Google is Q-183640. Do not share it with anyone. Please keep this for your records.,genuine,otp,en,Research-backed synthetic,synthetic_research_backed,legitimate verification-code notice,Use the code only in the login/verification flow you initiated.,"1. Use the code only on the official service. 2. Never forward the code. 3. If you did not request it, ignore it and review account security.",Low,P4,"English dataset row; retained from the finalized 1,500-record ScamShield dataset."
S0094,Urgent: your Canara Bank account will be blocked today because PAN/KYC is incomplete. Click http://secure-update.invalid to update now.,scam,bank_kyc,en,Research-backed synthetic,synthetic_research_backed,"bank impersonation, urgency, suspicious URL, KYC request",Do not click the link or share banking credentials.,1. Do not click the link. 2. Open the bank's official app/site manually. 3. Verify KYC status. 4. Report the message if fraudulent.,High,P1,"English dataset row; retained from the finalized 1,500-record ScamShield dataset."
S0095,Congratulations! Your instant loan of Rs 499 is approved. Pay Rs 199 processing charges to release the funds.,scam,loan_scam,en,Research-backed synthetic,synthetic_research_backed,"unsolicited loan, advance fee, pressure",Do not pay the fee.,1. Do not pay upfront charges. 2. Verify the lender independently. 3. Avoid sharing banking credentials. 4. Report the message.,High,P1,"English dataset row; retained from the finalized 1,500-record ScamShield dataset."
S0096,You have been selected for a work-from-home Java Backend Developer paying Rs 4999 per day. Pay Rs 499 as registration before joining. Do not ignore this message.,scam,job_scam,en,Research-backed synthetic,synthetic_research_backed,"unrealistic earnings, upfront fee, unsolicited job",Do not pay the registration fee.,1. Do not pay. 2. Verify the employer independently. 3. Do not share identity/banking documents. 4. Block and report the sender.,High,P1,"English dataset row; retained from the finalized 1,500-record ScamShield dataset."
S0097,Rent your WhatsApp account to earn ₹499 per week. Send the verification code to activate the rental.,scam,whatsapp_web_renting,en,Research-backed synthetic,synthetic_research_backed,"account renting, OTP request, financial incentive",Do not share the verification code or account access.,1. Do not share the verification code or account access. 2. Verify independently using the official service/authority. 3. Preserve evidence. 4. Report suspected cyber fraud.,Critical,P1,"English dataset row; retained from the finalized 1,500-record ScamShield dataset."
S0098,Your Instagram account is under review. Send your login code to this agent to restore access. Do not ignore this message.,scam,social_media,en,Research-backed synthetic,synthetic_research_backed,"account takeover, login-code request, impersonation",Do not share the login code.,1. Do not share the code. 2. Open the platform directly. 3. Review security settings and sessions. 4. Report the account.,Critical,P1,"English dataset row; retained from the finalized 1,500-record ScamShield dataset."
S0099,You have been selected for a work-from-home Data Analyst paying Rs 499 per day. Pay Rs 1499 as registration before joining. Immediate action required.,scam,job_scam,en,Research-backed synthetic,synthetic_research_backed,"unrealistic earnings, upfront fee, unsolicited job",Do not pay the registration fee.,1. Do not pay. 2. Verify the employer independently. 3. Do not share identity/banking documents. 4. Block and report the sender.,High,P1,"English dataset row; retained from the finalized 1,500-record ScamShield dataset."
G0100,Your verification code for Microsoft is M-562901. Do not share it with anyone. Please keep this for your records.,genuine,otp,en,Research-backed synthetic,synthetic_research_backed,legitimate verification-code notice,Use the code only in the login/verification flow you initiated.,"1. Use the code only on the official service. 2. Never forward the code. 3. If you did not request it, ignore it and review account security.",Low,P4,"English dataset row; retained from the finalized 1,500-record ScamShield dataset."
S0101,Rent your WhatsApp account to earn ₹999 per week. Send the verification code to activate the rental.,scam,whatsapp_web_renting,en,Research-backed synthetic,synthetic_research_backed,"account renting, OTP request, financial incentive",Do not share the verification code or account access.,1. Do not share the verification code or account access. 2. Verify independently using the official service/authority. 3. Preserve evidence. 4. Report suspected cyber fraud.,Critical,P1,"English dataset row; retained from the finalized 1,500-record ScamShield dataset."
S0102,I need urgent financial help for a family emergency. Please send Rs 249 today and I will return it next week.,scam,romance_scam,en,Research-backed synthetic,synthetic_research_backed,"emotional pressure, urgent money request, unverifiable emergency",Verify the person's identity and situation independently before sending money.,1. Do not transfer money immediately. 2. Verify identity using another channel. 3. Discuss with someone you trust. 4. Report if fraudulent.,High,P2,"English dataset row; retained from the finalized 1,500-record ScamShield dataset."
S0103,Our crypto trading bot guarantees 20% profit every day. Deposit ₹5000 now to join.,scam,crypto_investment,en,Research-backed synthetic,synthetic_research_backed,"guaranteed returns, crypto solicitation, deposit request",Do not transfer money based on guaranteed-profit claims.,1. Do not transfer money based on guaranteed-profit claims. 2. Verify independently using the official service/authority. 3. Preserve evidence. 4. Report suspected cyber fraud.,Critical,P1,"English dataset row; retained from the finalized 1,500-record ScamShield dataset."
G0104,आपके Spotify भुगतान का ₹199 का लेनदेन सफल रहा। — Customer Notification.,genuine,transaction,en,Research-backed synthetic,synthetic_research_backed,normal transaction notification,Verify the transaction through the official app.,1. आधिकारिक ऐप खोलें। 2. लेनदेन की राशि जांचें। 3. अनजान लेनदेन हो तो बैंक से संपर्क करें।,Low,P4,"English dataset row; retained from the finalized 1,500-record ScamShield dataset."
S0105,Urgent: your SBI account will be blocked today because PAN/KYC is incomplete. Click https://example.invalid/verify to update now. Act now.,scam,bank_kyc,en,Research-backed synthetic,synthetic_research_backed,"bank impersonation, urgency, suspicious URL, KYC request",Do not click the link or share banking credentials.,1. Do not click the link. 2. Open the bank's official app/site manually. 3. Verify KYC status. 4. Report the message if fraudulent.,High,P1,"English dataset row; retained from the finalized 1,500-record ScamShield dataset."
S0106,"Hi, I lost my phone and need you to urgently transfer Rs 2499 to this new account. Please don't call. Immediate action required.",scam,impersonation,en,Research-backed synthetic,synthetic_research_backed,"impersonation, money request, urgency, discouraging verification",Verify the person's identity through an independent channel before any payment.,1. Do not transfer money. 2. Call the person using a known number. 3. Confirm the request independently. 4. Report if fraudulent.,High,P1,"English dataset row; retained from the finalized 1,500-record ScamShield dataset."
G0107,Your registration for placement orientation is confirmed. The event begins at 9:30 AM on 30 September. — Customer Notification.,genuine,event,en,Research-backed synthetic,synthetic_research_backed,normal event confirmation,Check the registration in the official event account/email.,1. Verify registration details. 2. Save the event information. 3. Use the organizer's official contact channel for changes.,Low,P4,"English dataset row; retained from the finalized 1,500-record ScamShield dataset."
G0108,याद दिलाया जाता है कि आपकी dentist appointment 5 October को 2:00 PM बजे है। — Customer Notification.,genuine,appointment,en,Research-backed synthetic,synthetic_research_backed,normal appointment reminder,Use the official provider channel for confirmation or changes.,1. समय जांचें। 2. कैलेंडर में सेव करें। 3. बदलाव के लिए आधिकारिक नंबर/पोर्टल इस्तेमाल करें।,Low,P4,"English dataset row; retained from the finalized 1,500-record ScamShield dataset."
S0109,You have been selected for a work-from-home Python Developer paying Rs 799 per day. Pay Rs 1499 as registration before joining.,scam,job_scam,en,Research-backed synthetic,synthetic_research_backed,"unrealistic earnings, upfront fee, unsolicited job",Do not pay the registration fee.,1. Do not pay. 2. Verify the employer independently. 3. Do not share identity/banking documents. 4. Block and report the sender.,High,P1,"English dataset row; retained from the finalized 1,500-record ScamShield dataset."
G0110,Please review the latest Live Call Guardian build before the demo tomorrow. — Customer Notification.,genuine,work,en,Research-backed synthetic,synthetic_research_backed,ordinary workplace communication,Review the work through the normal project channel.,1. Open the known project workspace. 2. Review the requested item. 3. Reply with feedback.,Low,P4,"English dataset row; retained from the finalized 1,500-record ScamShield dataset."
G0111,Your electricity bill of Rs 1299 is due on 2 October. Please pay through the official utility portal. — Customer Notification.,genuine,utility_genuine,en,Research-backed synthetic,synthetic_research_backed,normal utility bill reminder,Use the official utility website/app.,1. Verify the bill in the official portal. 2. Check the due date and amount. 3. Pay only through the official channel.,Low,P4,"English dataset row; retained from the finalized 1,500-record ScamShield dataset."
S0112,A refund of Rs 499 is waiting for you. Share your card number and OTP so we can process it immediately. Act now.,scam,refund_scam,en,Research-backed synthetic,synthetic_research_backed,"refund pretext, card-data request, OTP request",Do not share card or OTP details.,1. Do not share credentials. 2. Check refunds in the official merchant app. 3. Contact official support. 4. Report the sender.,Critical,P1,"English dataset row; retained from the finalized 1,500-record ScamShield dataset."
S0113,Your electricity connection will be disconnected tonight unless you pay the pending bill through https://example.invalid/verify. Act now.,scam,utility_scam,en,Research-backed synthetic,synthetic_research_backed,"utility impersonation, disconnection threat, suspicious URL",Verify the bill through the official utility portal.,1. Do not open the link. 2. Check the official utility account. 3. Pay only through the official portal. 4. Report the message.,High,P1,"English dataset row; retained from the finalized 1,500-record ScamShield dataset."
S0114,Our crypto trading bot guarantees 50% profit every day. Deposit ₹25000 now to join.,scam,crypto_investment,en,Research-backed synthetic,synthetic_research_backed,"guaranteed returns, crypto solicitation, deposit request",Do not transfer money based on guaranteed-profit claims.,1. Do not transfer money based on guaranteed-profit claims. 2. Verify independently using the official service/authority. 3. Preserve evidence. 4. Report suspected cyber fraud.,Critical,P1,"English dataset row; retained from the finalized 1,500-record ScamShield dataset."
S0115,Our crypto trading bot guarantees 10% profit every day. Deposit ₹5000 now to join.,scam,crypto_investment,en,Research-backed synthetic,synthetic_research_backed,"guaranteed returns, crypto solicitation, deposit request",Do not transfer money based on guaranteed-profit claims.,1. Do not transfer money based on guaranteed-profit claims. 2. Verify independently using the official service/authority. 3. Preserve evidence. 4. Report suspected cyber fraud.,Critical,P1,"English dataset row; retained from the finalized 1,500-record ScamShield dataset."
G0116,Your bank statement for account ending 2481 is now available in online banking. Please keep this for your records.,genuine,banking_genuine,en,Research-backed synthetic,synthetic_research_backed,normal banking notification,Open the bank's official app or website.,1. Sign in through the official app/site. 2. Review the statement. 3. Never use links from unexpected messages to sign in.,Low,P4,"English dataset row; retained from the finalized 1,500-record ScamShield dataset."
G0117,Your electricity bill of Rs 199 is due on 20 October. Please pay through the official utility portal. Thank you.,genuine,utility_genuine,en,Research-backed synthetic,synthetic_research_backed,normal utility bill reminder,Use the official utility website/app.,1. Verify the bill in the official portal. 2. Check the due date and amount. 3. Pay only through the official channel.,Low,P4,"English dataset row; retained from the finalized 1,500-record ScamShield dataset."
S0118,Security alert: your account will be suspended unless you send the OTP A-739214 to our support agent immediately.,scam,otp,en,Research-backed synthetic,synthetic_research_backed,"OTP request, urgency, account-threat language",Do not share the OTP.,1. Do not share the OTP. 2. End the conversation. 3. Review account security in the official app. 4. Report the sender.,Critical,P1,"English dataset row; retained from the finalized 1,500-record ScamShield dataset."
G0119,Your DTDC order #403-5820147 has shipped and is expected to arrive on 10 October.,genuine,delivery,en,Research-backed synthetic,synthetic_research_backed,normal delivery update,Track through the official retailer/carrier app if needed.,1. Open the official app if tracking is required. 2. Check the order number. 3. No payment is required unless shown in the official order flow.,Low,P4,"English dataset row; retained from the finalized 1,500-record ScamShield dataset."
S0120,Our AI trading group guarantees 5% daily profit. Deposit Rs 4999 today to activate your account. Immediate action required.,scam,investment_scam,en,Research-backed synthetic,synthetic_research_backed,"guaranteed returns, investment pressure, deposit request",Do not transfer money based on the message.,1. Do not deposit funds. 2. Verify the company independently. 3. Check regulatory status where applicable. 4. Report the solicitation.,Critical,P1,"English dataset row; retained from the finalized 1,500-record ScamShield dataset."
S0121,Congratulations! Your instant loan of Rs 249 is approved. Pay Rs 299 processing charges to release the funds. Act now.,scam,loan_scam,en,Research-backed synthetic,synthetic_research_backed,"unsolicited loan, advance fee, pressure",Do not pay the fee.,1. Do not pay upfront charges. 2. Verify the lender independently. 3. Avoid sharing banking credentials. 4. Report the message.,High,P1,"English dataset row; retained from the finalized 1,500-record ScamShield dataset."
G0122,Can you bring the documents when you come to main gate? — Customer Notification.,genuine,personal,en,Research-backed synthetic,synthetic_research_backed,ordinary personal communication,Reply normally if the request is expected.,1. Confirm the context. 2. Reply normally. 3. Ignore if the sender is unknown.,Low,P4,"English dataset row; retained from the finalized 1,500-record ScamShield dataset."
S0123,Congratulations! Your instant loan of Rs 4999 is approved. Pay Rs 499 processing charges to release the funds.,scam,loan_scam,en,Research-backed synthetic,synthetic_research_backed,"unsolicited loan, advance fee, pressure",Do not pay the fee.,1. Do not pay upfront charges. 2. Verify the lender independently. 3. Avoid sharing banking credentials. 4. Report the message.,High,P1,"English dataset row; retained from the finalized 1,500-record ScamShield dataset."
G0124,Your Vistara booking Q4M8LX is confirmed for 30 September. Please keep this for your records.,genuine,travel,en,Research-backed synthetic,synthetic_research_backed,normal travel confirmation,Check the booking in the official airline/travel app.,1. Open the official travel account. 2. Verify the booking reference. 3. Check schedule changes through the official channel.,Low,P4,"English dataset row; retained from the finalized 1,500-record ScamShield dataset."
S0125,Congratulations! You won Rs 249 in a lucky draw. Pay Rs 299 tax/processing charges to claim your prize. Do not ignore this message.,scam,lottery,en,Research-backed synthetic,synthetic_research_backed,"unexpected prize, upfront payment, lottery claim",Do not pay the fee.,1. Do not send money. 2. Do not share financial details. 3. Block the sender. 4. Report the message.,High,P1,"English dataset row; retained from the finalized 1,500-record ScamShield dataset."
S0126,Our crypto trading bot guarantees 30% profit every day. Deposit ₹999 now to join.,scam,crypto_investment,en,Research-backed synthetic,synthetic_research_backed,"guaranteed returns, crypto solicitation, deposit request",Do not transfer money based on guaranteed-profit claims.,1. Do not transfer money based on guaranteed-profit claims. 2. Verify independently using the official service/authority. 3. Preserve evidence. 4. Report suspected cyber fraud.,Critical,P1,"English dataset row; retained from the finalized 1,500-record ScamShield dataset."
G0127,Reminder: your doctor consultation is scheduled for 30 September at 2:00 PM. Please keep this for your records.,genuine,appointment,en,Research-backed synthetic,synthetic_research_backed,normal appointment reminder,Confirm or reschedule through the official provider if necessary.,1. Check the appointment details. 2. Add it to your calendar. 3. Use the provider's official contact channel for changes.,Low,P4,"English dataset row; retained from the finalized 1,500-record ScamShield dataset."
G0128,"Hi Sneha, are we still meeting at main gate around 10:00 AM today?",genuine,personal,en,Research-backed synthetic,synthetic_research_backed,ordinary personal communication,Reply through the normal conversation channel.,1. Check your plans. 2. Reply to the sender. 3. Do not take any financial action based only on this message.,Low,P4,"English dataset row; retained from the finalized 1,500-record ScamShield dataset."
S0129,You have been selected for a work-from-home Python Developer paying Rs 499 per day. Pay Rs 299 as registration before joining.,scam,job_scam,en,Research-backed synthetic,synthetic_research_backed,"unrealistic earnings, upfront fee, unsolicited job",Do not pay the registration fee.,1. Do not pay. 2. Verify the employer independently. 3. Do not share identity/banking documents. 4. Block and report the sender.,High,P1,"English dataset row; retained from the finalized 1,500-record ScamShield dataset."
G0130,Your Netflix subscription renews on 20 October for Rs 2499. Thank you.,genuine,subscription,en,Research-backed synthetic,synthetic_research_backed,normal subscription notice,Review the subscription in the official account settings.,1. Check the subscription details. 2. Confirm the renewal amount. 3. Cancel only through the official account if desired.,Low,P4,"English dataset row; retained from the finalized 1,500-record ScamShield dataset."
G0131,The Cybersecurity assignment deadline is 15 October. Please submit it through the student portal. Thank you.,genuine,education,en,Research-backed synthetic,synthetic_research_backed,normal educational announcement,Use the official student portal.,1. Check the assignment details. 2. Prepare the submission. 3. Upload through the official portal before the deadline.,Low,P4,"English dataset row; retained from the finalized 1,500-record ScamShield dataset."
G0132,The Live Call Guardian API test report is ready for review. Please keep this for your records.,genuine,work,en,Research-backed synthetic,synthetic_research_backed,ordinary workplace communication,Open the report from the known work repository.,1. Verify the project context. 2. Review the report. 3. Share findings through the normal team channel.,Low,P4,"English dataset row; retained from the finalized 1,500-record ScamShield dataset."
G0133,Your support ticket REQ-51942 has been updated. Please sign in to the official support portal to view the response. Thank you.,genuine,support_genuine,en,Research-backed synthetic,synthetic_research_backed,normal support-ticket notification,Open the known support portal directly.,1. Open the official support portal manually. 2. Search for the ticket number. 3. Review the response there.,Low,P4,"English dataset row; retained from the finalized 1,500-record ScamShield dataset."
S0134,Congratulations! You won Rs 799 in a lucky draw. Pay Rs 199 tax/processing charges to claim your prize. Act now.,scam,lottery,en,Research-backed synthetic,synthetic_research_backed,"unexpected prize, upfront payment, lottery claim",Do not pay the fee.,1. Do not send money. 2. Do not share financial details. 3. Block the sender. 4. Report the message.,High,P1,"English dataset row; retained from the finalized 1,500-record ScamShield dataset."
S0135,Your Microsoft account has been locked. Verify your identity now at https://example.invalid/verify to avoid permanent closure. Immediate action required.,scam,phishing,en,Research-backed synthetic,synthetic_research_backed,"account threat, urgency, suspicious URL, credential harvesting",Do not click the link.,1. Do not open the URL. 2. Visit the service by typing its official address. 3. Change credentials if exposed. 4. Report the message.,High,P1,"English dataset row; retained from the finalized 1,500-record ScamShield dataset."
S0136,A refund of Rs 799 is waiting for you. Share your card number and OTP so we can process it immediately.,scam,refund_scam,en,Research-backed synthetic,synthetic_research_backed,"refund pretext, card-data request, OTP request",Do not share card or OTP details.,1. Do not share credentials. 2. Check refunds in the official merchant app. 3. Contact official support. 4. Report the sender.,Critical,P1,"English dataset row; retained from the finalized 1,500-record ScamShield dataset."
G0137,Reminder from KIMS: your lab appointment is booked for 10 October at 9:30 AM. Thank you.,genuine,healthcare,en,Research-backed synthetic,synthetic_research_backed,normal healthcare reminder,Use the clinic's official contact details for changes.,1. Verify the appointment in the clinic system. 2. Add it to your calendar. 3. Contact the clinic through its official number if needed.,Low,P4,"English dataset row; retained from the finalized 1,500-record ScamShield dataset."
G0138,Your Vistara booking AI7K2P is confirmed for 15 October. Please keep this for your records.,genuine,travel,en,Research-backed synthetic,synthetic_research_backed,normal travel confirmation,Check the booking in the official airline/travel app.,1. Open the official travel account. 2. Verify the booking reference. 3. Check schedule changes through the official channel.,Low,P4,"English dataset row; retained from the finalized 1,500-record ScamShield dataset."
G0139,Your Paytm subscription renews on 5 October for Rs 1299.,genuine,subscription,en,Research-backed synthetic,synthetic_research_backed,normal subscription notice,Review the subscription in the official account settings.,1. Check the subscription details. 2. Confirm the renewal amount. 3. Cancel only through the official account if desired.,Low,P4,"English dataset row; retained from the finalized 1,500-record ScamShield dataset."
G0140,Your Delhivery order #404-7319056 has shipped and is expected to arrive on 5 October. Thank you.,genuine,delivery,en,Research-backed synthetic,synthetic_research_backed,normal delivery update,Track through the official retailer/carrier app if needed.,1. Open the official app if tracking is required. 2. Check the order number. 3. No payment is required unless shown in the official order flow.,Low,P4,"English dataset row; retained from the finalized 1,500-record ScamShield dataset."
G0141,Your Air India booking Q4M8LX is confirmed for 5 October. — Customer Notification.,genuine,travel,en,Research-backed synthetic,synthetic_research_backed,normal travel confirmation,Check the booking in the official airline/travel app.,1. Open the official travel account. 2. Verify the booking reference. 3. Check schedule changes through the official channel.,Low,P4,"English dataset row; retained from the finalized 1,500-record ScamShield dataset."
S0142,"This is your bank's verification team. Tell me your customer ID, PIN and OTP to prevent the suspicious transaction.",scam,vishing,en,Research-backed synthetic,synthetic_research_backed,"phone impersonation, PIN/OTP request, urgency",End the call and contact the bank using an official number.,1. End the call and contact the bank using an official number. 2. Verify independently using the official service/authority. 3. Preserve evidence. 4. Report suspected cyber fraud.,Critical,P1,"English dataset row; retained from the finalized 1,500-record ScamShield dataset."
S0143,Our crypto trading bot guarantees 10% profit every day. Deposit ₹25000 now to join.,scam,crypto_investment,en,Research-backed synthetic,synthetic_research_backed,"guaranteed returns, crypto solicitation, deposit request",Do not transfer money based on guaranteed-profit claims.,1. Do not transfer money based on guaranteed-profit claims. 2. Verify independently using the official service/authority. 3. Preserve evidence. 4. Report suspected cyber fraud.,Critical,P1,"English dataset row; retained from the finalized 1,500-record ScamShield dataset."
S0144,A refund of Rs 799 is waiting for you. Share your card number and OTP so we can process it immediately. Act now.,scam,refund_scam,en,Research-backed synthetic,synthetic_research_backed,"refund pretext, card-data request, OTP request",Do not share card or OTP details.,1. Do not share credentials. 2. Check refunds in the official merchant app. 3. Contact official support. 4. Report the sender.,Critical,P1,"English dataset row; retained from the finalized 1,500-record ScamShield dataset."
S0145,Your computer has a critical virus. Call our support number immediately and install this remote-access application. Act now.,scam,tech_support,en,Research-backed synthetic,synthetic_research_backed,"fake technical support, remote-access request, urgency",Do not install remote-access software or call the supplied number.,1. Disconnect from the conversation. 2. Do not install unknown software. 3. Use trusted security tools. 4. Contact the vendor through official support.,Critical,P1,"English dataset row; retained from the finalized 1,500-record ScamShield dataset."
S0146,I trust you completely. I can show you a special crypto investment platform. Send ₹2499 and we will grow it together.,scam,matrimonial_investment,en,Research-backed synthetic,synthetic_research_backed,"romance grooming, investment pitch, money request",Do not send money to an online romantic contact.,1. Do not send money to an online romantic contact. 2. Verify independently using the official service/authority. 3. Preserve evidence. 4. Report suspected cyber fraud.,Critical,P1,"English dataset row; retained from the finalized 1,500-record ScamShield dataset."
S0147,Urgent: your HDFC Bank account will be blocked today because PAN/KYC is incomplete. Click http://secure-update.invalid to update now.,scam,bank_kyc,en,Research-backed synthetic,synthetic_research_backed,"bank impersonation, urgency, suspicious URL, KYC request",Do not click the link or share banking credentials.,1. Do not click the link. 2. Open the bank's official app/site manually. 3. Verify KYC status. 4. Report the message if fraudulent.,High,P1,"English dataset row; retained from the finalized 1,500-record ScamShield dataset."
S0148,You have been selected for a work-from-home Python Developer paying Rs 2499 per day. Pay Rs 299 as registration before joining. Do not ignore this message.,scam,job_scam,en,Research-backed synthetic,synthetic_research_backed,"unrealistic earnings, upfront fee, unsolicited job",Do not pay the registration fee.,1. Do not pay. 2. Verify the employer independently. 3. Do not share identity/banking documents. 4. Block and report the sender.,High,P1,"English dataset row; retained from the finalized 1,500-record ScamShield dataset."
S0149,I need urgent financial help for a family emergency. Please send Rs 4999 today and I will return it next week.,scam,romance_scam,en,Research-backed synthetic,synthetic_research_backed,"emotional pressure, urgent money request, unverifiable emergency",Verify the person's identity and situation independently before sending money.,1. Do not transfer money immediately. 2. Verify identity using another channel. 3. Discuss with someone you trust. 4. Report if fraudulent.,High,P2,"English dataset row; retained from the finalized 1,500-record ScamShield dataset."
G0150,Your Netflix payment of Rs 799 was processed successfully. Thank you.,genuine,transaction,en,Research-backed synthetic,synthetic_research_backed,normal transaction notification,Verify the transaction in the official app or bank statement.,1. Check the transaction in the official app. 2. Confirm the amount and merchant. 3. Keep the receipt if needed.,Low,P4,"English dataset row; retained from the finalized 1,500-record ScamShield dataset."
S0151,Congratulations! You won a $1000 Walmart gift card. Text 'WIN' to 888-888 to claim.,scam,lottery,en,User-provided reference file,user_reference,"prize, text to claim",Do not text,Verify through an official channel; follow the expected action above.,High,P1,"English dataset row; retained from the finalized 1,500-record ScamShield dataset."
G0152,Delivery update: Delhivery will attempt delivery of order #403-5820147 today.,genuine,delivery,en,Research-backed synthetic,synthetic_research_backed,normal delivery update,Use the official tracking page or app.,1. Check official tracking. 2. Keep the delivery address accessible. 3. Contact the retailer through official support if there is a problem.,Low,P4,"English dataset row; retained from the finalized 1,500-record ScamShield dataset."
G0153,Your electricity bill of Rs 249 is due on 30 September. Please pay through the official utility portal.,genuine,utility_genuine,en,Research-backed synthetic,synthetic_research_backed,normal utility bill reminder,Use the official utility website/app.,1. Verify the bill in the official portal. 2. Check the due date and amount. 3. Pay only through the official channel.,Low,P4,"English dataset row; retained from the finalized 1,500-record ScamShield dataset."
S0154,Send ₹999 now or your private video will be shared with your contacts.,scam,sextortion,en,Research-backed synthetic,synthetic_research_backed,"blackmail, extortion, urgent payment demand",Do not pay or engage further; preserve evidence and report the incident.,1. Do not pay or engage further; preserve evidence and report the incident. 2. Verify independently using the official service/authority. 3. Preserve evidence. 4. Report suspected cyber fraud.,Critical,P1,"English dataset row; retained from the finalized 1,500-record ScamShield dataset."
G0155,आपके Swiggy भुगतान का ₹799 का लेनदेन सफल रहा। Thank you.,genuine,transaction,en,Research-backed synthetic,synthetic_research_backed,normal transaction notification,Verify the transaction through the official app.,1. आधिकारिक ऐप खोलें। 2. लेनदेन की राशि जांचें। 3. अनजान लेनदेन हो तो बैंक से संपर्क करें।,Low,P4,"English dataset row; retained from the finalized 1,500-record ScamShield dataset."
G0156,Reminder from CARE Hospital: your career counseling session is booked for 10 October at 2:00 PM. Thank you.,genuine,healthcare,en,Research-backed synthetic,synthetic_research_backed,normal healthcare reminder,Use the clinic's official contact details for changes.,1. Verify the appointment in the clinic system. 2. Add it to your calendar. 3. Contact the clinic through its official number if needed.,Low,P4,"English dataset row; retained from the finalized 1,500-record ScamShield dataset."
G0157,Flipkart verification code Q-183640 है। इसे किसी के साथ साझा न करें। — Customer Notification.,genuine,otp,en,Research-backed synthetic,synthetic_research_backed,legitimate verification-code notice,Use only for the verification you initiated.,1. कोड केवल आधिकारिक स्क्रीन पर दर्ज करें। 2. किसी को न बताएं। 3. अनचाहा कोड हो तो पासवर्ड/सुरक्षा जांचें।,Low,P4,"English dataset row; retained from the finalized 1,500-record ScamShield dataset."
G0158,Reminder from your clinic: your appointment is booked for 30 September at 4:30 PM.,genuine,healthcare,en,Research-backed synthetic,synthetic_research_backed,normal healthcare reminder,Use the clinic's official contact details for changes.,1. Use the clinic's official contact details for changes. 2. Verify the message in the official app/portal if needed. 3. Do not share sensitive information unnecessarily.,Low,P4,"English dataset row; retained from the finalized 1,500-record ScamShield dataset."
S0159,Your SIM will be disconnected in 2 hours because it was used for illegal activity. Call this number immediately.,scam,telecom_threat,en,Research-backed synthetic,synthetic_research_backed,"telecom impersonation, urgency, threat, callback request",Do not call the supplied number.,1. Do not call the supplied number. 2. Check account status in the official telecom app. 3. Contact official support. 4. Report the message.,High,P1,"English dataset row; retained from the finalized 1,500-record ScamShield dataset."
S0160,"To receive your Olx payment of Rs 5000, please scan this QR code and enter your UPI PIN.",scam,upi_qr,en,User-provided reference file,user_reference,"QR for receiving money, PIN request",Do not enter PIN,Verify through an official channel; follow the expected action above.,High,P1,"English dataset row; retained from the finalized 1,500-record ScamShield dataset."
G0161,Rs 249 was spent at BookMyShow using your debit card.,genuine,transaction,en,Research-backed synthetic,synthetic_research_backed,normal transaction notification,Verify the transaction in the official banking/payment app.,1. Open the official banking app. 2. Confirm the transaction. 3. Contact the bank only if it is unrecognized.,Low,P4,"English dataset row; retained from the finalized 1,500-record ScamShield dataset."
S0162,Security alert: your account will be suspended unless you send the OTP A-739214 to our support agent immediately. Act now.,scam,otp,en,Research-backed synthetic,synthetic_research_backed,"OTP request, urgency, account-threat language",Do not share the OTP.,1. Do not share the OTP. 2. End the conversation. 3. Review account security in the official app. 4. Report the sender.,Critical,P1,"English dataset row; retained from the finalized 1,500-record ScamShield dataset."
S0163,Congratulations! You won Rs 4999 in a lucky draw. Pay Rs 1499 tax/processing charges to claim your prize. Act now.,scam,lottery,en,Research-backed synthetic,synthetic_research_backed,"unexpected prize, upfront payment, lottery claim",Do not pay the fee.,1. Do not send money. 2. Do not share financial details. 3. Block the sender. 4. Report the message.,High,P1,"English dataset row; retained from the finalized 1,500-record ScamShield dataset."
G0164,याद दिलाया जाता है कि आपकी doctor consultation 10 October को 2:00 PM बजे है। — Customer Notification.,genuine,appointment,en,Research-backed synthetic,synthetic_research_backed,normal appointment reminder,Use the official provider channel for confirmation or changes.,1. समय जांचें। 2. कैलेंडर में सेव करें। 3. बदलाव के लिए आधिकारिक नंबर/पोर्टल इस्तेमाल करें।,Low,P4,"English dataset row; retained from the finalized 1,500-record ScamShield dataset."
S0165,You have been selected for a work-from-home Java Backend Developer paying Rs 1299 per day. Pay Rs 199 as registration before joining. Immediate action required.,scam,job_scam,en,Research-backed synthetic,synthetic_research_backed,"unrealistic earnings, upfront fee, unsolicited job",Do not pay the registration fee.,1. Do not pay. 2. Verify the employer independently. 3. Do not share identity/banking documents. 4. Block and report the sender.,High,P1,"English dataset row; retained from the finalized 1,500-record ScamShield dataset."
S0166,Congratulations! Your instant loan of Rs 499 is approved. Pay Rs 999 processing charges to release the funds. Immediate action required.,scam,loan_scam,en,Research-backed synthetic,synthetic_research_backed,"unsolicited loan, advance fee, pressure",Do not pay the fee.,1. Do not pay upfront charges. 2. Verify the lender independently. 3. Avoid sharing banking credentials. 4. Report the message.,High,P1,"English dataset row; retained from the finalized 1,500-record ScamShield dataset."
S0167,Your electricity connection will be disconnected tonight unless you pay the pending bill through http://account-check.invalid.,scam,utility_scam,en,Research-backed synthetic,synthetic_research_backed,"utility impersonation, disconnection threat, suspicious URL",Verify the bill through the official utility portal.,1. Do not open the link. 2. Check the official utility account. 3. Pay only through the official portal. 4. Report the message.,High,P1,"English dataset row; retained from the finalized 1,500-record ScamShield dataset."
S0168,Earn ₹2499 daily by completing CAPTCHA tasks. Pay ₹199 registration/software charges to activate your account.,scam,fake_captcha_job,en,Research-backed synthetic,synthetic_research_backed,"upfront fee, unrealistic earnings, fake job platform",Do not pay the registration fee.,1. Do not pay the registration fee. 2. Verify independently using the official service/authority. 3. Preserve evidence. 4. Report suspected cyber fraud.,High,P1,"English dataset row; retained from the finalized 1,500-record ScamShield dataset."
G0169,The Data Analytics assignment deadline is 5 October. Please submit it through the student portal. — Customer Notification.,genuine,education,en,Research-backed synthetic,synthetic_research_backed,normal educational announcement,Use the official student portal.,1. Check the assignment details. 2. Prepare the submission. 3. Upload through the official portal before the deadline.,Low,P4,"English dataset row; retained from the finalized 1,500-record ScamShield dataset."
S0170,Urgent: your SBI account will be blocked today because PAN/KYC is incomplete. Click https://example.invalid/verify to update now. Do not ignore this message.,scam,bank_kyc,en,Research-backed synthetic,synthetic_research_backed,"bank impersonation, urgency, suspicious URL, KYC request",Do not click the link or share banking credentials.,1. Do not click the link. 2. Open the bank's official app/site manually. 3. Verify KYC status. 4. Report the message if fraudulent.,High,P1,"English dataset row; retained from the finalized 1,500-record ScamShield dataset."
S0171,I trust you completely. I can show you a special crypto investment platform. Send ₹25000 and we will grow it together.,scam,matrimonial_investment,en,Research-backed synthetic,synthetic_research_backed,"romance grooming, investment pitch, money request",Do not send money to an online romantic contact.,1. Do not send money to an online romantic contact. 2. Verify independently using the official service/authority. 3. Preserve evidence. 4. Report suspected cyber fraud.,Critical,P1,"English dataset row; retained from the finalized 1,500-record ScamShield dataset."
S0172,You have been selected for a work-from-home Data Analyst paying Rs 199 per day. Pay Rs 299 as registration before joining.,scam,job_scam,en,Research-backed synthetic,synthetic_research_backed,"unrealistic earnings, upfront fee, unsolicited job",Do not pay the registration fee.,1. Do not pay. 2. Verify the employer independently. 3. Do not share identity/banking documents. 4. Block and report the sender.,High,P1,"English dataset row; retained from the finalized 1,500-record ScamShield dataset."
G0173,The department has published the timetable for the mid-term examination. — Customer Notification.,genuine,education,en,Research-backed synthetic,synthetic_research_backed,normal educational announcement,Check the official college/university portal.,1. Open the official portal. 2. Confirm the timetable. 3. Note the exam date and time.,Low,P4,"English dataset row; retained from the finalized 1,500-record ScamShield dataset."
S0174,Your WhatsApp account has been locked. Verify your identity now at http://account-check.invalid to avoid permanent closure. Immediate action required.,scam,phishing,en,Research-backed synthetic,synthetic_research_backed,"account threat, urgency, suspicious URL, credential harvesting",Do not click the link.,1. Do not open the URL. 2. Visit the service by typing its official address. 3. Change credentials if exposed. 4. Report the message.,High,P1,"English dataset row; retained from the finalized 1,500-record ScamShield dataset."
S0175,Your Instagram account has been locked. Verify your identity now at http://account-check.invalid to avoid permanent closure. Act now.,scam,phishing,en,Research-backed synthetic,synthetic_research_backed,"account threat, urgency, suspicious URL, credential harvesting",Do not click the link.,1. Do not open the URL. 2. Visit the service by typing its official address. 3. Change credentials if exposed. 4. Report the message.,High,P1,"English dataset row; retained from the finalized 1,500-record ScamShield dataset."
G0176,Your service request SUP-23817 has been completed. Please review the update in the official portal. Thank you.,genuine,service_update,en,Research-backed synthetic,synthetic_research_backed,normal service update,Review the request through the official portal.,1. Open the official portal directly. 2. Check the request status. 3. Contact official support if the result is incorrect.,Low,P4,"English dataset row; retained from the finalized 1,500-record ScamShield dataset."
G0177,Rs 4999 was spent at Zomato using your debit card. Thank you.,genuine,transaction,en,Research-backed synthetic,synthetic_research_backed,normal transaction notification,Verify the transaction in the official banking/payment app.,1. Open the official banking app. 2. Confirm the transaction. 3. Contact the bank only if it is unrecognized.,Low,P4,"English dataset row; retained from the finalized 1,500-record ScamShield dataset."
G0178,Your application for the Python Developer position has moved to the next stage. Please check the company careers portal.,genuine,job_genuine,en,Research-backed synthetic,synthetic_research_backed,normal recruitment communication,Access the known company careers portal directly.,1. Open the company website manually. 2. Check application status. 3. Follow the official recruitment process.,Low,P4,"English dataset row; retained from the finalized 1,500-record ScamShield dataset."
S0179,Congratulations! You won Rs 799 in a lucky draw. Pay Rs 199 tax/processing charges to claim your prize. Do not ignore this message.,scam,lottery,en,Research-backed synthetic,synthetic_research_backed,"unexpected prize, upfront payment, lottery claim",Do not pay the fee.,1. Do not send money. 2. Do not share financial details. 3. Block the sender. 4. Report the message.,High,P1,"English dataset row; retained from the finalized 1,500-record ScamShield dataset."
S0180,Congratulations! Your instant loan of Rs 249 is approved. Pay Rs 999 processing charges to release the funds. Immediate action required.,scam,loan_scam,en,Research-backed synthetic,synthetic_research_backed,"unsolicited loan, advance fee, pressure",Do not pay the fee.,1. Do not pay upfront charges. 2. Verify the lender independently. 3. Avoid sharing banking credentials. 4. Report the message.,High,P1,"English dataset row; retained from the finalized 1,500-record ScamShield dataset."
S0181,You have been selected for a work-from-home Java Backend Developer paying Rs 249 per day. Pay Rs 299 as registration before joining. Immediate action required.,scam,job_scam,en,Research-backed synthetic,synthetic_research_backed,"unrealistic earnings, upfront fee, unsolicited job",Do not pay the registration fee.,1. Do not pay. 2. Verify the employer independently. 3. Do not share identity/banking documents. 4. Block and report the sender.,High,P1,"English dataset row; retained from the finalized 1,500-record ScamShield dataset."
G0182,The Machine Learning assignment deadline is 10 October. Please submit it through the student portal. — Customer Notification.,genuine,education,en,Research-backed synthetic,synthetic_research_backed,normal educational announcement,Use the official student portal.,1. Check the assignment details. 2. Prepare the submission. 3. Upload through the official portal before the deadline.,Low,P4,"English dataset row; retained from the finalized 1,500-record ScamShield dataset."
S0183,Our AI trading group guarantees 30% daily profit. Deposit Rs 799 today to activate your account.,scam,investment_scam,en,Research-backed synthetic,synthetic_research_backed,"guaranteed returns, investment pressure, deposit request",Do not transfer money based on the message.,1. Do not deposit funds. 2. Verify the company independently. 3. Check regulatory status where applicable. 4. Report the solicitation.,Critical,P1,"English dataset row; retained from the finalized 1,500-record ScamShield dataset."
G0184,The Cybersecurity assignment deadline is 20 October. Please submit it through the student portal. Thank you.,genuine,education,en,Research-backed synthetic,synthetic_research_backed,normal educational announcement,Use the official student portal.,1. Check the assignment details. 2. Prepare the submission. 3. Upload through the official portal before the deadline.,Low,P4,"English dataset row; retained from the finalized 1,500-record ScamShield dataset."
G0185,Please review the latest ScamShield build before the project meeting tomorrow. — Customer Notification.,genuine,work,en,Research-backed synthetic,synthetic_research_backed,ordinary workplace communication,Review the work through the normal project channel.,1. Open the known project workspace. 2. Review the requested item. 3. Reply with feedback.,Low,P4,"English dataset row; retained from the finalized 1,500-record ScamShield dataset."
S0186,Congratulations! You won Rs 799 in a lucky draw. Pay Rs 299 tax/processing charges to claim your prize.,scam,lottery,en,Research-backed synthetic,synthetic_research_backed,"unexpected prize, upfront payment, lottery claim",Do not pay the fee.,1. Do not send money. 2. Do not share financial details. 3. Block the sender. 4. Report the message.,High,P1,"English dataset row; retained from the finalized 1,500-record ScamShield dataset."
S0187,"Hi, I lost my phone and need you to urgently transfer Rs 1299 to this new account. Please don't call. Immediate action required.",scam,impersonation,en,Research-backed synthetic,synthetic_research_backed,"impersonation, money request, urgency, discouraging verification",Verify the person's identity through an independent channel before any payment.,1. Do not transfer money. 2. Call the person using a known number. 3. Confirm the request independently. 4. Report if fraudulent.,High,P1,"English dataset row; retained from the finalized 1,500-record ScamShield dataset."
G0188,Your electricity bill of Rs 249 is due on 10 October. Please pay through the official utility portal. — Customer Notification.,genuine,utility_genuine,en,Research-backed synthetic,synthetic_research_backed,normal utility bill reminder,Use the official utility website/app.,1. Verify the bill in the official portal. 2. Check the due date and amount. 3. Pay only through the official channel.,Low,P4,"English dataset row; retained from the finalized 1,500-record ScamShield dataset."
S0189,Congratulations! Your instant loan of Rs 2499 is approved. Pay Rs 299 processing charges to release the funds. Do not ignore this message.,scam,loan_scam,en,Research-backed synthetic,synthetic_research_backed,"unsolicited loan, advance fee, pressure",Do not pay the fee.,1. Do not pay upfront charges. 2. Verify the lender independently. 3. Avoid sharing banking credentials. 4. Report the message.,High,P1,"English dataset row; retained from the finalized 1,500-record ScamShield dataset."
G0190,आपके Zomato भुगतान का ₹2499 का लेनदेन सफल रहा। Please keep this for your records.,genuine,transaction,en,Research-backed synthetic,synthetic_research_backed,normal transaction notification,Verify the transaction through the official app.,1. आधिकारिक ऐप खोलें। 2. लेनदेन की राशि जांचें। 3. अनजान लेनदेन हो तो बैंक से संपर्क करें।,Low,P4,"English dataset row; retained from the finalized 1,500-record ScamShield dataset."
S0191,You have been selected for a work-from-home Data Analyst paying Rs 499 per day. Pay Rs 499 as registration before joining. Do not ignore this message.,scam,job_scam,en,Research-backed synthetic,synthetic_research_backed,"unrealistic earnings, upfront fee, unsolicited job",Do not pay the registration fee.,1. Do not pay. 2. Verify the employer independently. 3. Do not share identity/banking documents. 4. Block and report the sender.,High,P1,"English dataset row; retained from the finalized 1,500-record ScamShield dataset."
G0192,Interview reminder: your Frontend Developer interview is scheduled for 2 October at 10:00 AM. Please keep this for your records.,genuine,job_genuine,en,Research-backed synthetic,synthetic_research_backed,normal recruitment communication,Verify the interview through the official recruitment channel.,1. Check the original application. 2. Confirm the interview details. 3. Join through the verified meeting link.,Low,P4,"English dataset row; retained from the finalized 1,500-record ScamShield dataset."
G0193,Microsoft verification code Q-183640 है। इसे किसी के साथ साझा न करें। Thank you.,genuine,otp,en,Research-backed synthetic,synthetic_research_backed,legitimate verification-code notice,Use only for the verification you initiated.,1. कोड केवल आधिकारिक स्क्रीन पर दर्ज करें। 2. किसी को न बताएं। 3. अनचाहा कोड हो तो पासवर्ड/सुरक्षा जांचें।,Low,P4,"English dataset row; retained from the finalized 1,500-record ScamShield dataset."
G0194,The department seminar on Machine Learning will be held on 30 September in sample-venue. — Customer Notification.,genuine,college_announcement,en,Research-backed synthetic,synthetic_research_backed,normal institutional announcement,Check the official college communication channel for details.,1. Verify the announcement in the official portal/email. 2. Note the venue and time. 3. Attend if relevant.,Low,P4,"English dataset row; retained from the finalized 1,500-record ScamShield dataset."
S0195,Congratulations! You won Rs 4999 in a lucky draw. Pay Rs 999 tax/processing charges to claim your prize.,scam,lottery,en,Research-backed synthetic,synthetic_research_backed,"unexpected prize, upfront payment, lottery claim",Do not pay the fee.,1. Do not send money. 2. Do not share financial details. 3. Block the sender. 4. Report the message.,High,P1,"English dataset row; retained from the finalized 1,500-record ScamShield dataset."
G0196,Your Blue Dart order #404-7319056 has shipped and is expected to arrive on 5 October.,genuine,delivery,en,Research-backed synthetic,synthetic_research_backed,normal delivery update,Track through the official retailer/carrier app if needed.,1. Open the official app if tracking is required. 2. Check the order number. 3. No payment is required unless shown in the official order flow.,Low,P4,"English dataset row; retained from the finalized 1,500-record ScamShield dataset."
S0197,A refund of Rs 199 is waiting for you. Share your card number and OTP so we can process it immediately. Do not ignore this message.,scam,refund_scam,en,Research-backed synthetic,synthetic_research_backed,"refund pretext, card-data request, OTP request",Do not share card or OTP details.,1. Do not share credentials. 2. Check refunds in the official merchant app. 3. Contact official support. 4. Report the sender.,Critical,P1,"English dataset row; retained from the finalized 1,500-record ScamShield dataset."
G0198,Reminder from your clinic: your appointment is booked for 15 October at 9:30 AM.,genuine,healthcare,en,Research-backed synthetic,synthetic_research_backed,normal healthcare reminder,Use the clinic's official contact details for changes.,1. Use the clinic's official contact details for changes. 2. Verify the message in the official app/portal if needed. 3. Do not share sensitive information unnecessarily.,Low,P4,"English dataset row; retained from the finalized 1,500-record ScamShield dataset."
S0199,I need urgent financial help for a family emergency. Please send Rs 199 today and I will return it next week. Do not ignore this message.,scam,romance_scam,en,Research-backed synthetic,synthetic_research_backed,"emotional pressure, urgent money request, unverifiable emergency",Verify the person's identity and situation independently before sending money.,1. Do not transfer money immediately. 2. Verify identity using another channel. 3. Discuss with someone you trust. 4. Report if fraudulent.,High,P2,"English dataset row; retained from the finalized 1,500-record ScamShield dataset."
S0200,A refund of Rs 4999 is waiting for you. Share your card number and OTP so we can process it immediately. Do not ignore this message.,scam,refund_scam,en,Research-backed synthetic,synthetic_research_backed,"refund pretext, card-data request, OTP request",Do not share card or OTP details.,1. Do not share credentials. 2. Check refunds in the official merchant app. 3. Contact official support. 4. Report the sender.,Critical,P1,"English dataset row; retained from the finalized 1,500-record ScamShield dataset."
S0201,Our AI trading group guarantees 5% daily profit. Deposit Rs 4999 today to activate your account.,scam,investment_scam,en,Research-backed synthetic,synthetic_research_backed,"guaranteed returns, investment pressure, deposit request",Do not transfer money based on the message.,1. Do not deposit funds. 2. Verify the company independently. 3. Check regulatory status where applicable. 4. Report the solicitation.,Critical,P1,"English dataset row; retained from the finalized 1,500-record ScamShield dataset."
S0202,Your parcel is held because of a Rs 999 customs/redelivery charge. Pay at http://secure-update.invalid within 2 hours. Do not ignore this message.,scam,delivery,en,Research-backed synthetic,synthetic_research_backed,"delivery impersonation, small fee, urgency, suspicious URL",Do not pay through the provided link.,1. Do not open the link. 2. Check the order on the official retailer/carrier site. 3. Verify any fee there. 4. Report the SMS.,High,P1,"English dataset row; retained from the finalized 1,500-record ScamShield dataset."
G0203,Your registration for AI workshop is confirmed. The event begins at 10:00 AM on 20 October.,genuine,event,en,Research-backed synthetic,synthetic_research_backed,normal event confirmation,Check the registration in the official event account/email.,1. Verify registration details. 2. Save the event information. 3. Use the organizer's official contact channel for changes.,Low,P4,"English dataset row; retained from the finalized 1,500-record ScamShield dataset."
G0204,Your airline booking R2N6VT is confirmed for 30 September.,genuine,travel,en,Research-backed synthetic,synthetic_research_backed,normal travel confirmation,Check the booking in the official airline app.,1. Check the booking in the official airline app. 2. Verify the message in the official app/portal if needed. 3. Do not share sensitive information unnecessarily.,Low,P4,"English dataset row; retained from the finalized 1,500-record ScamShield dataset."
S0205,"To receive your refund of Rs 499, scan this QR and enter your UPI PIN. Act now.",scam,upi_qr,en,Research-backed synthetic,synthetic_research_backed,"QR-for-receiving-money, UPI PIN request, refund pretext",Do not scan the QR or enter the UPI PIN.,1. Do not scan the QR. 2. Never enter a UPI PIN to receive money. 3. Verify the refund in the official app. 4. Report the sender.,Critical,P1,"English dataset row; retained from the finalized 1,500-record ScamShield dataset."
G0206,Your Amazon payment of Rs 799 was processed successfully.,genuine,transaction,en,Research-backed synthetic,synthetic_research_backed,normal transaction notification,Verify the transaction in the official app or bank statement.,1. Check the transaction in the official app. 2. Confirm the amount and merchant. 3. Keep the receipt if needed.,Low,P4,"English dataset row; retained from the finalized 1,500-record ScamShield dataset."
S0207,Your Microsoft account has been locked. Verify your identity now at http://secure-update.invalid to avoid permanent closure. Immediate action required.,scam,phishing,en,Research-backed synthetic,synthetic_research_backed,"account threat, urgency, suspicious URL, credential harvesting",Do not click the link.,1. Do not open the URL. 2. Visit the service by typing its official address. 3. Change credentials if exposed. 4. Report the message.,High,P1,"English dataset row; retained from the finalized 1,500-record ScamShield dataset."
G0208,Your bank statement for account ending 1024 is now available in online banking. — Customer Notification.,genuine,banking_genuine,en,Research-backed synthetic,synthetic_research_backed,normal banking notification,Open the bank's official app or website.,1. Sign in through the official app/site. 2. Review the statement. 3. Never use links from unexpected messages to sign in.,Low,P4,"English dataset row; retained from the finalized 1,500-record ScamShield dataset."
S0209,Your insurance policy bonus is ready. Pay Rs 1499 service charges and send your Aadhaar and bank details to receive it.,scam,insurance_scam,en,Research-backed synthetic,synthetic_research_backed,"unexpected bonus, advance fee, identity-data request",Do not pay or send identity/bank documents.,1. Do not pay. 2. Contact the insurer through the official website/number. 3. Do not send identity documents. 4. Report the message.,High,P1,"English dataset row; retained from the finalized 1,500-record ScamShield dataset."
G0210,Interview reminder: your ML Intern interview is scheduled for 5 October at 2:00 PM. — Customer Notification.,genuine,job_genuine,en,Research-backed synthetic,synthetic_research_backed,normal recruitment communication,Verify the interview through the official recruitment channel.,1. Check the original application. 2. Confirm the interview details. 3. Join through the verified meeting link.,Low,P4,"English dataset row; retained from the finalized 1,500-record ScamShield dataset."
S0211,Urgent: please update the vendor bank details and transfer the outstanding invoice to the new account before today.,scam,business_email_compromise,en,Research-backed synthetic,synthetic_research_backed,"payment diversion, impersonation, urgency, bank-detail change",Verify the request through an independent trusted channel.,1. Verify the request through an independent trusted channel. 2. Verify independently using the official service/authority. 3. Preserve evidence. 4. Report suspected cyber fraud.,Critical,P1,"English dataset row; retained from the finalized 1,500-record ScamShield dataset."
S0212,Congratulations! You won Rs 199 in a lucky draw. Pay Rs 1499 tax/processing charges to claim your prize. Act now.,scam,lottery,en,Research-backed synthetic,synthetic_research_backed,"unexpected prize, upfront payment, lottery claim",Do not pay the fee.,1. Do not send money. 2. Do not share financial details. 3. Block the sender. 4. Report the message.,High,P1,"English dataset row; retained from the finalized 1,500-record ScamShield dataset."
G0213,Rs 199 was spent at Uber using your mobile banking.,genuine,transaction,en,Research-backed synthetic,synthetic_research_backed,normal transaction notification,Verify the transaction in the official banking/payment app.,1. Open the official banking app. 2. Confirm the transaction. 3. Contact the bank only if it is unrecognized.,Low,P4,"English dataset row; retained from the finalized 1,500-record ScamShield dataset."
S0214,"Hi, I lost my phone and need you to urgently transfer Rs 2499 to this new account. Please don't call. Act now.",scam,impersonation,en,Research-backed synthetic,synthetic_research_backed,"impersonation, money request, urgency, discouraging verification",Verify the person's identity through an independent channel before any payment.,1. Do not transfer money. 2. Call the person using a known number. 3. Confirm the request independently. 4. Report if fraudulent.,High,P1,"English dataset row; retained from the finalized 1,500-record ScamShield dataset."
S0215,Urgent: your Canara Bank account will be blocked today because PAN/KYC is incomplete. Click http://account-check.invalid to update now. Do not ignore this message.,scam,bank_kyc,en,Research-backed synthetic,synthetic_research_backed,"bank impersonation, urgency, suspicious URL, KYC request",Do not click the link or share banking credentials.,1. Do not click the link. 2. Open the bank's official app/site manually. 3. Verify KYC status. 4. Report the message if fraudulent.,High,P1,"English dataset row; retained from the finalized 1,500-record ScamShield dataset."
G0216,"Hi Sneha, are we still meeting at computer lab around 4:30 PM today?",genuine,personal,en,Research-backed synthetic,synthetic_research_backed,ordinary personal communication,Reply through the normal conversation channel.,1. Check your plans. 2. Reply to the sender. 3. Do not take any financial action based only on this message.,Low,P4,"English dataset row; retained from the finalized 1,500-record ScamShield dataset."
S0217,Congratulations! You won Rs 1299 in a lucky draw. Pay Rs 1499 tax/processing charges to claim your prize.,scam,lottery,en,Research-backed synthetic,synthetic_research_backed,"unexpected prize, upfront payment, lottery claim",Do not pay the fee.,1. Do not send money. 2. Do not share financial details. 3. Block the sender. 4. Report the message.,High,P1,"English dataset row; retained from the finalized 1,500-record ScamShield dataset."
G0218,Your registration for coding contest is confirmed. The event begins at 6:00 PM on 5 October. — Customer Notification.,genuine,event,en,Research-backed synthetic,synthetic_research_backed,normal event confirmation,Check the registration in the official event account/email.,1. Verify registration details. 2. Save the event information. 3. Use the organizer's official contact channel for changes.,Low,P4,"English dataset row; retained from the finalized 1,500-record ScamShield dataset."
S0219,Urgent: your SBI account will be blocked today because PAN/KYC is incomplete. Click http://secure-update.invalid to update now.,scam,bank_kyc,en,Research-backed synthetic,synthetic_research_backed,"bank impersonation, urgency, suspicious URL, KYC request",Do not click the link or share banking credentials.,1. Do not click the link. 2. Open the bank's official app/site manually. 3. Verify KYC status. 4. Report the message if fraudulent.,High,P1,"English dataset row; retained from the finalized 1,500-record ScamShield dataset."
G0220,"Hi Anil, are we still meeting at office around 10:00 AM today? Please keep this for your records.",genuine,personal,en,Research-backed synthetic,synthetic_research_backed,ordinary personal communication,Reply through the normal conversation channel.,1. Check your plans. 2. Reply to the sender. 3. Do not take any financial action based only on this message.,Low,P4,"English dataset row; retained from the finalized 1,500-record ScamShield dataset."
S0221,Our AI trading group guarantees 10% daily profit. Deposit Rs 4999 today to activate your account. Do not ignore this message.,scam,investment_scam,en,Research-backed synthetic,synthetic_research_backed,"guaranteed returns, investment pressure, deposit request",Do not transfer money based on the message.,1. Do not deposit funds. 2. Verify the company independently. 3. Check regulatory status where applicable. 4. Report the solicitation.,Critical,P1,"English dataset row; retained from the finalized 1,500-record ScamShield dataset."
G0222,Rs 1299 was spent at Flipkart using your mobile banking.,genuine,transaction,en,Research-backed synthetic,synthetic_research_backed,normal transaction notification,Verify the transaction in the official banking/payment app.,1. Open the official banking app. 2. Confirm the transaction. 3. Contact the bank only if it is unrecognized.,Low,P4,"English dataset row; retained from the finalized 1,500-record ScamShield dataset."
G0223,Reminder from CARE Hospital: your dentist appointment is booked for 10 October at 10:00 AM. — Customer Notification.,genuine,healthcare,en,Research-backed synthetic,synthetic_research_backed,normal healthcare reminder,Use the clinic's official contact details for changes.,1. Verify the appointment in the clinic system. 2. Add it to your calendar. 3. Contact the clinic through its official number if needed.,Low,P4,"English dataset row; retained from the finalized 1,500-record ScamShield dataset."
S0224,Your account requires urgent verification. Visit http://verify-account.invalid and enter your login details within 30 minutes.,scam,smishing,en,Research-backed synthetic,synthetic_research_backed,"SMS phishing, suspicious URL, urgency",Do not open the link.,1. Do not open the link. 2. Verify independently using the official service/authority. 3. Preserve evidence. 4. Report suspected cyber fraud.,High,P1,"English dataset row; retained from the finalized 1,500-record ScamShield dataset."
S0225,Your electricity connection will be disconnected tonight unless you pay the pending bill through http://secure-update.invalid.,scam,utility_scam,en,Research-backed synthetic,synthetic_research_backed,"utility impersonation, disconnection threat, suspicious URL",Verify the bill through the official utility portal.,1. Do not open the link. 2. Check the official utility account. 3. Pay only through the official portal. 4. Report the message.,High,P1,"English dataset row; retained from the finalized 1,500-record ScamShield dataset."
S0226,"To receive your refund of Rs 1299, scan this QR and enter your UPI PIN.",scam,upi_qr,en,Research-backed synthetic,synthetic_research_backed,"QR-for-receiving-money, UPI PIN request, refund pretext",Do not scan the QR or enter the UPI PIN.,1. Do not scan the QR. 2. Never enter a UPI PIN to receive money. 3. Verify the refund in the official app. 4. Report the sender.,Critical,P1,"English dataset row; retained from the finalized 1,500-record ScamShield dataset."
S0227,Congratulations! You won Rs 1299 in a lucky draw. Pay Rs 999 tax/processing charges to claim your prize. Immediate action required.,scam,lottery,en,Research-backed synthetic,synthetic_research_backed,"unexpected prize, upfront payment, lottery claim",Do not pay the fee.,1. Do not send money. 2. Do not share financial details. 3. Block the sender. 4. Report the message.,High,P1,"English dataset row; retained from the finalized 1,500-record ScamShield dataset."
G0228,"Hi Kiran, are we still meeting at main gate around 2:00 PM today? Please keep this for your records.",genuine,personal,en,Research-backed synthetic,synthetic_research_backed,ordinary personal communication,Reply through the normal conversation channel.,1. Check your plans. 2. Reply to the sender. 3. Do not take any financial action based only on this message.,Low,P4,"English dataset row; retained from the finalized 1,500-record ScamShield dataset."
S0229,"Hi, I lost my phone and need you to urgently transfer Rs 499 to this new account. Please don't call. Act now.",scam,impersonation,en,Research-backed synthetic,synthetic_research_backed,"impersonation, money request, urgency, discouraging verification",Verify the person's identity through an independent channel before any payment.,1. Do not transfer money. 2. Call the person using a known number. 3. Confirm the request independently. 4. Report if fraudulent.,High,P1,"English dataset row; retained from the finalized 1,500-record ScamShield dataset."
G0230,Flipkart verification code A-739214 है। इसे किसी के साथ साझा न करें।,genuine,otp,en,Research-backed synthetic,synthetic_research_backed,legitimate verification-code notice,Use only for the verification you initiated.,1. कोड केवल आधिकारिक स्क्रीन पर दर्ज करें। 2. किसी को न बताएं। 3. अनचाहा कोड हो तो पासवर्ड/सुरक्षा जांचें।,Low,P4,"English dataset row; retained from the finalized 1,500-record ScamShield dataset."
G0231,Your bank statement for account ending 8842 is now available in online banking. Please keep this for your records.,genuine,banking_genuine,en,Research-backed synthetic,synthetic_research_backed,normal banking notification,Open the bank's official app or website.,1. Sign in through the official app/site. 2. Review the statement. 3. Never use links from unexpected messages to sign in.,Low,P4,"English dataset row; retained from the finalized 1,500-record ScamShield dataset."
G0232,"A new beneficiary was added to your account. If you made this change, no action is required. Thank you.",genuine,banking_genuine,en,Research-backed synthetic,synthetic_research_backed,normal banking security notification,Verify the beneficiary in the official banking app.,1. Open the official banking app. 2. Check the beneficiary list. 3. Contact the bank immediately if you did not make the change.,Low,P4,"English dataset row; retained from the finalized 1,500-record ScamShield dataset."
S0233,"Hi, I lost my phone and need you to urgently transfer Rs 799 to this new account. Please don't call.",scam,impersonation,en,Research-backed synthetic,synthetic_research_backed,"impersonation, money request, urgency, discouraging verification",Verify the person's identity through an independent channel before any payment.,1. Do not transfer money. 2. Call the person using a known number. 3. Confirm the request independently. 4. Report if fraudulent.,High,P1,"English dataset row; retained from the finalized 1,500-record ScamShield dataset."
S0234,Security alert: your account will be suspended unless you send the OTP A-739214 to our support agent immediately. Immediate action required.,scam,otp,en,Research-backed synthetic,synthetic_research_backed,"OTP request, urgency, account-threat language",Do not share the OTP.,1. Do not share the OTP. 2. End the conversation. 3. Review account security in the official app. 4. Report the sender.,Critical,P1,"English dataset row; retained from the finalized 1,500-record ScamShield dataset."
S0235,Your electricity connection will be disconnected tonight unless you pay the pending bill through https://example.invalid/verify.,scam,utility_scam,en,Research-backed synthetic,synthetic_research_backed,"utility impersonation, disconnection threat, suspicious URL",Verify the bill through the official utility portal.,1. Do not open the link. 2. Check the official utility account. 3. Pay only through the official portal. 4. Report the message.,High,P1,"English dataset row; retained from the finalized 1,500-record ScamShield dataset."
S0236,Your SIM will be disconnected in 3 hours because it was used for illegal activity. Call this number immediately. Immediate action required.,scam,telecom_threat,en,Research-backed synthetic,synthetic_research_backed,"telecom impersonation, urgency, threat, callback request",Do not call the supplied number.,1. Do not call the supplied number. 2. Check account status in the official telecom app. 3. Contact official support. 4. Report the message.,High,P1,"English dataset row; retained from the finalized 1,500-record ScamShield dataset."
G0237,Your order #402-1937460 from Croma has been confirmed for delivery.,genuine,ecommerce,en,Research-backed synthetic,synthetic_research_backed,normal ecommerce order confirmation,Check order status in the official store account.,1. Open the official shopping app/site. 2. Verify the order. 3. Contact official support for changes.,Low,P4,"English dataset row; retained from the finalized 1,500-record ScamShield dataset."
S0238,We detected an issue with your Instagram account. Call +91 9XXXX XXXXX and provide your card details for verification. Do not ignore this message.,scam,customer_support,en,Research-backed synthetic,synthetic_research_backed,"fake support, request for financial data, unsolicited contact",Do not provide card or account details.,1. Do not call the supplied number. 2. Use official support channels. 3. Do not share card/OTP details. 4. Block the sender.,Critical,P1,"English dataset row; retained from the finalized 1,500-record ScamShield dataset."
S0239,Congratulations! Your instant loan of Rs 2499 is approved. Pay Rs 1499 processing charges to release the funds. Act now.,scam,loan_scam,en,Research-backed synthetic,synthetic_research_backed,"unsolicited loan, advance fee, pressure",Do not pay the fee.,1. Do not pay upfront charges. 2. Verify the lender independently. 3. Avoid sharing banking credentials. 4. Report the message.,High,P1,"English dataset row; retained from the finalized 1,500-record ScamShield dataset."
S0240,Our crypto trading bot guarantees 30% profit every day. Deposit ₹5000 now to join.,scam,crypto_investment,en,Research-backed synthetic,synthetic_research_backed,"guaranteed returns, crypto solicitation, deposit request",Do not transfer money based on guaranteed-profit claims.,1. Do not transfer money based on guaranteed-profit claims. 2. Verify independently using the official service/authority. 3. Preserve evidence. 4. Report suspected cyber fraud.,Critical,P1,"English dataset row; retained from the finalized 1,500-record ScamShield dataset."
S0241,Urgent: your ICICI Bank account will be blocked today because PAN/KYC is incomplete. Click http://secure-update.invalid to update now. Do not ignore this message.,scam,bank_kyc,en,Research-backed synthetic,synthetic_research_backed,"bank impersonation, urgency, suspicious URL, KYC request",Do not click the link or share banking credentials.,1. Do not click the link. 2. Open the bank's official app/site manually. 3. Verify KYC status. 4. Report the message if fraudulent.,High,P1,"English dataset row; retained from the finalized 1,500-record ScamShield dataset."
S0242,You have been selected for a work-from-home Data Analyst paying Rs 1299 per day. Pay Rs 499 as registration before joining.,scam,job_scam,en,Research-backed synthetic,synthetic_research_backed,"unrealistic earnings, upfront fee, unsolicited job",Do not pay the registration fee.,1. Do not pay. 2. Verify the employer independently. 3. Do not share identity/banking documents. 4. Block and report the sender.,High,P1,"English dataset row; retained from the finalized 1,500-record ScamShield dataset."
S0243,Security alert: your account will be suspended unless you send the OTP Q-183640 to our support agent immediately. Immediate action required.,scam,otp,en,Research-backed synthetic,synthetic_research_backed,"OTP request, urgency, account-threat language",Do not share the OTP.,1. Do not share the OTP. 2. End the conversation. 3. Review account security in the official app. 4. Report the sender.,Critical,P1,"English dataset row; retained from the finalized 1,500-record ScamShield dataset."
S0244,Urgent: your Axis Bank account will be blocked today because PAN/KYC is incomplete. Click http://account-check.invalid to update now. Do not ignore this message.,scam,bank_kyc,en,Research-backed synthetic,synthetic_research_backed,"bank impersonation, urgency, suspicious URL, KYC request",Do not click the link or share banking credentials.,1. Do not click the link. 2. Open the bank's official app/site manually. 3. Verify KYC status. 4. Report the message if fraudulent.,High,P1,"English dataset row; retained from the finalized 1,500-record ScamShield dataset."
S0245,Your insurance policy bonus is ready. Pay Rs 199 service charges and send your Aadhaar and bank details to receive it. Act now.,scam,insurance_scam,en,Research-backed synthetic,synthetic_research_backed,"unexpected bonus, advance fee, identity-data request",Do not pay or send identity/bank documents.,1. Do not pay. 2. Contact the insurer through the official website/number. 3. Do not send identity documents. 4. Report the message.,High,P1,"English dataset row; retained from the finalized 1,500-record ScamShield dataset."
G0246,Your Netflix subscription renews on 2 October for Rs 2499. — Customer Notification.,genuine,subscription,en,Research-backed synthetic,synthetic_research_backed,normal subscription notice,Review the subscription in the official account settings.,1. Check the subscription details. 2. Confirm the renewal amount. 3. Cancel only through the official account if desired.,Low,P4,"English dataset row; retained from the finalized 1,500-record ScamShield dataset."
G0247,Your bank statement for account ending 5730 is now available in online banking. — Customer Notification.,genuine,banking_genuine,en,Research-backed synthetic,synthetic_research_backed,normal banking notification,Open the bank's official app or website.,1. Sign in through the official app/site. 2. Review the statement. 3. Never use links from unexpected messages to sign in.,Low,P4,"English dataset row; retained from the finalized 1,500-record ScamShield dataset."
G0248,Your order #404-7319056 from Myntra has been confirmed for delivery. Thank you.,genuine,ecommerce,en,Research-backed synthetic,synthetic_research_backed,normal ecommerce order confirmation,Check order status in the official store account.,1. Open the official shopping app/site. 2. Verify the order. 3. Contact official support for changes.,Low,P4,"English dataset row; retained from the finalized 1,500-record ScamShield dataset."
G0249,The MediSync API test report is ready for review. — Customer Notification.,genuine,work,en,Research-backed synthetic,synthetic_research_backed,ordinary workplace communication,Open the report from the known work repository.,1. Verify the project context. 2. Review the report. 3. Share findings through the normal team channel.,Low,P4,"English dataset row; retained from the finalized 1,500-record ScamShield dataset."
G0250,Reminder from your clinic: your appointment is booked for 10 October at 9:30 AM.,genuine,healthcare,en,Research-backed synthetic,synthetic_research_backed,normal healthcare reminder,Use the clinic's official contact details for changes.,1. Use the clinic's official contact details for changes. 2. Verify the message in the official app/portal if needed. 3. Do not share sensitive information unnecessarily.,Low,P4,"English dataset row; retained from the finalized 1,500-record ScamShield dataset."
G0251,Please review the latest MediSync build before the review tomorrow.,genuine,work,en,Research-backed synthetic,synthetic_research_backed,ordinary workplace communication,Review the work through the normal project channel.,1. Open the known project workspace. 2. Review the requested item. 3. Reply with feedback.,Low,P4,"English dataset row; retained from the finalized 1,500-record ScamShield dataset."
S0252,Our AI trading group guarantees 30% daily profit. Deposit Rs 1299 today to activate your account. Act now.,scam,investment_scam,en,Research-backed synthetic,synthetic_research_backed,"guaranteed returns, investment pressure, deposit request",Do not transfer money based on the message.,1. Do not deposit funds. 2. Verify the company independently. 3. Check regulatory status where applicable. 4. Report the solicitation.,Critical,P1,"English dataset row; retained from the finalized 1,500-record ScamShield dataset."
S0253,Congratulations! Your instant loan of Rs 4999 is approved. Pay Rs 199 processing charges to release the funds.,scam,loan_scam,en,Research-backed synthetic,synthetic_research_backed,"unsolicited loan, advance fee, pressure",Do not pay the fee.,1. Do not pay upfront charges. 2. Verify the lender independently. 3. Avoid sharing banking credentials. 4. Report the message.,High,P1,"English dataset row; retained from the finalized 1,500-record ScamShield dataset."
G0254,Reminder from Apollo Clinic: your lab appointment is booked for 15 October at 9:30 AM. — Customer Notification.,genuine,healthcare,en,Research-backed synthetic,synthetic_research_backed,normal healthcare reminder,Use the clinic's official contact details for changes.,1. Verify the appointment in the clinic system. 2. Add it to your calendar. 3. Contact the clinic through its official number if needed.,Low,P4,"English dataset row; retained from the finalized 1,500-record ScamShield dataset."
G0255,Your bank statement for account ending 1024 is now available in online banking.,genuine,banking_genuine,en,Research-backed synthetic,synthetic_research_backed,normal banking notification,Open the bank's official app or website.,1. Sign in through the official app/site. 2. Review the statement. 3. Never use links from unexpected messages to sign in.,Low,P4,"English dataset row; retained from the finalized 1,500-record ScamShield dataset."
S0256,You have been selected for a work-from-home Data Analyst paying Rs 1299 per day. Pay Rs 199 as registration before joining.,scam,job_scam,en,Research-backed synthetic,synthetic_research_backed,"unrealistic earnings, upfront fee, unsolicited job",Do not pay the registration fee.,1. Do not pay. 2. Verify the employer independently. 3. Do not share identity/banking documents. 4. Block and report the sender.,High,P1,"English dataset row; retained from the finalized 1,500-record ScamShield dataset."
G0257,Rs 499 was spent at Flipkart using your UPI. Please keep this for your records.,genuine,transaction,en,Research-backed synthetic,synthetic_research_backed,normal transaction notification,Verify the transaction in the official banking/payment app.,1. Open the official banking app. 2. Confirm the transaction. 3. Contact the bank only if it is unrecognized.,Low,P4,"English dataset row; retained from the finalized 1,500-record ScamShield dataset."
S0258,Urgent: your Kotak Bank account will be blocked today because PAN/KYC is incomplete. Click http://secure-update.invalid to update now. Act now.,scam,bank_kyc,en,Research-backed synthetic,synthetic_research_backed,"bank impersonation, urgency, suspicious URL, KYC request",Do not click the link or share banking credentials.,1. Do not click the link. 2. Open the bank's official app/site manually. 3. Verify KYC status. 4. Report the message if fraudulent.,High,P1,"English dataset row; retained from the finalized 1,500-record ScamShield dataset."
S0259,Your parcel is held because of a Rs 999 customs/redelivery charge. Pay at http://account-check.invalid within 2 hours. Act now.,scam,delivery,en,Research-backed synthetic,synthetic_research_backed,"delivery impersonation, small fee, urgency, suspicious URL",Do not pay through the provided link.,1. Do not open the link. 2. Check the order on the official retailer/carrier site. 3. Verify any fee there. 4. Report the SMS.,High,P1,"English dataset row; retained from the finalized 1,500-record ScamShield dataset."
G0260,Your order #403-5820147 has shipped and is expected to arrive on 15 October.,genuine,delivery,en,Research-backed synthetic,synthetic_research_backed,normal delivery update,Track through the official retailer/carrier app.,1. Track through the official retailer/carrier app. 2. Verify the message in the official app/portal if needed. 3. Do not share sensitive information unnecessarily.,Low,P4,"English dataset row; retained from the finalized 1,500-record ScamShield dataset."
G0261,Your Flipkart subscription renews on 30 September for Rs 1299. Please keep this for your records.,genuine,subscription,en,Research-backed synthetic,synthetic_research_backed,normal subscription notice,Review the subscription in the official account settings.,1. Check the subscription details. 2. Confirm the renewal amount. 3. Cancel only through the official account if desired.,Low,P4,"English dataset row; retained from the finalized 1,500-record ScamShield dataset."
S0262,Urgent: your ICICI Bank account will be blocked today because PAN/KYC is incomplete. Click http://secure-update.invalid to update now. Act now.,scam,bank_kyc,en,Research-backed synthetic,synthetic_research_backed,"bank impersonation, urgency, suspicious URL, KYC request",Do not click the link or share banking credentials.,1. Do not click the link. 2. Open the bank's official app/site manually. 3. Verify KYC status. 4. Report the message if fraudulent.,High,P1,"English dataset row; retained from the finalized 1,500-record ScamShield dataset."
G0263,Your IndiGo booking AI7K2P is confirmed for 2 October.,genuine,travel,en,Research-backed synthetic,synthetic_research_backed,normal travel confirmation,Check the booking in the official airline/travel app.,1. Open the official travel account. 2. Verify the booking reference. 3. Check schedule changes through the official channel.,Low,P4,"English dataset row; retained from the finalized 1,500-record ScamShield dataset."
G0264,Reminder from Apollo Clinic: your lab appointment is booked for 20 October at 2:00 PM. Thank you.,genuine,healthcare,en,Research-backed synthetic,synthetic_research_backed,normal healthcare reminder,Use the clinic's official contact details for changes.,1. Verify the appointment in the clinic system. 2. Add it to your calendar. 3. Contact the clinic through its official number if needed.,Low,P4,"English dataset row; retained from the finalized 1,500-record ScamShield dataset."
S0265,Security alert: your account will be suspended unless you send the OTP G-481205 to our support agent immediately. Act now.,scam,otp,en,Research-backed synthetic,synthetic_research_backed,"OTP request, urgency, account-threat language",Do not share the OTP.,1. Do not share the OTP. 2. End the conversation. 3. Review account security in the official app. 4. Report the sender.,Critical,P1,"English dataset row; retained from the finalized 1,500-record ScamShield dataset."
G0266,"Hi, are we still meeting at the campus cafeteria around 10:00 AM today?",genuine,personal,en,Research-backed synthetic,synthetic_research_backed,ordinary personal communication,Reply normally if expected.,1. Reply normally if expected. 2. Verify the message in the official app/portal if needed. 3. Do not share sensitive information unnecessarily.,Low,P4,"English dataset row; retained from the finalized 1,500-record ScamShield dataset."
S0267,Congratulations! You won Rs 499 in a lucky draw. Pay Rs 499 tax/processing charges to claim your prize.,scam,lottery,en,Research-backed synthetic,synthetic_research_backed,"unexpected prize, upfront payment, lottery claim",Do not pay the fee.,1. Do not send money. 2. Do not share financial details. 3. Block the sender. 4. Report the message.,High,P1,"English dataset row; retained from the finalized 1,500-record ScamShield dataset."
S0268,Our AI trading group guarantees 5% daily profit. Deposit Rs 1299 today to activate your account. Immediate action required.,scam,investment_scam,en,Research-backed synthetic,synthetic_research_backed,"guaranteed returns, investment pressure, deposit request",Do not transfer money based on the message.,1. Do not deposit funds. 2. Verify the company independently. 3. Check regulatory status where applicable. 4. Report the solicitation.,Critical,P1,"English dataset row; retained from the finalized 1,500-record ScamShield dataset."
S0269,Your parcel is held because of a Rs 1499 customs/redelivery charge. Pay at https://example.invalid/verify within 2 hours. Do not ignore this message.,scam,delivery,en,Research-backed synthetic,synthetic_research_backed,"delivery impersonation, small fee, urgency, suspicious URL",Do not pay through the provided link.,1. Do not open the link. 2. Check the order on the official retailer/carrier site. 3. Verify any fee there. 4. Report the SMS.,High,P1,"English dataset row; retained from the finalized 1,500-record ScamShield dataset."
S0270,Our AI trading group guarantees 10% daily profit. Deposit Rs 249 today to activate your account. Act now.,scam,investment_scam,en,Research-backed synthetic,synthetic_research_backed,"guaranteed returns, investment pressure, deposit request",Do not transfer money based on the message.,1. Do not deposit funds. 2. Verify the company independently. 3. Check regulatory status where applicable. 4. Report the solicitation.,Critical,P1,"English dataset row; retained from the finalized 1,500-record ScamShield dataset."
S0271,Your computer has a critical virus. Call our support number immediately and install this remote-access application. Immediate action required.,scam,tech_support,en,Research-backed synthetic,synthetic_research_backed,"fake technical support, remote-access request, urgency",Do not install remote-access software or call the supplied number.,1. Disconnect from the conversation. 2. Do not install unknown software. 3. Use trusted security tools. 4. Contact the vendor through official support.,Critical,P1,"English dataset row; retained from the finalized 1,500-record ScamShield dataset."
S0272,Congratulations! Your instant loan of Rs 2499 is approved. Pay Rs 499 processing charges to release the funds.,scam,loan_scam,en,Research-backed synthetic,synthetic_research_backed,"unsolicited loan, advance fee, pressure",Do not pay the fee.,1. Do not pay upfront charges. 2. Verify the lender independently. 3. Avoid sharing banking credentials. 4. Report the message.,High,P1,"English dataset row; retained from the finalized 1,500-record ScamShield dataset."
G0273,Your Zomato payment of ₹199 was processed successfully.,genuine,transaction,en,Research-backed synthetic,synthetic_research_backed,normal transaction notification,Verify in the official app.,1. Verify in the official app. 2. Verify the message in the official app/portal if needed. 3. Do not share sensitive information unnecessarily.,Low,P4,"English dataset row; retained from the finalized 1,500-record ScamShield dataset."
S0274,Your parcel is held because of a Rs 499 customs/redelivery charge. Pay at http://account-check.invalid within 2 hours. Do not ignore this message.,scam,delivery,en,Research-backed synthetic,synthetic_research_backed,"delivery impersonation, small fee, urgency, suspicious URL",Do not pay through the provided link.,1. Do not open the link. 2. Check the order on the official retailer/carrier site. 3. Verify any fee there. 4. Report the SMS.,High,P1,"English dataset row; retained from the finalized 1,500-record ScamShield dataset."
G0275,The Machine Learning assignment deadline is 5 October. Please submit it through the student portal. Please keep this for your records.,genuine,education,en,Research-backed synthetic,synthetic_research_backed,normal educational announcement,Use the official student portal.,1. Check the assignment details. 2. Prepare the submission. 3. Upload through the official portal before the deadline.,Low,P4,"English dataset row; retained from the finalized 1,500-record ScamShield dataset."
G0276,The department seminar on Cybersecurity will be held on 10 October in sample-venue. — Customer Notification.,genuine,college_announcement,en,Research-backed synthetic,synthetic_research_backed,normal institutional announcement,Check the official college communication channel for details.,1. Verify the announcement in the official portal/email. 2. Note the venue and time. 3. Attend if relevant.,Low,P4,"English dataset row; retained from the finalized 1,500-record ScamShield dataset."
G0277,Instagram verification code Q-183640 है। इसे किसी के साथ साझा न करें। Thank you.,genuine,otp,en,Research-backed synthetic,synthetic_research_backed,legitimate verification-code notice,Use only for the verification you initiated.,1. कोड केवल आधिकारिक स्क्रीन पर दर्ज करें। 2. किसी को न बताएं। 3. अनचाहा कोड हो तो पासवर्ड/सुरक्षा जांचें।,Low,P4,"English dataset row; retained from the finalized 1,500-record ScamShield dataset."
S0278,Our AI trading group guarantees 20% daily profit. Deposit Rs 1299 today to activate your account. Do not ignore this message.,scam,investment_scam,en,Research-backed synthetic,synthetic_research_backed,"guaranteed returns, investment pressure, deposit request",Do not transfer money based on the message.,1. Do not deposit funds. 2. Verify the company independently. 3. Check regulatory status where applicable. 4. Report the solicitation.,Critical,P1,"English dataset row; retained from the finalized 1,500-record ScamShield dataset."
S0279,Congratulations! You won Rs 2499 in a lucky draw. Pay Rs 999 tax/processing charges to claim your prize. Do not ignore this message.,scam,lottery,en,Research-backed synthetic,synthetic_research_backed,"unexpected prize, upfront payment, lottery claim",Do not pay the fee.,1. Do not send money. 2. Do not share financial details. 3. Block the sender. 4. Report the message.,High,P1,"English dataset row; retained from the finalized 1,500-record ScamShield dataset."
S0280,Your parcel is held because of a Rs 999 customs/redelivery charge. Pay at https://example.invalid/verify within 2 hours.,scam,delivery,en,Research-backed synthetic,synthetic_research_backed,"delivery impersonation, small fee, urgency, suspicious URL",Do not pay through the provided link.,1. Do not open the link. 2. Check the order on the official retailer/carrier site. 3. Verify any fee there. 4. Report the SMS.,High,P1,"English dataset row; retained from the finalized 1,500-record ScamShield dataset."
G0281,Your Zomato payment of Rs 2499 was processed successfully. — Customer Notification.,genuine,transaction,en,Research-backed synthetic,synthetic_research_backed,normal transaction notification,Verify the transaction in the official app or bank statement.,1. Check the transaction in the official app. 2. Confirm the amount and merchant. 3. Keep the receipt if needed.,Low,P4,"English dataset row; retained from the finalized 1,500-record ScamShield dataset."
S0282,Congratulations! Your instant loan of Rs 499 is approved. Pay Rs 199 processing charges to release the funds. Do not ignore this message.,scam,loan_scam,en,Research-backed synthetic,synthetic_research_backed,"unsolicited loan, advance fee, pressure",Do not pay the fee.,1. Do not pay upfront charges. 2. Verify the lender independently. 3. Avoid sharing banking credentials. 4. Report the message.,High,P1,"English dataset row; retained from the finalized 1,500-record ScamShield dataset."
S0283,"To receive your refund of Rs 199, scan this QR and enter your UPI PIN.",scam,upi_qr,en,Research-backed synthetic,synthetic_research_backed,"QR-for-receiving-money, UPI PIN request, refund pretext",Do not scan the QR or enter the UPI PIN.,1. Do not scan the QR. 2. Never enter a UPI PIN to receive money. 3. Verify the refund in the official app. 4. Report the sender.,Critical,P1,"English dataset row; retained from the finalized 1,500-record ScamShield dataset."
S0284,Congratulations! You won Rs 499 in a lucky draw. Pay Rs 199 tax/processing charges to claim your prize. Immediate action required.,scam,lottery,en,Research-backed synthetic,synthetic_research_backed,"unexpected prize, upfront payment, lottery claim",Do not pay the fee.,1. Do not send money. 2. Do not share financial details. 3. Block the sender. 4. Report the message.,High,P1,"English dataset row; retained from the finalized 1,500-record ScamShield dataset."
G0285,Your electricity bill of Rs 199 is due on 5 October. Please pay through the official utility portal. — Customer Notification.,genuine,utility_genuine,en,Research-backed synthetic,synthetic_research_backed,normal utility bill reminder,Use the official utility website/app.,1. Verify the bill in the official portal. 2. Check the due date and amount. 3. Pay only through the official channel.,Low,P4,"English dataset row; retained from the finalized 1,500-record ScamShield dataset."
S0286,Your Paytm account has been locked. Verify your identity now at http://account-check.invalid to avoid permanent closure. Act now.,scam,phishing,en,Research-backed synthetic,synthetic_research_backed,"account threat, urgency, suspicious URL, credential harvesting",Do not click the link.,1. Do not open the URL. 2. Visit the service by typing its official address. 3. Change credentials if exposed. 4. Report the message.,High,P1,"English dataset row; retained from the finalized 1,500-record ScamShield dataset."
G0287,Reminder from CARE Hospital: your lab appointment is booked for 5 October at 2:00 PM.,genuine,healthcare,en,Research-backed synthetic,synthetic_research_backed,normal healthcare reminder,Use the clinic's official contact details for changes.,1. Verify the appointment in the clinic system. 2. Add it to your calendar. 3. Contact the clinic through its official number if needed.,Low,P4,"English dataset row; retained from the finalized 1,500-record ScamShield dataset."
S0288,Earn ₹999 daily by completing CAPTCHA tasks. Pay ₹4999 registration/software charges to activate your account.,scam,fake_captcha_job,en,Research-backed synthetic,synthetic_research_backed,"upfront fee, unrealistic earnings, fake job platform",Do not pay the registration fee.,1. Do not pay the registration fee. 2. Verify independently using the official service/authority. 3. Preserve evidence. 4. Report suspected cyber fraud.,High,P1,"English dataset row; retained from the finalized 1,500-record ScamShield dataset."
G0289,Interview reminder: your Data Analyst interview is scheduled for 5 October at 6:00 PM.,genuine,job_genuine,en,Research-backed synthetic,synthetic_research_backed,normal recruitment communication,Verify the interview through the official recruitment channel.,1. Check the original application. 2. Confirm the interview details. 3. Join through the verified meeting link.,Low,P4,"English dataset row; retained from the finalized 1,500-record ScamShield dataset."
G0290,Microsoft verification code Q-183640 है। इसे किसी के साथ साझा न करें। Please keep this for your records.,genuine,otp,en,Research-backed synthetic,synthetic_research_backed,legitimate verification-code notice,Use only for the verification you initiated.,1. कोड केवल आधिकारिक स्क्रीन पर दर्ज करें। 2. किसी को न बताएं। 3. अनचाहा कोड हो तो पासवर्ड/सुरक्षा जांचें।,Low,P4,"English dataset row; retained from the finalized 1,500-record ScamShield dataset."
S0291,Your Google account has been locked. Verify your identity now at http://account-check.invalid to avoid permanent closure.,scam,phishing,en,Research-backed synthetic,synthetic_research_backed,"account threat, urgency, suspicious URL, credential harvesting",Do not click the link.,1. Do not open the URL. 2. Visit the service by typing its official address. 3. Change credentials if exposed. 4. Report the message.,High,P1,"English dataset row; retained from the finalized 1,500-record ScamShield dataset."
G0292,Rs 2499 was spent at BookMyShow using your credit card. Thank you.,genuine,transaction,en,Research-backed synthetic,synthetic_research_backed,normal transaction notification,Verify the transaction in the official banking/payment app.,1. Open the official banking app. 2. Confirm the transaction. 3. Contact the bank only if it is unrecognized.,Low,P4,"English dataset row; retained from the finalized 1,500-record ScamShield dataset."
G0293,Netflix verification code G-481205 है। इसे किसी के साथ साझा न करें। — Customer Notification.,genuine,otp,en,Research-backed synthetic,synthetic_research_backed,legitimate verification-code notice,Use only for the verification you initiated.,1. कोड केवल आधिकारिक स्क्रीन पर दर्ज करें। 2. किसी को न बताएं। 3. अनचाहा कोड हो तो पासवर्ड/सुरक्षा जांचें।,Low,P4,"English dataset row; retained from the finalized 1,500-record ScamShield dataset."
S0294,Your insurance policy bonus is ready. Pay Rs 199 service charges and send your Aadhaar and bank details to receive it.,scam,insurance_scam,en,Research-backed synthetic,synthetic_research_backed,"unexpected bonus, advance fee, identity-data request",Do not pay or send identity/bank documents.,1. Do not pay. 2. Contact the insurer through the official website/number. 3. Do not send identity documents. 4. Report the message.,High,P1,"English dataset row; retained from the finalized 1,500-record ScamShield dataset."
G0295,Your Vistara booking Q4M8LX is confirmed for 30 September.,genuine,travel,en,Research-backed synthetic,synthetic_research_backed,normal travel confirmation,Check the booking in the official airline/travel app.,1. Open the official travel account. 2. Verify the booking reference. 3. Check schedule changes through the official channel.,Low,P4,"English dataset row; retained from the finalized 1,500-record ScamShield dataset."
G0296,The department has published the timetable for the mid-term examination. Thank you.,genuine,education,en,Research-backed synthetic,synthetic_research_backed,normal educational announcement,Check the official college/university portal.,1. Open the official portal. 2. Confirm the timetable. 3. Note the exam date and time.,Low,P4,"English dataset row; retained from the finalized 1,500-record ScamShield dataset."
S0297,Your parcel is held because of a Rs 199 customs/redelivery charge. Pay at https://example.invalid/verify within 2 hours. Do not ignore this message.,scam,delivery,en,Research-backed synthetic,synthetic_research_backed,"delivery impersonation, small fee, urgency, suspicious URL",Do not pay through the provided link.,1. Do not open the link. 2. Check the order on the official retailer/carrier site. 3. Verify any fee there. 4. Report the SMS.,High,P1,"English dataset row; retained from the finalized 1,500-record ScamShield dataset."
G0298,The department seminar on Machine Learning will be held on 20 October in sample-venue. — Customer Notification.,genuine,college_announcement,en,Research-backed synthetic,synthetic_research_backed,normal institutional announcement,Check the official college communication channel for details.,1. Verify the announcement in the official portal/email. 2. Note the venue and time. 3. Attend if relevant.,Low,P4,"English dataset row; retained from the finalized 1,500-record ScamShield dataset."
S0299,Congratulations! You won Rs 1299 in a lucky draw. Pay Rs 499 tax/processing charges to claim your prize. Do not ignore this message.,scam,lottery,en,Research-backed synthetic,synthetic_research_backed,"unexpected prize, upfront payment, lottery claim",Do not pay the fee.,1. Do not send money. 2. Do not share financial details. 3. Block the sender. 4. Report the message.,High,P1,"English dataset row; retained from the finalized 1,500-record ScamShield dataset."
G0300,Google verification code G-481205 है। इसे किसी के साथ साझा न करें। — Customer Notification.,genuine,otp,en,Research-backed synthetic,synthetic_research_backed,legitimate verification-code notice,Use only for the verification you initiated.,1. कोड केवल आधिकारिक स्क्रीन पर दर्ज करें। 2. किसी को न बताएं। 3. अनचाहा कोड हो तो पासवर्ड/सुरक्षा जांचें।,Low,P4,"English dataset row; retained from the finalized 1,500-record ScamShield dataset."
S0301,We detected an issue with your WhatsApp account. Call +91 9XXXX XXXXX and provide your card details for verification. Do not ignore this message.,scam,customer_support,en,Research-backed synthetic,synthetic_research_backed,"fake support, request for financial data, unsolicited contact",Do not provide card or account details.,1. Do not call the supplied number. 2. Use official support channels. 3. Do not share card/OTP details. 4. Block the sender.,Critical,P1,"English dataset row; retained from the finalized 1,500-record ScamShield dataset."
S0302,I need urgent financial help for a family emergency. Please send Rs 499 today and I will return it next week. Immediate action required.,scam,romance_scam,en,Research-backed synthetic,synthetic_research_backed,"emotional pressure, urgent money request, unverifiable emergency",Verify the person's identity and situation independently before sending money.,1. Do not transfer money immediately. 2. Verify identity using another channel. 3. Discuss with someone you trust. 4. Report if fraudulent.,High,P2,"English dataset row; retained from the finalized 1,500-record ScamShield dataset."
G0303,Rs 249 was spent at Uber using your credit card. — Customer Notification.,genuine,transaction,en,Research-backed synthetic,synthetic_research_backed,normal transaction notification,Verify the transaction in the official banking/payment app.,1. Open the official banking app. 2. Confirm the transaction. 3. Contact the bank only if it is unrecognized.,Low,P4,"English dataset row; retained from the finalized 1,500-record ScamShield dataset."
G0304,Can you bring the book when you come to office? Please keep this for your records.,genuine,personal,en,Research-backed synthetic,synthetic_research_backed,ordinary personal communication,Reply normally if the request is expected.,1. Confirm the context. 2. Reply normally. 3. Ignore if the sender is unknown.,Low,P4,"English dataset row; retained from the finalized 1,500-record ScamShield dataset."
S0305,Urgent: your Canara Bank account will be blocked today because PAN/KYC is incomplete. Click https://example.invalid/verify to update now. Do not ignore this message.,scam,bank_kyc,en,Research-backed synthetic,synthetic_research_backed,"bank impersonation, urgency, suspicious URL, KYC request",Do not click the link or share banking credentials.,1. Do not click the link. 2. Open the bank's official app/site manually. 3. Verify KYC status. 4. Report the message if fraudulent.,High,P1,"English dataset row; retained from the finalized 1,500-record ScamShield dataset."
G0306,Your electricity bill of Rs 249 is due on 2 October. Please pay through the official utility portal. Thank you.,genuine,utility_genuine,en,Research-backed synthetic,synthetic_research_backed,normal utility bill reminder,Use the official utility website/app.,1. Verify the bill in the official portal. 2. Check the due date and amount. 3. Pay only through the official channel.,Low,P4,"English dataset row; retained from the finalized 1,500-record ScamShield dataset."
S0307,Urgent: your ICICI Bank account will be blocked today because PAN/KYC is incomplete. Click http://account-check.invalid to update now. Do not ignore this message.,scam,bank_kyc,en,Research-backed synthetic,synthetic_research_backed,"bank impersonation, urgency, suspicious URL, KYC request",Do not click the link or share banking credentials.,1. Do not click the link. 2. Open the bank's official app/site manually. 3. Verify KYC status. 4. Report the message if fraudulent.,High,P1,"English dataset row; retained from the finalized 1,500-record ScamShield dataset."
S0308,"Hi, I lost my phone and need you to urgently transfer Rs 249 to this new account. Please don't call.",scam,impersonation,en,Research-backed synthetic,synthetic_research_backed,"impersonation, money request, urgency, discouraging verification",Verify the person's identity through an independent channel before any payment.,1. Do not transfer money. 2. Call the person using a known number. 3. Confirm the request independently. 4. Report if fraudulent.,High,P1,"English dataset row; retained from the finalized 1,500-record ScamShield dataset."
G0309,Can you bring the book when you come to library? Thank you.,genuine,personal,en,Research-backed synthetic,synthetic_research_backed,ordinary personal communication,Reply normally if the request is expected.,1. Confirm the context. 2. Reply normally. 3. Ignore if the sender is unknown.,Low,P4,"English dataset row; retained from the finalized 1,500-record ScamShield dataset."
S0310,"Sir, I accidentally sent you Rs 10,000 via PhonePe. Please return it to this number.",scam,accidental_transfer,en,User-provided reference file,user_reference,"unverified transfer, request to send money",Check bank balance,Verify through an official channel; follow the expected action above.,High,P1,"English dataset row; retained from the finalized 1,500-record ScamShield dataset."
G0311,Your order #401-8246152 has shipped and is expected to arrive on 30 September.,genuine,delivery,en,Research-backed synthetic,synthetic_research_backed,normal delivery update,Track through the official retailer/carrier app.,1. Track through the official retailer/carrier app. 2. Verify the message in the official app/portal if needed. 3. Do not share sensitive information unnecessarily.,Low,P4,"English dataset row; retained from the finalized 1,500-record ScamShield dataset."
G0312,Reminder: your career counseling session is scheduled for 20 October at 9:30 AM. — Customer Notification.,genuine,appointment,en,Research-backed synthetic,synthetic_research_backed,normal appointment reminder,Confirm or reschedule through the official provider if necessary.,1. Check the appointment details. 2. Add it to your calendar. 3. Use the provider's official contact channel for changes.,Low,P4,"English dataset row; retained from the finalized 1,500-record ScamShield dataset."
G0313,The Live Call Guardian API test report is ready for review.,genuine,work,en,Research-backed synthetic,synthetic_research_backed,ordinary workplace communication,Open the report from the known work repository.,1. Verify the project context. 2. Review the report. 3. Share findings through the normal team channel.,Low,P4,"English dataset row; retained from the finalized 1,500-record ScamShield dataset."
G0314,Your electricity bill of Rs 1299 is due on 10 October. Please pay through the official utility portal. — Customer Notification.,genuine,utility_genuine,en,Research-backed synthetic,synthetic_research_backed,normal utility bill reminder,Use the official utility website/app.,1. Verify the bill in the official portal. 2. Check the due date and amount. 3. Pay only through the official channel.,Low,P4,"English dataset row; retained from the finalized 1,500-record ScamShield dataset."
G0315,Your Vi data plan has 2.8 GB remaining and is valid until 30 September. Thank you.,genuine,telecom_genuine,en,Research-backed synthetic,synthetic_research_backed,normal telecom usage notice,Check usage in the official telecom app if needed.,1. Open the official provider app. 2. Review plan usage. 3. Recharge only through official channels.,Low,P4,"English dataset row; retained from the finalized 1,500-record ScamShield dataset."
G0316,"Hi Aarav, are we still meeting at campus cafeteria around 2:00 PM today? Thank you.",genuine,personal,en,Research-backed synthetic,synthetic_research_backed,ordinary personal communication,Reply through the normal conversation channel.,1. Check your plans. 2. Reply to the sender. 3. Do not take any financial action based only on this message.,Low,P4,"English dataset row; retained from the finalized 1,500-record ScamShield dataset."
G0317,Your DTDC order #404-7319056 has shipped and is expected to arrive on 5 October.,genuine,delivery,en,Research-backed synthetic,synthetic_research_backed,normal delivery update,Track through the official retailer/carrier app if needed.,1. Open the official app if tracking is required. 2. Check the order number. 3. No payment is required unless shown in the official order flow.,Low,P4,"English dataset row; retained from the finalized 1,500-record ScamShield dataset."
S0318,Urgent: your ICICI Bank account will be blocked today because PAN/KYC is incomplete. Click http://account-check.invalid to update now. Act now.,scam,bank_kyc,en,Research-backed synthetic,synthetic_research_backed,"bank impersonation, urgency, suspicious URL, KYC request",Do not click the link or share banking credentials.,1. Do not click the link. 2. Open the bank's official app/site manually. 3. Verify KYC status. 4. Report the message if fraudulent.,High,P1,"English dataset row; retained from the finalized 1,500-record ScamShield dataset."
G0319,The Cloud Computing assignment deadline is 20 October. Please submit it through the student portal. Thank you.,genuine,education,en,Research-backed synthetic,synthetic_research_backed,normal educational announcement,Use the official student portal.,1. Check the assignment details. 2. Prepare the submission. 3. Upload through the official portal before the deadline.,Low,P4,"English dataset row; retained from the finalized 1,500-record ScamShield dataset."
S0320,You have been selected for a work-from-home Frontend Developer paying Rs 1299 per day. Pay Rs 199 as registration before joining. Immediate action required.,scam,job_scam,en,Research-backed synthetic,synthetic_research_backed,"unrealistic earnings, upfront fee, unsolicited job",Do not pay the registration fee.,1. Do not pay. 2. Verify the employer independently. 3. Do not share identity/banking documents. 4. Block and report the sender.,High,P1,"English dataset row; retained from the finalized 1,500-record ScamShield dataset."
S0321,Urgent: your HDFC Bank account will be blocked today because PAN/KYC is incomplete. Click http://secure-update.invalid to update now. Do not ignore this message.,scam,bank_kyc,en,Research-backed synthetic,synthetic_research_backed,"bank impersonation, urgency, suspicious URL, KYC request",Do not click the link or share banking credentials.,1. Do not click the link. 2. Open the bank's official app/site manually. 3. Verify KYC status. 4. Report the message if fraudulent.,High,P1,"English dataset row; retained from the finalized 1,500-record ScamShield dataset."
G0322,Your Netflix payment of ₹799 was processed successfully.,genuine,transaction,en,Research-backed synthetic,synthetic_research_backed,normal transaction notification,Verify in the official app.,1. Verify in the official app. 2. Verify the message in the official app/portal if needed. 3. Do not share sensitive information unnecessarily.,Low,P4,"English dataset row; retained from the finalized 1,500-record ScamShield dataset."
G0323,Interview reminder: your Data Analyst interview is scheduled for 10 October at 6:00 PM.,genuine,job_genuine,en,Research-backed synthetic,synthetic_research_backed,normal recruitment communication,Verify the interview through the official recruitment channel.,1. Check the original application. 2. Confirm the interview details. 3. Join through the verified meeting link.,Low,P4,"English dataset row; retained from the finalized 1,500-record ScamShield dataset."
S0324,Our AI trading group guarantees 10% daily profit. Deposit Rs 799 today to activate your account. Do not ignore this message.,scam,investment_scam,en,Research-backed synthetic,synthetic_research_backed,"guaranteed returns, investment pressure, deposit request",Do not transfer money based on the message.,1. Do not deposit funds. 2. Verify the company independently. 3. Check regulatory status where applicable. 4. Report the solicitation.,Critical,P1,"English dataset row; retained from the finalized 1,500-record ScamShield dataset."
G0325,Your Air India booking R2N6VT is confirmed for 15 October. Thank you.,genuine,travel,en,Research-backed synthetic,synthetic_research_backed,normal travel confirmation,Check the booking in the official airline/travel app.,1. Open the official travel account. 2. Verify the booking reference. 3. Check schedule changes through the official channel.,Low,P4,"English dataset row; retained from the finalized 1,500-record ScamShield dataset."
G0326,Your service request REQ-51942 has been completed. Please review the update in the official portal. Thank you.,genuine,service_update,en,Research-backed synthetic,synthetic_research_backed,normal service update,Review the request through the official portal.,1. Open the official portal directly. 2. Check the request status. 3. Contact official support if the result is incorrect.,Low,P4,"English dataset row; retained from the finalized 1,500-record ScamShield dataset."
G0327,Your Flipkart payment of Rs 1299 was processed successfully. Please keep this for your records.,genuine,transaction,en,Research-backed synthetic,synthetic_research_backed,normal transaction notification,Verify the transaction in the official app or bank statement.,1. Check the transaction in the official app. 2. Confirm the amount and merchant. 3. Keep the receipt if needed.,Low,P4,"English dataset row; retained from the finalized 1,500-record ScamShield dataset."
G0328,Your monthly investment statement for mutual fund is available in your official account. Thank you.,genuine,finance_genuine,en,Research-backed synthetic,synthetic_research_backed,normal financial statement,Review it through the official investment platform.,1. Sign in directly to the known platform. 2. Review the statement. 3. Contact the provider through official channels for discrepancies.,Low,P4,"English dataset row; retained from the finalized 1,500-record ScamShield dataset."
G0329,Your Netflix payment of ₹2499 was processed successfully.,genuine,transaction,en,Research-backed synthetic,synthetic_research_backed,normal transaction notification,Verify in the official app.,1. Verify in the official app. 2. Verify the message in the official app/portal if needed. 3. Do not share sensitive information unnecessarily.,Low,P4,"English dataset row; retained from the finalized 1,500-record ScamShield dataset."
G0330,Your Jio data plan has 1.2 GB remaining and is valid until 30 September. Please keep this for your records.,genuine,telecom_genuine,en,Research-backed synthetic,synthetic_research_backed,normal telecom usage notice,Check usage in the official telecom app if needed.,1. Open the official provider app. 2. Review plan usage. 3. Recharge only through official channels.,Low,P4,"English dataset row; retained from the finalized 1,500-record ScamShield dataset."
G0331,Your subscription to Flipkart has been renewed successfully. Thank you.,genuine,subscription,en,Research-backed synthetic,synthetic_research_backed,normal subscription notice,Verify the renewal in the official account.,1. Open the official service app. 2. Check billing history. 3. Contact official support if the charge is unfamiliar.,Low,P4,"English dataset row; retained from the finalized 1,500-record ScamShield dataset."
G0332,Your monthly investment statement for mutual fund is available in your official account. — Customer Notification.,genuine,finance_genuine,en,Research-backed synthetic,synthetic_research_backed,normal financial statement,Review it through the official investment platform.,1. Sign in directly to the known platform. 2. Review the statement. 3. Contact the provider through official channels for discrepancies.,Low,P4,"English dataset row; retained from the finalized 1,500-record ScamShield dataset."
S0333,"Hi, I lost my phone and need you to urgently transfer Rs 499 to this new account. Please don't call. Do not ignore this message.",scam,impersonation,en,Research-backed synthetic,synthetic_research_backed,"impersonation, money request, urgency, discouraging verification",Verify the person's identity through an independent channel before any payment.,1. Do not transfer money. 2. Call the person using a known number. 3. Confirm the request independently. 4. Report if fraudulent.,High,P1,"English dataset row; retained from the finalized 1,500-record ScamShield dataset."
G0334,Can you bring the ID card when you come to main gate? Please keep this for your records.,genuine,personal,en,Research-backed synthetic,synthetic_research_backed,ordinary personal communication,Reply normally if the request is expected.,1. Confirm the context. 2. Reply normally. 3. Ignore if the sender is unknown.,Low,P4,"English dataset row; retained from the finalized 1,500-record ScamShield dataset."
G0335,Your bank statement for account ending 5730 is now available in online banking. Thank you.,genuine,banking_genuine,en,Research-backed synthetic,synthetic_research_backed,normal banking notification,Open the bank's official app or website.,1. Sign in through the official app/site. 2. Review the statement. 3. Never use links from unexpected messages to sign in.,Low,P4,"English dataset row; retained from the finalized 1,500-record ScamShield dataset."
S0336,Your Paytm account has been locked. Verify your identity now at https://example.invalid/verify to avoid permanent closure. Do not ignore this message.,scam,phishing,en,Research-backed synthetic,synthetic_research_backed,"account threat, urgency, suspicious URL, credential harvesting",Do not click the link.,1. Do not open the URL. 2. Visit the service by typing its official address. 3. Change credentials if exposed. 4. Report the message.,High,P1,"English dataset row; retained from the finalized 1,500-record ScamShield dataset."
G0337,Your Google subscription renews on 20 October for Rs 199. Thank you.,genuine,subscription,en,Research-backed synthetic,synthetic_research_backed,normal subscription notice,Review the subscription in the official account settings.,1. Check the subscription details. 2. Confirm the renewal amount. 3. Cancel only through the official account if desired.,Low,P4,"English dataset row; retained from the finalized 1,500-record ScamShield dataset."
G0338,Your registration for department seminar is confirmed. The event begins at 4:30 PM on 2 October. Please keep this for your records.,genuine,event,en,Research-backed synthetic,synthetic_research_backed,normal event confirmation,Check the registration in the official event account/email.,1. Verify registration details. 2. Save the event information. 3. Use the organizer's official contact channel for changes.,Low,P4,"English dataset row; retained from the finalized 1,500-record ScamShield dataset."
G0339,Reminder: your lab appointment is scheduled for 5 October at 6:00 PM. Thank you.,genuine,appointment,en,Research-backed synthetic,synthetic_research_backed,normal appointment reminder,Confirm or reschedule through the official provider if necessary.,1. Check the appointment details. 2. Add it to your calendar. 3. Use the provider's official contact channel for changes.,Low,P4,"English dataset row; retained from the finalized 1,500-record ScamShield dataset."
G0340,Please review the latest Live Call Guardian build before the stand-up tomorrow. — Customer Notification.,genuine,work,en,Research-backed synthetic,synthetic_research_backed,ordinary workplace communication,Review the work through the normal project channel.,1. Open the known project workspace. 2. Review the requested item. 3. Reply with feedback.,Low,P4,"English dataset row; retained from the finalized 1,500-record ScamShield dataset."
S0341,You have been selected for a work-from-home Frontend Developer paying Rs 799 per day. Pay Rs 499 as registration before joining. Immediate action required.,scam,job_scam,en,Research-backed synthetic,synthetic_research_backed,"unrealistic earnings, upfront fee, unsolicited job",Do not pay the registration fee.,1. Do not pay. 2. Verify the employer independently. 3. Do not share identity/banking documents. 4. Block and report the sender.,High,P1,"English dataset row; retained from the finalized 1,500-record ScamShield dataset."
G0342,Your order #403-5820147 has shipped and is expected to arrive on 5 October.,genuine,delivery,en,Research-backed synthetic,synthetic_research_backed,normal delivery update,Track through the official retailer/carrier app.,1. Track through the official retailer/carrier app. 2. Verify the message in the official app/portal if needed. 3. Do not share sensitive information unnecessarily.,Low,P4,"English dataset row; retained from the finalized 1,500-record ScamShield dataset."
S0343,Earn ₹2499 daily by completing CAPTCHA tasks. Pay ₹4999 registration/software charges to activate your account.,scam,fake_captcha_job,en,Research-backed synthetic,synthetic_research_backed,"upfront fee, unrealistic earnings, fake job platform",Do not pay the registration fee.,1. Do not pay the registration fee. 2. Verify independently using the official service/authority. 3. Preserve evidence. 4. Report suspected cyber fraud.,High,P1,"English dataset row; retained from the finalized 1,500-record ScamShield dataset."
G0344,The Cybersecurity assignment deadline is 20 October. Please submit it through the student portal. Please keep this for your records.,genuine,education,en,Research-backed synthetic,synthetic_research_backed,normal educational announcement,Use the official student portal.,1. Check the assignment details. 2. Prepare the submission. 3. Upload through the official portal before the deadline.,Low,P4,"English dataset row; retained from the finalized 1,500-record ScamShield dataset."
S0345,Your insurance policy bonus is ready. Pay Rs 299 service charges and send your Aadhaar and bank details to receive it. Immediate action required.,scam,insurance_scam,en,Research-backed synthetic,synthetic_research_backed,"unexpected bonus, advance fee, identity-data request",Do not pay or send identity/bank documents.,1. Do not pay. 2. Contact the insurer through the official website/number. 3. Do not send identity documents. 4. Report the message.,High,P1,"English dataset row; retained from the finalized 1,500-record ScamShield dataset."
S0346,You have been selected for a work-from-home Data Analyst paying Rs 249 per day. Pay Rs 299 as registration before joining.,scam,job_scam,en,Research-backed synthetic,synthetic_research_backed,"unrealistic earnings, upfront fee, unsolicited job",Do not pay the registration fee.,1. Do not pay. 2. Verify the employer independently. 3. Do not share identity/banking documents. 4. Block and report the sender.,High,P1,"English dataset row; retained from the finalized 1,500-record ScamShield dataset."
S0347,Congratulations! You won Rs 799 in a lucky draw. Pay Rs 1499 tax/processing charges to claim your prize. Immediate action required.,scam,lottery,en,Research-backed synthetic,synthetic_research_backed,"unexpected prize, upfront payment, lottery claim",Do not pay the fee.,1. Do not send money. 2. Do not share financial details. 3. Block the sender. 4. Report the message.,High,P1,"English dataset row; retained from the finalized 1,500-record ScamShield dataset."
S0348,Your Netflix account has been locked. Verify your identity now at http://account-check.invalid to avoid permanent closure. Act now.,scam,phishing,en,Research-backed synthetic,synthetic_research_backed,"account threat, urgency, suspicious URL, credential harvesting",Do not click the link.,1. Do not open the URL. 2. Visit the service by typing its official address. 3. Change credentials if exposed. 4. Report the message.,High,P1,"English dataset row; retained from the finalized 1,500-record ScamShield dataset."
S0349,Your electricity connection will be disconnected tonight unless you pay the pending bill through http://account-check.invalid. Act now.,scam,utility_scam,en,Research-backed synthetic,synthetic_research_backed,"utility impersonation, disconnection threat, suspicious URL",Verify the bill through the official utility portal.,1. Do not open the link. 2. Check the official utility account. 3. Pay only through the official portal. 4. Report the message.,High,P1,"English dataset row; retained from the finalized 1,500-record ScamShield dataset."
S0350,Apni credit card limit badhane ke liye is link par click karein aur details bharein.,scam,phishing,en,User-provided reference file,user_reference,"unsolicited upgrade, suspicious link",Do not click,Verify through an official channel; follow the expected action above.,High,P1,"English dataset row; retained from the finalized 1,500-record ScamShield dataset."
S0351,"Hi, I lost my phone and need you to urgently transfer Rs 4999 to this new account. Please don't call. Immediate action required.",scam,impersonation,en,Research-backed synthetic,synthetic_research_backed,"impersonation, money request, urgency, discouraging verification",Verify the person's identity through an independent channel before any payment.,1. Do not transfer money. 2. Call the person using a known number. 3. Confirm the request independently. 4. Report if fraudulent.,High,P1,"English dataset row; retained from the finalized 1,500-record ScamShield dataset."
S0352,You have been selected for a work-from-home Python Developer paying Rs 2499 per day. Pay Rs 499 as registration before joining. Do not ignore this message.,scam,job_scam,en,Research-backed synthetic,synthetic_research_backed,"unrealistic earnings, upfront fee, unsolicited job",Do not pay the registration fee.,1. Do not pay. 2. Verify the employer independently. 3. Do not share identity/banking documents. 4. Block and report the sender.,High,P1,"English dataset row; retained from the finalized 1,500-record ScamShield dataset."
S0353,Your insurance policy bonus is ready. Pay Rs 299 service charges and send your Aadhaar and bank details to receive it.,scam,insurance_scam,en,Research-backed synthetic,synthetic_research_backed,"unexpected bonus, advance fee, identity-data request",Do not pay or send identity/bank documents.,1. Do not pay. 2. Contact the insurer through the official website/number. 3. Do not send identity documents. 4. Report the message.,High,P1,"English dataset row; retained from the finalized 1,500-record ScamShield dataset."
S0354,Congratulations! You won Rs 2499 in a lucky draw. Pay Rs 499 tax/processing charges to claim your prize. Act now.,scam,lottery,en,Research-backed synthetic,synthetic_research_backed,"unexpected prize, upfront payment, lottery claim",Do not pay the fee.,1. Do not send money. 2. Do not share financial details. 3. Block the sender. 4. Report the message.,High,P1,"English dataset row; retained from the finalized 1,500-record ScamShield dataset."
G0355,Reminder: your appointment is scheduled for 5 October at 2:00 PM.,genuine,appointment,en,Research-backed synthetic,synthetic_research_backed,normal appointment reminder,Confirm through the official provider if needed.,1. Confirm through the official provider if needed. 2. Verify the message in the official app/portal if needed. 3. Do not share sensitive information unnecessarily.,Low,P4,"English dataset row; retained from the finalized 1,500-record ScamShield dataset."
S0356,Your electricity connection will be disconnected tonight unless you pay the pending bill through http://secure-update.invalid. Immediate action required.,scam,utility_scam,en,Research-backed synthetic,synthetic_research_backed,"utility impersonation, disconnection threat, suspicious URL",Verify the bill through the official utility portal.,1. Do not open the link. 2. Check the official utility account. 3. Pay only through the official portal. 4. Report the message.,High,P1,"English dataset row; retained from the finalized 1,500-record ScamShield dataset."
G0357,Your IndiGo booking AI7K2P is confirmed for 2 October. Thank you.,genuine,travel,en,Research-backed synthetic,synthetic_research_backed,normal travel confirmation,Check the booking in the official airline/travel app.,1. Open the official travel account. 2. Verify the booking reference. 3. Check schedule changes through the official channel.,Low,P4,"English dataset row; retained from the finalized 1,500-record ScamShield dataset."
G0358,Delivery update: Amazon Logistics will attempt delivery of order #402-1937460 today.,genuine,delivery,en,Research-backed synthetic,synthetic_research_backed,normal delivery update,Use the official tracking page or app.,1. Check official tracking. 2. Keep the delivery address accessible. 3. Contact the retailer through official support if there is a problem.,Low,P4,"English dataset row; retained from the finalized 1,500-record ScamShield dataset."
G0359,Interview reminder: your ML Intern interview is scheduled for 2 October at 6:00 PM. — Customer Notification.,genuine,job_genuine,en,Research-backed synthetic,synthetic_research_backed,normal recruitment communication,Verify the interview through the official recruitment channel.,1. Check the original application. 2. Confirm the interview details. 3. Join through the verified meeting link.,Low,P4,"English dataset row; retained from the finalized 1,500-record ScamShield dataset."
G0360,Your verification code is G-481205. Do not share it with anyone.,genuine,otp,en,Research-backed synthetic,synthetic_research_backed,legitimate verification-code notice,Use only for the verification you initiated.,1. Use only for the verification you initiated. 2. Verify the message in the official app/portal if needed. 3. Do not share sensitive information unnecessarily.,Low,P4,"English dataset row; retained from the finalized 1,500-record ScamShield dataset."
G0361,Your Airtel data plan has 1.2 GB remaining and is valid until 2 October. Please keep this for your records.,genuine,telecom_genuine,en,Research-backed synthetic,synthetic_research_backed,normal telecom usage notice,Check usage in the official telecom app if needed.,1. Open the official provider app. 2. Review plan usage. 3. Recharge only through official channels.,Low,P4,"English dataset row; retained from the finalized 1,500-record ScamShield dataset."
G0362,Please review the latest Live Call Guardian build before the demo tomorrow. Please keep this for your records.,genuine,work,en,Research-backed synthetic,synthetic_research_backed,ordinary workplace communication,Review the work through the normal project channel.,1. Open the known project workspace. 2. Review the requested item. 3. Reply with feedback.,Low,P4,"English dataset row; retained from the finalized 1,500-record ScamShield dataset."
S0363,Your Amazon account has been locked. Verify your identity now at https://example.invalid/verify to avoid permanent closure. Do not ignore this message.,scam,phishing,en,Research-backed synthetic,synthetic_research_backed,"account threat, urgency, suspicious URL, credential harvesting",Do not click the link.,1. Do not open the URL. 2. Visit the service by typing its official address. 3. Change credentials if exposed. 4. Report the message.,High,P1,"English dataset row; retained from the finalized 1,500-record ScamShield dataset."
G0364,Interview reminder: your ML Intern interview is scheduled for 20 October at 10:00 AM. Please keep this for your records.,genuine,job_genuine,en,Research-backed synthetic,synthetic_research_backed,normal recruitment communication,Verify the interview through the official recruitment channel.,1. Check the original application. 2. Confirm the interview details. 3. Join through the verified meeting link.,Low,P4,"English dataset row; retained from the finalized 1,500-record ScamShield dataset."
G0365,याद दिलाया जाता है कि आपकी dentist appointment 10 October को 6:00 PM बजे है। Thank you.,genuine,appointment,en,Research-backed synthetic,synthetic_research_backed,normal appointment reminder,Use the official provider channel for confirmation or changes.,1. समय जांचें। 2. कैलेंडर में सेव करें। 3. बदलाव के लिए आधिकारिक नंबर/पोर्टल इस्तेमाल करें।,Low,P4,"English dataset row; retained from the finalized 1,500-record ScamShield dataset."
S0366,Please donate Rs 1299 for an emergency relief campaign. Transfer to this personal UPI ID today. Act now.,scam,charity_scam,en,Research-backed synthetic,synthetic_research_backed,"emotional appeal, personal payment destination, urgency",Verify the charity and donation channel independently.,1. Do not transfer to an unverified personal account. 2. Check the organization's official website. 3. Donate through verified channels. 4. Report the message.,Medium,P2,"English dataset row; retained from the finalized 1,500-record ScamShield dataset."
G0367,Your Delhivery order #401-8246152 has shipped and is expected to arrive on 2 October. Thank you.,genuine,delivery,en,Research-backed synthetic,synthetic_research_backed,normal delivery update,Track through the official retailer/carrier app if needed.,1. Open the official app if tracking is required. 2. Check the order number. 3. No payment is required unless shown in the official order flow.,Low,P4,"English dataset row; retained from the finalized 1,500-record ScamShield dataset."
S0368,Your SIM will be disconnected in 4 hours because it was used for illegal activity. Call this number immediately. Act now.,scam,telecom_threat,en,Research-backed synthetic,synthetic_research_backed,"telecom impersonation, urgency, threat, callback request",Do not call the supplied number.,1. Do not call the supplied number. 2. Check account status in the official telecom app. 3. Contact official support. 4. Report the message.,High,P1,"English dataset row; retained from the finalized 1,500-record ScamShield dataset."
G0369,Your Vistara booking R2N6VT is confirmed for 20 October. Please keep this for your records.,genuine,travel,en,Research-backed synthetic,synthetic_research_backed,normal travel confirmation,Check the booking in the official airline/travel app.,1. Open the official travel account. 2. Verify the booking reference. 3. Check schedule changes through the official channel.,Low,P4,"English dataset row; retained from the finalized 1,500-record ScamShield dataset."
S0370,Urgent: your Axis Bank account will be blocked today because PAN/KYC is incomplete. Click http://secure-update.invalid to update now. Act now.,scam,bank_kyc,en,Research-backed synthetic,synthetic_research_backed,"bank impersonation, urgency, suspicious URL, KYC request",Do not click the link or share banking credentials.,1. Do not click the link. 2. Open the bank's official app/site manually. 3. Verify KYC status. 4. Report the message if fraudulent.,High,P1,"English dataset row; retained from the finalized 1,500-record ScamShield dataset."
G0371,Your BSNL data plan has 2.8 GB remaining and is valid until 15 October. — Customer Notification.,genuine,telecom_genuine,en,Research-backed synthetic,synthetic_research_backed,normal telecom usage notice,Check usage in the official telecom app if needed.,1. Open the official provider app. 2. Review plan usage. 3. Recharge only through official channels.,Low,P4,"English dataset row; retained from the finalized 1,500-record ScamShield dataset."
G0372,Your order #404-7319056 from Myntra has been confirmed for delivery.,genuine,ecommerce,en,Research-backed synthetic,synthetic_research_backed,normal ecommerce order confirmation,Check order status in the official store account.,1. Open the official shopping app/site. 2. Verify the order. 3. Contact official support for changes.,Low,P4,"English dataset row; retained from the finalized 1,500-record ScamShield dataset."
G0373,Can you bring the notes when you come to campus cafeteria?,genuine,personal,en,Research-backed synthetic,synthetic_research_backed,ordinary personal communication,Reply normally if the request is expected.,1. Confirm the context. 2. Reply normally. 3. Ignore if the sender is unknown.,Low,P4,"English dataset row; retained from the finalized 1,500-record ScamShield dataset."
S0374,A refund of Rs 4999 is waiting for you. Share your card number and OTP so we can process it immediately. Immediate action required.,scam,refund_scam,en,Research-backed synthetic,synthetic_research_backed,"refund pretext, card-data request, OTP request",Do not share card or OTP details.,1. Do not share credentials. 2. Check refunds in the official merchant app. 3. Contact official support. 4. Report the sender.,Critical,P1,"English dataset row; retained from the finalized 1,500-record ScamShield dataset."
G0375,Your airline booking AI7K2P is confirmed for 2 October.,genuine,travel,en,Research-backed synthetic,synthetic_research_backed,normal travel confirmation,Check the booking in the official airline app.,1. Check the booking in the official airline app. 2. Verify the message in the official app/portal if needed. 3. Do not share sensitive information unnecessarily.,Low,P4,"English dataset row; retained from the finalized 1,500-record ScamShield dataset."
S0376,Congratulations! Your instant loan of Rs 799 is approved. Pay Rs 199 processing charges to release the funds.,scam,loan_scam,en,Research-backed synthetic,synthetic_research_backed,"unsolicited loan, advance fee, pressure",Do not pay the fee.,1. Do not pay upfront charges. 2. Verify the lender independently. 3. Avoid sharing banking credentials. 4. Report the message.,High,P1,"English dataset row; retained from the finalized 1,500-record ScamShield dataset."
G0377,Reminder: your appointment is scheduled for 15 October at 2:00 PM.,genuine,appointment,en,Research-backed synthetic,synthetic_research_backed,normal appointment reminder,Confirm through the official provider if needed.,1. Confirm through the official provider if needed. 2. Verify the message in the official app/portal if needed. 3. Do not share sensitive information unnecessarily.,Low,P4,"English dataset row; retained from the finalized 1,500-record ScamShield dataset."
S0378,Our AI trading group guarantees 5% daily profit. Deposit Rs 199 today to activate your account. Immediate action required.,scam,investment_scam,en,Research-backed synthetic,synthetic_research_backed,"guaranteed returns, investment pressure, deposit request",Do not transfer money based on the message.,1. Do not deposit funds. 2. Verify the company independently. 3. Check regulatory status where applicable. 4. Report the solicitation.,Critical,P1,"English dataset row; retained from the finalized 1,500-record ScamShield dataset."
S0379,Congratulations! Your instant loan of Rs 199 is approved. Pay Rs 199 processing charges to release the funds. Do not ignore this message.,scam,loan_scam,en,Research-backed synthetic,synthetic_research_backed,"unsolicited loan, advance fee, pressure",Do not pay the fee.,1. Do not pay upfront charges. 2. Verify the lender independently. 3. Avoid sharing banking credentials. 4. Report the message.,High,P1,"English dataset row; retained from the finalized 1,500-record ScamShield dataset."
G0380,Your order #402-1937460 from Myntra has been confirmed for delivery. Please keep this for your records.,genuine,ecommerce,en,Research-backed synthetic,synthetic_research_backed,normal ecommerce order confirmation,Check order status in the official store account.,1. Open the official shopping app/site. 2. Verify the order. 3. Contact official support for changes.,Low,P4,"English dataset row; retained from the finalized 1,500-record ScamShield dataset."
G0381,Your Jio data plan has 1.2 GB remaining and is valid until 5 October. Please keep this for your records.,genuine,telecom_genuine,en,Research-backed synthetic,synthetic_research_backed,normal telecom usage notice,Check usage in the official telecom app if needed.,1. Open the official provider app. 2. Review plan usage. 3. Recharge only through official channels.,Low,P4,"English dataset row; retained from the finalized 1,500-record ScamShield dataset."
S0382,Our crypto trading bot guarantees 30% profit every day. Deposit ₹499 now to join.,scam,crypto_investment,en,Research-backed synthetic,synthetic_research_backed,"guaranteed returns, crypto solicitation, deposit request",Do not transfer money based on guaranteed-profit claims.,1. Do not transfer money based on guaranteed-profit claims. 2. Verify independently using the official service/authority. 3. Preserve evidence. 4. Report suspected cyber fraud.,Critical,P1,"English dataset row; retained from the finalized 1,500-record ScamShield dataset."
G0383,याद दिलाया जाता है कि आपकी dentist appointment 20 October को 10:00 AM बजे है।,genuine,appointment,en,Research-backed synthetic,synthetic_research_backed,normal appointment reminder,Use the official provider channel for confirmation or changes.,1. समय जांचें। 2. कैलेंडर में सेव करें। 3. बदलाव के लिए आधिकारिक नंबर/पोर्टल इस्तेमाल करें।,Low,P4,"English dataset row; retained from the finalized 1,500-record ScamShield dataset."
S0384,A refund of Rs 2499 is waiting for you. Share your card number and OTP so we can process it immediately. Act now.,scam,refund_scam,en,Research-backed synthetic,synthetic_research_backed,"refund pretext, card-data request, OTP request",Do not share card or OTP details.,1. Do not share credentials. 2. Check refunds in the official merchant app. 3. Contact official support. 4. Report the sender.,Critical,P1,"English dataset row; retained from the finalized 1,500-record ScamShield dataset."
S0385,A refund of Rs 4999 is waiting for you. Share your card number and OTP so we can process it immediately.,scam,refund_scam,en,Research-backed synthetic,synthetic_research_backed,"refund pretext, card-data request, OTP request",Do not share card or OTP details.,1. Do not share credentials. 2. Check refunds in the official merchant app. 3. Contact official support. 4. Report the sender.,Critical,P1,"English dataset row; retained from the finalized 1,500-record ScamShield dataset."
S0386,Your refund of ₹499 is pending. Share your card details and OTP so our agent can release it now.,scam,fake_refund,en,Research-backed synthetic,synthetic_research_backed,"refund pretext, card details, OTP",Do not share card details or OTP.,1. Do not share card details or OTP. 2. Verify independently using the official service/authority. 3. Preserve evidence. 4. Report suspected cyber fraud.,Critical,P1,"English dataset row; retained from the finalized 1,500-record ScamShield dataset."
G0387,आपके Spotify भुगतान का ₹2499 का लेनदेन सफल रहा।,genuine,transaction,en,Research-backed synthetic,synthetic_research_backed,normal transaction notification,Verify the transaction through the official app.,1. आधिकारिक ऐप खोलें। 2. लेनदेन की राशि जांचें। 3. अनजान लेनदेन हो तो बैंक से संपर्क करें।,Low,P4,"English dataset row; retained from the finalized 1,500-record ScamShield dataset."
S0388,A refund of Rs 1299 is waiting for you. Share your card number and OTP so we can process it immediately. Act now.,scam,refund_scam,en,Research-backed synthetic,synthetic_research_backed,"refund pretext, card-data request, OTP request",Do not share card or OTP details.,1. Do not share credentials. 2. Check refunds in the official merchant app. 3. Contact official support. 4. Report the sender.,Critical,P1,"English dataset row; retained from the finalized 1,500-record ScamShield dataset."
G0389,याद दिलाया जाता है कि आपकी career counseling session 2 October को 2:00 PM बजे है। Thank you.,genuine,appointment,en,Research-backed synthetic,synthetic_research_backed,normal appointment reminder,Use the official provider channel for confirmation or changes.,1. समय जांचें। 2. कैलेंडर में सेव करें। 3. बदलाव के लिए आधिकारिक नंबर/पोर्टल इस्तेमाल करें।,Low,P4,"English dataset row; retained from the finalized 1,500-record ScamShield dataset."
S0390,Your Amazon account has been locked. Verify your identity now at http://secure-update.invalid to avoid permanent closure. Immediate action required.,scam,phishing,en,Research-backed synthetic,synthetic_research_backed,"account threat, urgency, suspicious URL, credential harvesting",Do not click the link.,1. Do not open the URL. 2. Visit the service by typing its official address. 3. Change credentials if exposed. 4. Report the message.,High,P1,"English dataset row; retained from the finalized 1,500-record ScamShield dataset."
G0391,Your Jio data plan has 2.8 GB remaining and is valid until 15 October. Thank you.,genuine,telecom_genuine,en,Research-backed synthetic,synthetic_research_backed,normal telecom usage notice,Check usage in the official telecom app if needed.,1. Open the official provider app. 2. Review plan usage. 3. Recharge only through official channels.,Low,P4,"English dataset row; retained from the finalized 1,500-record ScamShield dataset."
G0392,याद दिलाया जाता है कि आपकी doctor consultation 15 October को 2:00 PM बजे है। — Customer Notification.,genuine,appointment,en,Research-backed synthetic,synthetic_research_backed,normal appointment reminder,Use the official provider channel for confirmation or changes.,1. समय जांचें। 2. कैलेंडर में सेव करें। 3. बदलाव के लिए आधिकारिक नंबर/पोर्टल इस्तेमाल करें।,Low,P4,"English dataset row; retained from the finalized 1,500-record ScamShield dataset."
S0393,Your parcel is held because of a Rs 999 customs/redelivery charge. Pay at http://account-check.invalid within 2 hours.,scam,delivery,en,Research-backed synthetic,synthetic_research_backed,"delivery impersonation, small fee, urgency, suspicious URL",Do not pay through the provided link.,1. Do not open the link. 2. Check the order on the official retailer/carrier site. 3. Verify any fee there. 4. Report the SMS.,High,P1,"English dataset row; retained from the finalized 1,500-record ScamShield dataset."
G0394,Your application for the Frontend Developer position has moved to the next stage. Please check the company careers portal. — Customer Notification.,genuine,job_genuine,en,Research-backed synthetic,synthetic_research_backed,normal recruitment communication,Access the known company careers portal directly.,1. Open the company website manually. 2. Check application status. 3. Follow the official recruitment process.,Low,P4,"English dataset row; retained from the finalized 1,500-record ScamShield dataset."
G0395,Your order #401-8246152 from Flipkart has been confirmed for delivery. Please keep this for your records.,genuine,ecommerce,en,Research-backed synthetic,synthetic_research_backed,normal ecommerce order confirmation,Check order status in the official store account.,1. Open the official shopping app/site. 2. Verify the order. 3. Contact official support for changes.,Low,P4,"English dataset row; retained from the finalized 1,500-record ScamShield dataset."
S0396,You have been selected for a work-from-home Frontend Developer paying Rs 2499 per day. Pay Rs 1499 as registration before joining. Do not ignore this message.,scam,job_scam,en,Research-backed synthetic,synthetic_research_backed,"unrealistic earnings, upfront fee, unsolicited job",Do not pay the registration fee.,1. Do not pay. 2. Verify the employer independently. 3. Do not share identity/banking documents. 4. Block and report the sender.,High,P1,"English dataset row; retained from the finalized 1,500-record ScamShield dataset."
S0397,Your instant loan is approved. Install this APK and pay ₹4999 to unlock the disbursement.,scam,fake_loan_app,en,Research-backed synthetic,synthetic_research_backed,"fake loan app, APK, advance fee",Do not install the app or pay the fee.,1. Do not install the app or pay the fee. 2. Verify independently using the official service/authority. 3. Preserve evidence. 4. Report suspected cyber fraud.,Critical,P1,"English dataset row; retained from the finalized 1,500-record ScamShield dataset."
G0398,Please review the latest MediSync build before the demo tomorrow. — Customer Notification.,genuine,work,en,Research-backed synthetic,synthetic_research_backed,ordinary workplace communication,Review the work through the normal project channel.,1. Open the known project workspace. 2. Review the requested item. 3. Reply with feedback.,Low,P4,"English dataset row; retained from the finalized 1,500-record ScamShield dataset."
S0399,I need urgent financial help for a family emergency. Please send Rs 799 today and I will return it next week. Immediate action required.,scam,romance_scam,en,Research-backed synthetic,synthetic_research_backed,"emotional pressure, urgent money request, unverifiable emergency",Verify the person's identity and situation independently before sending money.,1. Do not transfer money immediately. 2. Verify identity using another channel. 3. Discuss with someone you trust. 4. Report if fraudulent.,High,P2,"English dataset row; retained from the finalized 1,500-record ScamShield dataset."
G0400,Netflix verification code G-481205 है। इसे किसी के साथ साझा न करें। Please keep this for your records.,genuine,otp,en,Research-backed synthetic,synthetic_research_backed,legitimate verification-code notice,Use only for the verification you initiated.,1. कोड केवल आधिकारिक स्क्रीन पर दर्ज करें। 2. किसी को न बताएं। 3. अनचाहा कोड हो तो पासवर्ड/सुरक्षा जांचें।,Low,P4,"English dataset row; retained from the finalized 1,500-record ScamShield dataset."
S0401,Rent your WhatsApp account to earn ₹5000 per week. Send the verification code to activate the rental.,scam,whatsapp_web_renting,en,Research-backed synthetic,synthetic_research_backed,"account renting, OTP request, financial incentive",Do not share the verification code or account access.,1. Do not share the verification code or account access. 2. Verify independently using the official service/authority. 3. Preserve evidence. 4. Report suspected cyber fraud.,Critical,P1,"English dataset row; retained from the finalized 1,500-record ScamShield dataset."
S0402,Send ₹1999 now or your private video will be shared with your contacts.,scam,sextortion,en,Research-backed synthetic,synthetic_research_backed,"blackmail, extortion, urgent payment demand",Do not pay or engage further; preserve evidence and report the incident.,1. Do not pay or engage further; preserve evidence and report the incident. 2. Verify independently using the official service/authority. 3. Preserve evidence. 4. Report suspected cyber fraud.,Critical,P1,"English dataset row; retained from the finalized 1,500-record ScamShield dataset."
G0403,Your scheduled payment of $15.99 to Netflix has been processed.,genuine,transaction,en,User-provided reference file,user_reference,None,None,Verify through an official channel; follow the expected action above.,Low,P4,"English dataset row; retained from the finalized 1,500-record ScamShield dataset."
S0404,This is an official investigation. Your Aadhaar/phone number is linked to illegal activity. Stay on the call or face digital arrest. Immediate action required.,scam,digital_arrest,en,Research-backed synthetic,synthetic_research_backed,"law-enforcement impersonation, threat, fear, isolation",Disconnect and verify through official law-enforcement channels.,1. Disconnect the call. 2. Do not share documents or money. 3. Contact the relevant authority using an independently verified number. 4. Report the incident.,Critical,P1,"English dataset row; retained from the finalized 1,500-record ScamShield dataset."
S0405,Your Amazon account has been locked. Verify your identity now at http://secure-update.invalid to avoid permanent closure. Act now.,scam,phishing,en,Research-backed synthetic,synthetic_research_backed,"account threat, urgency, suspicious URL, credential harvesting",Do not click the link.,1. Do not open the URL. 2. Visit the service by typing its official address. 3. Change credentials if exposed. 4. Report the message.,High,P1,"English dataset row; retained from the finalized 1,500-record ScamShield dataset."
S0406,A refund of Rs 2499 is waiting for you. Share your card number and OTP so we can process it immediately. Immediate action required.,scam,refund_scam,en,Research-backed synthetic,synthetic_research_backed,"refund pretext, card-data request, OTP request",Do not share card or OTP details.,1. Do not share credentials. 2. Check refunds in the official merchant app. 3. Contact official support. 4. Report the sender.,Critical,P1,"English dataset row; retained from the finalized 1,500-record ScamShield dataset."
S0407,Urgent: your Kotak Bank account will be blocked today because PAN/KYC is incomplete. Click http://account-check.invalid to update now. Immediate action required.,scam,bank_kyc,en,Research-backed synthetic,synthetic_research_backed,"bank impersonation, urgency, suspicious URL, KYC request",Do not click the link or share banking credentials.,1. Do not click the link. 2. Open the bank's official app/site manually. 3. Verify KYC status. 4. Report the message if fraudulent.,High,P1,"English dataset row; retained from the finalized 1,500-record ScamShield dataset."
S0408,Please donate Rs 499 for an emergency relief campaign. Transfer to this personal UPI ID today. Act now.,scam,charity_scam,en,Research-backed synthetic,synthetic_research_backed,"emotional appeal, personal payment destination, urgency",Verify the charity and donation channel independently.,1. Do not transfer to an unverified personal account. 2. Check the organization's official website. 3. Donate through verified channels. 4. Report the message.,Medium,P2,"English dataset row; retained from the finalized 1,500-record ScamShield dataset."
S0409,"Hi, I lost my phone and need you to urgently transfer Rs 499 to this new account. Please don't call.",scam,impersonation,en,Research-backed synthetic,synthetic_research_backed,"impersonation, money request, urgency, discouraging verification",Verify the person's identity through an independent channel before any payment.,1. Do not transfer money. 2. Call the person using a known number. 3. Confirm the request independently. 4. Report if fraudulent.,High,P1,"English dataset row; retained from the finalized 1,500-record ScamShield dataset."
G0410,Please review the latest SupportPilot build before the stand-up tomorrow.,genuine,work,en,Research-backed synthetic,synthetic_research_backed,ordinary workplace communication,Review the work through the normal project channel.,1. Open the known project workspace. 2. Review the requested item. 3. Reply with feedback.,Low,P4,"English dataset row; retained from the finalized 1,500-record ScamShield dataset."
S0411,"Hi, I lost my phone and need you to urgently transfer Rs 199 to this new account. Please don't call.",scam,impersonation,en,Research-backed synthetic,synthetic_research_backed,"impersonation, money request, urgency, discouraging verification",Verify the person's identity through an independent channel before any payment.,1. Do not transfer money. 2. Call the person using a known number. 3. Confirm the request independently. 4. Report if fraudulent.,High,P1,"English dataset row; retained from the finalized 1,500-record ScamShield dataset."
S0412,A refund of Rs 1299 is waiting for you. Share your card number and OTP so we can process it immediately. Do not ignore this message.,scam,refund_scam,en,Research-backed synthetic,synthetic_research_backed,"refund pretext, card-data request, OTP request",Do not share card or OTP details.,1. Do not share credentials. 2. Check refunds in the official merchant app. 3. Contact official support. 4. Report the sender.,Critical,P1,"English dataset row; retained from the finalized 1,500-record ScamShield dataset."
S0413,Rent your WhatsApp account to earn ₹25000 per week. Send the verification code to activate the rental.,scam,whatsapp_web_renting,en,Research-backed synthetic,synthetic_research_backed,"account renting, OTP request, financial incentive",Do not share the verification code or account access.,1. Do not share the verification code or account access. 2. Verify independently using the official service/authority. 3. Preserve evidence. 4. Report suspected cyber fraud.,Critical,P1,"English dataset row; retained from the finalized 1,500-record ScamShield dataset."
S0414,"Hi, I lost my phone and need you to urgently transfer Rs 1299 to this new account. Please don't call. Act now.",scam,impersonation,en,Research-backed synthetic,synthetic_research_backed,"impersonation, money request, urgency, discouraging verification",Verify the person's identity through an independent channel before any payment.,1. Do not transfer money. 2. Call the person using a known number. 3. Confirm the request independently. 4. Report if fraudulent.,High,P1,"English dataset row; retained from the finalized 1,500-record ScamShield dataset."
S0415,Congratulations! Your instant loan of Rs 499 is approved. Pay Rs 299 processing charges to release the funds.,scam,loan_scam,en,Research-backed synthetic,synthetic_research_backed,"unsolicited loan, advance fee, pressure",Do not pay the fee.,1. Do not pay upfront charges. 2. Verify the lender independently. 3. Avoid sharing banking credentials. 4. Report the message.,High,P1,"English dataset row; retained from the finalized 1,500-record ScamShield dataset."
G0416,Your order #404-7319056 from Amazon has been confirmed for delivery. Thank you.,genuine,ecommerce,en,Research-backed synthetic,synthetic_research_backed,normal ecommerce order confirmation,Check order status in the official store account.,1. Open the official shopping app/site. 2. Verify the order. 3. Contact official support for changes.,Low,P4,"English dataset row; retained from the finalized 1,500-record ScamShield dataset."
S0417,Congratulations! Your instant loan of Rs 249 is approved. Pay Rs 199 processing charges to release the funds. Act now.,scam,loan_scam,en,Research-backed synthetic,synthetic_research_backed,"unsolicited loan, advance fee, pressure",Do not pay the fee.,1. Do not pay upfront charges. 2. Verify the lender independently. 3. Avoid sharing banking credentials. 4. Report the message.,High,P1,"English dataset row; retained from the finalized 1,500-record ScamShield dataset."
S0418,You have been selected for a work-from-home Data Analyst paying Rs 2499 per day. Pay Rs 499 as registration before joining. Immediate action required.,scam,job_scam,en,Research-backed synthetic,synthetic_research_backed,"unrealistic earnings, upfront fee, unsolicited job",Do not pay the registration fee.,1. Do not pay. 2. Verify the employer independently. 3. Do not share identity/banking documents. 4. Block and report the sender.,High,P1,"English dataset row; retained from the finalized 1,500-record ScamShield dataset."
G0419,Your application for the ML Intern position has moved to the next stage. Please check the company careers portal. Thank you.,genuine,job_genuine,en,Research-backed synthetic,synthetic_research_backed,normal recruitment communication,Access the known company careers portal directly.,1. Open the company website manually. 2. Check application status. 3. Follow the official recruitment process.,Low,P4,"English dataset row; retained from the finalized 1,500-record ScamShield dataset."
G0420,Your subscription to Amazon has been renewed successfully. Please keep this for your records.,genuine,subscription,en,Research-backed synthetic,synthetic_research_backed,normal subscription notice,Verify the renewal in the official account.,1. Open the official service app. 2. Check billing history. 3. Contact official support if the charge is unfamiliar.,Low,P4,"English dataset row; retained from the finalized 1,500-record ScamShield dataset."
G0421,Your bank statement for account ending 2481 is now available in online banking.,genuine,banking_genuine,en,Research-backed synthetic,synthetic_research_backed,normal banking notification,Open the bank's official app or website.,1. Sign in through the official app/site. 2. Review the statement. 3. Never use links from unexpected messages to sign in.,Low,P4,"English dataset row; retained from the finalized 1,500-record ScamShield dataset."
S0422,Please donate Rs 249 for an emergency relief campaign. Transfer to this personal UPI ID today. Act now.,scam,charity_scam,en,Research-backed synthetic,synthetic_research_backed,"emotional appeal, personal payment destination, urgency",Verify the charity and donation channel independently.,1. Do not transfer to an unverified personal account. 2. Check the organization's official website. 3. Donate through verified channels. 4. Report the message.,Medium,P2,"English dataset row; retained from the finalized 1,500-record ScamShield dataset."
G0423,The department has published the timetable for the semester examination. Please keep this for your records.,genuine,education,en,Research-backed synthetic,synthetic_research_backed,normal educational announcement,Check the official college/university portal.,1. Open the official portal. 2. Confirm the timetable. 3. Note the exam date and time.,Low,P4,"English dataset row; retained from the finalized 1,500-record ScamShield dataset."
S0424,Your instant loan is approved. Install this APK and pay ₹1999 to unlock the disbursement.,scam,fake_loan_app,en,Research-backed synthetic,synthetic_research_backed,"fake loan app, APK, advance fee",Do not install the app or pay the fee.,1. Do not install the app or pay the fee. 2. Verify independently using the official service/authority. 3. Preserve evidence. 4. Report suspected cyber fraud.,Critical,P1,"English dataset row; retained from the finalized 1,500-record ScamShield dataset."
G0425,Your Blue Dart order #402-1937460 has shipped and is expected to arrive on 10 October. Thank you.,genuine,delivery,en,Research-backed synthetic,synthetic_research_backed,normal delivery update,Track through the official retailer/carrier app if needed.,1. Open the official app if tracking is required. 2. Check the order number. 3. No payment is required unless shown in the official order flow.,Low,P4,"English dataset row; retained from the finalized 1,500-record ScamShield dataset."
G0426,The department seminar on Cloud Computing will be held on 30 September in sample-venue. Thank you.,genuine,college_announcement,en,Research-backed synthetic,synthetic_research_backed,normal institutional announcement,Check the official college communication channel for details.,1. Verify the announcement in the official portal/email. 2. Note the venue and time. 3. Attend if relevant.,Low,P4,"English dataset row; retained from the finalized 1,500-record ScamShield dataset."
G0427,Your Amazon Logistics order #401-8246152 has shipped and is expected to arrive on 15 October. — Customer Notification.,genuine,delivery,en,Research-backed synthetic,synthetic_research_backed,normal delivery update,Track through the official retailer/carrier app if needed.,1. Open the official app if tracking is required. 2. Check the order number. 3. No payment is required unless shown in the official order flow.,Low,P4,"English dataset row; retained from the finalized 1,500-record ScamShield dataset."
G0428,Your BSNL data plan has 5 GB remaining and is valid until 2 October. — Customer Notification.,genuine,telecom_genuine,en,Research-backed synthetic,synthetic_research_backed,normal telecom usage notice,Check usage in the official telecom app if needed.,1. Open the official provider app. 2. Review plan usage. 3. Recharge only through official channels.,Low,P4,"English dataset row; retained from the finalized 1,500-record ScamShield dataset."
G0429,Your Microsoft subscription renews on 10 October for Rs 4999. Thank you.,genuine,subscription,en,Research-backed synthetic,synthetic_research_backed,normal subscription notice,Review the subscription in the official account settings.,1. Check the subscription details. 2. Confirm the renewal amount. 3. Cancel only through the official account if desired.,Low,P4,"English dataset row; retained from the finalized 1,500-record ScamShield dataset."
G0430,Your Netflix subscription renews on 2 October for Rs 249. Please keep this for your records.,genuine,subscription,en,Research-backed synthetic,synthetic_research_backed,normal subscription notice,Review the subscription in the official account settings.,1. Check the subscription details. 2. Confirm the renewal amount. 3. Cancel only through the official account if desired.,Low,P4,"English dataset row; retained from the finalized 1,500-record ScamShield dataset."
S0431,Congratulations! You won Rs 4999 in a lucky draw. Pay Rs 299 tax/processing charges to claim your prize.,scam,lottery,en,Research-backed synthetic,synthetic_research_backed,"unexpected prize, upfront payment, lottery claim",Do not pay the fee.,1. Do not send money. 2. Do not share financial details. 3. Block the sender. 4. Report the message.,High,P1,"English dataset row; retained from the finalized 1,500-record ScamShield dataset."
S0432,Urgent: your Axis Bank account will be blocked today because PAN/KYC is incomplete. Click http://account-check.invalid to update now.,scam,bank_kyc,en,Research-backed synthetic,synthetic_research_backed,"bank impersonation, urgency, suspicious URL, KYC request",Do not click the link or share banking credentials.,1. Do not click the link. 2. Open the bank's official app/site manually. 3. Verify KYC status. 4. Report the message if fraudulent.,High,P1,"English dataset row; retained from the finalized 1,500-record ScamShield dataset."
G0433,Reminder: your lab appointment is scheduled for 20 October at 10:00 AM. Please keep this for your records.,genuine,appointment,en,Research-backed synthetic,synthetic_research_backed,normal appointment reminder,Confirm or reschedule through the official provider if necessary.,1. Check the appointment details. 2. Add it to your calendar. 3. Use the provider's official contact channel for changes.,Low,P4,"English dataset row; retained from the finalized 1,500-record ScamShield dataset."
G0434,आपके Netflix भुगतान का ₹4999 का लेनदेन सफल रहा। Thank you.,genuine,transaction,en,Research-backed synthetic,synthetic_research_backed,normal transaction notification,Verify the transaction through the official app.,1. आधिकारिक ऐप खोलें। 2. लेनदेन की राशि जांचें। 3. अनजान लेनदेन हो तो बैंक से संपर्क करें।,Low,P4,"English dataset row; retained from the finalized 1,500-record ScamShield dataset."
S0435,Your insurance policy bonus is ready. Pay Rs 199 service charges and send your Aadhaar and bank details to receive it. Immediate action required.,scam,insurance_scam,en,Research-backed synthetic,synthetic_research_backed,"unexpected bonus, advance fee, identity-data request",Do not pay or send identity/bank documents.,1. Do not pay. 2. Contact the insurer through the official website/number. 3. Do not send identity documents. 4. Report the message.,High,P1,"English dataset row; retained from the finalized 1,500-record ScamShield dataset."
G0436,Reminder from local health clinic: your dentist appointment is booked for 2 October at 9:30 AM. Thank you.,genuine,healthcare,en,Research-backed synthetic,synthetic_research_backed,normal healthcare reminder,Use the clinic's official contact details for changes.,1. Verify the appointment in the clinic system. 2. Add it to your calendar. 3. Contact the clinic through its official number if needed.,Low,P4,"English dataset row; retained from the finalized 1,500-record ScamShield dataset."
S0437,I need urgent financial help for a family emergency. Please send Rs 4999 today and I will return it next week. Do not ignore this message.,scam,romance_scam,en,Research-backed synthetic,synthetic_research_backed,"emotional pressure, urgent money request, unverifiable emergency",Verify the person's identity and situation independently before sending money.,1. Do not transfer money immediately. 2. Verify identity using another channel. 3. Discuss with someone you trust. 4. Report if fraudulent.,High,P2,"English dataset row; retained from the finalized 1,500-record ScamShield dataset."
G0438,Delivery update: Delhivery will attempt delivery of order #404-7319056 today. — Customer Notification.,genuine,delivery,en,Research-backed synthetic,synthetic_research_backed,normal delivery update,Use the official tracking page or app.,1. Check official tracking. 2. Keep the delivery address accessible. 3. Contact the retailer through official support if there is a problem.,Low,P4,"English dataset row; retained from the finalized 1,500-record ScamShield dataset."
G0439,Reminder: your career counseling session is scheduled for 10 October at 10:00 AM. Please keep this for your records.,genuine,appointment,en,Research-backed synthetic,synthetic_research_backed,normal appointment reminder,Confirm or reschedule through the official provider if necessary.,1. Check the appointment details. 2. Add it to your calendar. 3. Use the provider's official contact channel for changes.,Low,P4,"English dataset row; retained from the finalized 1,500-record ScamShield dataset."
S0440,Congratulations! Your instant loan of Rs 2499 is approved. Pay Rs 499 processing charges to release the funds. Do not ignore this message.,scam,loan_scam,en,Research-backed synthetic,synthetic_research_backed,"unsolicited loan, advance fee, pressure",Do not pay the fee.,1. Do not pay upfront charges. 2. Verify the lender independently. 3. Avoid sharing banking credentials. 4. Report the message.,High,P1,"English dataset row; retained from the finalized 1,500-record ScamShield dataset."
G0441,Reminder from local health clinic: your lab appointment is booked for 20 October at 10:00 AM. — Customer Notification.,genuine,healthcare,en,Research-backed synthetic,synthetic_research_backed,normal healthcare reminder,Use the clinic's official contact details for changes.,1. Verify the appointment in the clinic system. 2. Add it to your calendar. 3. Contact the clinic through its official number if needed.,Low,P4,"English dataset row; retained from the finalized 1,500-record ScamShield dataset."
S0442,Premium apartment available at a very low rent. Send a refundable booking deposit of Rs 299 before viewing.,scam,rental_scam,en,Research-backed synthetic,synthetic_research_backed,"unusually low price, advance deposit, no viewing",Do not pay a deposit before independently verifying the property and owner.,1. Do not transfer the deposit. 2. Verify ownership/listing independently. 3. Inspect the property. 4. Report suspicious listings.,High,P2,"English dataset row; retained from the finalized 1,500-record ScamShield dataset."
G0443,Your BookMyShow payment of Rs 4999 was processed successfully. — Customer Notification.,genuine,transaction,en,Research-backed synthetic,synthetic_research_backed,normal transaction notification,Verify the transaction in the official app or bank statement.,1. Check the transaction in the official app. 2. Confirm the amount and merchant. 3. Keep the receipt if needed.,Low,P4,"English dataset row; retained from the finalized 1,500-record ScamShield dataset."
S0444,Congratulations! Your instant loan of Rs 199 is approved. Pay Rs 1499 processing charges to release the funds. Do not ignore this message.,scam,loan_scam,en,Research-backed synthetic,synthetic_research_backed,"unsolicited loan, advance fee, pressure",Do not pay the fee.,1. Do not pay upfront charges. 2. Verify the lender independently. 3. Avoid sharing banking credentials. 4. Report the message.,High,P1,"English dataset row; retained from the finalized 1,500-record ScamShield dataset."
G0445,Your Vistara booking AI7K2P is confirmed for 20 October.,genuine,travel,en,Research-backed synthetic,synthetic_research_backed,normal travel confirmation,Check the booking in the official airline/travel app.,1. Open the official travel account. 2. Verify the booking reference. 3. Check schedule changes through the official channel.,Low,P4,"English dataset row; retained from the finalized 1,500-record ScamShield dataset."
G0446,Amazon verification code Q-183640 है। इसे किसी के साथ साझा न करें। Thank you.,genuine,otp,en,Research-backed synthetic,synthetic_research_backed,legitimate verification-code notice,Use only for the verification you initiated.,1. कोड केवल आधिकारिक स्क्रीन पर दर्ज करें। 2. किसी को न बताएं। 3. अनचाहा कोड हो तो पासवर्ड/सुरक्षा जांचें।,Low,P4,"English dataset row; retained from the finalized 1,500-record ScamShield dataset."
S0447,Our AI trading group guarantees 5% daily profit. Deposit Rs 499 today to activate your account. Immediate action required.,scam,investment_scam,en,Research-backed synthetic,synthetic_research_backed,"guaranteed returns, investment pressure, deposit request",Do not transfer money based on the message.,1. Do not deposit funds. 2. Verify the company independently. 3. Check regulatory status where applicable. 4. Report the solicitation.,Critical,P1,"English dataset row; retained from the finalized 1,500-record ScamShield dataset."
S0448,"To receive your refund of Rs 2499, scan this QR and enter your UPI PIN. Do not ignore this message.",scam,upi_qr,en,Research-backed synthetic,synthetic_research_backed,"QR-for-receiving-money, UPI PIN request, refund pretext",Do not scan the QR or enter the UPI PIN.,1. Do not scan the QR. 2. Never enter a UPI PIN to receive money. 3. Verify the refund in the official app. 4. Report the sender.,Critical,P1,"English dataset row; retained from the finalized 1,500-record ScamShield dataset."
G0449,Your electricity bill of ₹199 is due on 30 September.,genuine,utility_genuine,en,Research-backed synthetic,synthetic_research_backed,normal utility reminder,Check the official utility portal.,1. Check the official utility portal. 2. Verify the message in the official app/portal if needed. 3. Do not share sensitive information unnecessarily.,Low,P4,"English dataset row; retained from the finalized 1,500-record ScamShield dataset."
G0450,Delivery update: India Post will attempt delivery of order #401-8246152 today.,genuine,delivery,en,Research-backed synthetic,synthetic_research_backed,normal delivery update,Use the official tracking page or app.,1. Check official tracking. 2. Keep the delivery address accessible. 3. Contact the retailer through official support if there is a problem.,Low,P4,"English dataset row; retained from the finalized 1,500-record ScamShield dataset."
G0451,Your service request TKT-77104 has been completed. Please review the update in the official portal. Thank you.,genuine,service_update,en,Research-backed synthetic,synthetic_research_backed,normal service update,Review the request through the official portal.,1. Open the official portal directly. 2. Check the request status. 3. Contact official support if the result is incorrect.,Low,P4,"English dataset row; retained from the finalized 1,500-record ScamShield dataset."
S0452,"To receive your refund of Rs 199, scan this QR and enter your UPI PIN. Immediate action required.",scam,upi_qr,en,Research-backed synthetic,synthetic_research_backed,"QR-for-receiving-money, UPI PIN request, refund pretext",Do not scan the QR or enter the UPI PIN.,1. Do not scan the QR. 2. Never enter a UPI PIN to receive money. 3. Verify the refund in the official app. 4. Report the sender.,Critical,P1,"English dataset row; retained from the finalized 1,500-record ScamShield dataset."
S0453,Your parcel is held because of a Rs 499 customs/redelivery charge. Pay at http://account-check.invalid within 2 hours. Act now.,scam,delivery,en,Research-backed synthetic,synthetic_research_backed,"delivery impersonation, small fee, urgency, suspicious URL",Do not pay through the provided link.,1. Do not open the link. 2. Check the order on the official retailer/carrier site. 3. Verify any fee there. 4. Report the SMS.,High,P1,"English dataset row; retained from the finalized 1,500-record ScamShield dataset."
G0454,Please review the latest project build before tomorrow's team meeting.,genuine,work,en,Research-backed synthetic,synthetic_research_backed,normal workplace communication,Review through the known project workspace.,1. Review through the known project workspace. 2. Verify the message in the official app/portal if needed. 3. Do not share sensitive information unnecessarily.,Low,P4,"English dataset row; retained from the finalized 1,500-record ScamShield dataset."
S0455,Your SIM will be disconnected in 4 hours because it was used for illegal activity. Call this number immediately.,scam,telecom_threat,en,Research-backed synthetic,synthetic_research_backed,"telecom impersonation, urgency, threat, callback request",Do not call the supplied number.,1. Do not call the supplied number. 2. Check account status in the official telecom app. 3. Contact official support. 4. Report the message.,High,P1,"English dataset row; retained from the finalized 1,500-record ScamShield dataset."
S0456,I need urgent financial help for a family emergency. Please send Rs 799 today and I will return it next week. Act now.,scam,romance_scam,en,Research-backed synthetic,synthetic_research_backed,"emotional pressure, urgent money request, unverifiable emergency",Verify the person's identity and situation independently before sending money.,1. Do not transfer money immediately. 2. Verify identity using another channel. 3. Discuss with someone you trust. 4. Report if fraudulent.,High,P2,"English dataset row; retained from the finalized 1,500-record ScamShield dataset."
G0457,Interview reminder: your Data Analyst interview is scheduled for 20 October at 9:30 AM. — Customer Notification.,genuine,job_genuine,en,Research-backed synthetic,synthetic_research_backed,normal recruitment communication,Verify the interview through the official recruitment channel.,1. Check the original application. 2. Confirm the interview details. 3. Join through the verified meeting link.,Low,P4,"English dataset row; retained from the finalized 1,500-record ScamShield dataset."
S0458,Our AI trading group guarantees 30% daily profit. Deposit Rs 799 today to activate your account. Immediate action required.,scam,investment_scam,en,Research-backed synthetic,synthetic_research_backed,"guaranteed returns, investment pressure, deposit request",Do not transfer money based on the message.,1. Do not deposit funds. 2. Verify the company independently. 3. Check regulatory status where applicable. 4. Report the solicitation.,Critical,P1,"English dataset row; retained from the finalized 1,500-record ScamShield dataset."
S0459,"To receive your refund of Rs 799, scan this QR and enter your UPI PIN.",scam,upi_qr,en,Research-backed synthetic,synthetic_research_backed,"QR-for-receiving-money, UPI PIN request, refund pretext",Do not scan the QR or enter the UPI PIN.,1. Do not scan the QR. 2. Never enter a UPI PIN to receive money. 3. Verify the refund in the official app. 4. Report the sender.,Critical,P1,"English dataset row; retained from the finalized 1,500-record ScamShield dataset."
G0460,Your support ticket SUP-23817 has been updated. Please sign in to the official support portal to view the response. — Customer Notification.,genuine,support_genuine,en,Research-backed synthetic,synthetic_research_backed,normal support-ticket notification,Open the known support portal directly.,1. Open the official support portal manually. 2. Search for the ticket number. 3. Review the response there.,Low,P4,"English dataset row; retained from the finalized 1,500-record ScamShield dataset."
G0461,The department seminar on Generative AI will be held on 2 October in sample-venue. Thank you.,genuine,college_announcement,en,Research-backed synthetic,synthetic_research_backed,normal institutional announcement,Check the official college communication channel for details.,1. Verify the announcement in the official portal/email. 2. Note the venue and time. 3. Attend if relevant.,Low,P4,"English dataset row; retained from the finalized 1,500-record ScamShield dataset."
G0462,Can you bring the notes when you come to main gate? — Customer Notification.,genuine,personal,en,Research-backed synthetic,synthetic_research_backed,ordinary personal communication,Reply normally if the request is expected.,1. Confirm the context. 2. Reply normally. 3. Ignore if the sender is unknown.,Low,P4,"English dataset row; retained from the finalized 1,500-record ScamShield dataset."
S0463,Work from home and earn 5000 INR daily by liking YouTube videos. Pay 1000 INR registration fee to start.,scam,job_scam,en,User-provided reference file,user_reference,"easy money, upfront fee",Do not pay fee,Verify through an official channel; follow the expected action above.,High,P1,"English dataset row; retained from the finalized 1,500-record ScamShield dataset."
S0464,Premium apartment available at a very low rent. Send a refundable booking deposit of Rs 499 before viewing. Act now.,scam,rental_scam,en,Research-backed synthetic,synthetic_research_backed,"unusually low price, advance deposit, no viewing",Do not pay a deposit before independently verifying the property and owner.,1. Do not transfer the deposit. 2. Verify ownership/listing independently. 3. Inspect the property. 4. Report suspicious listings.,High,P2,"English dataset row; retained from the finalized 1,500-record ScamShield dataset."
G0465,Your electricity bill of ₹2499 is due on 10 October.,genuine,utility_genuine,en,Research-backed synthetic,synthetic_research_backed,normal utility reminder,Check the official utility portal.,1. Check the official utility portal. 2. Verify the message in the official app/portal if needed. 3. Do not share sensitive information unnecessarily.,Low,P4,"English dataset row; retained from the finalized 1,500-record ScamShield dataset."
G0466,Reminder: Your dentist appointment is tomorrow at 4:30 PM. Reply 'Y' to confirm.,genuine,appointment,en,User-provided reference file,user_reference,None,Reply Y,Verify through an official channel; follow the expected action above.,Low,P4,"English dataset row; retained from the finalized 1,500-record ScamShield dataset."
S0467,You have been selected for a work-from-home ML Intern paying Rs 249 per day. Pay Rs 1499 as registration before joining. Do not ignore this message.,scam,job_scam,en,Research-backed synthetic,synthetic_research_backed,"unrealistic earnings, upfront fee, unsolicited job",Do not pay the registration fee.,1. Do not pay. 2. Verify the employer independently. 3. Do not share identity/banking documents. 4. Block and report the sender.,High,P1,"English dataset row; retained from the finalized 1,500-record ScamShield dataset."
G0468,Netflix verification code G-481205 है। इसे किसी के साथ साझा न करें। Thank you.,genuine,otp,en,Research-backed synthetic,synthetic_research_backed,legitimate verification-code notice,Use only for the verification you initiated.,1. कोड केवल आधिकारिक स्क्रीन पर दर्ज करें। 2. किसी को न बताएं। 3. अनचाहा कोड हो तो पासवर्ड/सुरक्षा जांचें।,Low,P4,"English dataset row; retained from the finalized 1,500-record ScamShield dataset."
S0469,Congratulations! You won Rs 799 in a lucky draw. Pay Rs 999 tax/processing charges to claim your prize. Do not ignore this message.,scam,lottery,en,Research-backed synthetic,synthetic_research_backed,"unexpected prize, upfront payment, lottery claim",Do not pay the fee.,1. Do not send money. 2. Do not share financial details. 3. Block the sender. 4. Report the message.,High,P1,"English dataset row; retained from the finalized 1,500-record ScamShield dataset."
S0470,Our AI trading group guarantees 10% daily profit. Deposit Rs 799 today to activate your account.,scam,investment_scam,en,Research-backed synthetic,synthetic_research_backed,"guaranteed returns, investment pressure, deposit request",Do not transfer money based on the message.,1. Do not deposit funds. 2. Verify the company independently. 3. Check regulatory status where applicable. 4. Report the solicitation.,Critical,P1,"English dataset row; retained from the finalized 1,500-record ScamShield dataset."
S0471,"Hi, I lost my phone and need you to urgently transfer Rs 4999 to this new account. Please don't call. Do not ignore this message.",scam,impersonation,en,Research-backed synthetic,synthetic_research_backed,"impersonation, money request, urgency, discouraging verification",Verify the person's identity through an independent channel before any payment.,1. Do not transfer money. 2. Call the person using a known number. 3. Confirm the request independently. 4. Report if fraudulent.,High,P1,"English dataset row; retained from the finalized 1,500-record ScamShield dataset."
G0472,Reminder from your clinic: your appointment is booked for 15 October at 4:30 PM.,genuine,healthcare,en,Research-backed synthetic,synthetic_research_backed,normal healthcare reminder,Use the clinic's official contact details for changes.,1. Use the clinic's official contact details for changes. 2. Verify the message in the official app/portal if needed. 3. Do not share sensitive information unnecessarily.,Low,P4,"English dataset row; retained from the finalized 1,500-record ScamShield dataset."
S0473,Send ₹499 now or your private video will be shared with your contacts.,scam,sextortion,en,Research-backed synthetic,synthetic_research_backed,"blackmail, extortion, urgent payment demand",Do not pay or engage further; preserve evidence and report the incident.,1. Do not pay or engage further; preserve evidence and report the incident. 2. Verify independently using the official service/authority. 3. Preserve evidence. 4. Report suspected cyber fraud.,Critical,P1,"English dataset row; retained from the finalized 1,500-record ScamShield dataset."
S0474,Urgent: your Kotak Bank account will be blocked today because PAN/KYC is incomplete. Click http://secure-update.invalid to update now. Immediate action required.,scam,bank_kyc,en,Research-backed synthetic,synthetic_research_backed,"bank impersonation, urgency, suspicious URL, KYC request",Do not click the link or share banking credentials.,1. Do not click the link. 2. Open the bank's official app/site manually. 3. Verify KYC status. 4. Report the message if fraudulent.,High,P1,"English dataset row; retained from the finalized 1,500-record ScamShield dataset."
G0475,Your Amazon subscription renews on 10 October for Rs 799. — Customer Notification.,genuine,subscription,en,Research-backed synthetic,synthetic_research_backed,normal subscription notice,Review the subscription in the official account settings.,1. Check the subscription details. 2. Confirm the renewal amount. 3. Cancel only through the official account if desired.,Low,P4,"English dataset row; retained from the finalized 1,500-record ScamShield dataset."
S0476,Earn ₹5000 daily by completing CAPTCHA tasks. Pay ₹199 registration/software charges to activate your account.,scam,fake_captcha_job,en,Research-backed synthetic,synthetic_research_backed,"upfront fee, unrealistic earnings, fake job platform",Do not pay the registration fee.,1. Do not pay the registration fee. 2. Verify independently using the official service/authority. 3. Preserve evidence. 4. Report suspected cyber fraud.,High,P1,"English dataset row; retained from the finalized 1,500-record ScamShield dataset."
S0477,Earn ₹2499 daily by completing CAPTCHA tasks. Pay ₹999 registration/software charges to activate your account.,scam,fake_captcha_job,en,Research-backed synthetic,synthetic_research_backed,"upfront fee, unrealistic earnings, fake job platform",Do not pay the registration fee.,1. Do not pay the registration fee. 2. Verify independently using the official service/authority. 3. Preserve evidence. 4. Report suspected cyber fraud.,High,P1,"English dataset row; retained from the finalized 1,500-record ScamShield dataset."
G0478,Please review the latest MediSync build before the demo tomorrow. Please keep this for your records.,genuine,work,en,Research-backed synthetic,synthetic_research_backed,ordinary workplace communication,Review the work through the normal project channel.,1. Open the known project workspace. 2. Review the requested item. 3. Reply with feedback.,Low,P4,"English dataset row; retained from the finalized 1,500-record ScamShield dataset."
S0479,This is an official investigation. Your Aadhaar/phone number is linked to illegal activity. Stay on the call or face digital arrest.,scam,digital_arrest,en,Research-backed synthetic,synthetic_research_backed,"law-enforcement impersonation, threat, fear, isolation",Disconnect and verify through official law-enforcement channels.,1. Disconnect the call. 2. Do not share documents or money. 3. Contact the relevant authority using an independently verified number. 4. Report the incident.,Critical,P1,"English dataset row; retained from the finalized 1,500-record ScamShield dataset."
S0480,"To receive your refund of Rs 1299, scan this QR and enter your UPI PIN. Do not ignore this message.",scam,upi_qr,en,Research-backed synthetic,synthetic_research_backed,"QR-for-receiving-money, UPI PIN request, refund pretext",Do not scan the QR or enter the UPI PIN.,1. Do not scan the QR. 2. Never enter a UPI PIN to receive money. 3. Verify the refund in the official app. 4. Report the sender.,Critical,P1,"English dataset row; retained from the finalized 1,500-record ScamShield dataset."
S0481,Congratulations! Your instant loan of Rs 799 is approved. Pay Rs 999 processing charges to release the funds.,scam,loan_scam,en,Research-backed synthetic,synthetic_research_backed,"unsolicited loan, advance fee, pressure",Do not pay the fee.,1. Do not pay upfront charges. 2. Verify the lender independently. 3. Avoid sharing banking credentials. 4. Report the message.,High,P1,"English dataset row; retained from the finalized 1,500-record ScamShield dataset."
S0482,You have been selected for a work-from-home ML Intern paying Rs 249 per day. Pay Rs 199 as registration before joining. Act now.,scam,job_scam,en,Research-backed synthetic,synthetic_research_backed,"unrealistic earnings, upfront fee, unsolicited job",Do not pay the registration fee.,1. Do not pay. 2. Verify the employer independently. 3. Do not share identity/banking documents. 4. Block and report the sender.,High,P1,"English dataset row; retained from the finalized 1,500-record ScamShield dataset."
G0483,Your subscription to Google has been renewed successfully. Please keep this for your records.,genuine,subscription,en,Research-backed synthetic,synthetic_research_backed,normal subscription notice,Verify the renewal in the official account.,1. Open the official service app. 2. Check billing history. 3. Contact official support if the charge is unfamiliar.,Low,P4,"English dataset row; retained from the finalized 1,500-record ScamShield dataset."
S0484,Your WhatsApp account has been locked. Verify your identity now at http://account-check.invalid to avoid permanent closure. Do not ignore this message.,scam,phishing,en,Research-backed synthetic,synthetic_research_backed,"account threat, urgency, suspicious URL, credential harvesting",Do not click the link.,1. Do not open the URL. 2. Visit the service by typing its official address. 3. Change credentials if exposed. 4. Report the message.,High,P1,"English dataset row; retained from the finalized 1,500-record ScamShield dataset."
G0485,Your order #403-5820147 from BookMyShow has been confirmed for delivery.,genuine,ecommerce,en,Research-backed synthetic,synthetic_research_backed,normal ecommerce order confirmation,Check order status in the official store account.,1. Open the official shopping app/site. 2. Verify the order. 3. Contact official support for changes.,Low,P4,"English dataset row; retained from the finalized 1,500-record ScamShield dataset."
S0486,A refund of Rs 499 is waiting for you. Share your card number and OTP so we can process it immediately. Immediate action required.,scam,refund_scam,en,Research-backed synthetic,synthetic_research_backed,"refund pretext, card-data request, OTP request",Do not share card or OTP details.,1. Do not share credentials. 2. Check refunds in the official merchant app. 3. Contact official support. 4. Report the sender.,Critical,P1,"English dataset row; retained from the finalized 1,500-record ScamShield dataset."
G0487,Your application for the Python Developer position has moved to the next stage. Please check the company careers portal. — Customer Notification.,genuine,job_genuine,en,Research-backed synthetic,synthetic_research_backed,normal recruitment communication,Access the known company careers portal directly.,1. Open the company website manually. 2. Check application status. 3. Follow the official recruitment process.,Low,P4,"English dataset row; retained from the finalized 1,500-record ScamShield dataset."
G0488,The department seminar on Cloud Computing will be held on 10 October in sample-venue. Thank you.,genuine,college_announcement,en,Research-backed synthetic,synthetic_research_backed,normal institutional announcement,Check the official college communication channel for details.,1. Verify the announcement in the official portal/email. 2. Note the venue and time. 3. Attend if relevant.,Low,P4,"English dataset row; retained from the finalized 1,500-record ScamShield dataset."
G0489,Interview reminder: your Frontend Developer interview is scheduled for 15 October at 9:30 AM.,genuine,job_genuine,en,Research-backed synthetic,synthetic_research_backed,normal recruitment communication,Verify the interview through the official recruitment channel.,1. Check the original application. 2. Confirm the interview details. 3. Join through the verified meeting link.,Low,P4,"English dataset row; retained from the finalized 1,500-record ScamShield dataset."
G0490,Your subscription to Amazon has been renewed successfully. Thank you.,genuine,subscription,en,Research-backed synthetic,synthetic_research_backed,normal subscription notice,Verify the renewal in the official account.,1. Open the official service app. 2. Check billing history. 3. Contact official support if the charge is unfamiliar.,Low,P4,"English dataset row; retained from the finalized 1,500-record ScamShield dataset."
G0491,The department seminar on Cloud Computing will be held on 20 October in sample-venue. Thank you.,genuine,college_announcement,en,Research-backed synthetic,synthetic_research_backed,normal institutional announcement,Check the official college communication channel for details.,1. Verify the announcement in the official portal/email. 2. Note the venue and time. 3. Attend if relevant.,Low,P4,"English dataset row; retained from the finalized 1,500-record ScamShield dataset."
G0492,Your Google subscription renews on 10 October for Rs 4999. Thank you.,genuine,subscription,en,Research-backed synthetic,synthetic_research_backed,normal subscription notice,Review the subscription in the official account settings.,1. Check the subscription details. 2. Confirm the renewal amount. 3. Cancel only through the official account if desired.,Low,P4,"English dataset row; retained from the finalized 1,500-record ScamShield dataset."
G0493,The department seminar on Cloud Computing will be held on 5 October in sample-venue.,genuine,college_announcement,en,Research-backed synthetic,synthetic_research_backed,normal institutional announcement,Check the official college communication channel for details.,1. Verify the announcement in the official portal/email. 2. Note the venue and time. 3. Attend if relevant.,Low,P4,"English dataset row; retained from the finalized 1,500-record ScamShield dataset."
S0494,Your Flipkart account has been locked. Verify your identity now at http://secure-update.invalid to avoid permanent closure. Act now.,scam,phishing,en,Research-backed synthetic,synthetic_research_backed,"account threat, urgency, suspicious URL, credential harvesting",Do not click the link.,1. Do not open the URL. 2. Visit the service by typing its official address. 3. Change credentials if exposed. 4. Report the message.,High,P1,"English dataset row; retained from the finalized 1,500-record ScamShield dataset."
G0495,Your Instagram subscription renews on 15 October for Rs 2499. Thank you.,genuine,subscription,en,Research-backed synthetic,synthetic_research_backed,normal subscription notice,Review the subscription in the official account settings.,1. Check the subscription details. 2. Confirm the renewal amount. 3. Cancel only through the official account if desired.,Low,P4,"English dataset row; retained from the finalized 1,500-record ScamShield dataset."
S0496,Our AI trading group guarantees 10% daily profit. Deposit Rs 4999 today to activate your account. Act now.,scam,investment_scam,en,Research-backed synthetic,synthetic_research_backed,"guaranteed returns, investment pressure, deposit request",Do not transfer money based on the message.,1. Do not deposit funds. 2. Verify the company independently. 3. Check regulatory status where applicable. 4. Report the solicitation.,Critical,P1,"English dataset row; retained from the finalized 1,500-record ScamShield dataset."
S0497,Your overseas online job placement is approved. Pay ₹499 for processing and travel documents before deployment.,scam,cyber_slavery,en,Research-backed synthetic,synthetic_research_backed,"fake overseas job, upfront payment, recruitment deception",Do not pay before independently verifying the recruiter.,1. Do not pay before independently verifying the recruiter. 2. Verify independently using the official service/authority. 3. Preserve evidence. 4. Report suspected cyber fraud.,High,P1,"English dataset row; retained from the finalized 1,500-record ScamShield dataset."
G0498,Rs 199 was spent at Zomato using your UPI. Thank you.,genuine,transaction,en,Research-backed synthetic,synthetic_research_backed,normal transaction notification,Verify the transaction in the official banking/payment app.,1. Open the official banking app. 2. Confirm the transaction. 3. Contact the bank only if it is unrecognized.,Low,P4,"English dataset row; retained from the finalized 1,500-record ScamShield dataset."
G0499,आपके BookMyShow भुगतान का ₹199 का लेनदेन सफल रहा। — Customer Notification.,genuine,transaction,en,Research-backed synthetic,synthetic_research_backed,normal transaction notification,Verify the transaction through the official app.,1. आधिकारिक ऐप खोलें। 2. लेनदेन की राशि जांचें। 3. अनजान लेनदेन हो तो बैंक से संपर्क करें।,Low,P4,"English dataset row; retained from the finalized 1,500-record ScamShield dataset."
S0500,You have been selected for a work-from-home Frontend Developer paying Rs 249 per day. Pay Rs 299 as registration before joining. Immediate action required.,scam,job_scam,en,Research-backed synthetic,synthetic_research_backed,"unrealistic earnings, upfront fee, unsolicited job",Do not pay the registration fee.,1. Do not pay. 2. Verify the employer independently. 3. Do not share identity/banking documents. 4. Block and report the sender.,High,P1,"English dataset row; retained from the finalized 1,500-record ScamShield dataset."
S0501,Congratulations! Your instant loan of Rs 2499 is approved. Pay Rs 199 processing charges to release the funds. Immediate action required.,scam,loan_scam,en,Research-backed synthetic,synthetic_research_backed,"unsolicited loan, advance fee, pressure",Do not pay the fee.,1. Do not pay upfront charges. 2. Verify the lender independently. 3. Avoid sharing banking credentials. 4. Report the message.,High,P1,"English dataset row; retained from the finalized 1,500-record ScamShield dataset."
G0502,Your DTDC order #404-7319056 has shipped and is expected to arrive on 30 September.,genuine,delivery,en,Research-backed synthetic,synthetic_research_backed,normal delivery update,Track through the official retailer/carrier app if needed.,1. Open the official app if tracking is required. 2. Check the order number. 3. No payment is required unless shown in the official order flow.,Low,P4,"English dataset row; retained from the finalized 1,500-record ScamShield dataset."
G0503,The department has published the timetable for the end-term examination.,genuine,education,en,Research-backed synthetic,synthetic_research_backed,normal educational announcement,Check the official college/university portal.,1. Open the official portal. 2. Confirm the timetable. 3. Note the exam date and time.,Low,P4,"English dataset row; retained from the finalized 1,500-record ScamShield dataset."
G0504,आपके Uber भुगतान का ₹1299 का लेनदेन सफल रहा। — Customer Notification.,genuine,transaction,en,Research-backed synthetic,synthetic_research_backed,normal transaction notification,Verify the transaction through the official app.,1. आधिकारिक ऐप खोलें। 2. लेनदेन की राशि जांचें। 3. अनजान लेनदेन हो तो बैंक से संपर्क करें।,Low,P4,"English dataset row; retained from the finalized 1,500-record ScamShield dataset."
G0505,Your Flipkart payment of Rs 249 was processed successfully. — Customer Notification.,genuine,transaction,en,Research-backed synthetic,synthetic_research_backed,normal transaction notification,Verify the transaction in the official app or bank statement.,1. Check the transaction in the official app. 2. Confirm the amount and merchant. 3. Keep the receipt if needed.,Low,P4,"English dataset row; retained from the finalized 1,500-record ScamShield dataset."
G0506,Your registration for AI workshop is confirmed. The event begins at 4:30 PM on 10 October. Please keep this for your records.,genuine,event,en,Research-backed synthetic,synthetic_research_backed,normal event confirmation,Check the registration in the official event account/email.,1. Verify registration details. 2. Save the event information. 3. Use the organizer's official contact channel for changes.,Low,P4,"English dataset row; retained from the finalized 1,500-record ScamShield dataset."
G0507,Your subscription renews on 15 October for ₹2499.,genuine,subscription,en,Research-backed synthetic,synthetic_research_backed,normal subscription notice,Review the subscription in the official account settings.,1. Review the subscription in the official account settings. 2. Verify the message in the official app/portal if needed. 3. Do not share sensitive information unnecessarily.,Low,P4,"English dataset row; retained from the finalized 1,500-record ScamShield dataset."
S0508,Congratulations! Your instant loan of Rs 1299 is approved. Pay Rs 999 processing charges to release the funds. Do not ignore this message.,scam,loan_scam,en,Research-backed synthetic,synthetic_research_backed,"unsolicited loan, advance fee, pressure",Do not pay the fee.,1. Do not pay upfront charges. 2. Verify the lender independently. 3. Avoid sharing banking credentials. 4. Report the message.,High,P1,"English dataset row; retained from the finalized 1,500-record ScamShield dataset."
S0509,I need urgent financial help for a family emergency. Please send Rs 199 today and I will return it next week.,scam,romance_scam,en,Research-backed synthetic,synthetic_research_backed,"emotional pressure, urgent money request, unverifiable emergency",Verify the person's identity and situation independently before sending money.,1. Do not transfer money immediately. 2. Verify identity using another channel. 3. Discuss with someone you trust. 4. Report if fraudulent.,High,P2,"English dataset row; retained from the finalized 1,500-record ScamShield dataset."
G0510,Your Air India booking AI7K2P is confirmed for 2 October.,genuine,travel,en,Research-backed synthetic,synthetic_research_backed,normal travel confirmation,Check the booking in the official airline/travel app.,1. Open the official travel account. 2. Verify the booking reference. 3. Check schedule changes through the official channel.,Low,P4,"English dataset row; retained from the finalized 1,500-record ScamShield dataset."
G0511,Your subscription renews on 30 September for ₹499.,genuine,subscription,en,Research-backed synthetic,synthetic_research_backed,normal subscription notice,Review the subscription in the official account settings.,1. Review the subscription in the official account settings. 2. Verify the message in the official app/portal if needed. 3. Do not share sensitive information unnecessarily.,Low,P4,"English dataset row; retained from the finalized 1,500-record ScamShield dataset."
G0512,"Hi Meera, are we still meeting at main gate around 10:00 AM today? — Customer Notification.",genuine,personal,en,Research-backed synthetic,synthetic_research_backed,ordinary personal communication,Reply through the normal conversation channel.,1. Check your plans. 2. Reply to the sender. 3. Do not take any financial action based only on this message.,Low,P4,"English dataset row; retained from the finalized 1,500-record ScamShield dataset."
G0513,"Hi Sneha, are we still meeting at office around 9:30 AM today?",genuine,personal,en,Research-backed synthetic,synthetic_research_backed,ordinary personal communication,Reply through the normal conversation channel.,1. Check your plans. 2. Reply to the sender. 3. Do not take any financial action based only on this message.,Low,P4,"English dataset row; retained from the finalized 1,500-record ScamShield dataset."
S0514,Congratulations! You won Rs 799 in a lucky draw. Pay Rs 1499 tax/processing charges to claim your prize. Do not ignore this message.,scam,lottery,en,Research-backed synthetic,synthetic_research_backed,"unexpected prize, upfront payment, lottery claim",Do not pay the fee.,1. Do not send money. 2. Do not share financial details. 3. Block the sender. 4. Report the message.,High,P1,"English dataset row; retained from the finalized 1,500-record ScamShield dataset."
S0515,Your SIM will be disconnected in 1 hours because it was used for illegal activity. Call this number immediately. Do not ignore this message.,scam,telecom_threat,en,Research-backed synthetic,synthetic_research_backed,"telecom impersonation, urgency, threat, callback request",Do not call the supplied number.,1. Do not call the supplied number. 2. Check account status in the official telecom app. 3. Contact official support. 4. Report the message.,High,P1,"English dataset row; retained from the finalized 1,500-record ScamShield dataset."
G0516,Reminder from your clinic: your appointment is booked for 5 October at 2:00 PM.,genuine,healthcare,en,Research-backed synthetic,synthetic_research_backed,normal healthcare reminder,Use the clinic's official contact details for changes.,1. Use the clinic's official contact details for changes. 2. Verify the message in the official app/portal if needed. 3. Do not share sensitive information unnecessarily.,Low,P4,"English dataset row; retained from the finalized 1,500-record ScamShield dataset."
G0517,Your airline booking R2N6VT is confirmed for 2 October.,genuine,travel,en,Research-backed synthetic,synthetic_research_backed,normal travel confirmation,Check the booking in the official airline app.,1. Check the booking in the official airline app. 2. Verify the message in the official app/portal if needed. 3. Do not share sensitive information unnecessarily.,Low,P4,"English dataset row; retained from the finalized 1,500-record ScamShield dataset."
S0518,Your SIM will be disconnected in 1 hours because it was used for illegal activity. Call this number immediately.,scam,telecom_threat,en,Research-backed synthetic,synthetic_research_backed,"telecom impersonation, urgency, threat, callback request",Do not call the supplied number.,1. Do not call the supplied number. 2. Check account status in the official telecom app. 3. Contact official support. 4. Report the message.,High,P1,"English dataset row; retained from the finalized 1,500-record ScamShield dataset."
G0519,Your Vistara booking R2N6VT is confirmed for 20 October. — Customer Notification.,genuine,travel,en,Research-backed synthetic,synthetic_research_backed,normal travel confirmation,Check the booking in the official airline/travel app.,1. Open the official travel account. 2. Verify the booking reference. 3. Check schedule changes through the official channel.,Low,P4,"English dataset row; retained from the finalized 1,500-record ScamShield dataset."
S0520,A refund of Rs 799 is waiting for you. Share your card number and OTP so we can process it immediately. Do not ignore this message.,scam,refund_scam,en,Research-backed synthetic,synthetic_research_backed,"refund pretext, card-data request, OTP request",Do not share card or OTP details.,1. Do not share credentials. 2. Check refunds in the official merchant app. 3. Contact official support. 4. Report the sender.,Critical,P1,"English dataset row; retained from the finalized 1,500-record ScamShield dataset."
G0521,Your Spotify payment of Rs 4999 was processed successfully. Please keep this for your records.,genuine,transaction,en,Research-backed synthetic,synthetic_research_backed,normal transaction notification,Verify the transaction in the official app or bank statement.,1. Check the transaction in the official app. 2. Confirm the amount and merchant. 3. Keep the receipt if needed.,Low,P4,"English dataset row; retained from the finalized 1,500-record ScamShield dataset."
S0522,Your overseas online job placement is approved. Pay ₹1999 for processing and travel documents before deployment.,scam,cyber_slavery,en,Research-backed synthetic,synthetic_research_backed,"fake overseas job, upfront payment, recruitment deception",Do not pay before independently verifying the recruiter.,1. Do not pay before independently verifying the recruiter. 2. Verify independently using the official service/authority. 3. Preserve evidence. 4. Report suspected cyber fraud.,High,P1,"English dataset row; retained from the finalized 1,500-record ScamShield dataset."
S0523,Your insurance policy bonus is ready. Pay Rs 999 service charges and send your Aadhaar and bank details to receive it.,scam,insurance_scam,en,Research-backed synthetic,synthetic_research_backed,"unexpected bonus, advance fee, identity-data request",Do not pay or send identity/bank documents.,1. Do not pay. 2. Contact the insurer through the official website/number. 3. Do not send identity documents. 4. Report the message.,High,P1,"English dataset row; retained from the finalized 1,500-record ScamShield dataset."
G0524,The Data Analytics assignment deadline is 30 September. Please submit it through the student portal.,genuine,education,en,Research-backed synthetic,synthetic_research_backed,normal educational announcement,Use the official student portal.,1. Check the assignment details. 2. Prepare the submission. 3. Upload through the official portal before the deadline.,Low,P4,"English dataset row; retained from the finalized 1,500-record ScamShield dataset."
G0525,Reminder: your dentist appointment is scheduled for 5 October at 6:00 PM.,genuine,appointment,en,Research-backed synthetic,synthetic_research_backed,normal appointment reminder,Confirm or reschedule through the official provider if necessary.,1. Check the appointment details. 2. Add it to your calendar. 3. Use the provider's official contact channel for changes.,Low,P4,"English dataset row; retained from the finalized 1,500-record ScamShield dataset."
S0526,Earn ₹10000 daily by completing CAPTCHA tasks. Pay ₹499 registration/software charges to activate your account.,scam,fake_captcha_job,en,Research-backed synthetic,synthetic_research_backed,"upfront fee, unrealistic earnings, fake job platform",Do not pay the registration fee.,1. Do not pay the registration fee. 2. Verify independently using the official service/authority. 3. Preserve evidence. 4. Report suspected cyber fraud.,High,P1,"English dataset row; retained from the finalized 1,500-record ScamShield dataset."
S0527,"To receive your refund of Rs 799, scan this QR and enter your UPI PIN. Act now.",scam,upi_qr,en,Research-backed synthetic,synthetic_research_backed,"QR-for-receiving-money, UPI PIN request, refund pretext",Do not scan the QR or enter the UPI PIN.,1. Do not scan the QR. 2. Never enter a UPI PIN to receive money. 3. Verify the refund in the official app. 4. Report the sender.,Critical,P1,"English dataset row; retained from the finalized 1,500-record ScamShield dataset."
G0528,Your order #403-5820147 from Myntra has been confirmed for delivery. Please keep this for your records.,genuine,ecommerce,en,Research-backed synthetic,synthetic_research_backed,normal ecommerce order confirmation,Check order status in the official store account.,1. Open the official shopping app/site. 2. Verify the order. 3. Contact official support for changes.,Low,P4,"English dataset row; retained from the finalized 1,500-record ScamShield dataset."
S0529,Urgent: your HDFC Bank account will be blocked today because PAN/KYC is incomplete. Click https://example.invalid/verify to update now. Do not ignore this message.,scam,bank_kyc,en,Research-backed synthetic,synthetic_research_backed,"bank impersonation, urgency, suspicious URL, KYC request",Do not click the link or share banking credentials.,1. Do not click the link. 2. Open the bank's official app/site manually. 3. Verify KYC status. 4. Report the message if fraudulent.,High,P1,"English dataset row; retained from the finalized 1,500-record ScamShield dataset."
G0530,Your electricity bill of ₹1299 is due on 10 October.,genuine,utility_genuine,en,Research-backed synthetic,synthetic_research_backed,normal utility reminder,Check the official utility portal.,1. Check the official utility portal. 2. Verify the message in the official app/portal if needed. 3. Do not share sensitive information unnecessarily.,Low,P4,"English dataset row; retained from the finalized 1,500-record ScamShield dataset."
G0531,Your subscription renews on 5 October for ₹199.,genuine,subscription,en,Research-backed synthetic,synthetic_research_backed,normal subscription notice,Review the subscription in the official account settings.,1. Review the subscription in the official account settings. 2. Verify the message in the official app/portal if needed. 3. Do not share sensitive information unnecessarily.,Low,P4,"English dataset row; retained from the finalized 1,500-record ScamShield dataset."
S0532,You have been selected for a work-from-home Frontend Developer paying Rs 499 per day. Pay Rs 499 as registration before joining. Act now.,scam,job_scam,en,Research-backed synthetic,synthetic_research_backed,"unrealistic earnings, upfront fee, unsolicited job",Do not pay the registration fee.,1. Do not pay. 2. Verify the employer independently. 3. Do not share identity/banking documents. 4. Block and report the sender.,High,P1,"English dataset row; retained from the finalized 1,500-record ScamShield dataset."
S0533,Your Paytm account has been locked. Verify your identity now at http://secure-update.invalid to avoid permanent closure. Act now.,scam,phishing,en,Research-backed synthetic,synthetic_research_backed,"account threat, urgency, suspicious URL, credential harvesting",Do not click the link.,1. Do not open the URL. 2. Visit the service by typing its official address. 3. Change credentials if exposed. 4. Report the message.,High,P1,"English dataset row; retained from the finalized 1,500-record ScamShield dataset."
S0534,Security alert: your account will be suspended unless you send the OTP Q-183640 to our support agent immediately. Act now.,scam,otp,en,Research-backed synthetic,synthetic_research_backed,"OTP request, urgency, account-threat language",Do not share the OTP.,1. Do not share the OTP. 2. End the conversation. 3. Review account security in the official app. 4. Report the sender.,Critical,P1,"English dataset row; retained from the finalized 1,500-record ScamShield dataset."
G0535,Interview reminder: your ML Intern interview is scheduled for 30 September at 10:00 AM.,genuine,job_genuine,en,Research-backed synthetic,synthetic_research_backed,normal recruitment communication,Verify the interview through the official recruitment channel.,1. Check the original application. 2. Confirm the interview details. 3. Join through the verified meeting link.,Low,P4,"English dataset row; retained from the finalized 1,500-record ScamShield dataset."
S0536,"To receive your refund of Rs 4999, scan this QR and enter your UPI PIN. Immediate action required.",scam,upi_qr,en,Research-backed synthetic,synthetic_research_backed,"QR-for-receiving-money, UPI PIN request, refund pretext",Do not scan the QR or enter the UPI PIN.,1. Do not scan the QR. 2. Never enter a UPI PIN to receive money. 3. Verify the refund in the official app. 4. Report the sender.,Critical,P1,"English dataset row; retained from the finalized 1,500-record ScamShield dataset."
S0537,"To receive your refund of Rs 249, scan this QR and enter your UPI PIN. Act now.",scam,upi_qr,en,Research-backed synthetic,synthetic_research_backed,"QR-for-receiving-money, UPI PIN request, refund pretext",Do not scan the QR or enter the UPI PIN.,1. Do not scan the QR. 2. Never enter a UPI PIN to receive money. 3. Verify the refund in the official app. 4. Report the sender.,Critical,P1,"English dataset row; retained from the finalized 1,500-record ScamShield dataset."
S0538,Premium apartment available at a very low rent. Send a refundable booking deposit of Rs 499 before viewing.,scam,rental_scam,en,Research-backed synthetic,synthetic_research_backed,"unusually low price, advance deposit, no viewing",Do not pay a deposit before independently verifying the property and owner.,1. Do not transfer the deposit. 2. Verify ownership/listing independently. 3. Inspect the property. 4. Report suspicious listings.,High,P2,"English dataset row; retained from the finalized 1,500-record ScamShield dataset."
S0539,Your parcel is held because of a Rs 299 customs/redelivery charge. Pay at http://secure-update.invalid within 2 hours. Immediate action required.,scam,delivery,en,Research-backed synthetic,synthetic_research_backed,"delivery impersonation, small fee, urgency, suspicious URL",Do not pay through the provided link.,1. Do not open the link. 2. Check the order on the official retailer/carrier site. 3. Verify any fee there. 4. Report the SMS.,High,P1,"English dataset row; retained from the finalized 1,500-record ScamShield dataset."
G0540,Your IndiGo booking H9P3ZA is confirmed for 10 October. Thank you.,genuine,travel,en,Research-backed synthetic,synthetic_research_backed,normal travel confirmation,Check the booking in the official airline/travel app.,1. Open the official travel account. 2. Verify the booking reference. 3. Check schedule changes through the official channel.,Low,P4,"English dataset row; retained from the finalized 1,500-record ScamShield dataset."
G0541,Your Flipkart payment of Rs 1299 was processed successfully. Thank you.,genuine,transaction,en,Research-backed synthetic,synthetic_research_backed,normal transaction notification,Verify the transaction in the official app or bank statement.,1. Check the transaction in the official app. 2. Confirm the amount and merchant. 3. Keep the receipt if needed.,Low,P4,"English dataset row; retained from the finalized 1,500-record ScamShield dataset."
G0542,Your monthly investment statement for retirement fund is available in your official account. Please keep this for your records.,genuine,finance_genuine,en,Research-backed synthetic,synthetic_research_backed,normal financial statement,Review it through the official investment platform.,1. Sign in directly to the known platform. 2. Review the statement. 3. Contact the provider through official channels for discrepancies.,Low,P4,"English dataset row; retained from the finalized 1,500-record ScamShield dataset."
G0543,Interview reminder: your ML Intern interview is scheduled for 5 October at 4:30 PM. Thank you.,genuine,job_genuine,en,Research-backed synthetic,synthetic_research_backed,normal recruitment communication,Verify the interview through the official recruitment channel.,1. Check the original application. 2. Confirm the interview details. 3. Join through the verified meeting link.,Low,P4,"English dataset row; retained from the finalized 1,500-record ScamShield dataset."
G0544,Reminder: your appointment is scheduled for 30 September at 10:00 AM.,genuine,appointment,en,Research-backed synthetic,synthetic_research_backed,normal appointment reminder,Confirm through the official provider if needed.,1. Confirm through the official provider if needed. 2. Verify the message in the official app/portal if needed. 3. Do not share sensitive information unnecessarily.,Low,P4,"English dataset row; retained from the finalized 1,500-record ScamShield dataset."
G0545,Your Vi data plan has 800 MB remaining and is valid until 2 October. Thank you.,genuine,telecom_genuine,en,Research-backed synthetic,synthetic_research_backed,normal telecom usage notice,Check usage in the official telecom app if needed.,1. Open the official provider app. 2. Review plan usage. 3. Recharge only through official channels.,Low,P4,"English dataset row; retained from the finalized 1,500-record ScamShield dataset."
G0546,"Hey Pravalika, did you push the updated Flutter UI code for the Live Call Guardian to GitHub yet?",genuine,work,en,User-provided reference file,user_reference,None,Reply,Verify through an official channel; follow the expected action above.,Low,P4,"English dataset row; retained from the finalized 1,500-record ScamShield dataset."
G0547,The SupportPilot API test report is ready for review. — Customer Notification.,genuine,work,en,Research-backed synthetic,synthetic_research_backed,ordinary workplace communication,Open the report from the known work repository.,1. Verify the project context. 2. Review the report. 3. Share findings through the normal team channel.,Low,P4,"English dataset row; retained from the finalized 1,500-record ScamShield dataset."
G0548,याद दिलाया जाता है कि आपकी career counseling session 20 October को 2:00 PM बजे है। Please keep this for your records.,genuine,appointment,en,Research-backed synthetic,synthetic_research_backed,normal appointment reminder,Use the official provider channel for confirmation or changes.,1. समय जांचें। 2. कैलेंडर में सेव करें। 3. बदलाव के लिए आधिकारिक नंबर/पोर्टल इस्तेमाल करें।,Low,P4,"English dataset row; retained from the finalized 1,500-record ScamShield dataset."
S0549,You have been selected for a work-from-home Data Analyst paying Rs 249 per day. Pay Rs 999 as registration before joining. Immediate action required.,scam,job_scam,en,Research-backed synthetic,synthetic_research_backed,"unrealistic earnings, upfront fee, unsolicited job",Do not pay the registration fee.,1. Do not pay. 2. Verify the employer independently. 3. Do not share identity/banking documents. 4. Block and report the sender.,High,P1,"English dataset row; retained from the finalized 1,500-record ScamShield dataset."
S0550,Your Google account has been locked. Verify your identity now at http://secure-update.invalid to avoid permanent closure. Immediate action required.,scam,phishing,en,Research-backed synthetic,synthetic_research_backed,"account threat, urgency, suspicious URL, credential harvesting",Do not click the link.,1. Do not open the URL. 2. Visit the service by typing its official address. 3. Change credentials if exposed. 4. Report the message.,High,P1,"English dataset row; retained from the finalized 1,500-record ScamShield dataset."
S0551,Your SIM will be disconnected in 2 hours because it was used for illegal activity. Call this number immediately. Act now.,scam,telecom_threat,en,Research-backed synthetic,synthetic_research_backed,"telecom impersonation, urgency, threat, callback request",Do not call the supplied number.,1. Do not call the supplied number. 2. Check account status in the official telecom app. 3. Contact official support. 4. Report the message.,High,P1,"English dataset row; retained from the finalized 1,500-record ScamShield dataset."
G0552,Instagram verification code M-562901 है। इसे किसी के साथ साझा न करें। — Customer Notification.,genuine,otp,en,Research-backed synthetic,synthetic_research_backed,legitimate verification-code notice,Use only for the verification you initiated.,1. कोड केवल आधिकारिक स्क्रीन पर दर्ज करें। 2. किसी को न बताएं। 3. अनचाहा कोड हो तो पासवर्ड/सुरक्षा जांचें।,Low,P4,"English dataset row; retained from the finalized 1,500-record ScamShield dataset."
G0553,"Hi Aarav, are we still meeting at computer lab around 6:00 PM today? Please keep this for your records.",genuine,personal,en,Research-backed synthetic,synthetic_research_backed,ordinary personal communication,Reply through the normal conversation channel.,1. Check your plans. 2. Reply to the sender. 3. Do not take any financial action based only on this message.,Low,P4,"English dataset row; retained from the finalized 1,500-record ScamShield dataset."
S0554,Congratulations! You won Rs 249 in a lucky draw. Pay Rs 299 tax/processing charges to claim your prize.,scam,lottery,en,Research-backed synthetic,synthetic_research_backed,"unexpected prize, upfront payment, lottery claim",Do not pay the fee.,1. Do not send money. 2. Do not share financial details. 3. Block the sender. 4. Report the message.,High,P1,"English dataset row; retained from the finalized 1,500-record ScamShield dataset."
G0555,Your electricity bill of Rs 799 is due on 20 October. Please pay through the official utility portal. Please keep this for your records.,genuine,utility_genuine,en,Research-backed synthetic,synthetic_research_backed,normal utility bill reminder,Use the official utility website/app.,1. Verify the bill in the official portal. 2. Check the due date and amount. 3. Pay only through the official channel.,Low,P4,"English dataset row; retained from the finalized 1,500-record ScamShield dataset."
S0556,Your WhatsApp account has been locked. Verify your identity now at http://secure-update.invalid to avoid permanent closure. Immediate action required.,scam,phishing,en,Research-backed synthetic,synthetic_research_backed,"account threat, urgency, suspicious URL, credential harvesting",Do not click the link.,1. Do not open the URL. 2. Visit the service by typing its official address. 3. Change credentials if exposed. 4. Report the message.,High,P1,"English dataset row; retained from the finalized 1,500-record ScamShield dataset."
S0557,Please donate Rs 799 for an emergency relief campaign. Transfer to this personal UPI ID today. Immediate action required.,scam,charity_scam,en,Research-backed synthetic,synthetic_research_backed,"emotional appeal, personal payment destination, urgency",Verify the charity and donation channel independently.,1. Do not transfer to an unverified personal account. 2. Check the organization's official website. 3. Donate through verified channels. 4. Report the message.,Medium,P2,"English dataset row; retained from the finalized 1,500-record ScamShield dataset."
S0558,Congratulations! You won Rs 249 in a lucky draw. Pay Rs 999 tax/processing charges to claim your prize.,scam,lottery,en,Research-backed synthetic,synthetic_research_backed,"unexpected prize, upfront payment, lottery claim",Do not pay the fee.,1. Do not send money. 2. Do not share financial details. 3. Block the sender. 4. Report the message.,High,P1,"English dataset row; retained from the finalized 1,500-record ScamShield dataset."
S0559,Urgent: your ICICI Bank account will be blocked today because PAN/KYC is incomplete. Click http://account-check.invalid to update now.,scam,bank_kyc,en,Research-backed synthetic,synthetic_research_backed,"bank impersonation, urgency, suspicious URL, KYC request",Do not click the link or share banking credentials.,1. Do not click the link. 2. Open the bank's official app/site manually. 3. Verify KYC status. 4. Report the message if fraudulent.,High,P1,"English dataset row; retained from the finalized 1,500-record ScamShield dataset."
S0560,Security alert: your account will be suspended unless you send the OTP M-562901 to our support agent immediately. Act now.,scam,otp,en,Research-backed synthetic,synthetic_research_backed,"OTP request, urgency, account-threat language",Do not share the OTP.,1. Do not share the OTP. 2. End the conversation. 3. Review account security in the official app. 4. Report the sender.,Critical,P1,"English dataset row; retained from the finalized 1,500-record ScamShield dataset."
S0561,You have been selected for a work-from-home Data Analyst paying Rs 499 per day. Pay Rs 499 as registration before joining. Immediate action required.,scam,job_scam,en,Research-backed synthetic,synthetic_research_backed,"unrealistic earnings, upfront fee, unsolicited job",Do not pay the registration fee.,1. Do not pay. 2. Verify the employer independently. 3. Do not share identity/banking documents. 4. Block and report the sender.,High,P1,"English dataset row; retained from the finalized 1,500-record ScamShield dataset."
G0562,याद दिलाया जाता है कि आपकी career counseling session 20 October को 2:00 PM बजे है। — Customer Notification.,genuine,appointment,en,Research-backed synthetic,synthetic_research_backed,normal appointment reminder,Use the official provider channel for confirmation or changes.,1. समय जांचें। 2. कैलेंडर में सेव करें। 3. बदलाव के लिए आधिकारिक नंबर/पोर्टल इस्तेमाल करें।,Low,P4,"English dataset row; retained from the finalized 1,500-record ScamShield dataset."
S0563,Your insurance policy bonus is ready. Pay Rs 499 service charges and send your Aadhaar and bank details to receive it. Act now.,scam,insurance_scam,en,Research-backed synthetic,synthetic_research_backed,"unexpected bonus, advance fee, identity-data request",Do not pay or send identity/bank documents.,1. Do not pay. 2. Contact the insurer through the official website/number. 3. Do not send identity documents. 4. Report the message.,High,P1,"English dataset row; retained from the finalized 1,500-record ScamShield dataset."
G0564,Delivery update: Delhivery will attempt delivery of order #402-1937460 today. Please keep this for your records.,genuine,delivery,en,Research-backed synthetic,synthetic_research_backed,normal delivery update,Use the official tracking page or app.,1. Check official tracking. 2. Keep the delivery address accessible. 3. Contact the retailer through official support if there is a problem.,Low,P4,"English dataset row; retained from the finalized 1,500-record ScamShield dataset."
G0565,Flipkart verification code G-481205 है। इसे किसी के साथ साझा न करें। Thank you.,genuine,otp,en,Research-backed synthetic,synthetic_research_backed,legitimate verification-code notice,Use only for the verification you initiated.,1. कोड केवल आधिकारिक स्क्रीन पर दर्ज करें। 2. किसी को न बताएं। 3. अनचाहा कोड हो तो पासवर्ड/सुरक्षा जांचें।,Low,P4,"English dataset row; retained from the finalized 1,500-record ScamShield dataset."
G0566,The SupportPilot API test report is ready for review.,genuine,work,en,Research-backed synthetic,synthetic_research_backed,ordinary workplace communication,Open the report from the known work repository.,1. Verify the project context. 2. Review the report. 3. Share findings through the normal team channel.,Low,P4,"English dataset row; retained from the finalized 1,500-record ScamShield dataset."
S0567,Congratulations! You won Rs 249 in a lucky draw. Pay Rs 1499 tax/processing charges to claim your prize.,scam,lottery,en,Research-backed synthetic,synthetic_research_backed,"unexpected prize, upfront payment, lottery claim",Do not pay the fee.,1. Do not send money. 2. Do not share financial details. 3. Block the sender. 4. Report the message.,High,P1,"English dataset row; retained from the finalized 1,500-record ScamShield dataset."
G0568,याद दिलाया जाता है कि आपकी dentist appointment 30 September को 2:00 PM बजे है। Thank you.,genuine,appointment,en,Research-backed synthetic,synthetic_research_backed,normal appointment reminder,Use the official provider channel for confirmation or changes.,1. समय जांचें। 2. कैलेंडर में सेव करें। 3. बदलाव के लिए आधिकारिक नंबर/पोर्टल इस्तेमाल करें।,Low,P4,"English dataset row; retained from the finalized 1,500-record ScamShield dataset."
G0569,Your subscription renews on 10 October for ₹249.,genuine,subscription,en,Research-backed synthetic,synthetic_research_backed,normal subscription notice,Review the subscription in the official account settings.,1. Review the subscription in the official account settings. 2. Verify the message in the official app/portal if needed. 3. Do not share sensitive information unnecessarily.,Low,P4,"English dataset row; retained from the finalized 1,500-record ScamShield dataset."
G0570,Your airline booking Q4M8LX is confirmed for 2 October.,genuine,travel,en,Research-backed synthetic,synthetic_research_backed,normal travel confirmation,Check the booking in the official airline app.,1. Check the booking in the official airline app. 2. Verify the message in the official app/portal if needed. 3. Do not share sensitive information unnecessarily.,Low,P4,"English dataset row; retained from the finalized 1,500-record ScamShield dataset."
S0571,Rent your WhatsApp account to earn ₹10000 per week. Send the verification code to activate the rental.,scam,whatsapp_web_renting,en,Research-backed synthetic,synthetic_research_backed,"account renting, OTP request, financial incentive",Do not share the verification code or account access.,1. Do not share the verification code or account access. 2. Verify independently using the official service/authority. 3. Preserve evidence. 4. Report suspected cyber fraud.,Critical,P1,"English dataset row; retained from the finalized 1,500-record ScamShield dataset."
G0572,Your subscription renews on 2 October for ₹249.,genuine,subscription,en,Research-backed synthetic,synthetic_research_backed,normal subscription notice,Review the subscription in the official account settings.,1. Review the subscription in the official account settings. 2. Verify the message in the official app/portal if needed. 3. Do not share sensitive information unnecessarily.,Low,P4,"English dataset row; retained from the finalized 1,500-record ScamShield dataset."
S0573,You have been selected for a work-from-home Frontend Developer paying Rs 199 per day. Pay Rs 199 as registration before joining. Immediate action required.,scam,job_scam,en,Research-backed synthetic,synthetic_research_backed,"unrealistic earnings, upfront fee, unsolicited job",Do not pay the registration fee.,1. Do not pay. 2. Verify the employer independently. 3. Do not share identity/banking documents. 4. Block and report the sender.,High,P1,"English dataset row; retained from the finalized 1,500-record ScamShield dataset."
S0574,Congratulations! You won Rs 499 in a lucky draw. Pay Rs 499 tax/processing charges to claim your prize. Immediate action required.,scam,lottery,en,Research-backed synthetic,synthetic_research_backed,"unexpected prize, upfront payment, lottery claim",Do not pay the fee.,1. Do not send money. 2. Do not share financial details. 3. Block the sender. 4. Report the message.,High,P1,"English dataset row; retained from the finalized 1,500-record ScamShield dataset."
G0575,Please review the latest MediSync build before the demo tomorrow. Thank you.,genuine,work,en,Research-backed synthetic,synthetic_research_backed,ordinary workplace communication,Review the work through the normal project channel.,1. Open the known project workspace. 2. Review the requested item. 3. Reply with feedback.,Low,P4,"English dataset row; retained from the finalized 1,500-record ScamShield dataset."
G0576,Rs 199 was spent at BookMyShow using your UPI. — Customer Notification.,genuine,transaction,en,Research-backed synthetic,synthetic_research_backed,normal transaction notification,Verify the transaction in the official banking/payment app.,1. Open the official banking app. 2. Confirm the transaction. 3. Contact the bank only if it is unrecognized.,Low,P4,"English dataset row; retained from the finalized 1,500-record ScamShield dataset."
G0577,Rs 499 was spent at BookMyShow using your debit card. Please keep this for your records.,genuine,transaction,en,Research-backed synthetic,synthetic_research_backed,normal transaction notification,Verify the transaction in the official banking/payment app.,1. Open the official banking app. 2. Confirm the transaction. 3. Contact the bank only if it is unrecognized.,Low,P4,"English dataset row; retained from the finalized 1,500-record ScamShield dataset."
S0578,You have been selected for a work-from-home Frontend Developer paying Rs 1299 per day. Pay Rs 199 as registration before joining. Act now.,scam,job_scam,en,Research-backed synthetic,synthetic_research_backed,"unrealistic earnings, upfront fee, unsolicited job",Do not pay the registration fee.,1. Do not pay. 2. Verify the employer independently. 3. Do not share identity/banking documents. 4. Block and report the sender.,High,P1,"English dataset row; retained from the finalized 1,500-record ScamShield dataset."
G0579,Your Flipkart payment of Rs 1299 was processed successfully.,genuine,transaction,en,Research-backed synthetic,synthetic_research_backed,normal transaction notification,Verify the transaction in the official app or bank statement.,1. Check the transaction in the official app. 2. Confirm the amount and merchant. 3. Keep the receipt if needed.,Low,P4,"English dataset row; retained from the finalized 1,500-record ScamShield dataset."
S0580,Your WhatsApp account will be deleted if you do not verify your identity. Share the 6-digit code sent to you.,scam,account_takeover,en,User-provided reference file,user_reference,"OTP request, urgency",Do not share OTP,Verify through an official channel; follow the expected action above.,High,P1,"English dataset row; retained from the finalized 1,500-record ScamShield dataset."
S0581,A refund of Rs 249 is waiting for you. Share your card number and OTP so we can process it immediately. Act now.,scam,refund_scam,en,Research-backed synthetic,synthetic_research_backed,"refund pretext, card-data request, OTP request",Do not share card or OTP details.,1. Do not share credentials. 2. Check refunds in the official merchant app. 3. Contact official support. 4. Report the sender.,Critical,P1,"English dataset row; retained from the finalized 1,500-record ScamShield dataset."
G0582,Reminder from KIMS: your lab appointment is booked for 2 October at 10:00 AM. Please keep this for your records.,genuine,healthcare,en,Research-backed synthetic,synthetic_research_backed,normal healthcare reminder,Use the clinic's official contact details for changes.,1. Verify the appointment in the clinic system. 2. Add it to your calendar. 3. Contact the clinic through its official number if needed.,Low,P4,"English dataset row; retained from the finalized 1,500-record ScamShield dataset."
G0583,Interview reminder: your Frontend Developer interview is scheduled for 20 October at 6:00 PM. Thank you.,genuine,job_genuine,en,Research-backed synthetic,synthetic_research_backed,normal recruitment communication,Verify the interview through the official recruitment channel.,1. Check the original application. 2. Confirm the interview details. 3. Join through the verified meeting link.,Low,P4,"English dataset row; retained from the finalized 1,500-record ScamShield dataset."
G0584,Your mobile plan has 5 GB remaining and is valid until 30 September.,genuine,telecom_genuine,en,Research-backed synthetic,synthetic_research_backed,normal telecom usage notice,Check usage in the official provider app.,1. Check usage in the official provider app. 2. Verify the message in the official app/portal if needed. 3. Do not share sensitive information unnecessarily.,Low,P4,"English dataset row; retained from the finalized 1,500-record ScamShield dataset."
S0585,We detected an issue with your Microsoft account. Call +91 9XXXX XXXXX and provide your card details for verification. Do not ignore this message.,scam,customer_support,en,Research-backed synthetic,synthetic_research_backed,"fake support, request for financial data, unsolicited contact",Do not provide card or account details.,1. Do not call the supplied number. 2. Use official support channels. 3. Do not share card/OTP details. 4. Block the sender.,Critical,P1,"English dataset row; retained from the finalized 1,500-record ScamShield dataset."
S0586,Our AI trading group guarantees 5% daily profit. Deposit Rs 799 today to activate your account.,scam,investment_scam,en,Research-backed synthetic,synthetic_research_backed,"guaranteed returns, investment pressure, deposit request",Do not transfer money based on the message.,1. Do not deposit funds. 2. Verify the company independently. 3. Check regulatory status where applicable. 4. Report the solicitation.,Critical,P1,"English dataset row; retained from the finalized 1,500-record ScamShield dataset."
G0587,Please review the latest SupportPilot build before the stand-up tomorrow. — Customer Notification.,genuine,work,en,Research-backed synthetic,synthetic_research_backed,ordinary workplace communication,Review the work through the normal project channel.,1. Open the known project workspace. 2. Review the requested item. 3. Reply with feedback.,Low,P4,"English dataset row; retained from the finalized 1,500-record ScamShield dataset."
S0588,Your Flipkart account has been locked. Verify your identity now at http://secure-update.invalid to avoid permanent closure. Immediate action required.,scam,phishing,en,Research-backed synthetic,synthetic_research_backed,"account threat, urgency, suspicious URL, credential harvesting",Do not click the link.,1. Do not open the URL. 2. Visit the service by typing its official address. 3. Change credentials if exposed. 4. Report the message.,High,P1,"English dataset row; retained from the finalized 1,500-record ScamShield dataset."
G0589,Reminder: your lab appointment is scheduled for 15 October at 10:00 AM. Please keep this for your records.,genuine,appointment,en,Research-backed synthetic,synthetic_research_backed,normal appointment reminder,Confirm or reschedule through the official provider if necessary.,1. Check the appointment details. 2. Add it to your calendar. 3. Use the provider's official contact channel for changes.,Low,P4,"English dataset row; retained from the finalized 1,500-record ScamShield dataset."
S0590,Congratulations! You won Rs 4999 in a lucky draw. Pay Rs 199 tax/processing charges to claim your prize. Do not ignore this message.,scam,lottery,en,Research-backed synthetic,synthetic_research_backed,"unexpected prize, upfront payment, lottery claim",Do not pay the fee.,1. Do not send money. 2. Do not share financial details. 3. Block the sender. 4. Report the message.,High,P1,"English dataset row; retained from the finalized 1,500-record ScamShield dataset."
G0591,"Hi Priya, are we still meeting at office around 6:00 PM today? Thank you.",genuine,personal,en,Research-backed synthetic,synthetic_research_backed,ordinary personal communication,Reply through the normal conversation channel.,1. Check your plans. 2. Reply to the sender. 3. Do not take any financial action based only on this message.,Low,P4,"English dataset row; retained from the finalized 1,500-record ScamShield dataset."
S0592,You have been selected for a work-from-home Data Analyst paying Rs 1299 per day. Pay Rs 299 as registration before joining. Act now.,scam,job_scam,en,Research-backed synthetic,synthetic_research_backed,"unrealistic earnings, upfront fee, unsolicited job",Do not pay the registration fee.,1. Do not pay. 2. Verify the employer independently. 3. Do not share identity/banking documents. 4. Block and report the sender.,High,P1,"English dataset row; retained from the finalized 1,500-record ScamShield dataset."
G0593,Can you bring the ID card when you come to office? Please keep this for your records.,genuine,personal,en,Research-backed synthetic,synthetic_research_backed,ordinary personal communication,Reply normally if the request is expected.,1. Confirm the context. 2. Reply normally. 3. Ignore if the sender is unknown.,Low,P4,"English dataset row; retained from the finalized 1,500-record ScamShield dataset."
S0594,Your SIM will be disconnected in 4 hours because it was used for illegal activity. Call this number immediately. Immediate action required.,scam,telecom_threat,en,Research-backed synthetic,synthetic_research_backed,"telecom impersonation, urgency, threat, callback request",Do not call the supplied number.,1. Do not call the supplied number. 2. Check account status in the official telecom app. 3. Contact official support. 4. Report the message.,High,P1,"English dataset row; retained from the finalized 1,500-record ScamShield dataset."
G0595,Your electricity bill of Rs 249 is due on 30 September. Please pay through the official utility portal. Please keep this for your records.,genuine,utility_genuine,en,Research-backed synthetic,synthetic_research_backed,normal utility bill reminder,Use the official utility website/app.,1. Verify the bill in the official portal. 2. Check the due date and amount. 3. Pay only through the official channel.,Low,P4,"English dataset row; retained from the finalized 1,500-record ScamShield dataset."
S0596,Your Google account has been locked. Verify your identity now at http://account-check.invalid to avoid permanent closure. Do not ignore this message.,scam,phishing,en,Research-backed synthetic,synthetic_research_backed,"account threat, urgency, suspicious URL, credential harvesting",Do not click the link.,1. Do not open the URL. 2. Visit the service by typing its official address. 3. Change credentials if exposed. 4. Report the message.,High,P1,"English dataset row; retained from the finalized 1,500-record ScamShield dataset."
S0597,Please donate Rs 4999 for an emergency relief campaign. Transfer to this personal UPI ID today.,scam,charity_scam,en,Research-backed synthetic,synthetic_research_backed,"emotional appeal, personal payment destination, urgency",Verify the charity and donation channel independently.,1. Do not transfer to an unverified personal account. 2. Check the organization's official website. 3. Donate through verified channels. 4. Report the message.,Medium,P2,"English dataset row; retained from the finalized 1,500-record ScamShield dataset."
S0598,Congratulations! You won Rs 4999 in a lucky draw. Pay Rs 199 tax/processing charges to claim your prize. Act now.,scam,lottery,en,Research-backed synthetic,synthetic_research_backed,"unexpected prize, upfront payment, lottery claim",Do not pay the fee.,1. Do not send money. 2. Do not share financial details. 3. Block the sender. 4. Report the message.,High,P1,"English dataset row; retained from the finalized 1,500-record ScamShield dataset."
G0599,Your Uber payment of Rs 249 was processed successfully. Please keep this for your records.,genuine,transaction,en,Research-backed synthetic,synthetic_research_backed,normal transaction notification,Verify the transaction in the official app or bank statement.,1. Check the transaction in the official app. 2. Confirm the amount and merchant. 3. Keep the receipt if needed.,Low,P4,"English dataset row; retained from the finalized 1,500-record ScamShield dataset."
S0600,Urgent: your ICICI Bank account will be blocked today because PAN/KYC is incomplete. Click http://secure-update.invalid to update now.,scam,bank_kyc,en,Research-backed synthetic,synthetic_research_backed,"bank impersonation, urgency, suspicious URL, KYC request",Do not click the link or share banking credentials.,1. Do not click the link. 2. Open the bank's official app/site manually. 3. Verify KYC status. 4. Report the message if fraudulent.,High,P1,"English dataset row; retained from the finalized 1,500-record ScamShield dataset."
G0601,Your Blue Dart order #403-5820147 has shipped and is expected to arrive on 30 September. Please keep this for your records.,genuine,delivery,en,Research-backed synthetic,synthetic_research_backed,normal delivery update,Track through the official retailer/carrier app if needed.,1. Open the official app if tracking is required. 2. Check the order number. 3. No payment is required unless shown in the official order flow.,Low,P4,"English dataset row; retained from the finalized 1,500-record ScamShield dataset."
S0602,Work from home and earn 5000 INR daily by liking videos. Pay 1000 INR registration fee to start.,scam,job_scam,en,User-provided reference file,user_reference,"easy money, upfront fee",Do not pay fee,Verify through an official channel; follow the expected action above.,High,P1,"English dataset row; retained from the finalized 1,500-record ScamShield dataset."
G0603,Your BSNL data plan has 2.8 GB remaining and is valid until 20 October. Please keep this for your records.,genuine,telecom_genuine,en,Research-backed synthetic,synthetic_research_backed,normal telecom usage notice,Check usage in the official telecom app if needed.,1. Open the official provider app. 2. Review plan usage. 3. Recharge only through official channels.,Low,P4,"English dataset row; retained from the finalized 1,500-record ScamShield dataset."
S0604,Our AI trading group guarantees 5% daily profit. Deposit Rs 4999 today to activate your account. Act now.,scam,investment_scam,en,Research-backed synthetic,synthetic_research_backed,"guaranteed returns, investment pressure, deposit request",Do not transfer money based on the message.,1. Do not deposit funds. 2. Verify the company independently. 3. Check regulatory status where applicable. 4. Report the solicitation.,Critical,P1,"English dataset row; retained from the finalized 1,500-record ScamShield dataset."
G0605,The department has published the timetable for the end-term examination. Thank you.,genuine,education,en,Research-backed synthetic,synthetic_research_backed,normal educational announcement,Check the official college/university portal.,1. Open the official portal. 2. Confirm the timetable. 3. Note the exam date and time.,Low,P4,"English dataset row; retained from the finalized 1,500-record ScamShield dataset."
G0606,The ScamShield API test report is ready for review.,genuine,work,en,Research-backed synthetic,synthetic_research_backed,ordinary workplace communication,Open the report from the known work repository.,1. Verify the project context. 2. Review the report. 3. Share findings through the normal team channel.,Low,P4,"English dataset row; retained from the finalized 1,500-record ScamShield dataset."
S0607,Your parcel is held because of a Rs 199 customs/redelivery charge. Pay at http://secure-update.invalid within 2 hours. Act now.,scam,delivery,en,Research-backed synthetic,synthetic_research_backed,"delivery impersonation, small fee, urgency, suspicious URL",Do not pay through the provided link.,1. Do not open the link. 2. Check the order on the official retailer/carrier site. 3. Verify any fee there. 4. Report the SMS.,High,P1,"English dataset row; retained from the finalized 1,500-record ScamShield dataset."
S0608,Our crypto trading bot guarantees 50% profit every day. Deposit ₹999 now to join.,scam,crypto_investment,en,Research-backed synthetic,synthetic_research_backed,"guaranteed returns, crypto solicitation, deposit request",Do not transfer money based on guaranteed-profit claims.,1. Do not transfer money based on guaranteed-profit claims. 2. Verify independently using the official service/authority. 3. Preserve evidence. 4. Report suspected cyber fraud.,Critical,P1,"English dataset row; retained from the finalized 1,500-record ScamShield dataset."
S0609,Earn ₹25000 daily by completing CAPTCHA tasks. Pay ₹1999 registration/software charges to activate your account.,scam,fake_captcha_job,en,Research-backed synthetic,synthetic_research_backed,"upfront fee, unrealistic earnings, fake job platform",Do not pay the registration fee.,1. Do not pay the registration fee. 2. Verify independently using the official service/authority. 3. Preserve evidence. 4. Report suspected cyber fraud.,High,P1,"English dataset row; retained from the finalized 1,500-record ScamShield dataset."
G0610,Your verification code for Google is G-123456. Do not share it with anyone.,genuine,otp,en,User-provided reference file,user_reference,None,None,Verify through an official channel; follow the expected action above.,Low,P4,"English dataset row; retained from the finalized 1,500-record ScamShield dataset."
S0611,Your parcel is held because of a Rs 299 customs/redelivery charge. Pay at http://secure-update.invalid within 2 hours. Act now.,scam,delivery,en,Research-backed synthetic,synthetic_research_backed,"delivery impersonation, small fee, urgency, suspicious URL",Do not pay through the provided link.,1. Do not open the link. 2. Check the order on the official retailer/carrier site. 3. Verify any fee there. 4. Report the SMS.,High,P1,"English dataset row; retained from the finalized 1,500-record ScamShield dataset."
S0612,You have been selected for a work-from-home Java Backend Developer paying Rs 249 per day. Pay Rs 199 as registration before joining. Immediate action required.,scam,job_scam,en,Research-backed synthetic,synthetic_research_backed,"unrealistic earnings, upfront fee, unsolicited job",Do not pay the registration fee.,1. Do not pay. 2. Verify the employer independently. 3. Do not share identity/banking documents. 4. Block and report the sender.,High,P1,"English dataset row; retained from the finalized 1,500-record ScamShield dataset."
G0613,Your BookMyShow payment of Rs 799 was processed successfully. — Customer Notification.,genuine,transaction,en,Research-backed synthetic,synthetic_research_backed,normal transaction notification,Verify the transaction in the official app or bank statement.,1. Check the transaction in the official app. 2. Confirm the amount and merchant. 3. Keep the receipt if needed.,Low,P4,"English dataset row; retained from the finalized 1,500-record ScamShield dataset."
S0614,Our crypto trading bot guarantees 10% profit every day. Deposit ₹499 now to join.,scam,crypto_investment,en,Research-backed synthetic,synthetic_research_backed,"guaranteed returns, crypto solicitation, deposit request",Do not transfer money based on guaranteed-profit claims.,1. Do not transfer money based on guaranteed-profit claims. 2. Verify independently using the official service/authority. 3. Preserve evidence. 4. Report suspected cyber fraud.,Critical,P1,"English dataset row; retained from the finalized 1,500-record ScamShield dataset."
S0615,Premium apartment available at a very low rent. Send a refundable booking deposit of Rs 199 before viewing. Immediate action required.,scam,rental_scam,en,Research-backed synthetic,synthetic_research_backed,"unusually low price, advance deposit, no viewing",Do not pay a deposit before independently verifying the property and owner.,1. Do not transfer the deposit. 2. Verify ownership/listing independently. 3. Inspect the property. 4. Report suspicious listings.,High,P2,"English dataset row; retained from the finalized 1,500-record ScamShield dataset."
S0616,Your Microsoft account has been locked. Verify your identity now at http://secure-update.invalid to avoid permanent closure. Do not ignore this message.,scam,phishing,en,Research-backed synthetic,synthetic_research_backed,"account threat, urgency, suspicious URL, credential harvesting",Do not click the link.,1. Do not open the URL. 2. Visit the service by typing its official address. 3. Change credentials if exposed. 4. Report the message.,High,P1,"English dataset row; retained from the finalized 1,500-record ScamShield dataset."
S0617,Premium apartment available at a very low rent. Send a refundable booking deposit of Rs 199 before viewing. Act now.,scam,rental_scam,en,Research-backed synthetic,synthetic_research_backed,"unusually low price, advance deposit, no viewing",Do not pay a deposit before independently verifying the property and owner.,1. Do not transfer the deposit. 2. Verify ownership/listing independently. 3. Inspect the property. 4. Report suspicious listings.,High,P2,"English dataset row; retained from the finalized 1,500-record ScamShield dataset."
G0618,Your application for the ML Intern position has moved to the next stage. Please check the company careers portal.,genuine,job_genuine,en,Research-backed synthetic,synthetic_research_backed,normal recruitment communication,Access the known company careers portal directly.,1. Open the company website manually. 2. Check application status. 3. Follow the official recruitment process.,Low,P4,"English dataset row; retained from the finalized 1,500-record ScamShield dataset."
S0619,Please donate Rs 1299 for an emergency relief campaign. Transfer to this personal UPI ID today.,scam,charity_scam,en,Research-backed synthetic,synthetic_research_backed,"emotional appeal, personal payment destination, urgency",Verify the charity and donation channel independently.,1. Do not transfer to an unverified personal account. 2. Check the organization's official website. 3. Donate through verified channels. 4. Report the message.,Medium,P2,"English dataset row; retained from the finalized 1,500-record ScamShield dataset."
G0620,Your verification code for Flipkart is M-562901. Do not share it with anyone. Thank you.,genuine,otp,en,Research-backed synthetic,synthetic_research_backed,legitimate verification-code notice,Use the code only in the login/verification flow you initiated.,"1. Use the code only on the official service. 2. Never forward the code. 3. If you did not request it, ignore it and review account security.",Low,P4,"English dataset row; retained from the finalized 1,500-record ScamShield dataset."
S0621,Congratulations! You won Rs 1299 in a lucky draw. Pay Rs 499 tax/processing charges to claim your prize. Immediate action required.,scam,lottery,en,Research-backed synthetic,synthetic_research_backed,"unexpected prize, upfront payment, lottery claim",Do not pay the fee.,1. Do not send money. 2. Do not share financial details. 3. Block the sender. 4. Report the message.,High,P1,"English dataset row; retained from the finalized 1,500-record ScamShield dataset."
G0622,Your service request SUP-23817 has been completed. Please review the update in the official portal. — Customer Notification.,genuine,service_update,en,Research-backed synthetic,synthetic_research_backed,normal service update,Review the request through the official portal.,1. Open the official portal directly. 2. Check the request status. 3. Contact official support if the result is incorrect.,Low,P4,"English dataset row; retained from the finalized 1,500-record ScamShield dataset."
G0623,Reminder: your dentist appointment is scheduled for 30 September at 4:30 PM. Thank you.,genuine,appointment,en,Research-backed synthetic,synthetic_research_backed,normal appointment reminder,Confirm or reschedule through the official provider if necessary.,1. Check the appointment details. 2. Add it to your calendar. 3. Use the provider's official contact channel for changes.,Low,P4,"English dataset row; retained from the finalized 1,500-record ScamShield dataset."
S0624,Exclusive offer from a social-media ad: deposit ₹2499 and get guaranteed returns within 24 hours.,scam,fake_social_media_ad,en,Research-backed synthetic,synthetic_research_backed,"social-media advertisement, guaranteed return, deposit request",Do not transfer money from an unverified advertisement.,1. Do not transfer money from an unverified advertisement. 2. Verify independently using the official service/authority. 3. Preserve evidence. 4. Report suspected cyber fraud.,Critical,P1,"English dataset row; retained from the finalized 1,500-record ScamShield dataset."
S0625,Urgent: your HDFC Bank account will be blocked today because PAN/KYC is incomplete. Click http://account-check.invalid to update now. Do not ignore this message.,scam,bank_kyc,en,Research-backed synthetic,synthetic_research_backed,"bank impersonation, urgency, suspicious URL, KYC request",Do not click the link or share banking credentials.,1. Do not click the link. 2. Open the bank's official app/site manually. 3. Verify KYC status. 4. Report the message if fraudulent.,High,P1,"English dataset row; retained from the finalized 1,500-record ScamShield dataset."
S0626,"To receive your refund of Rs 499, scan this QR and enter your UPI PIN. Immediate action required.",scam,upi_qr,en,Research-backed synthetic,synthetic_research_backed,"QR-for-receiving-money, UPI PIN request, refund pretext",Do not scan the QR or enter the UPI PIN.,1. Do not scan the QR. 2. Never enter a UPI PIN to receive money. 3. Verify the refund in the official app. 4. Report the sender.,Critical,P1,"English dataset row; retained from the finalized 1,500-record ScamShield dataset."
G0627,The department seminar on Cybersecurity will be held on 5 October in sample-venue.,genuine,college_announcement,en,Research-backed synthetic,synthetic_research_backed,normal institutional announcement,Check the official college communication channel for details.,1. Verify the announcement in the official portal/email. 2. Note the venue and time. 3. Attend if relevant.,Low,P4,"English dataset row; retained from the finalized 1,500-record ScamShield dataset."
S0628,I trust you completely. I can show you a special crypto investment platform. Send ₹5000 and we will grow it together.,scam,matrimonial_investment,en,Research-backed synthetic,synthetic_research_backed,"romance grooming, investment pitch, money request",Do not send money to an online romantic contact.,1. Do not send money to an online romantic contact. 2. Verify independently using the official service/authority. 3. Preserve evidence. 4. Report suspected cyber fraud.,Critical,P1,"English dataset row; retained from the finalized 1,500-record ScamShield dataset."
S0629,Our AI trading group guarantees 5% daily profit. Deposit Rs 499 today to activate your account.,scam,investment_scam,en,Research-backed synthetic,synthetic_research_backed,"guaranteed returns, investment pressure, deposit request",Do not transfer money based on the message.,1. Do not deposit funds. 2. Verify the company independently. 3. Check regulatory status where applicable. 4. Report the solicitation.,Critical,P1,"English dataset row; retained from the finalized 1,500-record ScamShield dataset."
G0630,Your application for the Data Analyst position has moved to the next stage. Please check the company careers portal. Thank you.,genuine,job_genuine,en,Research-backed synthetic,synthetic_research_backed,normal recruitment communication,Access the known company careers portal directly.,1. Open the company website manually. 2. Check application status. 3. Follow the official recruitment process.,Low,P4,"English dataset row; retained from the finalized 1,500-record ScamShield dataset."
S0631,You have been selected for a work-from-home Frontend Developer paying Rs 499 per day. Pay Rs 499 as registration before joining.,scam,job_scam,en,Research-backed synthetic,synthetic_research_backed,"unrealistic earnings, upfront fee, unsolicited job",Do not pay the registration fee.,1. Do not pay. 2. Verify the employer independently. 3. Do not share identity/banking documents. 4. Block and report the sender.,High,P1,"English dataset row; retained from the finalized 1,500-record ScamShield dataset."
G0632,Your subscription to Amazon has been renewed successfully. — Customer Notification.,genuine,subscription,en,Research-backed synthetic,synthetic_research_backed,normal subscription notice,Verify the renewal in the official account.,1. Open the official service app. 2. Check billing history. 3. Contact official support if the charge is unfamiliar.,Low,P4,"English dataset row; retained from the finalized 1,500-record ScamShield dataset."
G0633,Your Amazon Logistics order #401-8246152 has shipped and is expected to arrive on 20 October. Thank you.,genuine,delivery,en,Research-backed synthetic,synthetic_research_backed,normal delivery update,Track through the official retailer/carrier app if needed.,1. Open the official app if tracking is required. 2. Check the order number. 3. No payment is required unless shown in the official order flow.,Low,P4,"English dataset row; retained from the finalized 1,500-record ScamShield dataset."
G0634,Your airline booking R2N6VT is confirmed for 15 October.,genuine,travel,en,Research-backed synthetic,synthetic_research_backed,normal travel confirmation,Check the booking in the official airline app.,1. Check the booking in the official airline app. 2. Verify the message in the official app/portal if needed. 3. Do not share sensitive information unnecessarily.,Low,P4,"English dataset row; retained from the finalized 1,500-record ScamShield dataset."
S0635,Please donate Rs 249 for an emergency relief campaign. Transfer to this personal UPI ID today.,scam,charity_scam,en,Research-backed synthetic,synthetic_research_backed,"emotional appeal, personal payment destination, urgency",Verify the charity and donation channel independently.,1. Do not transfer to an unverified personal account. 2. Check the organization's official website. 3. Donate through verified channels. 4. Report the message.,Medium,P2,"English dataset row; retained from the finalized 1,500-record ScamShield dataset."
S0636,You have been selected for a work-from-home Java Backend Developer paying Rs 799 per day. Pay Rs 299 as registration before joining. Do not ignore this message.,scam,job_scam,en,Research-backed synthetic,synthetic_research_backed,"unrealistic earnings, upfront fee, unsolicited job",Do not pay the registration fee.,1. Do not pay. 2. Verify the employer independently. 3. Do not share identity/banking documents. 4. Block and report the sender.,High,P1,"English dataset row; retained from the finalized 1,500-record ScamShield dataset."
G0637,Your subscription renews on 5 October for ₹249.,genuine,subscription,en,Research-backed synthetic,synthetic_research_backed,normal subscription notice,Review the subscription in the official account settings.,1. Review the subscription in the official account settings. 2. Verify the message in the official app/portal if needed. 3. Do not share sensitive information unnecessarily.,Low,P4,"English dataset row; retained from the finalized 1,500-record ScamShield dataset."
S0638,Your parcel is held because of a Rs 299 customs/redelivery charge. Pay at https://example.invalid/verify within 2 hours.,scam,delivery,en,Research-backed synthetic,synthetic_research_backed,"delivery impersonation, small fee, urgency, suspicious URL",Do not pay through the provided link.,1. Do not open the link. 2. Check the order on the official retailer/carrier site. 3. Verify any fee there. 4. Report the SMS.,High,P1,"English dataset row; retained from the finalized 1,500-record ScamShield dataset."
S0639,You have been selected for a work-from-home Frontend Developer paying Rs 249 per day. Pay Rs 999 as registration before joining. Act now.,scam,job_scam,en,Research-backed synthetic,synthetic_research_backed,"unrealistic earnings, upfront fee, unsolicited job",Do not pay the registration fee.,1. Do not pay. 2. Verify the employer independently. 3. Do not share identity/banking documents. 4. Block and report the sender.,High,P1,"English dataset row; retained from the finalized 1,500-record ScamShield dataset."
G0640,"Hi Rahul, are we still meeting at campus cafeteria around 10:00 AM today? Thank you.",genuine,personal,en,Research-backed synthetic,synthetic_research_backed,ordinary personal communication,Reply through the normal conversation channel.,1. Check your plans. 2. Reply to the sender. 3. Do not take any financial action based only on this message.,Low,P4,"English dataset row; retained from the finalized 1,500-record ScamShield dataset."
G0641,Your Amazon payment of Rs 1299 was processed successfully.,genuine,transaction,en,Research-backed synthetic,synthetic_research_backed,normal transaction notification,Verify the transaction in the official app or bank statement.,1. Check the transaction in the official app. 2. Confirm the amount and merchant. 3. Keep the receipt if needed.,Low,P4,"English dataset row; retained from the finalized 1,500-record ScamShield dataset."
G0642,याद दिलाया जाता है कि आपकी dentist appointment 15 October को 2:00 PM बजे है। Please keep this for your records.,genuine,appointment,en,Research-backed synthetic,synthetic_research_backed,normal appointment reminder,Use the official provider channel for confirmation or changes.,1. समय जांचें। 2. कैलेंडर में सेव करें। 3. बदलाव के लिए आधिकारिक नंबर/पोर्टल इस्तेमाल करें।,Low,P4,"English dataset row; retained from the finalized 1,500-record ScamShield dataset."
S0643,Urgent: your Axis Bank account will be blocked today because PAN/KYC is incomplete. Click http://secure-update.invalid to update now. Do not ignore this message.,scam,bank_kyc,en,Research-backed synthetic,synthetic_research_backed,"bank impersonation, urgency, suspicious URL, KYC request",Do not click the link or share banking credentials.,1. Do not click the link. 2. Open the bank's official app/site manually. 3. Verify KYC status. 4. Report the message if fraudulent.,High,P1,"English dataset row; retained from the finalized 1,500-record ScamShield dataset."
S0644,Your insurance policy bonus is ready. Pay Rs 199 service charges and send your Aadhaar and bank details to receive it. Do not ignore this message.,scam,insurance_scam,en,Research-backed synthetic,synthetic_research_backed,"unexpected bonus, advance fee, identity-data request",Do not pay or send identity/bank documents.,1. Do not pay. 2. Contact the insurer through the official website/number. 3. Do not send identity documents. 4. Report the message.,High,P1,"English dataset row; retained from the finalized 1,500-record ScamShield dataset."
G0645,Your Amazon Logistics order #403-5820147 has shipped and is expected to arrive on 5 October. Please keep this for your records.,genuine,delivery,en,Research-backed synthetic,synthetic_research_backed,normal delivery update,Track through the official retailer/carrier app if needed.,1. Open the official app if tracking is required. 2. Check the order number. 3. No payment is required unless shown in the official order flow.,Low,P4,"English dataset row; retained from the finalized 1,500-record ScamShield dataset."
G0646,Your order #402-1937460 from the store has been confirmed.,genuine,ecommerce,en,Research-backed synthetic,synthetic_research_backed,normal ecommerce notification,Check the order in the official shopping account.,1. Check the order in the official shopping account. 2. Verify the message in the official app/portal if needed. 3. Do not share sensitive information unnecessarily.,Low,P4,"English dataset row; retained from the finalized 1,500-record ScamShield dataset."
S0647,"To receive your refund of Rs 249, scan this QR and enter your UPI PIN. Do not ignore this message.",scam,upi_qr,en,Research-backed synthetic,synthetic_research_backed,"QR-for-receiving-money, UPI PIN request, refund pretext",Do not scan the QR or enter the UPI PIN.,1. Do not scan the QR. 2. Never enter a UPI PIN to receive money. 3. Verify the refund in the official app. 4. Report the sender.,Critical,P1,"English dataset row; retained from the finalized 1,500-record ScamShield dataset."
G0648,Your service request SS-10482 has been completed. Please review the update in the official portal.,genuine,service_update,en,Research-backed synthetic,synthetic_research_backed,normal service update,Review the request through the official portal.,1. Open the official portal directly. 2. Check the request status. 3. Contact official support if the result is incorrect.,Low,P4,"English dataset row; retained from the finalized 1,500-record ScamShield dataset."
G0649,Your DTDC order #401-8246152 has shipped and is expected to arrive on 10 October. Thank you.,genuine,delivery,en,Research-backed synthetic,synthetic_research_backed,normal delivery update,Track through the official retailer/carrier app if needed.,1. Open the official app if tracking is required. 2. Check the order number. 3. No payment is required unless shown in the official order flow.,Low,P4,"English dataset row; retained from the finalized 1,500-record ScamShield dataset."
G0650,Your electricity bill of Rs 4999 is due on 15 October. Please pay through the official utility portal. — Customer Notification.,genuine,utility_genuine,en,Research-backed synthetic,synthetic_research_backed,normal utility bill reminder,Use the official utility website/app.,1. Verify the bill in the official portal. 2. Check the due date and amount. 3. Pay only through the official channel.,Low,P4,"English dataset row; retained from the finalized 1,500-record ScamShield dataset."
S0651,You have been selected for a work-from-home Data Analyst paying Rs 799 per day. Pay Rs 299 as registration before joining.,scam,job_scam,en,Research-backed synthetic,synthetic_research_backed,"unrealistic earnings, upfront fee, unsolicited job",Do not pay the registration fee.,1. Do not pay. 2. Verify the employer independently. 3. Do not share identity/banking documents. 4. Block and report the sender.,High,P1,"English dataset row; retained from the finalized 1,500-record ScamShield dataset."
S0652,Please donate Rs 2499 for an emergency relief campaign. Transfer to this personal UPI ID today.,scam,charity_scam,en,Research-backed synthetic,synthetic_research_backed,"emotional appeal, personal payment destination, urgency",Verify the charity and donation channel independently.,1. Do not transfer to an unverified personal account. 2. Check the organization's official website. 3. Donate through verified channels. 4. Report the message.,Medium,P2,"English dataset row; retained from the finalized 1,500-record ScamShield dataset."
S0653,You have been selected for a work-from-home ML Intern paying Rs 199 per day. Pay Rs 1499 as registration before joining. Immediate action required.,scam,job_scam,en,Research-backed synthetic,synthetic_research_backed,"unrealistic earnings, upfront fee, unsolicited job",Do not pay the registration fee.,1. Do not pay. 2. Verify the employer independently. 3. Do not share identity/banking documents. 4. Block and report the sender.,High,P1,"English dataset row; retained from the finalized 1,500-record ScamShield dataset."
G0654,Your order #401-8246152 from BookMyShow has been confirmed for delivery. — Customer Notification.,genuine,ecommerce,en,Research-backed synthetic,synthetic_research_backed,normal ecommerce order confirmation,Check order status in the official store account.,1. Open the official shopping app/site. 2. Verify the order. 3. Contact official support for changes.,Low,P4,"English dataset row; retained from the finalized 1,500-record ScamShield dataset."
S0655,Premium apartment available at a very low rent. Send a refundable booking deposit of Rs 199 before viewing.,scam,rental_scam,en,Research-backed synthetic,synthetic_research_backed,"unusually low price, advance deposit, no viewing",Do not pay a deposit before independently verifying the property and owner.,1. Do not transfer the deposit. 2. Verify ownership/listing independently. 3. Inspect the property. 4. Report suspicious listings.,High,P2,"English dataset row; retained from the finalized 1,500-record ScamShield dataset."
S0656,Hey it's me. Can you send $50 to this Zelle? I lost my wallet.,scam,impersonation,en,User-provided reference file,user_reference,"money request, urgency",Verify via call,Verify through an official channel; follow the expected action above.,High,P1,"English dataset row; retained from the finalized 1,500-record ScamShield dataset."
S0657,"Hi, I lost my phone and need you to urgently transfer Rs 799 to this new account. Please don't call. Do not ignore this message.",scam,impersonation,en,Research-backed synthetic,synthetic_research_backed,"impersonation, money request, urgency, discouraging verification",Verify the person's identity through an independent channel before any payment.,1. Do not transfer money. 2. Call the person using a known number. 3. Confirm the request independently. 4. Report if fraudulent.,High,P1,"English dataset row; retained from the finalized 1,500-record ScamShield dataset."
S0658,"Hi, I lost my phone and need you to urgently transfer Rs 249 to this new account. Please don't call. Do not ignore this message.",scam,impersonation,en,Research-backed synthetic,synthetic_research_backed,"impersonation, money request, urgency, discouraging verification",Verify the person's identity through an independent channel before any payment.,1. Do not transfer money. 2. Call the person using a known number. 3. Confirm the request independently. 4. Report if fraudulent.,High,P1,"English dataset row; retained from the finalized 1,500-record ScamShield dataset."
S0659,You have been selected for a work-from-home Java Backend Developer paying Rs 2499 per day. Pay Rs 499 as registration before joining. Do not ignore this message.,scam,job_scam,en,Research-backed synthetic,synthetic_research_backed,"unrealistic earnings, upfront fee, unsolicited job",Do not pay the registration fee.,1. Do not pay. 2. Verify the employer independently. 3. Do not share identity/banking documents. 4. Block and report the sender.,High,P1,"English dataset row; retained from the finalized 1,500-record ScamShield dataset."
S0660,Our AI trading group guarantees 20% daily profit. Deposit Rs 199 today to activate your account.,scam,investment_scam,en,Research-backed synthetic,synthetic_research_backed,"guaranteed returns, investment pressure, deposit request",Do not transfer money based on the message.,1. Do not deposit funds. 2. Verify the company independently. 3. Check regulatory status where applicable. 4. Report the solicitation.,Critical,P1,"English dataset row; retained from the finalized 1,500-record ScamShield dataset."
G0661,Please review the latest ScamShield build before the review tomorrow. — Customer Notification.,genuine,work,en,Research-backed synthetic,synthetic_research_backed,ordinary workplace communication,Review the work through the normal project channel.,1. Open the known project workspace. 2. Review the requested item. 3. Reply with feedback.,Low,P4,"English dataset row; retained from the finalized 1,500-record ScamShield dataset."
G0662,Your Flipkart subscription renews on 5 October for Rs 4999.,genuine,subscription,en,Research-backed synthetic,synthetic_research_backed,normal subscription notice,Review the subscription in the official account settings.,1. Check the subscription details. 2. Confirm the renewal amount. 3. Cancel only through the official account if desired.,Low,P4,"English dataset row; retained from the finalized 1,500-record ScamShield dataset."
G0663,Your verification code for Google is G-987654. Do not share it with anyone.,genuine,otp,en,User-provided reference file,user_reference,None,Use code securely,Verify through an official channel; follow the expected action above.,Low,P4,"English dataset row; retained from the finalized 1,500-record ScamShield dataset."
G0664,Interview reminder: your Data Analyst interview is scheduled for 15 October at 9:30 AM. Thank you.,genuine,job_genuine,en,Research-backed synthetic,synthetic_research_backed,normal recruitment communication,Verify the interview through the official recruitment channel.,1. Check the original application. 2. Confirm the interview details. 3. Join through the verified meeting link.,Low,P4,"English dataset row; retained from the finalized 1,500-record ScamShield dataset."
S0665,Your Microsoft account has been locked. Verify your identity now at https://example.invalid/verify to avoid permanent closure.,scam,phishing,en,Research-backed synthetic,synthetic_research_backed,"account threat, urgency, suspicious URL, credential harvesting",Do not click the link.,1. Do not open the URL. 2. Visit the service by typing its official address. 3. Change credentials if exposed. 4. Report the message.,High,P1,"English dataset row; retained from the finalized 1,500-record ScamShield dataset."
G0666,The Machine Learning assignment deadline is 2 October. Please submit it through the student portal. Please keep this for your records.,genuine,education,en,Research-backed synthetic,synthetic_research_backed,normal educational announcement,Use the official student portal.,1. Check the assignment details. 2. Prepare the submission. 3. Upload through the official portal before the deadline.,Low,P4,"English dataset row; retained from the finalized 1,500-record ScamShield dataset."
G0667,Microsoft verification code G-481205 है। इसे किसी के साथ साझा न करें। Thank you.,genuine,otp,en,Research-backed synthetic,synthetic_research_backed,legitimate verification-code notice,Use only for the verification you initiated.,1. कोड केवल आधिकारिक स्क्रीन पर दर्ज करें। 2. किसी को न बताएं। 3. अनचाहा कोड हो तो पासवर्ड/सुरक्षा जांचें।,Low,P4,"English dataset row; retained from the finalized 1,500-record ScamShield dataset."
G0668,Your Airtel data plan has 800 MB remaining and is valid until 10 October.,genuine,telecom_genuine,en,Research-backed synthetic,synthetic_research_backed,normal telecom usage notice,Check usage in the official telecom app if needed.,1. Open the official provider app. 2. Review plan usage. 3. Recharge only through official channels.,Low,P4,"English dataset row; retained from the finalized 1,500-record ScamShield dataset."
G0669,Your verification code for Microsoft is A-739214. Do not share it with anyone.,genuine,otp,en,Research-backed synthetic,synthetic_research_backed,legitimate verification-code notice,Use the code only in the login/verification flow you initiated.,"1. Use the code only on the official service. 2. Never forward the code. 3. If you did not request it, ignore it and review account security.",Low,P4,"English dataset row; retained from the finalized 1,500-record ScamShield dataset."
G0670,Can you bring the notes when you come to office? Please keep this for your records.,genuine,personal,en,Research-backed synthetic,synthetic_research_backed,ordinary personal communication,Reply normally if the request is expected.,1. Confirm the context. 2. Reply normally. 3. Ignore if the sender is unknown.,Low,P4,"English dataset row; retained from the finalized 1,500-record ScamShield dataset."
S0671,Your parcel is held because of a Rs 499 customs/redelivery charge. Pay at http://account-check.invalid within 2 hours. Immediate action required.,scam,delivery,en,Research-backed synthetic,synthetic_research_backed,"delivery impersonation, small fee, urgency, suspicious URL",Do not pay through the provided link.,1. Do not open the link. 2. Check the order on the official retailer/carrier site. 3. Verify any fee there. 4. Report the SMS.,High,P1,"English dataset row; retained from the finalized 1,500-record ScamShield dataset."
S0672,A refund of Rs 1299 is waiting for you. Share your card number and OTP so we can process it immediately. Immediate action required.,scam,refund_scam,en,Research-backed synthetic,synthetic_research_backed,"refund pretext, card-data request, OTP request",Do not share card or OTP details.,1. Do not share credentials. 2. Check refunds in the official merchant app. 3. Contact official support. 4. Report the sender.,Critical,P1,"English dataset row; retained from the finalized 1,500-record ScamShield dataset."
G0673,Please review the latest Live Call Guardian build before the stand-up tomorrow. Thank you.,genuine,work,en,Research-backed synthetic,synthetic_research_backed,ordinary workplace communication,Review the work through the normal project channel.,1. Open the known project workspace. 2. Review the requested item. 3. Reply with feedback.,Low,P4,"English dataset row; retained from the finalized 1,500-record ScamShield dataset."
G0674,Your electricity bill of Rs 799 is due on 2 October. Please pay through the official utility portal. Please keep this for your records.,genuine,utility_genuine,en,Research-backed synthetic,synthetic_research_backed,normal utility bill reminder,Use the official utility website/app.,1. Verify the bill in the official portal. 2. Check the due date and amount. 3. Pay only through the official channel.,Low,P4,"English dataset row; retained from the finalized 1,500-record ScamShield dataset."
G0675,Delivery update: Blue Dart will attempt delivery of order #402-1937460 today. — Customer Notification.,genuine,delivery,en,Research-backed synthetic,synthetic_research_backed,normal delivery update,Use the official tracking page or app.,1. Check official tracking. 2. Keep the delivery address accessible. 3. Contact the retailer through official support if there is a problem.,Low,P4,"English dataset row; retained from the finalized 1,500-record ScamShield dataset."
G0676,The Machine Learning assignment deadline is 15 October. Please submit it through the student portal. — Customer Notification.,genuine,education,en,Research-backed synthetic,synthetic_research_backed,normal educational announcement,Use the official student portal.,1. Check the assignment details. 2. Prepare the submission. 3. Upload through the official portal before the deadline.,Low,P4,"English dataset row; retained from the finalized 1,500-record ScamShield dataset."
G0677,Your order #403-5820147 from Amazon has been confirmed for delivery.,genuine,ecommerce,en,Research-backed synthetic,synthetic_research_backed,normal ecommerce order confirmation,Check order status in the official store account.,1. Open the official shopping app/site. 2. Verify the order. 3. Contact official support for changes.,Low,P4,"English dataset row; retained from the finalized 1,500-record ScamShield dataset."
S0678,I need urgent financial help for a family emergency. Please send Rs 199 today and I will return it next week. Act now.,scam,romance_scam,en,Research-backed synthetic,synthetic_research_backed,"emotional pressure, urgent money request, unverifiable emergency",Verify the person's identity and situation independently before sending money.,1. Do not transfer money immediately. 2. Verify identity using another channel. 3. Discuss with someone you trust. 4. Report if fraudulent.,High,P2,"English dataset row; retained from the finalized 1,500-record ScamShield dataset."
S0679,Security alert: your account will be suspended unless you send the OTP Q-183640 to our support agent immediately. Do not ignore this message.,scam,otp,en,Research-backed synthetic,synthetic_research_backed,"OTP request, urgency, account-threat language",Do not share the OTP.,1. Do not share the OTP. 2. End the conversation. 3. Review account security in the official app. 4. Report the sender.,Critical,P1,"English dataset row; retained from the finalized 1,500-record ScamShield dataset."
G0680,Your application for the Data Analyst position has moved to the next stage. Please check the company careers portal.,genuine,job_genuine,en,Research-backed synthetic,synthetic_research_backed,normal recruitment communication,Access the known company careers portal directly.,1. Open the company website manually. 2. Check application status. 3. Follow the official recruitment process.,Low,P4,"English dataset row; retained from the finalized 1,500-record ScamShield dataset."
G0681,Rs 199 was spent at Uber using your UPI. — Customer Notification.,genuine,transaction,en,Research-backed synthetic,synthetic_research_backed,normal transaction notification,Verify the transaction in the official banking/payment app.,1. Open the official banking app. 2. Confirm the transaction. 3. Contact the bank only if it is unrecognized.,Low,P4,"English dataset row; retained from the finalized 1,500-record ScamShield dataset."
S0682,You have been selected for a work-from-home Data Analyst paying Rs 499 per day. Pay Rs 299 as registration before joining. Do not ignore this message.,scam,job_scam,en,Research-backed synthetic,synthetic_research_backed,"unrealistic earnings, upfront fee, unsolicited job",Do not pay the registration fee.,1. Do not pay. 2. Verify the employer independently. 3. Do not share identity/banking documents. 4. Block and report the sender.,High,P1,"English dataset row; retained from the finalized 1,500-record ScamShield dataset."
G0683,Your mobile plan has 800 MB remaining and is valid until 2 October.,genuine,telecom_genuine,en,Research-backed synthetic,synthetic_research_backed,normal telecom usage notice,Check usage in the official provider app.,1. Check usage in the official provider app. 2. Verify the message in the official app/portal if needed. 3. Do not share sensitive information unnecessarily.,Low,P4,"English dataset row; retained from the finalized 1,500-record ScamShield dataset."
S0684,Our AI trading group guarantees 10% daily profit. Deposit Rs 2499 today to activate your account. Immediate action required.,scam,investment_scam,en,Research-backed synthetic,synthetic_research_backed,"guaranteed returns, investment pressure, deposit request",Do not transfer money based on the message.,1. Do not deposit funds. 2. Verify the company independently. 3. Check regulatory status where applicable. 4. Report the solicitation.,Critical,P1,"English dataset row; retained from the finalized 1,500-record ScamShield dataset."
S0685,"Hi, I lost my phone and need you to urgently transfer Rs 499 to this new account. Please don't call. Immediate action required.",scam,impersonation,en,Research-backed synthetic,synthetic_research_backed,"impersonation, money request, urgency, discouraging verification",Verify the person's identity through an independent channel before any payment.,1. Do not transfer money. 2. Call the person using a known number. 3. Confirm the request independently. 4. Report if fraudulent.,High,P1,"English dataset row; retained from the finalized 1,500-record ScamShield dataset."
G0686,Reminder from local health clinic: your doctor consultation is booked for 15 October at 6:00 PM. Thank you.,genuine,healthcare,en,Research-backed synthetic,synthetic_research_backed,normal healthcare reminder,Use the clinic's official contact details for changes.,1. Verify the appointment in the clinic system. 2. Add it to your calendar. 3. Contact the clinic through its official number if needed.,Low,P4,"English dataset row; retained from the finalized 1,500-record ScamShield dataset."
G0687,The department seminar on Data Analytics will be held on 15 October in sample-venue. Please keep this for your records.,genuine,college_announcement,en,Research-backed synthetic,synthetic_research_backed,normal institutional announcement,Check the official college communication channel for details.,1. Verify the announcement in the official portal/email. 2. Note the venue and time. 3. Attend if relevant.,Low,P4,"English dataset row; retained from the finalized 1,500-record ScamShield dataset."
S0688,"To receive your refund of Rs 4999, scan this QR and enter your UPI PIN. Act now.",scam,upi_qr,en,Research-backed synthetic,synthetic_research_backed,"QR-for-receiving-money, UPI PIN request, refund pretext",Do not scan the QR or enter the UPI PIN.,1. Do not scan the QR. 2. Never enter a UPI PIN to receive money. 3. Verify the refund in the official app. 4. Report the sender.,Critical,P1,"English dataset row; retained from the finalized 1,500-record ScamShield dataset."
S0689,Your electricity connection will be disconnected tonight unless you pay the pending bill through https://example.invalid/verify. Do not ignore this message.,scam,utility_scam,en,Research-backed synthetic,synthetic_research_backed,"utility impersonation, disconnection threat, suspicious URL",Verify the bill through the official utility portal.,1. Do not open the link. 2. Check the official utility account. 3. Pay only through the official portal. 4. Report the message.,High,P1,"English dataset row; retained from the finalized 1,500-record ScamShield dataset."
S0690,"To receive your refund of Rs 1299, scan this QR and enter your UPI PIN. Immediate action required.",scam,upi_qr,en,Research-backed synthetic,synthetic_research_backed,"QR-for-receiving-money, UPI PIN request, refund pretext",Do not scan the QR or enter the UPI PIN.,1. Do not scan the QR. 2. Never enter a UPI PIN to receive money. 3. Verify the refund in the official app. 4. Report the sender.,Critical,P1,"English dataset row; retained from the finalized 1,500-record ScamShield dataset."
S0691,Your Flipkart account has been locked. Verify your identity now at http://secure-update.invalid to avoid permanent closure. Do not ignore this message.,scam,phishing,en,Research-backed synthetic,synthetic_research_backed,"account threat, urgency, suspicious URL, credential harvesting",Do not click the link.,1. Do not open the URL. 2. Visit the service by typing its official address. 3. Change credentials if exposed. 4. Report the message.,High,P1,"English dataset row; retained from the finalized 1,500-record ScamShield dataset."
S0692,Your parcel is held because of a Rs 999 customs/redelivery charge. Pay at https://example.invalid/verify within 2 hours. Act now.,scam,delivery,en,Research-backed synthetic,synthetic_research_backed,"delivery impersonation, small fee, urgency, suspicious URL",Do not pay through the provided link.,1. Do not open the link. 2. Check the order on the official retailer/carrier site. 3. Verify any fee there. 4. Report the SMS.,High,P1,"English dataset row; retained from the finalized 1,500-record ScamShield dataset."
S0693,Congratulations! You won Rs 799 in a lucky draw. Pay Rs 499 tax/processing charges to claim your prize. Do not ignore this message.,scam,lottery,en,Research-backed synthetic,synthetic_research_backed,"unexpected prize, upfront payment, lottery claim",Do not pay the fee.,1. Do not send money. 2. Do not share financial details. 3. Block the sender. 4. Report the message.,High,P1,"English dataset row; retained from the finalized 1,500-record ScamShield dataset."
G0694,Your WhatsApp subscription renews on 5 October for Rs 1299. — Customer Notification.,genuine,subscription,en,Research-backed synthetic,synthetic_research_backed,normal subscription notice,Review the subscription in the official account settings.,1. Check the subscription details. 2. Confirm the renewal amount. 3. Cancel only through the official account if desired.,Low,P4,"English dataset row; retained from the finalized 1,500-record ScamShield dataset."
G0695,Your application for the ML Intern position has moved to the next stage. Please check the company careers portal. Please keep this for your records.,genuine,job_genuine,en,Research-backed synthetic,synthetic_research_backed,normal recruitment communication,Access the known company careers portal directly.,1. Open the company website manually. 2. Check application status. 3. Follow the official recruitment process.,Low,P4,"English dataset row; retained from the finalized 1,500-record ScamShield dataset."
G0696,Rs 2499 was spent at Spotify using your UPI.,genuine,transaction,en,Research-backed synthetic,synthetic_research_backed,normal transaction notification,Verify the transaction in the official banking/payment app.,1. Open the official banking app. 2. Confirm the transaction. 3. Contact the bank only if it is unrecognized.,Low,P4,"English dataset row; retained from the finalized 1,500-record ScamShield dataset."
G0697,Your order #401-8246152 has shipped and is expected to arrive on 5 October.,genuine,delivery,en,Research-backed synthetic,synthetic_research_backed,normal delivery update,Track through the official retailer/carrier app.,1. Track through the official retailer/carrier app. 2. Verify the message in the official app/portal if needed. 3. Do not share sensitive information unnecessarily.,Low,P4,"English dataset row; retained from the finalized 1,500-record ScamShield dataset."
S0698,Congratulations! You won Rs 199 in a lucky draw. Pay Rs 999 tax/processing charges to claim your prize. Act now.,scam,lottery,en,Research-backed synthetic,synthetic_research_backed,"unexpected prize, upfront payment, lottery claim",Do not pay the fee.,1. Do not send money. 2. Do not share financial details. 3. Block the sender. 4. Report the message.,High,P1,"English dataset row; retained from the finalized 1,500-record ScamShield dataset."
S0699,"Your card will be blocked today. Confirm the card number, expiry and CVV with our verification agent.",scam,card_fraud,en,Research-backed synthetic,synthetic_research_backed,"card-data request, urgency, impersonation",Do not provide card details.,1. Do not provide card details. 2. Verify independently using the official service/authority. 3. Preserve evidence. 4. Report suspected cyber fraud.,Critical,P1,"English dataset row; retained from the finalized 1,500-record ScamShield dataset."
G0700,The department seminar on Generative AI will be held on 15 October in sample-venue. Please keep this for your records.,genuine,college_announcement,en,Research-backed synthetic,synthetic_research_backed,normal institutional announcement,Check the official college communication channel for details.,1. Verify the announcement in the official portal/email. 2. Note the venue and time. 3. Attend if relevant.,Low,P4,"English dataset row; retained from the finalized 1,500-record ScamShield dataset."
S0701,Our AI trading group guarantees 30% daily profit. Deposit Rs 4999 today to activate your account. Immediate action required.,scam,investment_scam,en,Research-backed synthetic,synthetic_research_backed,"guaranteed returns, investment pressure, deposit request",Do not transfer money based on the message.,1. Do not deposit funds. 2. Verify the company independently. 3. Check regulatory status where applicable. 4. Report the solicitation.,Critical,P1,"English dataset row; retained from the finalized 1,500-record ScamShield dataset."
G0702,Delivery update: DTDC will attempt delivery of order #402-1937460 today.,genuine,delivery,en,Research-backed synthetic,synthetic_research_backed,normal delivery update,Use the official tracking page or app.,1. Check official tracking. 2. Keep the delivery address accessible. 3. Contact the retailer through official support if there is a problem.,Low,P4,"English dataset row; retained from the finalized 1,500-record ScamShield dataset."
G0703,Your Airtel data plan has 2.8 GB remaining and is valid until 20 October. Please keep this for your records.,genuine,telecom_genuine,en,Research-backed synthetic,synthetic_research_backed,normal telecom usage notice,Check usage in the official telecom app if needed.,1. Open the official provider app. 2. Review plan usage. 3. Recharge only through official channels.,Low,P4,"English dataset row; retained from the finalized 1,500-record ScamShield dataset."
S0704,A refund of Rs 2499 is waiting for you. Share your card number and OTP so we can process it immediately. Do not ignore this message.,scam,refund_scam,en,Research-backed synthetic,synthetic_research_backed,"refund pretext, card-data request, OTP request",Do not share card or OTP details.,1. Do not share credentials. 2. Check refunds in the official merchant app. 3. Contact official support. 4. Report the sender.,Critical,P1,"English dataset row; retained from the finalized 1,500-record ScamShield dataset."
S0705,We detected an issue with your Google account. Call +91 9XXXX XXXXX and provide your card details for verification. Do not ignore this message.,scam,customer_support,en,Research-backed synthetic,synthetic_research_backed,"fake support, request for financial data, unsolicited contact",Do not provide card or account details.,1. Do not call the supplied number. 2. Use official support channels. 3. Do not share card/OTP details. 4. Block the sender.,Critical,P1,"English dataset row; retained from the finalized 1,500-record ScamShield dataset."
G0706,Your Air India booking R2N6VT is confirmed for 20 October. — Customer Notification.,genuine,travel,en,Research-backed synthetic,synthetic_research_backed,normal travel confirmation,Check the booking in the official airline/travel app.,1. Open the official travel account. 2. Verify the booking reference. 3. Check schedule changes through the official channel.,Low,P4,"English dataset row; retained from the finalized 1,500-record ScamShield dataset."
G0707,The department seminar on Cloud Computing will be held on 20 October in sample-venue.,genuine,college_announcement,en,Research-backed synthetic,synthetic_research_backed,normal institutional announcement,Check the official college communication channel for details.,1. Verify the announcement in the official portal/email. 2. Note the venue and time. 3. Attend if relevant.,Low,P4,"English dataset row; retained from the finalized 1,500-record ScamShield dataset."
G0708,Your support ticket SS-10482 has been updated. Please sign in to the official support portal to view the response.,genuine,support_genuine,en,Research-backed synthetic,synthetic_research_backed,normal support-ticket notification,Open the known support portal directly.,1. Open the official support portal manually. 2. Search for the ticket number. 3. Review the response there.,Low,P4,"English dataset row; retained from the finalized 1,500-record ScamShield dataset."
G0709,Your application for the Data Analyst position has moved to the next stage. Please check the company careers portal. Please keep this for your records.,genuine,job_genuine,en,Research-backed synthetic,synthetic_research_backed,normal recruitment communication,Access the known company careers portal directly.,1. Open the company website manually. 2. Check application status. 3. Follow the official recruitment process.,Low,P4,"English dataset row; retained from the finalized 1,500-record ScamShield dataset."
S0710,Congratulations! You won Rs 4999 in a lucky draw. Pay Rs 299 tax/processing charges to claim your prize. Act now.,scam,lottery,en,Research-backed synthetic,synthetic_research_backed,"unexpected prize, upfront payment, lottery claim",Do not pay the fee.,1. Do not send money. 2. Do not share financial details. 3. Block the sender. 4. Report the message.,High,P1,"English dataset row; retained from the finalized 1,500-record ScamShield dataset."
G0711,The Data Analytics assignment deadline is 15 October. Please submit it through the student portal.,genuine,education,en,Research-backed synthetic,synthetic_research_backed,normal educational announcement,Use the official student portal.,1. Check the assignment details. 2. Prepare the submission. 3. Upload through the official portal before the deadline.,Low,P4,"English dataset row; retained from the finalized 1,500-record ScamShield dataset."
G0712,Your Amazon Logistics order #402-1937460 has shipped and is expected to arrive on 30 September. — Customer Notification.,genuine,delivery,en,Research-backed synthetic,synthetic_research_backed,normal delivery update,Track through the official retailer/carrier app if needed.,1. Open the official app if tracking is required. 2. Check the order number. 3. No payment is required unless shown in the official order flow.,Low,P4,"English dataset row; retained from the finalized 1,500-record ScamShield dataset."
G0713,Interview reminder: your Python Developer interview is scheduled for 15 October at 2:00 PM. Thank you.,genuine,job_genuine,en,Research-backed synthetic,synthetic_research_backed,normal recruitment communication,Verify the interview through the official recruitment channel.,1. Check the original application. 2. Confirm the interview details. 3. Join through the verified meeting link.,Low,P4,"English dataset row; retained from the finalized 1,500-record ScamShield dataset."
G0714,Your registration for placement orientation is confirmed. The event begins at 6:00 PM on 5 October. Please keep this for your records.,genuine,event,en,Research-backed synthetic,synthetic_research_backed,normal event confirmation,Check the registration in the official event account/email.,1. Verify registration details. 2. Save the event information. 3. Use the organizer's official contact channel for changes.,Low,P4,"English dataset row; retained from the finalized 1,500-record ScamShield dataset."
G0715,The department has published the timetable for the semester examination.,genuine,education,en,Research-backed synthetic,synthetic_research_backed,normal educational announcement,Check the official college/university portal.,1. Open the official portal. 2. Confirm the timetable. 3. Note the exam date and time.,Low,P4,"English dataset row; retained from the finalized 1,500-record ScamShield dataset."
G0716,Your verification code for Amazon is M-562901. Do not share it with anyone.,genuine,otp,en,Research-backed synthetic,synthetic_research_backed,legitimate verification-code notice,Use the code only in the login/verification flow you initiated.,"1. Use the code only on the official service. 2. Never forward the code. 3. If you did not request it, ignore it and review account security.",Low,P4,"English dataset row; retained from the finalized 1,500-record ScamShield dataset."
S0717,Security alert: your account will be suspended unless you send the OTP G-481205 to our support agent immediately. Do not ignore this message.,scam,otp,en,Research-backed synthetic,synthetic_research_backed,"OTP request, urgency, account-threat language",Do not share the OTP.,1. Do not share the OTP. 2. End the conversation. 3. Review account security in the official app. 4. Report the sender.,Critical,P1,"English dataset row; retained from the finalized 1,500-record ScamShield dataset."
S0718,Your parcel is held because of a Rs 1499 customs/redelivery charge. Pay at http://secure-update.invalid within 2 hours.,scam,delivery,en,Research-backed synthetic,synthetic_research_backed,"delivery impersonation, small fee, urgency, suspicious URL",Do not pay through the provided link.,1. Do not open the link. 2. Check the order on the official retailer/carrier site. 3. Verify any fee there. 4. Report the SMS.,High,P1,"English dataset row; retained from the finalized 1,500-record ScamShield dataset."
G0719,Your Blue Dart order #401-8246152 has shipped and is expected to arrive on 20 October.,genuine,delivery,en,Research-backed synthetic,synthetic_research_backed,normal delivery update,Track through the official retailer/carrier app if needed.,1. Open the official app if tracking is required. 2. Check the order number. 3. No payment is required unless shown in the official order flow.,Low,P4,"English dataset row; retained from the finalized 1,500-record ScamShield dataset."
S0720,Your WhatsApp account has been locked. Verify your identity now at http://account-check.invalid to avoid permanent closure. Act now.,scam,phishing,en,Research-backed synthetic,synthetic_research_backed,"account threat, urgency, suspicious URL, credential harvesting",Do not click the link.,1. Do not open the URL. 2. Visit the service by typing its official address. 3. Change credentials if exposed. 4. Report the message.,High,P1,"English dataset row; retained from the finalized 1,500-record ScamShield dataset."
S0721,"Hi, I lost my phone and need you to urgently transfer Rs 199 to this new account. Please don't call. Do not ignore this message.",scam,impersonation,en,Research-backed synthetic,synthetic_research_backed,"impersonation, money request, urgency, discouraging verification",Verify the person's identity through an independent channel before any payment.,1. Do not transfer money. 2. Call the person using a known number. 3. Confirm the request independently. 4. Report if fraudulent.,High,P1,"English dataset row; retained from the finalized 1,500-record ScamShield dataset."
S0722,Urgent: your Kotak Bank account will be blocked today because PAN/KYC is incomplete. Click https://example.invalid/verify to update now. Immediate action required.,scam,bank_kyc,en,Research-backed synthetic,synthetic_research_backed,"bank impersonation, urgency, suspicious URL, KYC request",Do not click the link or share banking credentials.,1. Do not click the link. 2. Open the bank's official app/site manually. 3. Verify KYC status. 4. Report the message if fraudulent.,High,P1,"English dataset row; retained from the finalized 1,500-record ScamShield dataset."
G0723,Reminder from your clinic: your appointment is booked for 30 September at 10:00 AM.,genuine,healthcare,en,Research-backed synthetic,synthetic_research_backed,normal healthcare reminder,Use the clinic's official contact details for changes.,1. Use the clinic's official contact details for changes. 2. Verify the message in the official app/portal if needed. 3. Do not share sensitive information unnecessarily.,Low,P4,"English dataset row; retained from the finalized 1,500-record ScamShield dataset."
S0724,You have been selected for a work-from-home Python Developer paying Rs 249 per day. Pay Rs 199 as registration before joining.,scam,job_scam,en,Research-backed synthetic,synthetic_research_backed,"unrealistic earnings, upfront fee, unsolicited job",Do not pay the registration fee.,1. Do not pay. 2. Verify the employer independently. 3. Do not share identity/banking documents. 4. Block and report the sender.,High,P1,"English dataset row; retained from the finalized 1,500-record ScamShield dataset."
S0725,Urgent: your Kotak Bank account will be blocked today because PAN/KYC is incomplete. Click http://account-check.invalid to update now. Do not ignore this message.,scam,bank_kyc,en,Research-backed synthetic,synthetic_research_backed,"bank impersonation, urgency, suspicious URL, KYC request",Do not click the link or share banking credentials.,1. Do not click the link. 2. Open the bank's official app/site manually. 3. Verify KYC status. 4. Report the message if fraudulent.,High,P1,"English dataset row; retained from the finalized 1,500-record ScamShield dataset."
S0726,You have been selected for a work-from-home ML Intern paying Rs 1299 per day. Pay Rs 299 as registration before joining. Act now.,scam,job_scam,en,Research-backed synthetic,synthetic_research_backed,"unrealistic earnings, upfront fee, unsolicited job",Do not pay the registration fee.,1. Do not pay. 2. Verify the employer independently. 3. Do not share identity/banking documents. 4. Block and report the sender.,High,P1,"English dataset row; retained from the finalized 1,500-record ScamShield dataset."
S0727,Congratulations! Your instant loan of Rs 1299 is approved. Pay Rs 499 processing charges to release the funds. Immediate action required.,scam,loan_scam,en,Research-backed synthetic,synthetic_research_backed,"unsolicited loan, advance fee, pressure",Do not pay the fee.,1. Do not pay upfront charges. 2. Verify the lender independently. 3. Avoid sharing banking credentials. 4. Report the message.,High,P1,"English dataset row; retained from the finalized 1,500-record ScamShield dataset."
S0728,Congratulations! You won Rs 199 in a lucky draw. Pay Rs 999 tax/processing charges to claim your prize. Do not ignore this message.,scam,lottery,en,Research-backed synthetic,synthetic_research_backed,"unexpected prize, upfront payment, lottery claim",Do not pay the fee.,1. Do not send money. 2. Do not share financial details. 3. Block the sender. 4. Report the message.,High,P1,"English dataset row; retained from the finalized 1,500-record ScamShield dataset."
S0729,Your instant loan is approved. Install this APK and pay ₹999 to unlock the disbursement.,scam,fake_loan_app,en,Research-backed synthetic,synthetic_research_backed,"fake loan app, APK, advance fee",Do not install the app or pay the fee.,1. Do not install the app or pay the fee. 2. Verify independently using the official service/authority. 3. Preserve evidence. 4. Report suspected cyber fraud.,Critical,P1,"English dataset row; retained from the finalized 1,500-record ScamShield dataset."
G0730,Your Netflix subscription renews on 2 October for Rs 2499. Please keep this for your records.,genuine,subscription,en,Research-backed synthetic,synthetic_research_backed,normal subscription notice,Review the subscription in the official account settings.,1. Check the subscription details. 2. Confirm the renewal amount. 3. Cancel only through the official account if desired.,Low,P4,"English dataset row; retained from the finalized 1,500-record ScamShield dataset."
G0731,Your support ticket TKT-77104 has been updated. Please sign in to the official support portal to view the response. — Customer Notification.,genuine,support_genuine,en,Research-backed synthetic,synthetic_research_backed,normal support-ticket notification,Open the known support portal directly.,1. Open the official support portal manually. 2. Search for the ticket number. 3. Review the response there.,Low,P4,"English dataset row; retained from the finalized 1,500-record ScamShield dataset."
G0732,Your subscription to Flipkart has been renewed successfully.,genuine,subscription,en,Research-backed synthetic,synthetic_research_backed,normal subscription notice,Verify the renewal in the official account.,1. Open the official service app. 2. Check billing history. 3. Contact official support if the charge is unfamiliar.,Low,P4,"English dataset row; retained from the finalized 1,500-record ScamShield dataset."
G0733,Your bank statement for account ending 8842 is now available in online banking. Thank you.,genuine,banking_genuine,en,Research-backed synthetic,synthetic_research_backed,normal banking notification,Open the bank's official app or website.,1. Sign in through the official app/site. 2. Review the statement. 3. Never use links from unexpected messages to sign in.,Low,P4,"English dataset row; retained from the finalized 1,500-record ScamShield dataset."
S0734,Your Microsoft account has been locked. Verify your identity now at https://example.invalid/verify to avoid permanent closure. Act now.,scam,phishing,en,Research-backed synthetic,synthetic_research_backed,"account threat, urgency, suspicious URL, credential harvesting",Do not click the link.,1. Do not open the URL. 2. Visit the service by typing its official address. 3. Change credentials if exposed. 4. Report the message.,High,P1,"English dataset row; retained from the finalized 1,500-record ScamShield dataset."
G0735,Your verification code for Netflix is A-739214. Do not share it with anyone. Please keep this for your records.,genuine,otp,en,Research-backed synthetic,synthetic_research_backed,legitimate verification-code notice,Use the code only in the login/verification flow you initiated.,"1. Use the code only on the official service. 2. Never forward the code. 3. If you did not request it, ignore it and review account security.",Low,P4,"English dataset row; retained from the finalized 1,500-record ScamShield dataset."
G0736,Your verification code for Instagram is A-739214. Do not share it with anyone.,genuine,otp,en,Research-backed synthetic,synthetic_research_backed,legitimate verification-code notice,Use the code only in the login/verification flow you initiated.,"1. Use the code only on the official service. 2. Never forward the code. 3. If you did not request it, ignore it and review account security.",Low,P4,"English dataset row; retained from the finalized 1,500-record ScamShield dataset."
G0737,Delivery update: Amazon Logistics will attempt delivery of order #402-1937460 today. Please keep this for your records.,genuine,delivery,en,Research-backed synthetic,synthetic_research_backed,normal delivery update,Use the official tracking page or app.,1. Check official tracking. 2. Keep the delivery address accessible. 3. Contact the retailer through official support if there is a problem.,Low,P4,"English dataset row; retained from the finalized 1,500-record ScamShield dataset."
G0738,Your Labmentix internship induction program will begin shortly. Please join the meeting link provided in your email.,genuine,appointment,en,User-provided reference file,user_reference,None,Join meeting,Verify through an official channel; follow the expected action above.,Low,P4,"English dataset row; retained from the finalized 1,500-record ScamShield dataset."
S0739,Congratulations! Your instant loan of Rs 249 is approved. Pay Rs 199 processing charges to release the funds. Do not ignore this message.,scam,loan_scam,en,Research-backed synthetic,synthetic_research_backed,"unsolicited loan, advance fee, pressure",Do not pay the fee.,1. Do not pay upfront charges. 2. Verify the lender independently. 3. Avoid sharing banking credentials. 4. Report the message.,High,P1,"English dataset row; retained from the finalized 1,500-record ScamShield dataset."
G0740,Your order #402-1937460 has shipped and is expected to arrive on 5 October.,genuine,delivery,en,Research-backed synthetic,synthetic_research_backed,normal delivery update,Track through the official retailer/carrier app.,1. Track through the official retailer/carrier app. 2. Verify the message in the official app/portal if needed. 3. Do not share sensitive information unnecessarily.,Low,P4,"English dataset row; retained from the finalized 1,500-record ScamShield dataset."
G0741,Your mobile plan has 1.2 GB remaining and is valid until 15 October.,genuine,telecom_genuine,en,Research-backed synthetic,synthetic_research_backed,normal telecom usage notice,Check usage in the official provider app.,1. Check usage in the official provider app. 2. Verify the message in the official app/portal if needed. 3. Do not share sensitive information unnecessarily.,Low,P4,"English dataset row; retained from the finalized 1,500-record ScamShield dataset."
G0742,आपके BookMyShow भुगतान का ₹249 का लेनदेन सफल रहा। Please keep this for your records.,genuine,transaction,en,Research-backed synthetic,synthetic_research_backed,normal transaction notification,Verify the transaction through the official app.,1. आधिकारिक ऐप खोलें। 2. लेनदेन की राशि जांचें। 3. अनजान लेनदेन हो तो बैंक से संपर्क करें।,Low,P4,"English dataset row; retained from the finalized 1,500-record ScamShield dataset."
S0743,Your parcel is held because of a Rs 199 customs/redelivery charge. Pay at https://example.invalid/verify within 2 hours. Immediate action required.,scam,delivery,en,Research-backed synthetic,synthetic_research_backed,"delivery impersonation, small fee, urgency, suspicious URL",Do not pay through the provided link.,1. Do not open the link. 2. Check the order on the official retailer/carrier site. 3. Verify any fee there. 4. Report the SMS.,High,P1,"English dataset row; retained from the finalized 1,500-record ScamShield dataset."
G0744,Your registration for placement orientation is confirmed. The event begins at 10:00 AM on 10 October. Thank you.,genuine,event,en,Research-backed synthetic,synthetic_research_backed,normal event confirmation,Check the registration in the official event account/email.,1. Verify registration details. 2. Save the event information. 3. Use the organizer's official contact channel for changes.,Low,P4,"English dataset row; retained from the finalized 1,500-record ScamShield dataset."
G0745,Your Akasa Air booking Q4M8LX is confirmed for 2 October. Please keep this for your records.,genuine,travel,en,Research-backed synthetic,synthetic_research_backed,normal travel confirmation,Check the booking in the official airline/travel app.,1. Open the official travel account. 2. Verify the booking reference. 3. Check schedule changes through the official channel.,Low,P4,"English dataset row; retained from the finalized 1,500-record ScamShield dataset."
S0746,Security alert: your account will be suspended unless you send the OTP M-562901 to our support agent immediately. Immediate action required.,scam,otp,en,Research-backed synthetic,synthetic_research_backed,"OTP request, urgency, account-threat language",Do not share the OTP.,1. Do not share the OTP. 2. End the conversation. 3. Review account security in the official app. 4. Report the sender.,Critical,P1,"English dataset row; retained from the finalized 1,500-record ScamShield dataset."
S0747,Please donate Rs 799 for an emergency relief campaign. Transfer to this personal UPI ID today. Do not ignore this message.,scam,charity_scam,en,Research-backed synthetic,synthetic_research_backed,"emotional appeal, personal payment destination, urgency",Verify the charity and donation channel independently.,1. Do not transfer to an unverified personal account. 2. Check the organization's official website. 3. Donate through verified channels. 4. Report the message.,Medium,P2,"English dataset row; retained from the finalized 1,500-record ScamShield dataset."
S0748,We detected an issue with your Netflix account. Call +91 9XXXX XXXXX and provide your card details for verification. Act now.,scam,customer_support,en,Research-backed synthetic,synthetic_research_backed,"fake support, request for financial data, unsolicited contact",Do not provide card or account details.,1. Do not call the supplied number. 2. Use official support channels. 3. Do not share card/OTP details. 4. Block the sender.,Critical,P1,"English dataset row; retained from the finalized 1,500-record ScamShield dataset."
G0749,Please review the latest ScamShield build before the stand-up tomorrow. Please keep this for your records.,genuine,work,en,Research-backed synthetic,synthetic_research_backed,ordinary workplace communication,Review the work through the normal project channel.,1. Open the known project workspace. 2. Review the requested item. 3. Reply with feedback.,Low,P4,"English dataset row; retained from the finalized 1,500-record ScamShield dataset."
S0750,Your SIM will be disconnected in 1 hours because it was used for illegal activity. Call this number immediately. Immediate action required.,scam,telecom_threat,en,Research-backed synthetic,synthetic_research_backed,"telecom impersonation, urgency, threat, callback request",Do not call the supplied number.,1. Do not call the supplied number. 2. Check account status in the official telecom app. 3. Contact official support. 4. Report the message.,High,P1,"English dataset row; retained from the finalized 1,500-record ScamShield dataset."
G0751,The MediSync API test report is ready for review. Thank you.,genuine,work,en,Research-backed synthetic,synthetic_research_backed,ordinary workplace communication,Open the report from the known work repository.,1. Verify the project context. 2. Review the report. 3. Share findings through the normal team channel.,Low,P4,"English dataset row; retained from the finalized 1,500-record ScamShield dataset."
S0752,"To receive your refund of Rs 4999, scan this QR and enter your UPI PIN.",scam,upi_qr,en,Research-backed synthetic,synthetic_research_backed,"QR-for-receiving-money, UPI PIN request, refund pretext",Do not scan the QR or enter the UPI PIN.,1. Do not scan the QR. 2. Never enter a UPI PIN to receive money. 3. Verify the refund in the official app. 4. Report the sender.,Critical,P1,"English dataset row; retained from the finalized 1,500-record ScamShield dataset."
S0753,Your parcel is held because of a Rs 499 customs/redelivery charge. Pay at https://example.invalid/verify within 2 hours. Do not ignore this message.,scam,delivery,en,Research-backed synthetic,synthetic_research_backed,"delivery impersonation, small fee, urgency, suspicious URL",Do not pay through the provided link.,1. Do not open the link. 2. Check the order on the official retailer/carrier site. 3. Verify any fee there. 4. Report the SMS.,High,P1,"English dataset row; retained from the finalized 1,500-record ScamShield dataset."
S0754,Earn ₹999 daily by completing CAPTCHA tasks. Pay ₹499 registration/software charges to activate your account.,scam,fake_captcha_job,en,Research-backed synthetic,synthetic_research_backed,"upfront fee, unrealistic earnings, fake job platform",Do not pay the registration fee.,1. Do not pay the registration fee. 2. Verify independently using the official service/authority. 3. Preserve evidence. 4. Report suspected cyber fraud.,High,P1,"English dataset row; retained from the finalized 1,500-record ScamShield dataset."
S0755,"To receive your refund of Rs 799, scan this QR and enter your UPI PIN. Immediate action required.",scam,upi_qr,en,Research-backed synthetic,synthetic_research_backed,"QR-for-receiving-money, UPI PIN request, refund pretext",Do not scan the QR or enter the UPI PIN.,1. Do not scan the QR. 2. Never enter a UPI PIN to receive money. 3. Verify the refund in the official app. 4. Report the sender.,Critical,P1,"English dataset row; retained from the finalized 1,500-record ScamShield dataset."
S0756,Congratulations! You won Rs 1299 in a lucky draw. Pay Rs 999 tax/processing charges to claim your prize.,scam,lottery,en,Research-backed synthetic,synthetic_research_backed,"unexpected prize, upfront payment, lottery claim",Do not pay the fee.,1. Do not send money. 2. Do not share financial details. 3. Block the sender. 4. Report the message.,High,P1,"English dataset row; retained from the finalized 1,500-record ScamShield dataset."
G0757,The SupportPilot API test report is ready for review. Thank you.,genuine,work,en,Research-backed synthetic,synthetic_research_backed,ordinary workplace communication,Open the report from the known work repository.,1. Verify the project context. 2. Review the report. 3. Share findings through the normal team channel.,Low,P4,"English dataset row; retained from the finalized 1,500-record ScamShield dataset."
S0758,Congratulations! Your instant loan of Rs 2499 is approved. Pay Rs 199 processing charges to release the funds.,scam,loan_scam,en,Research-backed synthetic,synthetic_research_backed,"unsolicited loan, advance fee, pressure",Do not pay the fee.,1. Do not pay upfront charges. 2. Verify the lender independently. 3. Avoid sharing banking credentials. 4. Report the message.,High,P1,"English dataset row; retained from the finalized 1,500-record ScamShield dataset."
S0759,Congratulations! You won Rs 2499 in a lucky draw. Pay Rs 999 tax/processing charges to claim your prize.,scam,lottery,en,Research-backed synthetic,synthetic_research_backed,"unexpected prize, upfront payment, lottery claim",Do not pay the fee.,1. Do not send money. 2. Do not share financial details. 3. Block the sender. 4. Report the message.,High,P1,"English dataset row; retained from the finalized 1,500-record ScamShield dataset."
S0760,Your Netflix account has been locked. Verify your identity now at http://secure-update.invalid to avoid permanent closure.,scam,phishing,en,Research-backed synthetic,synthetic_research_backed,"account threat, urgency, suspicious URL, credential harvesting",Do not click the link.,1. Do not open the URL. 2. Visit the service by typing its official address. 3. Change credentials if exposed. 4. Report the message.,High,P1,"English dataset row; retained from the finalized 1,500-record ScamShield dataset."
G0761,The department seminar on Generative AI will be held on 10 October in sample-venue. Please keep this for your records.,genuine,college_announcement,en,Research-backed synthetic,synthetic_research_backed,normal institutional announcement,Check the official college communication channel for details.,1. Verify the announcement in the official portal/email. 2. Note the venue and time. 3. Attend if relevant.,Low,P4,"English dataset row; retained from the finalized 1,500-record ScamShield dataset."
S0762,Your electricity connection will be disconnected tonight unless you pay the pending bill through http://secure-update.invalid. Act now.,scam,utility_scam,en,Research-backed synthetic,synthetic_research_backed,"utility impersonation, disconnection threat, suspicious URL",Verify the bill through the official utility portal.,1. Do not open the link. 2. Check the official utility account. 3. Pay only through the official portal. 4. Report the message.,High,P1,"English dataset row; retained from the finalized 1,500-record ScamShield dataset."
G0763,Delivery update: Blue Dart will attempt delivery of order #401-8246152 today. Thank you.,genuine,delivery,en,Research-backed synthetic,synthetic_research_backed,normal delivery update,Use the official tracking page or app.,1. Check official tracking. 2. Keep the delivery address accessible. 3. Contact the retailer through official support if there is a problem.,Low,P4,"English dataset row; retained from the finalized 1,500-record ScamShield dataset."
G0764,Delivery update: India Post will attempt delivery of order #402-1937460 today.,genuine,delivery,en,Research-backed synthetic,synthetic_research_backed,normal delivery update,Use the official tracking page or app.,1. Check official tracking. 2. Keep the delivery address accessible. 3. Contact the retailer through official support if there is a problem.,Low,P4,"English dataset row; retained from the finalized 1,500-record ScamShield dataset."
S0765,Earn ₹10000 daily by completing CAPTCHA tasks. Pay ₹4999 registration/software charges to activate your account.,scam,fake_captcha_job,en,Research-backed synthetic,synthetic_research_backed,"upfront fee, unrealistic earnings, fake job platform",Do not pay the registration fee.,1. Do not pay the registration fee. 2. Verify independently using the official service/authority. 3. Preserve evidence. 4. Report suspected cyber fraud.,High,P1,"English dataset row; retained from the finalized 1,500-record ScamShield dataset."
S0766,Aapka electricity bill pending hai. Connection will be cut by 9 PM. Call this personal number immediately.,scam,utility_scam,en,User-provided reference file,user_reference,"urgency, personal number, disconnection threat",Do not call,Verify through an official channel; follow the expected action above.,High,P1,"English dataset row; retained from the finalized 1,500-record ScamShield dataset."
G0767,"Hi Rahul, are we still meeting at library around 10:00 AM today? — Customer Notification.",genuine,personal,en,Research-backed synthetic,synthetic_research_backed,ordinary personal communication,Reply through the normal conversation channel.,1. Check your plans. 2. Reply to the sender. 3. Do not take any financial action based only on this message.,Low,P4,"English dataset row; retained from the finalized 1,500-record ScamShield dataset."
S0768,Premium apartment available at a very low rent. Send a refundable booking deposit of Rs 999 before viewing. Do not ignore this message.,scam,rental_scam,en,Research-backed synthetic,synthetic_research_backed,"unusually low price, advance deposit, no viewing",Do not pay a deposit before independently verifying the property and owner.,1. Do not transfer the deposit. 2. Verify ownership/listing independently. 3. Inspect the property. 4. Report suspicious listings.,High,P2,"English dataset row; retained from the finalized 1,500-record ScamShield dataset."
S0769,Urgent: your Canara Bank account will be blocked today because PAN/KYC is incomplete. Click http://secure-update.invalid to update now. Immediate action required.,scam,bank_kyc,en,Research-backed synthetic,synthetic_research_backed,"bank impersonation, urgency, suspicious URL, KYC request",Do not click the link or share banking credentials.,1. Do not click the link. 2. Open the bank's official app/site manually. 3. Verify KYC status. 4. Report the message if fraudulent.,High,P1,"English dataset row; retained from the finalized 1,500-record ScamShield dataset."
S0770,You have been selected for a work-from-home ML Intern paying Rs 2499 per day. Pay Rs 299 as registration before joining. Immediate action required.,scam,job_scam,en,Research-backed synthetic,synthetic_research_backed,"unrealistic earnings, upfront fee, unsolicited job",Do not pay the registration fee.,1. Do not pay. 2. Verify the employer independently. 3. Do not share identity/banking documents. 4. Block and report the sender.,High,P1,"English dataset row; retained from the finalized 1,500-record ScamShield dataset."
S0771,You have been selected for a work-from-home Python Developer paying Rs 799 per day. Pay Rs 199 as registration before joining.,scam,job_scam,en,Research-backed synthetic,synthetic_research_backed,"unrealistic earnings, upfront fee, unsolicited job",Do not pay the registration fee.,1. Do not pay. 2. Verify the employer independently. 3. Do not share identity/banking documents. 4. Block and report the sender.,High,P1,"English dataset row; retained from the finalized 1,500-record ScamShield dataset."
S0772,Your parcel is held because of a Rs 999 customs/redelivery charge. Pay at http://secure-update.invalid within 2 hours.,scam,delivery,en,Research-backed synthetic,synthetic_research_backed,"delivery impersonation, small fee, urgency, suspicious URL",Do not pay through the provided link.,1. Do not open the link. 2. Check the order on the official retailer/carrier site. 3. Verify any fee there. 4. Report the SMS.,High,P1,"English dataset row; retained from the finalized 1,500-record ScamShield dataset."
G0773,Google verification code A-739214 है। इसे किसी के साथ साझा न करें। Thank you.,genuine,otp,en,Research-backed synthetic,synthetic_research_backed,legitimate verification-code notice,Use only for the verification you initiated.,1. कोड केवल आधिकारिक स्क्रीन पर दर्ज करें। 2. किसी को न बताएं। 3. अनचाहा कोड हो तो पासवर्ड/सुरक्षा जांचें।,Low,P4,"English dataset row; retained from the finalized 1,500-record ScamShield dataset."
G0774,The department seminar on Cloud Computing will be held on 2 October in sample-venue.,genuine,college_announcement,en,Research-backed synthetic,synthetic_research_backed,normal institutional announcement,Check the official college communication channel for details.,1. Verify the announcement in the official portal/email. 2. Note the venue and time. 3. Attend if relevant.,Low,P4,"English dataset row; retained from the finalized 1,500-record ScamShield dataset."
S0775,Your package delivery failed due to unpaid customs fee of Rs 49. Pay here: http://india-post-fees.com,scam,delivery,en,User-provided reference file,user_reference,"small fee, suspicious URL",Do not pay,Verify through an official channel; follow the expected action above.,High,P1,"English dataset row; retained from the finalized 1,500-record ScamShield dataset."
S0776,Congratulations! Your instant loan of Rs 1299 is approved. Pay Rs 999 processing charges to release the funds. Immediate action required.,scam,loan_scam,en,Research-backed synthetic,synthetic_research_backed,"unsolicited loan, advance fee, pressure",Do not pay the fee.,1. Do not pay upfront charges. 2. Verify the lender independently. 3. Avoid sharing banking credentials. 4. Report the message.,High,P1,"English dataset row; retained from the finalized 1,500-record ScamShield dataset."
G0777,Your electricity bill of Rs 4999 is due on 20 October. Please pay through the official utility portal.,genuine,utility_genuine,en,Research-backed synthetic,synthetic_research_backed,normal utility bill reminder,Use the official utility website/app.,1. Verify the bill in the official portal. 2. Check the due date and amount. 3. Pay only through the official channel.,Low,P4,"English dataset row; retained from the finalized 1,500-record ScamShield dataset."
S0778,Our AI trading group guarantees 5% daily profit. Deposit Rs 199 today to activate your account.,scam,investment_scam,en,Research-backed synthetic,synthetic_research_backed,"guaranteed returns, investment pressure, deposit request",Do not transfer money based on the message.,1. Do not deposit funds. 2. Verify the company independently. 3. Check regulatory status where applicable. 4. Report the solicitation.,Critical,P1,"English dataset row; retained from the finalized 1,500-record ScamShield dataset."
S0779,We detected an issue with your Paytm account. Call +91 9XXXX XXXXX and provide your card details for verification.,scam,customer_support,en,Research-backed synthetic,synthetic_research_backed,"fake support, request for financial data, unsolicited contact",Do not provide card or account details.,1. Do not call the supplied number. 2. Use official support channels. 3. Do not share card/OTP details. 4. Block the sender.,Critical,P1,"English dataset row; retained from the finalized 1,500-record ScamShield dataset."
S0780,Your Aadhaar-enabled payment has failed. Send your Aadhaar number and OTP so we can reverse the transaction.,scam,aeps_fraud,en,Research-backed synthetic,synthetic_research_backed,"AEPS impersonation, Aadhaar request, OTP request",Do not share Aadhaar/OTP details through unsolicited messages.,1. Do not share Aadhaar/OTP details through unsolicited messages. 2. Verify independently using the official service/authority. 3. Preserve evidence. 4. Report suspected cyber fraud.,Critical,P1,"English dataset row; retained from the finalized 1,500-record ScamShield dataset."
G0781,Rs 199 was spent at Netflix using your mobile banking. Thank you.,genuine,transaction,en,Research-backed synthetic,synthetic_research_backed,normal transaction notification,Verify the transaction in the official banking/payment app.,1. Open the official banking app. 2. Confirm the transaction. 3. Contact the bank only if it is unrecognized.,Low,P4,"English dataset row; retained from the finalized 1,500-record ScamShield dataset."
G0782,Please review the latest MediSync build before the stand-up tomorrow. — Customer Notification.,genuine,work,en,Research-backed synthetic,synthetic_research_backed,ordinary workplace communication,Review the work through the normal project channel.,1. Open the known project workspace. 2. Review the requested item. 3. Reply with feedback.,Low,P4,"English dataset row; retained from the finalized 1,500-record ScamShield dataset."
S0783,You have been selected for a work-from-home Java Backend Developer paying Rs 249 per day. Pay Rs 499 as registration before joining. Act now.,scam,job_scam,en,Research-backed synthetic,synthetic_research_backed,"unrealistic earnings, upfront fee, unsolicited job",Do not pay the registration fee.,1. Do not pay. 2. Verify the employer independently. 3. Do not share identity/banking documents. 4. Block and report the sender.,High,P1,"English dataset row; retained from the finalized 1,500-record ScamShield dataset."
S0784,Your Netflix account has been locked. Verify your identity now at http://secure-update.invalid to avoid permanent closure. Do not ignore this message.,scam,phishing,en,Research-backed synthetic,synthetic_research_backed,"account threat, urgency, suspicious URL, credential harvesting",Do not click the link.,1. Do not open the URL. 2. Visit the service by typing its official address. 3. Change credentials if exposed. 4. Report the message.,High,P1,"English dataset row; retained from the finalized 1,500-record ScamShield dataset."
G0785,Rs 4999 was spent at Netflix using your debit card.,genuine,transaction,en,Research-backed synthetic,synthetic_research_backed,normal transaction notification,Verify the transaction in the official banking/payment app.,1. Open the official banking app. 2. Confirm the transaction. 3. Contact the bank only if it is unrecognized.,Low,P4,"English dataset row; retained from the finalized 1,500-record ScamShield dataset."
S0786,Congratulations! You won Rs 499 in a lucky draw. Pay Rs 999 tax/processing charges to claim your prize. Act now.,scam,lottery,en,Research-backed synthetic,synthetic_research_backed,"unexpected prize, upfront payment, lottery claim",Do not pay the fee.,1. Do not send money. 2. Do not share financial details. 3. Block the sender. 4. Report the message.,High,P1,"English dataset row; retained from the finalized 1,500-record ScamShield dataset."
S0787,Your parcel is held because of a Rs 1499 customs/redelivery charge. Pay at http://secure-update.invalid within 2 hours. Act now.,scam,delivery,en,Research-backed synthetic,synthetic_research_backed,"delivery impersonation, small fee, urgency, suspicious URL",Do not pay through the provided link.,1. Do not open the link. 2. Check the order on the official retailer/carrier site. 3. Verify any fee there. 4. Report the SMS.,High,P1,"English dataset row; retained from the finalized 1,500-record ScamShield dataset."
G0788,आपके Spotify भुगतान का ₹1299 का लेनदेन सफल रहा। — Customer Notification.,genuine,transaction,en,Research-backed synthetic,synthetic_research_backed,normal transaction notification,Verify the transaction through the official app.,1. आधिकारिक ऐप खोलें। 2. लेनदेन की राशि जांचें। 3. अनजान लेनदेन हो तो बैंक से संपर्क करें।,Low,P4,"English dataset row; retained from the finalized 1,500-record ScamShield dataset."
G0789,Your support ticket TKT-77104 has been updated. Please sign in to the official support portal to view the response.,genuine,support_genuine,en,Research-backed synthetic,synthetic_research_backed,normal support-ticket notification,Open the known support portal directly.,1. Open the official support portal manually. 2. Search for the ticket number. 3. Review the response there.,Low,P4,"English dataset row; retained from the finalized 1,500-record ScamShield dataset."
G0790,Your Spotify payment of ₹499 was processed successfully.,genuine,transaction,en,Research-backed synthetic,synthetic_research_backed,normal transaction notification,Verify in the official app.,1. Verify in the official app. 2. Verify the message in the official app/portal if needed. 3. Do not share sensitive information unnecessarily.,Low,P4,"English dataset row; retained from the finalized 1,500-record ScamShield dataset."
S0791,We detected an issue with your Instagram account. Call +91 9XXXX XXXXX and provide your card details for verification.,scam,customer_support,en,Research-backed synthetic,synthetic_research_backed,"fake support, request for financial data, unsolicited contact",Do not provide card or account details.,1. Do not call the supplied number. 2. Use official support channels. 3. Do not share card/OTP details. 4. Block the sender.,Critical,P1,"English dataset row; retained from the finalized 1,500-record ScamShield dataset."
G0792,Your order #402-1937460 from BookMyShow has been confirmed for delivery. Please keep this for your records.,genuine,ecommerce,en,Research-backed synthetic,synthetic_research_backed,normal ecommerce order confirmation,Check order status in the official store account.,1. Open the official shopping app/site. 2. Verify the order. 3. Contact official support for changes.,Low,P4,"English dataset row; retained from the finalized 1,500-record ScamShield dataset."
G0793,याद दिलाया जाता है कि आपकी dentist appointment 10 October को 4:30 PM बजे है।,genuine,appointment,en,Research-backed synthetic,synthetic_research_backed,normal appointment reminder,Use the official provider channel for confirmation or changes.,1. समय जांचें। 2. कैलेंडर में सेव करें। 3. बदलाव के लिए आधिकारिक नंबर/पोर्टल इस्तेमाल करें।,Low,P4,"English dataset row; retained from the finalized 1,500-record ScamShield dataset."
S0794,We detected an issue with your Paytm account. Call +91 9XXXX XXXXX and provide your card details for verification. Do not ignore this message.,scam,customer_support,en,Research-backed synthetic,synthetic_research_backed,"fake support, request for financial data, unsolicited contact",Do not provide card or account details.,1. Do not call the supplied number. 2. Use official support channels. 3. Do not share card/OTP details. 4. Block the sender.,Critical,P1,"English dataset row; retained from the finalized 1,500-record ScamShield dataset."
S0795,Premium apartment available at a very low rent. Send a refundable booking deposit of Rs 999 before viewing.,scam,rental_scam,en,Research-backed synthetic,synthetic_research_backed,"unusually low price, advance deposit, no viewing",Do not pay a deposit before independently verifying the property and owner.,1. Do not transfer the deposit. 2. Verify ownership/listing independently. 3. Inspect the property. 4. Report suspicious listings.,High,P2,"English dataset row; retained from the finalized 1,500-record ScamShield dataset."
S0796,Our AI trading group guarantees 5% daily profit. Deposit Rs 1299 today to activate your account. Do not ignore this message.,scam,investment_scam,en,Research-backed synthetic,synthetic_research_backed,"guaranteed returns, investment pressure, deposit request",Do not transfer money based on the message.,1. Do not deposit funds. 2. Verify the company independently. 3. Check regulatory status where applicable. 4. Report the solicitation.,Critical,P1,"English dataset row; retained from the finalized 1,500-record ScamShield dataset."
G0797,The Cybersecurity assignment deadline is 30 September. Please submit it through the student portal. Please keep this for your records.,genuine,education,en,Research-backed synthetic,synthetic_research_backed,normal educational announcement,Use the official student portal.,1. Check the assignment details. 2. Prepare the submission. 3. Upload through the official portal before the deadline.,Low,P4,"English dataset row; retained from the finalized 1,500-record ScamShield dataset."
S0798,Your Microsoft account has been locked. Verify your identity now at http://account-check.invalid to avoid permanent closure.,scam,phishing,en,Research-backed synthetic,synthetic_research_backed,"account threat, urgency, suspicious URL, credential harvesting",Do not click the link.,1. Do not open the URL. 2. Visit the service by typing its official address. 3. Change credentials if exposed. 4. Report the message.,High,P1,"English dataset row; retained from the finalized 1,500-record ScamShield dataset."
G0799,Reminder: your appointment is scheduled for 10 October at 9:30 AM.,genuine,appointment,en,Research-backed synthetic,synthetic_research_backed,normal appointment reminder,Confirm through the official provider if needed.,1. Confirm through the official provider if needed. 2. Verify the message in the official app/portal if needed. 3. Do not share sensitive information unnecessarily.,Low,P4,"English dataset row; retained from the finalized 1,500-record ScamShield dataset."
G0800,Your Uber payment of ₹799 was processed successfully.,genuine,transaction,en,Research-backed synthetic,synthetic_research_backed,normal transaction notification,Verify in the official app.,1. Verify in the official app. 2. Verify the message in the official app/portal if needed. 3. Do not share sensitive information unnecessarily.,Low,P4,"English dataset row; retained from the finalized 1,500-record ScamShield dataset."
S0801,Our crypto trading bot guarantees 20% profit every day. Deposit ₹499 now to join.,scam,crypto_investment,en,Research-backed synthetic,synthetic_research_backed,"guaranteed returns, crypto solicitation, deposit request",Do not transfer money based on guaranteed-profit claims.,1. Do not transfer money based on guaranteed-profit claims. 2. Verify independently using the official service/authority. 3. Preserve evidence. 4. Report suspected cyber fraud.,Critical,P1,"English dataset row; retained from the finalized 1,500-record ScamShield dataset."
G0802,Can you bring the documents when you come to campus cafeteria? Thank you.,genuine,personal,en,Research-backed synthetic,synthetic_research_backed,ordinary personal communication,Reply normally if the request is expected.,1. Confirm the context. 2. Reply normally. 3. Ignore if the sender is unknown.,Low,P4,"English dataset row; retained from the finalized 1,500-record ScamShield dataset."
G0803,Your order #403-5820147 from the store has been confirmed.,genuine,ecommerce,en,Research-backed synthetic,synthetic_research_backed,normal ecommerce notification,Check the order in the official shopping account.,1. Check the order in the official shopping account. 2. Verify the message in the official app/portal if needed. 3. Do not share sensitive information unnecessarily.,Low,P4,"English dataset row; retained from the finalized 1,500-record ScamShield dataset."
S0804,"To receive your refund of Rs 499, scan this QR and enter your UPI PIN. Do not ignore this message.",scam,upi_qr,en,Research-backed synthetic,synthetic_research_backed,"QR-for-receiving-money, UPI PIN request, refund pretext",Do not scan the QR or enter the UPI PIN.,1. Do not scan the QR. 2. Never enter a UPI PIN to receive money. 3. Verify the refund in the official app. 4. Report the sender.,Critical,P1,"English dataset row; retained from the finalized 1,500-record ScamShield dataset."
G0805,The department seminar on Generative AI will be held on 30 September in sample-venue. Please keep this for your records.,genuine,college_announcement,en,Research-backed synthetic,synthetic_research_backed,normal institutional announcement,Check the official college communication channel for details.,1. Verify the announcement in the official portal/email. 2. Note the venue and time. 3. Attend if relevant.,Low,P4,"English dataset row; retained from the finalized 1,500-record ScamShield dataset."
S0806,Congratulations! Your instant loan of Rs 249 is approved. Pay Rs 999 processing charges to release the funds.,scam,loan_scam,en,Research-backed synthetic,synthetic_research_backed,"unsolicited loan, advance fee, pressure",Do not pay the fee.,1. Do not pay upfront charges. 2. Verify the lender independently. 3. Avoid sharing banking credentials. 4. Report the message.,High,P1,"English dataset row; retained from the finalized 1,500-record ScamShield dataset."
G0807,The Cybersecurity assignment deadline is 2 October. Please submit it through the student portal.,genuine,education,en,Research-backed synthetic,synthetic_research_backed,normal educational announcement,Use the official student portal.,1. Check the assignment details. 2. Prepare the submission. 3. Upload through the official portal before the deadline.,Low,P4,"English dataset row; retained from the finalized 1,500-record ScamShield dataset."
S0808,Please donate Rs 249 for an emergency relief campaign. Transfer to this personal UPI ID today. Do not ignore this message.,scam,charity_scam,en,Research-backed synthetic,synthetic_research_backed,"emotional appeal, personal payment destination, urgency",Verify the charity and donation channel independently.,1. Do not transfer to an unverified personal account. 2. Check the organization's official website. 3. Donate through verified channels. 4. Report the message.,Medium,P2,"English dataset row; retained from the finalized 1,500-record ScamShield dataset."
S0809,Congratulations! Your instant loan of Rs 249 is approved. Pay Rs 1499 processing charges to release the funds. Do not ignore this message.,scam,loan_scam,en,Research-backed synthetic,synthetic_research_backed,"unsolicited loan, advance fee, pressure",Do not pay the fee.,1. Do not pay upfront charges. 2. Verify the lender independently. 3. Avoid sharing banking credentials. 4. Report the message.,High,P1,"English dataset row; retained from the finalized 1,500-record ScamShield dataset."
G0810,Your verification code for Netflix is M-562901. Do not share it with anyone. — Customer Notification.,genuine,otp,en,Research-backed synthetic,synthetic_research_backed,legitimate verification-code notice,Use the code only in the login/verification flow you initiated.,"1. Use the code only on the official service. 2. Never forward the code. 3. If you did not request it, ignore it and review account security.",Low,P4,"English dataset row; retained from the finalized 1,500-record ScamShield dataset."
S0811,Please donate Rs 199 for an emergency relief campaign. Transfer to this personal UPI ID today. Do not ignore this message.,scam,charity_scam,en,Research-backed synthetic,synthetic_research_backed,"emotional appeal, personal payment destination, urgency",Verify the charity and donation channel independently.,1. Do not transfer to an unverified personal account. 2. Check the organization's official website. 3. Donate through verified channels. 4. Report the message.,Medium,P2,"English dataset row; retained from the finalized 1,500-record ScamShield dataset."
S0812,Urgent: your HDFC Bank account will be blocked today because PAN/KYC is incomplete. Click http://account-check.invalid to update now. Act now.,scam,bank_kyc,en,Research-backed synthetic,synthetic_research_backed,"bank impersonation, urgency, suspicious URL, KYC request",Do not click the link or share banking credentials.,1. Do not click the link. 2. Open the bank's official app/site manually. 3. Verify KYC status. 4. Report the message if fraudulent.,High,P1,"English dataset row; retained from the finalized 1,500-record ScamShield dataset."
G0813,Your Vi data plan has 2.8 GB remaining and is valid until 5 October. — Customer Notification.,genuine,telecom_genuine,en,Research-backed synthetic,synthetic_research_backed,normal telecom usage notice,Check usage in the official telecom app if needed.,1. Open the official provider app. 2. Review plan usage. 3. Recharge only through official channels.,Low,P4,"English dataset row; retained from the finalized 1,500-record ScamShield dataset."
G0814,Your order #401-8246152 from the store has been confirmed.,genuine,ecommerce,en,Research-backed synthetic,synthetic_research_backed,normal ecommerce notification,Check the order in the official shopping account.,1. Check the order in the official shopping account. 2. Verify the message in the official app/portal if needed. 3. Do not share sensitive information unnecessarily.,Low,P4,"English dataset row; retained from the finalized 1,500-record ScamShield dataset."
S0815,Install this security update immediately using the attached APK to prevent your banking app from being disabled.,scam,malware,en,Research-backed synthetic,synthetic_research_backed,"malicious APK, urgency, banking pretext",Do not install unknown APK files.,1. Do not install unknown APK files. 2. Verify independently using the official service/authority. 3. Preserve evidence. 4. Report suspected cyber fraud.,Critical,P1,"English dataset row; retained from the finalized 1,500-record ScamShield dataset."
S0816,Congratulations! You won Rs 4999 in a lucky draw. Pay Rs 499 tax/processing charges to claim your prize. Act now.,scam,lottery,en,Research-backed synthetic,synthetic_research_backed,"unexpected prize, upfront payment, lottery claim",Do not pay the fee.,1. Do not send money. 2. Do not share financial details. 3. Block the sender. 4. Report the message.,High,P1,"English dataset row; retained from the finalized 1,500-record ScamShield dataset."
G0817,Reminder from Apollo Clinic: your career counseling session is booked for 15 October at 9:30 AM. Thank you.,genuine,healthcare,en,Research-backed synthetic,synthetic_research_backed,normal healthcare reminder,Use the clinic's official contact details for changes.,1. Verify the appointment in the clinic system. 2. Add it to your calendar. 3. Contact the clinic through its official number if needed.,Low,P4,"English dataset row; retained from the finalized 1,500-record ScamShield dataset."
G0818,"Hi Rahul, are we still meeting at campus cafeteria around 4:30 PM today? — Customer Notification.",genuine,personal,en,Research-backed synthetic,synthetic_research_backed,ordinary personal communication,Reply through the normal conversation channel.,1. Check your plans. 2. Reply to the sender. 3. Do not take any financial action based only on this message.,Low,P4,"English dataset row; retained from the finalized 1,500-record ScamShield dataset."
S0819,Urgent: your ICICI Bank account will be blocked today because PAN/KYC is incomplete. Click http://account-check.invalid to update now. Immediate action required.,scam,bank_kyc,en,Research-backed synthetic,synthetic_research_backed,"bank impersonation, urgency, suspicious URL, KYC request",Do not click the link or share banking credentials.,1. Do not click the link. 2. Open the bank's official app/site manually. 3. Verify KYC status. 4. Report the message if fraudulent.,High,P1,"English dataset row; retained from the finalized 1,500-record ScamShield dataset."
S0820,"Hi, I lost my phone and need you to urgently transfer Rs 199 to this new account. Please don't call. Act now.",scam,impersonation,en,Research-backed synthetic,synthetic_research_backed,"impersonation, money request, urgency, discouraging verification",Verify the person's identity through an independent channel before any payment.,1. Do not transfer money. 2. Call the person using a known number. 3. Confirm the request independently. 4. Report if fraudulent.,High,P1,"English dataset row; retained from the finalized 1,500-record ScamShield dataset."
S0821,Congratulations! You won Rs 249 in a lucky draw. Pay Rs 999 tax/processing charges to claim your prize. Immediate action required.,scam,lottery,en,Research-backed synthetic,synthetic_research_backed,"unexpected prize, upfront payment, lottery claim",Do not pay the fee.,1. Do not send money. 2. Do not share financial details. 3. Block the sender. 4. Report the message.,High,P1,"English dataset row; retained from the finalized 1,500-record ScamShield dataset."
G0822,Your service request SUP-23817 has been completed. Please review the update in the official portal. Please keep this for your records.,genuine,service_update,en,Research-backed synthetic,synthetic_research_backed,normal service update,Review the request through the official portal.,1. Open the official portal directly. 2. Check the request status. 3. Contact official support if the result is incorrect.,Low,P4,"English dataset row; retained from the finalized 1,500-record ScamShield dataset."
G0823,Rs 799 was spent at Uber using your credit card.,genuine,transaction,en,Research-backed synthetic,synthetic_research_backed,normal transaction notification,Verify the transaction in the official banking/payment app.,1. Open the official banking app. 2. Confirm the transaction. 3. Contact the bank only if it is unrecognized.,Low,P4,"English dataset row; retained from the finalized 1,500-record ScamShield dataset."
G0824,The Data Analytics assignment deadline is 30 September. Please submit it through the student portal. Thank you.,genuine,education,en,Research-backed synthetic,synthetic_research_backed,normal educational announcement,Use the official student portal.,1. Check the assignment details. 2. Prepare the submission. 3. Upload through the official portal before the deadline.,Low,P4,"English dataset row; retained from the finalized 1,500-record ScamShield dataset."
S0825,We detected an issue with your Google account. Call +91 9XXXX XXXXX and provide your card details for verification. Act now.,scam,customer_support,en,Research-backed synthetic,synthetic_research_backed,"fake support, request for financial data, unsolicited contact",Do not provide card or account details.,1. Do not call the supplied number. 2. Use official support channels. 3. Do not share card/OTP details. 4. Block the sender.,Critical,P1,"English dataset row; retained from the finalized 1,500-record ScamShield dataset."
S0826,Urgent: your SBI account will be blocked today because PAN/KYC is incomplete. Click http://secure-update.invalid to update now. Act now.,scam,bank_kyc,en,Research-backed synthetic,synthetic_research_backed,"bank impersonation, urgency, suspicious URL, KYC request",Do not click the link or share banking credentials.,1. Do not click the link. 2. Open the bank's official app/site manually. 3. Verify KYC status. 4. Report the message if fraudulent.,High,P1,"English dataset row; retained from the finalized 1,500-record ScamShield dataset."
S0827,"Hi, I lost my phone and need you to urgently transfer Rs 2499 to this new account. Please don't call. Do not ignore this message.",scam,impersonation,en,Research-backed synthetic,synthetic_research_backed,"impersonation, money request, urgency, discouraging verification",Verify the person's identity through an independent channel before any payment.,1. Do not transfer money. 2. Call the person using a known number. 3. Confirm the request independently. 4. Report if fraudulent.,High,P1,"English dataset row; retained from the finalized 1,500-record ScamShield dataset."
G0828,"Hi Rahul, are we still meeting at main gate around 6:00 PM today? — Customer Notification.",genuine,personal,en,Research-backed synthetic,synthetic_research_backed,ordinary personal communication,Reply through the normal conversation channel.,1. Check your plans. 2. Reply to the sender. 3. Do not take any financial action based only on this message.,Low,P4,"English dataset row; retained from the finalized 1,500-record ScamShield dataset."
S0829,Urgent: your HDFC Bank account will be blocked today because PAN/KYC is incomplete. Click http://account-check.invalid to update now.,scam,bank_kyc,en,Research-backed synthetic,synthetic_research_backed,"bank impersonation, urgency, suspicious URL, KYC request",Do not click the link or share banking credentials.,1. Do not click the link. 2. Open the bank's official app/site manually. 3. Verify KYC status. 4. Report the message if fraudulent.,High,P1,"English dataset row; retained from the finalized 1,500-record ScamShield dataset."
S0830,Send ₹199 now or your private video will be shared with your contacts.,scam,sextortion,en,Research-backed synthetic,synthetic_research_backed,"blackmail, extortion, urgent payment demand",Do not pay or engage further; preserve evidence and report the incident.,1. Do not pay or engage further; preserve evidence and report the incident. 2. Verify independently using the official service/authority. 3. Preserve evidence. 4. Report suspected cyber fraud.,Critical,P1,"English dataset row; retained from the finalized 1,500-record ScamShield dataset."
S0831,I need urgent financial help for a family emergency. Please send Rs 2499 today and I will return it next week.,scam,romance_scam,en,Research-backed synthetic,synthetic_research_backed,"emotional pressure, urgent money request, unverifiable emergency",Verify the person's identity and situation independently before sending money.,1. Do not transfer money immediately. 2. Verify identity using another channel. 3. Discuss with someone you trust. 4. Report if fraudulent.,High,P2,"English dataset row; retained from the finalized 1,500-record ScamShield dataset."
S0832,Congratulations! You won Rs 1299 in a lucky draw. Pay Rs 499 tax/processing charges to claim your prize. Act now.,scam,lottery,en,Research-backed synthetic,synthetic_research_backed,"unexpected prize, upfront payment, lottery claim",Do not pay the fee.,1. Do not send money. 2. Do not share financial details. 3. Block the sender. 4. Report the message.,High,P1,"English dataset row; retained from the finalized 1,500-record ScamShield dataset."
G0833,Your Amazon payment of Rs 4999 was processed successfully. Thank you.,genuine,transaction,en,Research-backed synthetic,synthetic_research_backed,normal transaction notification,Verify the transaction in the official app or bank statement.,1. Check the transaction in the official app. 2. Confirm the amount and merchant. 3. Keep the receipt if needed.,Low,P4,"English dataset row; retained from the finalized 1,500-record ScamShield dataset."
G0834,Rs 199 was spent at Netflix using your credit card. Please keep this for your records.,genuine,transaction,en,Research-backed synthetic,synthetic_research_backed,normal transaction notification,Verify the transaction in the official banking/payment app.,1. Open the official banking app. 2. Confirm the transaction. 3. Contact the bank only if it is unrecognized.,Low,P4,"English dataset row; retained from the finalized 1,500-record ScamShield dataset."
G0835,Your Google subscription renews on 30 September for Rs 499. Thank you.,genuine,subscription,en,Research-backed synthetic,synthetic_research_backed,normal subscription notice,Review the subscription in the official account settings.,1. Check the subscription details. 2. Confirm the renewal amount. 3. Cancel only through the official account if desired.,Low,P4,"English dataset row; retained from the finalized 1,500-record ScamShield dataset."
G0836,Your application for the Java Backend Developer position has moved to the next stage. Please check the company careers portal. — Customer Notification.,genuine,job_genuine,en,Research-backed synthetic,synthetic_research_backed,normal recruitment communication,Access the known company careers portal directly.,1. Open the company website manually. 2. Check application status. 3. Follow the official recruitment process.,Low,P4,"English dataset row; retained from the finalized 1,500-record ScamShield dataset."
G0837,Reminder from local health clinic: your doctor consultation is booked for 15 October at 4:30 PM. Please keep this for your records.,genuine,healthcare,en,Research-backed synthetic,synthetic_research_backed,normal healthcare reminder,Use the clinic's official contact details for changes.,1. Verify the appointment in the clinic system. 2. Add it to your calendar. 3. Contact the clinic through its official number if needed.,Low,P4,"English dataset row; retained from the finalized 1,500-record ScamShield dataset."
S0838,Congratulations! Your instant loan of Rs 199 is approved. Pay Rs 999 processing charges to release the funds. Immediate action required.,scam,loan_scam,en,Research-backed synthetic,synthetic_research_backed,"unsolicited loan, advance fee, pressure",Do not pay the fee.,1. Do not pay upfront charges. 2. Verify the lender independently. 3. Avoid sharing banking credentials. 4. Report the message.,High,P1,"English dataset row; retained from the finalized 1,500-record ScamShield dataset."
S0839,Earn ₹25000 daily by completing CAPTCHA tasks. Pay ₹999 registration/software charges to activate your account.,scam,fake_captcha_job,en,Research-backed synthetic,synthetic_research_backed,"upfront fee, unrealistic earnings, fake job platform",Do not pay the registration fee.,1. Do not pay the registration fee. 2. Verify independently using the official service/authority. 3. Preserve evidence. 4. Report suspected cyber fraud.,High,P1,"English dataset row; retained from the finalized 1,500-record ScamShield dataset."
G0840,Your order #404-7319056 from BookMyShow has been confirmed for delivery.,genuine,ecommerce,en,Research-backed synthetic,synthetic_research_backed,normal ecommerce order confirmation,Check order status in the official store account.,1. Open the official shopping app/site. 2. Verify the order. 3. Contact official support for changes.,Low,P4,"English dataset row; retained from the finalized 1,500-record ScamShield dataset."
S0841,You have been selected for a work-from-home Data Analyst paying Rs 249 per day. Pay Rs 499 as registration before joining. Do not ignore this message.,scam,job_scam,en,Research-backed synthetic,synthetic_research_backed,"unrealistic earnings, upfront fee, unsolicited job",Do not pay the registration fee.,1. Do not pay. 2. Verify the employer independently. 3. Do not share identity/banking documents. 4. Block and report the sender.,High,P1,"English dataset row; retained from the finalized 1,500-record ScamShield dataset."
S0842,You have been selected for a work-from-home Frontend Developer paying Rs 4999 per day. Pay Rs 999 as registration before joining. Immediate action required.,scam,job_scam,en,Research-backed synthetic,synthetic_research_backed,"unrealistic earnings, upfront fee, unsolicited job",Do not pay the registration fee.,1. Do not pay. 2. Verify the employer independently. 3. Do not share identity/banking documents. 4. Block and report the sender.,High,P1,"English dataset row; retained from the finalized 1,500-record ScamShield dataset."
S0843,"To receive your refund of Rs 249, scan this QR and enter your UPI PIN.",scam,upi_qr,en,Research-backed synthetic,synthetic_research_backed,"QR-for-receiving-money, UPI PIN request, refund pretext",Do not scan the QR or enter the UPI PIN.,1. Do not scan the QR. 2. Never enter a UPI PIN to receive money. 3. Verify the refund in the official app. 4. Report the sender.,Critical,P1,"English dataset row; retained from the finalized 1,500-record ScamShield dataset."
G0844,Your mobile plan has 5 GB remaining and is valid until 2 October.,genuine,telecom_genuine,en,Research-backed synthetic,synthetic_research_backed,normal telecom usage notice,Check usage in the official provider app.,1. Check usage in the official provider app. 2. Verify the message in the official app/portal if needed. 3. Do not share sensitive information unnecessarily.,Low,P4,"English dataset row; retained from the finalized 1,500-record ScamShield dataset."
S0845,Congratulations! You won Rs 249 in a lucky draw. Pay Rs 499 tax/processing charges to claim your prize.,scam,lottery,en,Research-backed synthetic,synthetic_research_backed,"unexpected prize, upfront payment, lottery claim",Do not pay the fee.,1. Do not send money. 2. Do not share financial details. 3. Block the sender. 4. Report the message.,High,P1,"English dataset row; retained from the finalized 1,500-record ScamShield dataset."
G0846,Your application for the Python Developer position has moved to the next stage. Please check the company careers portal. Thank you.,genuine,job_genuine,en,Research-backed synthetic,synthetic_research_backed,normal recruitment communication,Access the known company careers portal directly.,1. Open the company website manually. 2. Check application status. 3. Follow the official recruitment process.,Low,P4,"English dataset row; retained from the finalized 1,500-record ScamShield dataset."
S0847,Congratulations! You won Rs 199 in a lucky draw. Pay Rs 1499 tax/processing charges to claim your prize. Immediate action required.,scam,lottery,en,Research-backed synthetic,synthetic_research_backed,"unexpected prize, upfront payment, lottery claim",Do not pay the fee.,1. Do not send money. 2. Do not share financial details. 3. Block the sender. 4. Report the message.,High,P1,"English dataset row; retained from the finalized 1,500-record ScamShield dataset."
S0848,Our AI trading group guarantees 20% daily profit. Deposit Rs 4999 today to activate your account. Immediate action required.,scam,investment_scam,en,Research-backed synthetic,synthetic_research_backed,"guaranteed returns, investment pressure, deposit request",Do not transfer money based on the message.,1. Do not deposit funds. 2. Verify the company independently. 3. Check regulatory status where applicable. 4. Report the solicitation.,Critical,P1,"English dataset row; retained from the finalized 1,500-record ScamShield dataset."
S0849,Your parcel is held because of a Rs 299 customs/redelivery charge. Pay at http://account-check.invalid within 2 hours. Act now.,scam,delivery,en,Research-backed synthetic,synthetic_research_backed,"delivery impersonation, small fee, urgency, suspicious URL",Do not pay through the provided link.,1. Do not open the link. 2. Check the order on the official retailer/carrier site. 3. Verify any fee there. 4. Report the SMS.,High,P1,"English dataset row; retained from the finalized 1,500-record ScamShield dataset."
S0850,Our AI trading group guarantees 20% daily profit. Deposit Rs 199 today to activate your account. Immediate action required.,scam,investment_scam,en,Research-backed synthetic,synthetic_research_backed,"guaranteed returns, investment pressure, deposit request",Do not transfer money based on the message.,1. Do not deposit funds. 2. Verify the company independently. 3. Check regulatory status where applicable. 4. Report the solicitation.,Critical,P1,"English dataset row; retained from the finalized 1,500-record ScamShield dataset."
S0851,Your Microsoft account has been locked. Verify your identity now at https://example.invalid/verify to avoid permanent closure. Do not ignore this message.,scam,phishing,en,Research-backed synthetic,synthetic_research_backed,"account threat, urgency, suspicious URL, credential harvesting",Do not click the link.,1. Do not open the URL. 2. Visit the service by typing its official address. 3. Change credentials if exposed. 4. Report the message.,High,P1,"English dataset row; retained from the finalized 1,500-record ScamShield dataset."
S0852,We detected an issue with your Paytm account. Call +91 9XXXX XXXXX and provide your card details for verification. Immediate action required.,scam,customer_support,en,Research-backed synthetic,synthetic_research_backed,"fake support, request for financial data, unsolicited contact",Do not provide card or account details.,1. Do not call the supplied number. 2. Use official support channels. 3. Do not share card/OTP details. 4. Block the sender.,Critical,P1,"English dataset row; retained from the finalized 1,500-record ScamShield dataset."
G0853,Can you bring the documents when you come to office? — Customer Notification.,genuine,personal,en,Research-backed synthetic,synthetic_research_backed,ordinary personal communication,Reply normally if the request is expected.,1. Confirm the context. 2. Reply normally. 3. Ignore if the sender is unknown.,Low,P4,"English dataset row; retained from the finalized 1,500-record ScamShield dataset."
S0854,Congratulations! You won Rs 1299 in a lucky draw. Pay Rs 1499 tax/processing charges to claim your prize. Immediate action required.,scam,lottery,en,Research-backed synthetic,synthetic_research_backed,"unexpected prize, upfront payment, lottery claim",Do not pay the fee.,1. Do not send money. 2. Do not share financial details. 3. Block the sender. 4. Report the message.,High,P1,"English dataset row; retained from the finalized 1,500-record ScamShield dataset."
G0855,Your registration for coding contest is confirmed. The event begins at 10:00 AM on 5 October.,genuine,event,en,Research-backed synthetic,synthetic_research_backed,normal event confirmation,Check the registration in the official event account/email.,1. Verify registration details. 2. Save the event information. 3. Use the organizer's official contact channel for changes.,Low,P4,"English dataset row; retained from the finalized 1,500-record ScamShield dataset."
G0856,Your application has moved to the next stage. Please check the company's official careers portal.,genuine,job_genuine,en,Research-backed synthetic,synthetic_research_backed,normal recruitment communication,Access the known company careers portal directly.,1. Access the known company careers portal directly. 2. Verify the message in the official app/portal if needed. 3. Do not share sensitive information unnecessarily.,Low,P4,"English dataset row; retained from the finalized 1,500-record ScamShield dataset."
S0857,Please donate Rs 2499 for an emergency relief campaign. Transfer to this personal UPI ID today. Immediate action required.,scam,charity_scam,en,Research-backed synthetic,synthetic_research_backed,"emotional appeal, personal payment destination, urgency",Verify the charity and donation channel independently.,1. Do not transfer to an unverified personal account. 2. Check the organization's official website. 3. Donate through verified channels. 4. Report the message.,Medium,P2,"English dataset row; retained from the finalized 1,500-record ScamShield dataset."
G0858,The department seminar on Cybersecurity will be held on 10 October in sample-venue.,genuine,college_announcement,en,Research-backed synthetic,synthetic_research_backed,normal institutional announcement,Check the official college communication channel for details.,1. Verify the announcement in the official portal/email. 2. Note the venue and time. 3. Attend if relevant.,Low,P4,"English dataset row; retained from the finalized 1,500-record ScamShield dataset."
S0859,Your Netflix account has been locked. Verify your identity now at https://example.invalid/verify to avoid permanent closure. Do not ignore this message.,scam,phishing,en,Research-backed synthetic,synthetic_research_backed,"account threat, urgency, suspicious URL, credential harvesting",Do not click the link.,1. Do not open the URL. 2. Visit the service by typing its official address. 3. Change credentials if exposed. 4. Report the message.,High,P1,"English dataset row; retained from the finalized 1,500-record ScamShield dataset."
S0860,Our crypto trading bot guarantees 20% profit every day. Deposit ₹999 now to join.,scam,crypto_investment,en,Research-backed synthetic,synthetic_research_backed,"guaranteed returns, crypto solicitation, deposit request",Do not transfer money based on guaranteed-profit claims.,1. Do not transfer money based on guaranteed-profit claims. 2. Verify independently using the official service/authority. 3. Preserve evidence. 4. Report suspected cyber fraud.,Critical,P1,"English dataset row; retained from the finalized 1,500-record ScamShield dataset."
S0861,You have been selected for a work-from-home ML Intern paying Rs 249 per day. Pay Rs 499 as registration before joining. Act now.,scam,job_scam,en,Research-backed synthetic,synthetic_research_backed,"unrealistic earnings, upfront fee, unsolicited job",Do not pay the registration fee.,1. Do not pay. 2. Verify the employer independently. 3. Do not share identity/banking documents. 4. Block and report the sender.,High,P1,"English dataset row; retained from the finalized 1,500-record ScamShield dataset."
G0862,Reminder from local health clinic: your career counseling session is booked for 10 October at 2:00 PM. Thank you.,genuine,healthcare,en,Research-backed synthetic,synthetic_research_backed,normal healthcare reminder,Use the clinic's official contact details for changes.,1. Verify the appointment in the clinic system. 2. Add it to your calendar. 3. Contact the clinic through its official number if needed.,Low,P4,"English dataset row; retained from the finalized 1,500-record ScamShield dataset."
G0863,Your registration for placement orientation is confirmed. The event begins at 2:00 PM on 30 September. Please keep this for your records.,genuine,event,en,Research-backed synthetic,synthetic_research_backed,normal event confirmation,Check the registration in the official event account/email.,1. Verify registration details. 2. Save the event information. 3. Use the organizer's official contact channel for changes.,Low,P4,"English dataset row; retained from the finalized 1,500-record ScamShield dataset."
G0864,याद दिलाया जाता है कि आपकी lab appointment 10 October को 6:00 PM बजे है। — Customer Notification.,genuine,appointment,en,Research-backed synthetic,synthetic_research_backed,normal appointment reminder,Use the official provider channel for confirmation or changes.,1. समय जांचें। 2. कैलेंडर में सेव करें। 3. बदलाव के लिए आधिकारिक नंबर/पोर्टल इस्तेमाल करें।,Low,P4,"English dataset row; retained from the finalized 1,500-record ScamShield dataset."
S0865,Earn ₹5000 daily by completing CAPTCHA tasks. Pay ₹4999 registration/software charges to activate your account.,scam,fake_captcha_job,en,Research-backed synthetic,synthetic_research_backed,"upfront fee, unrealistic earnings, fake job platform",Do not pay the registration fee.,1. Do not pay the registration fee. 2. Verify independently using the official service/authority. 3. Preserve evidence. 4. Report suspected cyber fraud.,High,P1,"English dataset row; retained from the finalized 1,500-record ScamShield dataset."
S0866,Our AI trading group guarantees 30% daily profit. Deposit Rs 249 today to activate your account. Immediate action required.,scam,investment_scam,en,Research-backed synthetic,synthetic_research_backed,"guaranteed returns, investment pressure, deposit request",Do not transfer money based on the message.,1. Do not deposit funds. 2. Verify the company independently. 3. Check regulatory status where applicable. 4. Report the solicitation.,Critical,P1,"English dataset row; retained from the finalized 1,500-record ScamShield dataset."
S0867,Earn ₹10000 daily by completing CAPTCHA tasks. Pay ₹999 registration/software charges to activate your account.,scam,fake_captcha_job,en,Research-backed synthetic,synthetic_research_backed,"upfront fee, unrealistic earnings, fake job platform",Do not pay the registration fee.,1. Do not pay the registration fee. 2. Verify independently using the official service/authority. 3. Preserve evidence. 4. Report suspected cyber fraud.,High,P1,"English dataset row; retained from the finalized 1,500-record ScamShield dataset."
G0868,Please review the latest ScamShield build before the review tomorrow.,genuine,work,en,Research-backed synthetic,synthetic_research_backed,ordinary workplace communication,Review the work through the normal project channel.,1. Open the known project workspace. 2. Review the requested item. 3. Reply with feedback.,Low,P4,"English dataset row; retained from the finalized 1,500-record ScamShield dataset."
S0869,Premium apartment available at a very low rent. Send a refundable booking deposit of Rs 999 before viewing. Act now.,scam,rental_scam,en,Research-backed synthetic,synthetic_research_backed,"unusually low price, advance deposit, no viewing",Do not pay a deposit before independently verifying the property and owner.,1. Do not transfer the deposit. 2. Verify ownership/listing independently. 3. Inspect the property. 4. Report suspicious listings.,High,P2,"English dataset row; retained from the finalized 1,500-record ScamShield dataset."
G0870,Your Air India booking AI7K2P is confirmed for 15 October. Thank you.,genuine,travel,en,Research-backed synthetic,synthetic_research_backed,normal travel confirmation,Check the booking in the official airline/travel app.,1. Open the official travel account. 2. Verify the booking reference. 3. Check schedule changes through the official channel.,Low,P4,"English dataset row; retained from the finalized 1,500-record ScamShield dataset."
G0871,Your subscription renews on 2 October for ₹2499.,genuine,subscription,en,Research-backed synthetic,synthetic_research_backed,normal subscription notice,Review the subscription in the official account settings.,1. Review the subscription in the official account settings. 2. Verify the message in the official app/portal if needed. 3. Do not share sensitive information unnecessarily.,Low,P4,"English dataset row; retained from the finalized 1,500-record ScamShield dataset."
G0872,Your support ticket SS-10482 has been updated. Please sign in to the official support portal to view the response. — Customer Notification.,genuine,support_genuine,en,Research-backed synthetic,synthetic_research_backed,normal support-ticket notification,Open the known support portal directly.,1. Open the official support portal manually. 2. Search for the ticket number. 3. Review the response there.,Low,P4,"English dataset row; retained from the finalized 1,500-record ScamShield dataset."
G0873,The Cybersecurity assignment deadline is 20 October. Please submit it through the student portal.,genuine,education,en,Research-backed synthetic,synthetic_research_backed,normal educational announcement,Use the official student portal.,1. Check the assignment details. 2. Prepare the submission. 3. Upload through the official portal before the deadline.,Low,P4,"English dataset row; retained from the finalized 1,500-record ScamShield dataset."
G0874,आपके Flipkart भुगतान का ₹499 का लेनदेन सफल रहा।,genuine,transaction,en,Research-backed synthetic,synthetic_research_backed,normal transaction notification,Verify the transaction through the official app.,1. आधिकारिक ऐप खोलें। 2. लेनदेन की राशि जांचें। 3. अनजान लेनदेन हो तो बैंक से संपर्क करें।,Low,P4,"English dataset row; retained from the finalized 1,500-record ScamShield dataset."
S0875,Our AI trading group guarantees 30% daily profit. Deposit Rs 2499 today to activate your account.,scam,investment_scam,en,Research-backed synthetic,synthetic_research_backed,"guaranteed returns, investment pressure, deposit request",Do not transfer money based on the message.,1. Do not deposit funds. 2. Verify the company independently. 3. Check regulatory status where applicable. 4. Report the solicitation.,Critical,P1,"English dataset row; retained from the finalized 1,500-record ScamShield dataset."
G0876,The department seminar on Cybersecurity will be held on 15 October in sample-venue.,genuine,college_announcement,en,Research-backed synthetic,synthetic_research_backed,normal institutional announcement,Check the official college communication channel for details.,1. Verify the announcement in the official portal/email. 2. Note the venue and time. 3. Attend if relevant.,Low,P4,"English dataset row; retained from the finalized 1,500-record ScamShield dataset."
G0877,Reminder: your dentist appointment is scheduled for 10 October at 2:00 PM. Thank you.,genuine,appointment,en,Research-backed synthetic,synthetic_research_backed,normal appointment reminder,Confirm or reschedule through the official provider if necessary.,1. Check the appointment details. 2. Add it to your calendar. 3. Use the provider's official contact channel for changes.,Low,P4,"English dataset row; retained from the finalized 1,500-record ScamShield dataset."
S0878,Our crypto trading bot guarantees 50% profit every day. Deposit ₹5000 now to join.,scam,crypto_investment,en,Research-backed synthetic,synthetic_research_backed,"guaranteed returns, crypto solicitation, deposit request",Do not transfer money based on guaranteed-profit claims.,1. Do not transfer money based on guaranteed-profit claims. 2. Verify independently using the official service/authority. 3. Preserve evidence. 4. Report suspected cyber fraud.,Critical,P1,"English dataset row; retained from the finalized 1,500-record ScamShield dataset."
G0879,Your mobile plan has 2.8 GB remaining and is valid until 5 October.,genuine,telecom_genuine,en,Research-backed synthetic,synthetic_research_backed,normal telecom usage notice,Check usage in the official provider app.,1. Check usage in the official provider app. 2. Verify the message in the official app/portal if needed. 3. Do not share sensitive information unnecessarily.,Low,P4,"English dataset row; retained from the finalized 1,500-record ScamShield dataset."
G0880,Your order #401-8246152 from Myntra has been confirmed for delivery. Thank you.,genuine,ecommerce,en,Research-backed synthetic,synthetic_research_backed,normal ecommerce order confirmation,Check order status in the official store account.,1. Open the official shopping app/site. 2. Verify the order. 3. Contact official support for changes.,Low,P4,"English dataset row; retained from the finalized 1,500-record ScamShield dataset."
S0881,You have been selected for a work-from-home ML Intern paying Rs 2499 per day. Pay Rs 999 as registration before joining. Act now.,scam,job_scam,en,Research-backed synthetic,synthetic_research_backed,"unrealistic earnings, upfront fee, unsolicited job",Do not pay the registration fee.,1. Do not pay. 2. Verify the employer independently. 3. Do not share identity/banking documents. 4. Block and report the sender.,High,P1,"English dataset row; retained from the finalized 1,500-record ScamShield dataset."
G0882,Rs 199 was spent at Netflix using your debit card. Please keep this for your records.,genuine,transaction,en,Research-backed synthetic,synthetic_research_backed,normal transaction notification,Verify the transaction in the official banking/payment app.,1. Open the official banking app. 2. Confirm the transaction. 3. Contact the bank only if it is unrecognized.,Low,P4,"English dataset row; retained from the finalized 1,500-record ScamShield dataset."
S0883,Congratulations! Your instant loan of Rs 2499 is approved. Pay Rs 999 processing charges to release the funds. Act now.,scam,loan_scam,en,Research-backed synthetic,synthetic_research_backed,"unsolicited loan, advance fee, pressure",Do not pay the fee.,1. Do not pay upfront charges. 2. Verify the lender independently. 3. Avoid sharing banking credentials. 4. Report the message.,High,P1,"English dataset row; retained from the finalized 1,500-record ScamShield dataset."
G0884,"A new beneficiary was added to your account. If you made this change, no action is required. Please keep this for your records.",genuine,banking_genuine,en,Research-backed synthetic,synthetic_research_backed,normal banking security notification,Verify the beneficiary in the official banking app.,1. Open the official banking app. 2. Check the beneficiary list. 3. Contact the bank immediately if you did not make the change.,Low,P4,"English dataset row; retained from the finalized 1,500-record ScamShield dataset."
S0885,Earn ₹499 daily by completing CAPTCHA tasks. Pay ₹1999 registration/software charges to activate your account.,scam,fake_captcha_job,en,Research-backed synthetic,synthetic_research_backed,"upfront fee, unrealistic earnings, fake job platform",Do not pay the registration fee.,1. Do not pay the registration fee. 2. Verify independently using the official service/authority. 3. Preserve evidence. 4. Report suspected cyber fraud.,High,P1,"English dataset row; retained from the finalized 1,500-record ScamShield dataset."
S0886,Urgent: your HDFC Bank account will be blocked today because PAN/KYC is incomplete. Click http://account-check.invalid to update now. Immediate action required.,scam,bank_kyc,en,Research-backed synthetic,synthetic_research_backed,"bank impersonation, urgency, suspicious URL, KYC request",Do not click the link or share banking credentials.,1. Do not click the link. 2. Open the bank's official app/site manually. 3. Verify KYC status. 4. Report the message if fraudulent.,High,P1,"English dataset row; retained from the finalized 1,500-record ScamShield dataset."
G0887,Your BSNL data plan has 5 GB remaining and is valid until 10 October. Thank you.,genuine,telecom_genuine,en,Research-backed synthetic,synthetic_research_backed,normal telecom usage notice,Check usage in the official telecom app if needed.,1. Open the official provider app. 2. Review plan usage. 3. Recharge only through official channels.,Low,P4,"English dataset row; retained from the finalized 1,500-record ScamShield dataset."
S0888,We detected an issue with your Instagram account. Call +91 9XXXX XXXXX and provide your card details for verification. Immediate action required.,scam,customer_support,en,Research-backed synthetic,synthetic_research_backed,"fake support, request for financial data, unsolicited contact",Do not provide card or account details.,1. Do not call the supplied number. 2. Use official support channels. 3. Do not share card/OTP details. 4. Block the sender.,Critical,P1,"English dataset row; retained from the finalized 1,500-record ScamShield dataset."
S0889,Your Instagram account has been locked. Verify your identity now at http://secure-update.invalid to avoid permanent closure. Immediate action required.,scam,phishing,en,Research-backed synthetic,synthetic_research_backed,"account threat, urgency, suspicious URL, credential harvesting",Do not click the link.,1. Do not open the URL. 2. Visit the service by typing its official address. 3. Change credentials if exposed. 4. Report the message.,High,P1,"English dataset row; retained from the finalized 1,500-record ScamShield dataset."
G0890,Amazon verification code G-481205 है। इसे किसी के साथ साझा न करें। Thank you.,genuine,otp,en,Research-backed synthetic,synthetic_research_backed,legitimate verification-code notice,Use only for the verification you initiated.,1. कोड केवल आधिकारिक स्क्रीन पर दर्ज करें। 2. किसी को न बताएं। 3. अनचाहा कोड हो तो पासवर्ड/सुरक्षा जांचें।,Low,P4,"English dataset row; retained from the finalized 1,500-record ScamShield dataset."
S0891,You have been selected for a work-from-home ML Intern paying Rs 249 per day. Pay Rs 499 as registration before joining. Immediate action required.,scam,job_scam,en,Research-backed synthetic,synthetic_research_backed,"unrealistic earnings, upfront fee, unsolicited job",Do not pay the registration fee.,1. Do not pay. 2. Verify the employer independently. 3. Do not share identity/banking documents. 4. Block and report the sender.,High,P1,"English dataset row; retained from the finalized 1,500-record ScamShield dataset."
G0892,Reminder: your doctor appointment is on Monday at 10:00 AM. Reply 'Y' to confirm.,genuine,appointment,en,User-provided reference file,user_reference,None,Reply Y,Verify through an official channel; follow the expected action above.,Low,P4,"English dataset row; retained from the finalized 1,500-record ScamShield dataset."
S0893,Your insurance policy bonus is ready. Pay Rs 499 service charges and send your Aadhaar and bank details to receive it. Do not ignore this message.,scam,insurance_scam,en,Research-backed synthetic,synthetic_research_backed,"unexpected bonus, advance fee, identity-data request",Do not pay or send identity/bank documents.,1. Do not pay. 2. Contact the insurer through the official website/number. 3. Do not send identity documents. 4. Report the message.,High,P1,"English dataset row; retained from the finalized 1,500-record ScamShield dataset."
G0894,Your support ticket SS-10482 has been updated. Sign in to the official support portal to view it.,genuine,support_genuine,en,Research-backed synthetic,synthetic_research_backed,normal support notification,Open the known support portal directly.,1. Open the known support portal directly. 2. Verify the message in the official app/portal if needed. 3. Do not share sensitive information unnecessarily.,Low,P4,"English dataset row; retained from the finalized 1,500-record ScamShield dataset."
G0895,The Cybersecurity assignment deadline is 20 October. Please submit it through the student portal. — Customer Notification.,genuine,education,en,Research-backed synthetic,synthetic_research_backed,normal educational announcement,Use the official student portal.,1. Check the assignment details. 2. Prepare the submission. 3. Upload through the official portal before the deadline.,Low,P4,"English dataset row; retained from the finalized 1,500-record ScamShield dataset."
S0896,Your parcel is held because of a Rs 999 customs/redelivery charge. Pay at http://account-check.invalid within 2 hours. Immediate action required.,scam,delivery,en,Research-backed synthetic,synthetic_research_backed,"delivery impersonation, small fee, urgency, suspicious URL",Do not pay through the provided link.,1. Do not open the link. 2. Check the order on the official retailer/carrier site. 3. Verify any fee there. 4. Report the SMS.,High,P1,"English dataset row; retained from the finalized 1,500-record ScamShield dataset."
G0897,Your Delhivery order #403-5820147 has shipped and is expected to arrive on 30 September.,genuine,delivery,en,Research-backed synthetic,synthetic_research_backed,normal delivery update,Track through the official retailer/carrier app if needed.,1. Open the official app if tracking is required. 2. Check the order number. 3. No payment is required unless shown in the official order flow.,Low,P4,"English dataset row; retained from the finalized 1,500-record ScamShield dataset."
S0898,Urgent: your HDFC Bank account will be blocked today because PAN/KYC is incomplete. Click http://secure-update.invalid to update now. Act now.,scam,bank_kyc,en,Research-backed synthetic,synthetic_research_backed,"bank impersonation, urgency, suspicious URL, KYC request",Do not click the link or share banking credentials.,1. Do not click the link. 2. Open the bank's official app/site manually. 3. Verify KYC status. 4. Report the message if fraudulent.,High,P1,"English dataset row; retained from the finalized 1,500-record ScamShield dataset."
S0899,Your WhatsApp/email account will be deleted unless you send the 6-digit verification code now. Act now.,scam,account_takeover,en,Research-backed synthetic,synthetic_research_backed,"OTP request, account takeover, urgency",Do not share the verification code.,1. Do not share the code. 2. Open the official app and review active sessions. 3. Enable two-step verification. 4. Report the sender.,Critical,P1,"English dataset row; retained from the finalized 1,500-record ScamShield dataset."
G0900,Reminder: your career counseling session is scheduled for 10 October at 4:30 PM.,genuine,appointment,en,Research-backed synthetic,synthetic_research_backed,normal appointment reminder,Confirm or reschedule through the official provider if necessary.,1. Check the appointment details. 2. Add it to your calendar. 3. Use the provider's official contact channel for changes.,Low,P4,"English dataset row; retained from the finalized 1,500-record ScamShield dataset."
G0901,The Generative AI assignment deadline is 20 October. Please submit it through the student portal.,genuine,education,en,Research-backed synthetic,synthetic_research_backed,normal educational announcement,Use the official student portal.,1. Check the assignment details. 2. Prepare the submission. 3. Upload through the official portal before the deadline.,Low,P4,"English dataset row; retained from the finalized 1,500-record ScamShield dataset."
S0902,Your WhatsApp account has been locked. Verify your identity now at https://example.invalid/verify to avoid permanent closure. Do not ignore this message.,scam,phishing,en,Research-backed synthetic,synthetic_research_backed,"account threat, urgency, suspicious URL, credential harvesting",Do not click the link.,1. Do not open the URL. 2. Visit the service by typing its official address. 3. Change credentials if exposed. 4. Report the message.,High,P1,"English dataset row; retained from the finalized 1,500-record ScamShield dataset."
S0903,I trust you completely. I can show you a special crypto investment platform. Send ₹999 and we will grow it together.,scam,matrimonial_investment,en,Research-backed synthetic,synthetic_research_backed,"romance grooming, investment pitch, money request",Do not send money to an online romantic contact.,1. Do not send money to an online romantic contact. 2. Verify independently using the official service/authority. 3. Preserve evidence. 4. Report suspected cyber fraud.,Critical,P1,"English dataset row; retained from the finalized 1,500-record ScamShield dataset."
S0904,Your overseas online job placement is approved. Pay ₹199 for processing and travel documents before deployment.,scam,cyber_slavery,en,Research-backed synthetic,synthetic_research_backed,"fake overseas job, upfront payment, recruitment deception",Do not pay before independently verifying the recruiter.,1. Do not pay before independently verifying the recruiter. 2. Verify independently using the official service/authority. 3. Preserve evidence. 4. Report suspected cyber fraud.,High,P1,"English dataset row; retained from the finalized 1,500-record ScamShield dataset."
G0905,Your BSNL data plan has 1.2 GB remaining and is valid until 30 September. Please keep this for your records.,genuine,telecom_genuine,en,Research-backed synthetic,synthetic_research_backed,normal telecom usage notice,Check usage in the official telecom app if needed.,1. Open the official provider app. 2. Review plan usage. 3. Recharge only through official channels.,Low,P4,"English dataset row; retained from the finalized 1,500-record ScamShield dataset."
S0906,Your overseas online job placement is approved. Pay ₹999 for processing and travel documents before deployment.,scam,cyber_slavery,en,Research-backed synthetic,synthetic_research_backed,"fake overseas job, upfront payment, recruitment deception",Do not pay before independently verifying the recruiter.,1. Do not pay before independently verifying the recruiter. 2. Verify independently using the official service/authority. 3. Preserve evidence. 4. Report suspected cyber fraud.,High,P1,"English dataset row; retained from the finalized 1,500-record ScamShield dataset."
G0907,"Hi, are we still meeting at the campus cafeteria around 9:30 AM today?",genuine,personal,en,Research-backed synthetic,synthetic_research_backed,ordinary personal communication,Reply normally if expected.,1. Reply normally if expected. 2. Verify the message in the official app/portal if needed. 3. Do not share sensitive information unnecessarily.,Low,P4,"English dataset row; retained from the finalized 1,500-record ScamShield dataset."
S0908,Please donate Rs 4999 for an emergency relief campaign. Transfer to this personal UPI ID today. Immediate action required.,scam,charity_scam,en,Research-backed synthetic,synthetic_research_backed,"emotional appeal, personal payment destination, urgency",Verify the charity and donation channel independently.,1. Do not transfer to an unverified personal account. 2. Check the organization's official website. 3. Donate through verified channels. 4. Report the message.,Medium,P2,"English dataset row; retained from the finalized 1,500-record ScamShield dataset."
S0909,Congratulations! Your instant loan of Rs 4999 is approved. Pay Rs 299 processing charges to release the funds. Immediate action required.,scam,loan_scam,en,Research-backed synthetic,synthetic_research_backed,"unsolicited loan, advance fee, pressure",Do not pay the fee.,1. Do not pay upfront charges. 2. Verify the lender independently. 3. Avoid sharing banking credentials. 4. Report the message.,High,P1,"English dataset row; retained from the finalized 1,500-record ScamShield dataset."
G0910,The department seminar on Data Analytics will be held on 2 October in sample-venue.,genuine,college_announcement,en,Research-backed synthetic,synthetic_research_backed,normal institutional announcement,Check the official college communication channel for details.,1. Verify the announcement in the official portal/email. 2. Note the venue and time. 3. Attend if relevant.,Low,P4,"English dataset row; retained from the finalized 1,500-record ScamShield dataset."
G0911,Rs 1299 was spent at Flipkart using your debit card.,genuine,transaction,en,Research-backed synthetic,synthetic_research_backed,normal transaction notification,Verify the transaction in the official banking/payment app.,1. Open the official banking app. 2. Confirm the transaction. 3. Contact the bank only if it is unrecognized.,Low,P4,"English dataset row; retained from the finalized 1,500-record ScamShield dataset."
G0912,Interview reminder: your Python Developer interview is scheduled for 15 October at 6:00 PM. — Customer Notification.,genuine,job_genuine,en,Research-backed synthetic,synthetic_research_backed,normal recruitment communication,Verify the interview through the official recruitment channel.,1. Check the original application. 2. Confirm the interview details. 3. Join through the verified meeting link.,Low,P4,"English dataset row; retained from the finalized 1,500-record ScamShield dataset."
G0913,Your Air India booking R2N6VT is confirmed for 10 October.,genuine,travel,en,Research-backed synthetic,synthetic_research_backed,normal travel confirmation,Check the booking in the official airline/travel app.,1. Open the official travel account. 2. Verify the booking reference. 3. Check schedule changes through the official channel.,Low,P4,"English dataset row; retained from the finalized 1,500-record ScamShield dataset."
S0914,Your Netflix account has been locked. Verify your identity now at http://account-check.invalid to avoid permanent closure. Do not ignore this message.,scam,phishing,en,Research-backed synthetic,synthetic_research_backed,"account threat, urgency, suspicious URL, credential harvesting",Do not click the link.,1. Do not open the URL. 2. Visit the service by typing its official address. 3. Change credentials if exposed. 4. Report the message.,High,P1,"English dataset row; retained from the finalized 1,500-record ScamShield dataset."
G0915,Your service request REQ-51942 has been completed. Please review the update in the official portal.,genuine,service_update,en,Research-backed synthetic,synthetic_research_backed,normal service update,Review the request through the official portal.,1. Open the official portal directly. 2. Check the request status. 3. Contact official support if the result is incorrect.,Low,P4,"English dataset row; retained from the finalized 1,500-record ScamShield dataset."
G0916,Your support ticket TKT-77104 has been updated. Please sign in to the official support portal to view the response. Please keep this for your records.,genuine,support_genuine,en,Research-backed synthetic,synthetic_research_backed,normal support-ticket notification,Open the known support portal directly.,1. Open the official support portal manually. 2. Search for the ticket number. 3. Review the response there.,Low,P4,"English dataset row; retained from the finalized 1,500-record ScamShield dataset."
S0917,Our AI trading group guarantees 20% daily profit. Deposit Rs 799 today to activate your account. Immediate action required.,scam,investment_scam,en,Research-backed synthetic,synthetic_research_backed,"guaranteed returns, investment pressure, deposit request",Do not transfer money based on the message.,1. Do not deposit funds. 2. Verify the company independently. 3. Check regulatory status where applicable. 4. Report the solicitation.,Critical,P1,"English dataset row; retained from the finalized 1,500-record ScamShield dataset."
S0918,Please donate Rs 1299 for an emergency relief campaign. Transfer to this personal UPI ID today. Immediate action required.,scam,charity_scam,en,Research-backed synthetic,synthetic_research_backed,"emotional appeal, personal payment destination, urgency",Verify the charity and donation channel independently.,1. Do not transfer to an unverified personal account. 2. Check the organization's official website. 3. Donate through verified channels. 4. Report the message.,Medium,P2,"English dataset row; retained from the finalized 1,500-record ScamShield dataset."
G0919,The Generative AI assignment deadline is 30 September. Please submit it through the student portal. — Customer Notification.,genuine,education,en,Research-backed synthetic,synthetic_research_backed,normal educational announcement,Use the official student portal.,1. Check the assignment details. 2. Prepare the submission. 3. Upload through the official portal before the deadline.,Low,P4,"English dataset row; retained from the finalized 1,500-record ScamShield dataset."
G0920,Google verification code M-562901 है। इसे किसी के साथ साझा न करें। Thank you.,genuine,otp,en,Research-backed synthetic,synthetic_research_backed,legitimate verification-code notice,Use only for the verification you initiated.,1. कोड केवल आधिकारिक स्क्रीन पर दर्ज करें। 2. किसी को न बताएं। 3. अनचाहा कोड हो तो पासवर्ड/सुरक्षा जांचें।,Low,P4,"English dataset row; retained from the finalized 1,500-record ScamShield dataset."
G0921,Your Zomato payment of Rs 1299 was processed successfully. — Customer Notification.,genuine,transaction,en,Research-backed synthetic,synthetic_research_backed,normal transaction notification,Verify the transaction in the official app or bank statement.,1. Check the transaction in the official app. 2. Confirm the amount and merchant. 3. Keep the receipt if needed.,Low,P4,"English dataset row; retained from the finalized 1,500-record ScamShield dataset."
G0922,Your verification code for Flipkart is A-739214. Do not share it with anyone. — Customer Notification.,genuine,otp,en,Research-backed synthetic,synthetic_research_backed,legitimate verification-code notice,Use the code only in the login/verification flow you initiated.,"1. Use the code only on the official service. 2. Never forward the code. 3. If you did not request it, ignore it and review account security.",Low,P4,"English dataset row; retained from the finalized 1,500-record ScamShield dataset."
G0923,Reminder from KIMS: your lab appointment is booked for 30 September at 9:30 AM. Thank you.,genuine,healthcare,en,Research-backed synthetic,synthetic_research_backed,normal healthcare reminder,Use the clinic's official contact details for changes.,1. Verify the appointment in the clinic system. 2. Add it to your calendar. 3. Contact the clinic through its official number if needed.,Low,P4,"English dataset row; retained from the finalized 1,500-record ScamShield dataset."
G0924,Reminder: your doctor consultation is scheduled for 10 October at 10:00 AM.,genuine,appointment,en,Research-backed synthetic,synthetic_research_backed,normal appointment reminder,Confirm or reschedule through the official provider if necessary.,1. Check the appointment details. 2. Add it to your calendar. 3. Use the provider's official contact channel for changes.,Low,P4,"English dataset row; retained from the finalized 1,500-record ScamShield dataset."
G0925,The department has published the timetable for the semester examination. Thank you.,genuine,education,en,Research-backed synthetic,synthetic_research_backed,normal educational announcement,Check the official college/university portal.,1. Open the official portal. 2. Confirm the timetable. 3. Note the exam date and time.,Low,P4,"English dataset row; retained from the finalized 1,500-record ScamShield dataset."
G0926,"Hi Anil, are we still meeting at campus cafeteria around 9:30 AM today?",genuine,personal,en,Research-backed synthetic,synthetic_research_backed,ordinary personal communication,Reply through the normal conversation channel.,1. Check your plans. 2. Reply to the sender. 3. Do not take any financial action based only on this message.,Low,P4,"English dataset row; retained from the finalized 1,500-record ScamShield dataset."
S0927,Our AI trading group guarantees 5% daily profit. Deposit Rs 249 today to activate your account.,scam,investment_scam,en,Research-backed synthetic,synthetic_research_backed,"guaranteed returns, investment pressure, deposit request",Do not transfer money based on the message.,1. Do not deposit funds. 2. Verify the company independently. 3. Check regulatory status where applicable. 4. Report the solicitation.,Critical,P1,"English dataset row; retained from the finalized 1,500-record ScamShield dataset."
S0928,Congratulations! Your instant loan of Rs 199 is approved. Pay Rs 499 processing charges to release the funds. Act now.,scam,loan_scam,en,Research-backed synthetic,synthetic_research_backed,"unsolicited loan, advance fee, pressure",Do not pay the fee.,1. Do not pay upfront charges. 2. Verify the lender independently. 3. Avoid sharing banking credentials. 4. Report the message.,High,P1,"English dataset row; retained from the finalized 1,500-record ScamShield dataset."
G0929,Amazon order #123-456 has shipped and will arrive tomorrow.,genuine,delivery,en,User-provided reference file,user_reference,None,None,Verify through an official channel; follow the expected action above.,Low,P4,"English dataset row; retained from the finalized 1,500-record ScamShield dataset."
G0930,Delivery update: DTDC will attempt delivery of order #401-8246152 today. Thank you.,genuine,delivery,en,Research-backed synthetic,synthetic_research_backed,normal delivery update,Use the official tracking page or app.,1. Check official tracking. 2. Keep the delivery address accessible. 3. Contact the retailer through official support if there is a problem.,Low,P4,"English dataset row; retained from the finalized 1,500-record ScamShield dataset."
S0931,Please donate Rs 199 for an emergency relief campaign. Transfer to this personal UPI ID today.,scam,charity_scam,en,Research-backed synthetic,synthetic_research_backed,"emotional appeal, personal payment destination, urgency",Verify the charity and donation channel independently.,1. Do not transfer to an unverified personal account. 2. Check the organization's official website. 3. Donate through verified channels. 4. Report the message.,Medium,P2,"English dataset row; retained from the finalized 1,500-record ScamShield dataset."
G0932,Your service request TKT-77104 has been completed. Please review the update in the official portal.,genuine,service_update,en,Research-backed synthetic,synthetic_research_backed,normal service update,Review the request through the official portal.,1. Open the official portal directly. 2. Check the request status. 3. Contact official support if the result is incorrect.,Low,P4,"English dataset row; retained from the finalized 1,500-record ScamShield dataset."
G0933,Your monthly investment statement for index fund is available in your official account. — Customer Notification.,genuine,finance_genuine,en,Research-backed synthetic,synthetic_research_backed,normal financial statement,Review it through the official investment platform.,1. Sign in directly to the known platform. 2. Review the statement. 3. Contact the provider through official channels for discrepancies.,Low,P4,"English dataset row; retained from the finalized 1,500-record ScamShield dataset."
G0934,Please review the latest SupportPilot build before the project meeting tomorrow. Thank you.,genuine,work,en,Research-backed synthetic,synthetic_research_backed,ordinary workplace communication,Review the work through the normal project channel.,1. Open the known project workspace. 2. Review the requested item. 3. Reply with feedback.,Low,P4,"English dataset row; retained from the finalized 1,500-record ScamShield dataset."
S0935,Your bank account will be blocked today. Share your OTP immediately.,scam,bank_kyc,en,User-provided reference file,user_reference,"OTP, urgency, bank impersonation",Do not share OTP,Verify through an official channel; follow the expected action above.,High,P1,"English dataset row; retained from the finalized 1,500-record ScamShield dataset."
S0936,Your account requires urgent verification. Visit http://secure-login.invalid and enter your login details within 30 minutes.,scam,smishing,en,Research-backed synthetic,synthetic_research_backed,"SMS phishing, suspicious URL, urgency",Do not open the link.,1. Do not open the link. 2. Verify independently using the official service/authority. 3. Preserve evidence. 4. Report suspected cyber fraud.,High,P1,"English dataset row; retained from the finalized 1,500-record ScamShield dataset."
G0937,Your support ticket REQ-51942 has been updated. Sign in to the official support portal to view it.,genuine,support_genuine,en,Research-backed synthetic,synthetic_research_backed,normal support notification,Open the known support portal directly.,1. Open the known support portal directly. 2. Verify the message in the official app/portal if needed. 3. Do not share sensitive information unnecessarily.,Low,P4,"English dataset row; retained from the finalized 1,500-record ScamShield dataset."
G0938,Your subscription to Netflix has been renewed successfully. Please keep this for your records.,genuine,subscription,en,Research-backed synthetic,synthetic_research_backed,normal subscription notice,Verify the renewal in the official account.,1. Open the official service app. 2. Check billing history. 3. Contact official support if the charge is unfamiliar.,Low,P4,"English dataset row; retained from the finalized 1,500-record ScamShield dataset."
G0939,Delivery update: DTDC will attempt delivery of order #404-7319056 today.,genuine,delivery,en,Research-backed synthetic,synthetic_research_backed,normal delivery update,Use the official tracking page or app.,1. Check official tracking. 2. Keep the delivery address accessible. 3. Contact the retailer through official support if there is a problem.,Low,P4,"English dataset row; retained from the finalized 1,500-record ScamShield dataset."
G0940,JNTUH Circular: B.Tech Computer Science and Engineering semester exams are scheduled for next month. Please check the portal for timetables.,genuine,college_announcement,en,User-provided reference file,user_reference,None,None,Verify through an official channel; follow the expected action above.,Low,P4,"English dataset row; retained from the finalized 1,500-record ScamShield dataset."
G0941,The Data Analytics assignment deadline is 5 October. Please submit it through the student portal. Thank you.,genuine,education,en,Research-backed synthetic,synthetic_research_backed,normal educational announcement,Use the official student portal.,1. Check the assignment details. 2. Prepare the submission. 3. Upload through the official portal before the deadline.,Low,P4,"English dataset row; retained from the finalized 1,500-record ScamShield dataset."
S0942,You have been selected for a work-from-home Frontend Developer paying Rs 4999 per day. Pay Rs 999 as registration before joining. Do not ignore this message.,scam,job_scam,en,Research-backed synthetic,synthetic_research_backed,"unrealistic earnings, upfront fee, unsolicited job",Do not pay the registration fee.,1. Do not pay. 2. Verify the employer independently. 3. Do not share identity/banking documents. 4. Block and report the sender.,High,P1,"English dataset row; retained from the finalized 1,500-record ScamShield dataset."
S0943,You have been selected for a work-from-home Data Analyst paying Rs 799 per day. Pay Rs 299 as registration before joining. Act now.,scam,job_scam,en,Research-backed synthetic,synthetic_research_backed,"unrealistic earnings, upfront fee, unsolicited job",Do not pay the registration fee.,1. Do not pay. 2. Verify the employer independently. 3. Do not share identity/banking documents. 4. Block and report the sender.,High,P1,"English dataset row; retained from the finalized 1,500-record ScamShield dataset."
G0944,Your airline booking Q4M8LX is confirmed for 15 October.,genuine,travel,en,Research-backed synthetic,synthetic_research_backed,normal travel confirmation,Check the booking in the official airline app.,1. Check the booking in the official airline app. 2. Verify the message in the official app/portal if needed. 3. Do not share sensitive information unnecessarily.,Low,P4,"English dataset row; retained from the finalized 1,500-record ScamShield dataset."
G0945,The Machine Learning assignment deadline is 10 October. Please submit it through the student portal. Please keep this for your records.,genuine,education,en,Research-backed synthetic,synthetic_research_backed,normal educational announcement,Use the official student portal.,1. Check the assignment details. 2. Prepare the submission. 3. Upload through the official portal before the deadline.,Low,P4,"English dataset row; retained from the finalized 1,500-record ScamShield dataset."
S0946,I need urgent financial help for a family emergency. Please send Rs 249 today and I will return it next week. Immediate action required.,scam,romance_scam,en,Research-backed synthetic,synthetic_research_backed,"emotional pressure, urgent money request, unverifiable emergency",Verify the person's identity and situation independently before sending money.,1. Do not transfer money immediately. 2. Verify identity using another channel. 3. Discuss with someone you trust. 4. Report if fraudulent.,High,P2,"English dataset row; retained from the finalized 1,500-record ScamShield dataset."
S0947,Earn ₹5000 daily by completing CAPTCHA tasks. Pay ₹499 registration/software charges to activate your account.,scam,fake_captcha_job,en,Research-backed synthetic,synthetic_research_backed,"upfront fee, unrealistic earnings, fake job platform",Do not pay the registration fee.,1. Do not pay the registration fee. 2. Verify independently using the official service/authority. 3. Preserve evidence. 4. Report suspected cyber fraud.,High,P1,"English dataset row; retained from the finalized 1,500-record ScamShield dataset."
G0948,Your registration for coding contest is confirmed. The event begins at 9:30 AM on 10 October. — Customer Notification.,genuine,event,en,Research-backed synthetic,synthetic_research_backed,normal event confirmation,Check the registration in the official event account/email.,1. Verify registration details. 2. Save the event information. 3. Use the organizer's official contact channel for changes.,Low,P4,"English dataset row; retained from the finalized 1,500-record ScamShield dataset."
G0949,Your subscription renews on 30 September for ₹799.,genuine,subscription,en,Research-backed synthetic,synthetic_research_backed,normal subscription notice,Review the subscription in the official account settings.,1. Review the subscription in the official account settings. 2. Verify the message in the official app/portal if needed. 3. Do not share sensitive information unnecessarily.,Low,P4,"English dataset row; retained from the finalized 1,500-record ScamShield dataset."
G0950,Your registration for AI workshop is confirmed. The event begins at 9:30 AM on 15 October. Thank you.,genuine,event,en,Research-backed synthetic,synthetic_research_backed,normal event confirmation,Check the registration in the official event account/email.,1. Verify registration details. 2. Save the event information. 3. Use the organizer's official contact channel for changes.,Low,P4,"English dataset row; retained from the finalized 1,500-record ScamShield dataset."
G0951,Your bank statement for account ending 5730 is now available in online banking.,genuine,banking_genuine,en,Research-backed synthetic,synthetic_research_backed,normal banking notification,Open the bank's official app or website.,1. Sign in through the official app/site. 2. Review the statement. 3. Never use links from unexpected messages to sign in.,Low,P4,"English dataset row; retained from the finalized 1,500-record ScamShield dataset."
G0952,Your verification code is Q-183640. Do not share it with anyone.,genuine,otp,en,Research-backed synthetic,synthetic_research_backed,legitimate verification-code notice,Use only for the verification you initiated.,1. Use only for the verification you initiated. 2. Verify the message in the official app/portal if needed. 3. Do not share sensitive information unnecessarily.,Low,P4,"English dataset row; retained from the finalized 1,500-record ScamShield dataset."
S0953,This is an official investigation. Your Aadhaar/phone number is linked to illegal activity. Stay on the call or face digital arrest. Act now.,scam,digital_arrest,en,Research-backed synthetic,synthetic_research_backed,"law-enforcement impersonation, threat, fear, isolation",Disconnect and verify through official law-enforcement channels.,1. Disconnect the call. 2. Do not share documents or money. 3. Contact the relevant authority using an independently verified number. 4. Report the incident.,Critical,P1,"English dataset row; retained from the finalized 1,500-record ScamShield dataset."
S0954,Your WhatsApp/email account will be deleted unless you send the 6-digit verification code now.,scam,account_takeover,en,Research-backed synthetic,synthetic_research_backed,"OTP request, account takeover, urgency",Do not share the verification code.,1. Do not share the code. 2. Open the official app and review active sessions. 3. Enable two-step verification. 4. Report the sender.,Critical,P1,"English dataset row; retained from the finalized 1,500-record ScamShield dataset."
G0955,Your subscription to WhatsApp has been renewed successfully. Thank you.,genuine,subscription,en,Research-backed synthetic,synthetic_research_backed,normal subscription notice,Verify the renewal in the official account.,1. Open the official service app. 2. Check billing history. 3. Contact official support if the charge is unfamiliar.,Low,P4,"English dataset row; retained from the finalized 1,500-record ScamShield dataset."
G0956,आपके Netflix भुगतान का ₹799 का लेनदेन सफल रहा। Thank you.,genuine,transaction,en,Research-backed synthetic,synthetic_research_backed,normal transaction notification,Verify the transaction through the official app.,1. आधिकारिक ऐप खोलें। 2. लेनदेन की राशि जांचें। 3. अनजान लेनदेन हो तो बैंक से संपर्क करें।,Low,P4,"English dataset row; retained from the finalized 1,500-record ScamShield dataset."
S0957,Our AI trading group guarantees 20% daily profit. Deposit Rs 499 today to activate your account.,scam,investment_scam,en,Research-backed synthetic,synthetic_research_backed,"guaranteed returns, investment pressure, deposit request",Do not transfer money based on the message.,1. Do not deposit funds. 2. Verify the company independently. 3. Check regulatory status where applicable. 4. Report the solicitation.,Critical,P1,"English dataset row; retained from the finalized 1,500-record ScamShield dataset."
G0958,Your Paytm subscription renews on 2 October for Rs 799. Thank you.,genuine,subscription,en,Research-backed synthetic,synthetic_research_backed,normal subscription notice,Review the subscription in the official account settings.,1. Check the subscription details. 2. Confirm the renewal amount. 3. Cancel only through the official account if desired.,Low,P4,"English dataset row; retained from the finalized 1,500-record ScamShield dataset."
S0959,You have been selected for a work-from-home Frontend Developer paying Rs 4999 per day. Pay Rs 999 as registration before joining.,scam,job_scam,en,Research-backed synthetic,synthetic_research_backed,"unrealistic earnings, upfront fee, unsolicited job",Do not pay the registration fee.,1. Do not pay. 2. Verify the employer independently. 3. Do not share identity/banking documents. 4. Block and report the sender.,High,P1,"English dataset row; retained from the finalized 1,500-record ScamShield dataset."
G0960,याद दिलाया जाता है कि आपकी lab appointment 5 October को 2:00 PM बजे है।,genuine,appointment,en,Research-backed synthetic,synthetic_research_backed,normal appointment reminder,Use the official provider channel for confirmation or changes.,1. समय जांचें। 2. कैलेंडर में सेव करें। 3. बदलाव के लिए आधिकारिक नंबर/पोर्टल इस्तेमाल करें।,Low,P4,"English dataset row; retained from the finalized 1,500-record ScamShield dataset."
S0961,Our AI trading group guarantees 5% daily profit. Deposit Rs 499 today to activate your account. Do not ignore this message.,scam,investment_scam,en,Research-backed synthetic,synthetic_research_backed,"guaranteed returns, investment pressure, deposit request",Do not transfer money based on the message.,1. Do not deposit funds. 2. Verify the company independently. 3. Check regulatory status where applicable. 4. Report the solicitation.,Critical,P1,"English dataset row; retained from the finalized 1,500-record ScamShield dataset."
G0962,Please review the latest MediSync build before the demo tomorrow.,genuine,work,en,Research-backed synthetic,synthetic_research_backed,ordinary workplace communication,Review the work through the normal project channel.,1. Open the known project workspace. 2. Review the requested item. 3. Reply with feedback.,Low,P4,"English dataset row; retained from the finalized 1,500-record ScamShield dataset."
S0963,Congratulations! You won Rs 2499 in a lucky draw. Pay Rs 199 tax/processing charges to claim your prize.,scam,lottery,en,Research-backed synthetic,synthetic_research_backed,"unexpected prize, upfront payment, lottery claim",Do not pay the fee.,1. Do not send money. 2. Do not share financial details. 3. Block the sender. 4. Report the message.,High,P1,"English dataset row; retained from the finalized 1,500-record ScamShield dataset."
G0964,Your Airtel data plan has 800 MB remaining and is valid until 10 October. Please keep this for your records.,genuine,telecom_genuine,en,Research-backed synthetic,synthetic_research_backed,normal telecom usage notice,Check usage in the official telecom app if needed.,1. Open the official provider app. 2. Review plan usage. 3. Recharge only through official channels.,Low,P4,"English dataset row; retained from the finalized 1,500-record ScamShield dataset."
G0965,The department seminar on Data Analytics will be held on 30 September in sample-venue. Please keep this for your records.,genuine,college_announcement,en,Research-backed synthetic,synthetic_research_backed,normal institutional announcement,Check the official college communication channel for details.,1. Verify the announcement in the official portal/email. 2. Note the venue and time. 3. Attend if relevant.,Low,P4,"English dataset row; retained from the finalized 1,500-record ScamShield dataset."
S0966,Our AI trading group guarantees 20% daily profit. Deposit Rs 249 today to activate your account. Immediate action required.,scam,investment_scam,en,Research-backed synthetic,synthetic_research_backed,"guaranteed returns, investment pressure, deposit request",Do not transfer money based on the message.,1. Do not deposit funds. 2. Verify the company independently. 3. Check regulatory status where applicable. 4. Report the solicitation.,Critical,P1,"English dataset row; retained from the finalized 1,500-record ScamShield dataset."
G0967,Your electricity bill of Rs 2499 is due on 15 October. Please pay through the official utility portal. Thank you.,genuine,utility_genuine,en,Research-backed synthetic,synthetic_research_backed,normal utility bill reminder,Use the official utility website/app.,1. Verify the bill in the official portal. 2. Check the due date and amount. 3. Pay only through the official channel.,Low,P4,"English dataset row; retained from the finalized 1,500-record ScamShield dataset."
S0968,I need urgent financial help for a family emergency. Please send Rs 4999 today and I will return it next week. Immediate action required.,scam,romance_scam,en,Research-backed synthetic,synthetic_research_backed,"emotional pressure, urgent money request, unverifiable emergency",Verify the person's identity and situation independently before sending money.,1. Do not transfer money immediately. 2. Verify identity using another channel. 3. Discuss with someone you trust. 4. Report if fraudulent.,High,P2,"English dataset row; retained from the finalized 1,500-record ScamShield dataset."
G0969,Your bank statement for account ending 8842 is now available in online banking.,genuine,banking_genuine,en,Research-backed synthetic,synthetic_research_backed,normal banking notification,Open the bank's official app or website directly.,1. Open the bank's official app or website directly. 2. Verify the message in the official app/portal if needed. 3. Do not share sensitive information unnecessarily.,Low,P4,"English dataset row; retained from the finalized 1,500-record ScamShield dataset."
G0970,Your IndiGo booking H9P3ZA is confirmed for 2 October. — Customer Notification.,genuine,travel,en,Research-backed synthetic,synthetic_research_backed,normal travel confirmation,Check the booking in the official airline/travel app.,1. Open the official travel account. 2. Verify the booking reference. 3. Check schedule changes through the official channel.,Low,P4,"English dataset row; retained from the finalized 1,500-record ScamShield dataset."
G0971,Your Jio data plan has 5 GB remaining and is valid until 15 October. Thank you.,genuine,telecom_genuine,en,Research-backed synthetic,synthetic_research_backed,normal telecom usage notice,Check usage in the official telecom app if needed.,1. Open the official provider app. 2. Review plan usage. 3. Recharge only through official channels.,Low,P4,"English dataset row; retained from the finalized 1,500-record ScamShield dataset."
G0972,Your order #402-1937460 from Croma has been confirmed for delivery. Thank you.,genuine,ecommerce,en,Research-backed synthetic,synthetic_research_backed,normal ecommerce order confirmation,Check order status in the official store account.,1. Open the official shopping app/site. 2. Verify the order. 3. Contact official support for changes.,Low,P4,"English dataset row; retained from the finalized 1,500-record ScamShield dataset."
G0973,Amazon verification code Q-183640 है। इसे किसी के साथ साझा न करें।,genuine,otp,en,Research-backed synthetic,synthetic_research_backed,legitimate verification-code notice,Use only for the verification you initiated.,1. कोड केवल आधिकारिक स्क्रीन पर दर्ज करें। 2. किसी को न बताएं। 3. अनचाहा कोड हो तो पासवर्ड/सुरक्षा जांचें।,Low,P4,"English dataset row; retained from the finalized 1,500-record ScamShield dataset."
S0974,Earn ₹2499 daily by completing CAPTCHA tasks. Pay ₹1999 registration/software charges to activate your account.,scam,fake_captcha_job,en,Research-backed synthetic,synthetic_research_backed,"upfront fee, unrealistic earnings, fake job platform",Do not pay the registration fee.,1. Do not pay the registration fee. 2. Verify independently using the official service/authority. 3. Preserve evidence. 4. Report suspected cyber fraud.,High,P1,"English dataset row; retained from the finalized 1,500-record ScamShield dataset."
S0975,You have been selected for a work-from-home ML Intern paying Rs 1299 per day. Pay Rs 199 as registration before joining. Act now.,scam,job_scam,en,Research-backed synthetic,synthetic_research_backed,"unrealistic earnings, upfront fee, unsolicited job",Do not pay the registration fee.,1. Do not pay. 2. Verify the employer independently. 3. Do not share identity/banking documents. 4. Block and report the sender.,High,P1,"English dataset row; retained from the finalized 1,500-record ScamShield dataset."
G0976,Your order #402-1937460 has shipped and is expected to arrive on 30 September.,genuine,delivery,en,Research-backed synthetic,synthetic_research_backed,normal delivery update,Track through the official retailer/carrier app.,1. Track through the official retailer/carrier app. 2. Verify the message in the official app/portal if needed. 3. Do not share sensitive information unnecessarily.,Low,P4,"English dataset row; retained from the finalized 1,500-record ScamShield dataset."
S0977,Our crypto trading bot guarantees 20% profit every day. Deposit ₹25000 now to join.,scam,crypto_investment,en,Research-backed synthetic,synthetic_research_backed,"guaranteed returns, crypto solicitation, deposit request",Do not transfer money based on guaranteed-profit claims.,1. Do not transfer money based on guaranteed-profit claims. 2. Verify independently using the official service/authority. 3. Preserve evidence. 4. Report suspected cyber fraud.,Critical,P1,"English dataset row; retained from the finalized 1,500-record ScamShield dataset."
S0978,Your parcel is held because of a Rs 199 customs/redelivery charge. Pay at http://secure-update.invalid within 2 hours.,scam,delivery,en,Research-backed synthetic,synthetic_research_backed,"delivery impersonation, small fee, urgency, suspicious URL",Do not pay through the provided link.,1. Do not open the link. 2. Check the order on the official retailer/carrier site. 3. Verify any fee there. 4. Report the SMS.,High,P1,"English dataset row; retained from the finalized 1,500-record ScamShield dataset."
G0979,Your verification code for Netflix is A-739214. Do not share it with anyone.,genuine,otp,en,Research-backed synthetic,synthetic_research_backed,legitimate verification-code notice,Use the code only in the login/verification flow you initiated.,"1. Use the code only on the official service. 2. Never forward the code. 3. If you did not request it, ignore it and review account security.",Low,P4,"English dataset row; retained from the finalized 1,500-record ScamShield dataset."
G0980,Please review the latest MediSync build before the project meeting tomorrow. — Customer Notification.,genuine,work,en,Research-backed synthetic,synthetic_research_backed,ordinary workplace communication,Review the work through the normal project channel.,1. Open the known project workspace. 2. Review the requested item. 3. Reply with feedback.,Low,P4,"English dataset row; retained from the finalized 1,500-record ScamShield dataset."
G0981,Your support ticket TKT-77104 has been updated. Please sign in to the official support portal to view the response. Thank you.,genuine,support_genuine,en,Research-backed synthetic,synthetic_research_backed,normal support-ticket notification,Open the known support portal directly.,1. Open the official support portal manually. 2. Search for the ticket number. 3. Review the response there.,Low,P4,"English dataset row; retained from the finalized 1,500-record ScamShield dataset."
G0982,Your airline booking AI7K2P is confirmed for 10 October.,genuine,travel,en,Research-backed synthetic,synthetic_research_backed,normal travel confirmation,Check the booking in the official airline app.,1. Check the booking in the official airline app. 2. Verify the message in the official app/portal if needed. 3. Do not share sensitive information unnecessarily.,Low,P4,"English dataset row; retained from the finalized 1,500-record ScamShield dataset."
G0983,The Data Analytics assignment deadline is 2 October. Please submit it through the student portal.,genuine,education,en,Research-backed synthetic,synthetic_research_backed,normal educational announcement,Use the official student portal.,1. Check the assignment details. 2. Prepare the submission. 3. Upload through the official portal before the deadline.,Low,P4,"English dataset row; retained from the finalized 1,500-record ScamShield dataset."
G0984,Your electricity bill of Rs 499 is due on 5 October. Please pay through the official utility portal. Thank you.,genuine,utility_genuine,en,Research-backed synthetic,synthetic_research_backed,normal utility bill reminder,Use the official utility website/app.,1. Verify the bill in the official portal. 2. Check the due date and amount. 3. Pay only through the official channel.,Low,P4,"English dataset row; retained from the finalized 1,500-record ScamShield dataset."
G0985,Your airline booking R2N6VT is confirmed for 5 October.,genuine,travel,en,Research-backed synthetic,synthetic_research_backed,normal travel confirmation,Check the booking in the official airline app.,1. Check the booking in the official airline app. 2. Verify the message in the official app/portal if needed. 3. Do not share sensitive information unnecessarily.,Low,P4,"English dataset row; retained from the finalized 1,500-record ScamShield dataset."
G0986,"Hi Meera, are we still meeting at main gate around 2:00 PM today? Please keep this for your records.",genuine,personal,en,Research-backed synthetic,synthetic_research_backed,ordinary personal communication,Reply through the normal conversation channel.,1. Check your plans. 2. Reply to the sender. 3. Do not take any financial action based only on this message.,Low,P4,"English dataset row; retained from the finalized 1,500-record ScamShield dataset."
S0987,Congratulations! Your instant loan of Rs 4999 is approved. Pay Rs 199 processing charges to release the funds. Immediate action required.,scam,loan_scam,en,Research-backed synthetic,synthetic_research_backed,"unsolicited loan, advance fee, pressure",Do not pay the fee.,1. Do not pay upfront charges. 2. Verify the lender independently. 3. Avoid sharing banking credentials. 4. Report the message.,High,P1,"English dataset row; retained from the finalized 1,500-record ScamShield dataset."
S0988,Your parcel is held because of a Rs 199 customs/redelivery charge. Pay at http://account-check.invalid within 2 hours. Immediate action required.,scam,delivery,en,Research-backed synthetic,synthetic_research_backed,"delivery impersonation, small fee, urgency, suspicious URL",Do not pay through the provided link.,1. Do not open the link. 2. Check the order on the official retailer/carrier site. 3. Verify any fee there. 4. Report the SMS.,High,P1,"English dataset row; retained from the finalized 1,500-record ScamShield dataset."
G0989,Your verification code for Microsoft is M-562901. Do not share it with anyone. Thank you.,genuine,otp,en,Research-backed synthetic,synthetic_research_backed,legitimate verification-code notice,Use the code only in the login/verification flow you initiated.,"1. Use the code only on the official service. 2. Never forward the code. 3. If you did not request it, ignore it and review account security.",Low,P4,"English dataset row; retained from the finalized 1,500-record ScamShield dataset."
G0990,Your subscription to Netflix has been renewed successfully. Thank you.,genuine,subscription,en,Research-backed synthetic,synthetic_research_backed,normal subscription notice,Verify the renewal in the official account.,1. Open the official service app. 2. Check billing history. 3. Contact official support if the charge is unfamiliar.,Low,P4,"English dataset row; retained from the finalized 1,500-record ScamShield dataset."
G0991,Interview reminder: your ML Intern interview is scheduled for 15 October at 2:00 PM. Please keep this for your records.,genuine,job_genuine,en,Research-backed synthetic,synthetic_research_backed,normal recruitment communication,Verify the interview through the official recruitment channel.,1. Check the original application. 2. Confirm the interview details. 3. Join through the verified meeting link.,Low,P4,"English dataset row; retained from the finalized 1,500-record ScamShield dataset."
S0992,You have been selected for a work-from-home Java Backend Developer paying Rs 799 per day. Pay Rs 999 as registration before joining. Do not ignore this message.,scam,job_scam,en,Research-backed synthetic,synthetic_research_backed,"unrealistic earnings, upfront fee, unsolicited job",Do not pay the registration fee.,1. Do not pay. 2. Verify the employer independently. 3. Do not share identity/banking documents. 4. Block and report the sender.,High,P1,"English dataset row; retained from the finalized 1,500-record ScamShield dataset."
G0993,"Dear student, your library books are due on 15th October. Please return or renew them to avoid fines.",genuine,college_announcement,en,User-provided reference file,user_reference,None,Return books,Verify through an official channel; follow the expected action above.,Low,P4,"English dataset row; retained from the finalized 1,500-record ScamShield dataset."
S0994,Send ₹4999 now or your private video will be shared with your contacts.,scam,sextortion,en,Research-backed synthetic,synthetic_research_backed,"blackmail, extortion, urgent payment demand",Do not pay or engage further; preserve evidence and report the incident.,1. Do not pay or engage further; preserve evidence and report the incident. 2. Verify independently using the official service/authority. 3. Preserve evidence. 4. Report suspected cyber fraud.,Critical,P1,"English dataset row; retained from the finalized 1,500-record ScamShield dataset."
G0995,Your verification code for Amazon is M-562901. Do not share it with anyone. Please keep this for your records.,genuine,otp,en,Research-backed synthetic,synthetic_research_backed,legitimate verification-code notice,Use the code only in the login/verification flow you initiated.,"1. Use the code only on the official service. 2. Never forward the code. 3. If you did not request it, ignore it and review account security.",Low,P4,"English dataset row; retained from the finalized 1,500-record ScamShield dataset."
G0996,Flipkart verification code M-562901 है। इसे किसी के साथ साझा न करें। — Customer Notification.,genuine,otp,en,Research-backed synthetic,synthetic_research_backed,legitimate verification-code notice,Use only for the verification you initiated.,1. कोड केवल आधिकारिक स्क्रीन पर दर्ज करें। 2. किसी को न बताएं। 3. अनचाहा कोड हो तो पासवर्ड/सुरक्षा जांचें।,Low,P4,"English dataset row; retained from the finalized 1,500-record ScamShield dataset."
S0997,Congratulations! You won Rs 199 in a lucky draw. Pay Rs 1499 tax/processing charges to claim your prize.,scam,lottery,en,Research-backed synthetic,synthetic_research_backed,"unexpected prize, upfront payment, lottery claim",Do not pay the fee.,1. Do not send money. 2. Do not share financial details. 3. Block the sender. 4. Report the message.,High,P1,"English dataset row; retained from the finalized 1,500-record ScamShield dataset."
G0998,Reminder: your career counseling session is scheduled for 2 October at 10:00 AM.,genuine,appointment,en,Research-backed synthetic,synthetic_research_backed,normal appointment reminder,Confirm or reschedule through the official provider if necessary.,1. Check the appointment details. 2. Add it to your calendar. 3. Use the provider's official contact channel for changes.,Low,P4,"English dataset row; retained from the finalized 1,500-record ScamShield dataset."
S0999,Congratulations! Your instant loan of Rs 799 is approved. Pay Rs 199 processing charges to release the funds. Act now.,scam,loan_scam,en,Research-backed synthetic,synthetic_research_backed,"unsolicited loan, advance fee, pressure",Do not pay the fee.,1. Do not pay upfront charges. 2. Verify the lender independently. 3. Avoid sharing banking credentials. 4. Report the message.,High,P1,"English dataset row; retained from the finalized 1,500-record ScamShield dataset."
S1000,Please donate Rs 249 for an emergency relief campaign. Transfer to this personal UPI ID today. Immediate action required.,scam,charity_scam,en,Research-backed synthetic,synthetic_research_backed,"emotional appeal, personal payment destination, urgency",Verify the charity and donation channel independently.,1. Do not transfer to an unverified personal account. 2. Check the organization's official website. 3. Donate through verified channels. 4. Report the message.,Medium,P2,"English dataset row; retained from the finalized 1,500-record ScamShield dataset."
G1001,Can you bring the book when you come to main gate?,genuine,personal,en,Research-backed synthetic,synthetic_research_backed,ordinary personal communication,Reply normally if the request is expected.,1. Confirm the context. 2. Reply normally. 3. Ignore if the sender is unknown.,Low,P4,"English dataset row; retained from the finalized 1,500-record ScamShield dataset."
G1002,Your Netflix payment of Rs 249 was processed successfully. — Customer Notification.,genuine,transaction,en,Research-backed synthetic,synthetic_research_backed,normal transaction notification,Verify the transaction in the official app or bank statement.,1. Check the transaction in the official app. 2. Confirm the amount and merchant. 3. Keep the receipt if needed.,Low,P4,"English dataset row; retained from the finalized 1,500-record ScamShield dataset."
G1003,Your order #404-7319056 from Croma has been confirmed for delivery. — Customer Notification.,genuine,ecommerce,en,Research-backed synthetic,synthetic_research_backed,normal ecommerce order confirmation,Check order status in the official store account.,1. Open the official shopping app/site. 2. Verify the order. 3. Contact official support for changes.,Low,P4,"English dataset row; retained from the finalized 1,500-record ScamShield dataset."
S1004,Security alert: your account will be suspended unless you send the OTP Q-183640 to our support agent immediately.,scam,otp,en,Research-backed synthetic,synthetic_research_backed,"OTP request, urgency, account-threat language",Do not share the OTP.,1. Do not share the OTP. 2. End the conversation. 3. Review account security in the official app. 4. Report the sender.,Critical,P1,"English dataset row; retained from the finalized 1,500-record ScamShield dataset."
S1005,I need urgent financial help for a family emergency. Please send Rs 249 today and I will return it next week. Do not ignore this message.,scam,romance_scam,en,Research-backed synthetic,synthetic_research_backed,"emotional pressure, urgent money request, unverifiable emergency",Verify the person's identity and situation independently before sending money.,1. Do not transfer money immediately. 2. Verify identity using another channel. 3. Discuss with someone you trust. 4. Report if fraudulent.,High,P2,"English dataset row; retained from the finalized 1,500-record ScamShield dataset."
G1006,The Machine Learning assignment deadline is 15 October. Please submit it through the student portal. Thank you.,genuine,education,en,Research-backed synthetic,synthetic_research_backed,normal educational announcement,Use the official student portal.,1. Check the assignment details. 2. Prepare the submission. 3. Upload through the official portal before the deadline.,Low,P4,"English dataset row; retained from the finalized 1,500-record ScamShield dataset."
S1007,Your Flipkart account has been locked. Verify your identity now at https://example.invalid/verify to avoid permanent closure. Do not ignore this message.,scam,phishing,en,Research-backed synthetic,synthetic_research_backed,"account threat, urgency, suspicious URL, credential harvesting",Do not click the link.,1. Do not open the URL. 2. Visit the service by typing its official address. 3. Change credentials if exposed. 4. Report the message.,High,P1,"English dataset row; retained from the finalized 1,500-record ScamShield dataset."
G1008,याद दिलाया जाता है कि आपकी career counseling session 5 October को 9:30 AM बजे है। — Customer Notification.,genuine,appointment,en,Research-backed synthetic,synthetic_research_backed,normal appointment reminder,Use the official provider channel for confirmation or changes.,1. समय जांचें। 2. कैलेंडर में सेव करें। 3. बदलाव के लिए आधिकारिक नंबर/पोर्टल इस्तेमाल करें।,Low,P4,"English dataset row; retained from the finalized 1,500-record ScamShield dataset."
G1009,Your scheduled payment of Rs 499 to Netflix has been processed successfully.,genuine,transaction,en,User-provided reference file,user_reference,None,None,Verify through an official channel; follow the expected action above.,Low,P4,"English dataset row; retained from the finalized 1,500-record ScamShield dataset."
G1010,याद दिलाया जाता है कि आपकी lab appointment 2 October को 10:00 AM बजे है। Please keep this for your records.,genuine,appointment,en,Research-backed synthetic,synthetic_research_backed,normal appointment reminder,Use the official provider channel for confirmation or changes.,1. समय जांचें। 2. कैलेंडर में सेव करें। 3. बदलाव के लिए आधिकारिक नंबर/पोर्टल इस्तेमाल करें।,Low,P4,"English dataset row; retained from the finalized 1,500-record ScamShield dataset."
G1011,Your order #401-8246152 from BookMyShow has been confirmed for delivery. Thank you.,genuine,ecommerce,en,Research-backed synthetic,synthetic_research_backed,normal ecommerce order confirmation,Check order status in the official store account.,1. Open the official shopping app/site. 2. Verify the order. 3. Contact official support for changes.,Low,P4,"English dataset row; retained from the finalized 1,500-record ScamShield dataset."
G1012,Your Delhivery order #401-8246152 has shipped and is expected to arrive on 15 October.,genuine,delivery,en,Research-backed synthetic,synthetic_research_backed,normal delivery update,Track through the official retailer/carrier app if needed.,1. Open the official app if tracking is required. 2. Check the order number. 3. No payment is required unless shown in the official order flow.,Low,P4,"English dataset row; retained from the finalized 1,500-record ScamShield dataset."
G1013,Your Airtel data plan has 1.2 GB remaining and is valid until 5 October. — Customer Notification.,genuine,telecom_genuine,en,Research-backed synthetic,synthetic_research_backed,normal telecom usage notice,Check usage in the official telecom app if needed.,1. Open the official provider app. 2. Review plan usage. 3. Recharge only through official channels.,Low,P4,"English dataset row; retained from the finalized 1,500-record ScamShield dataset."
S1014,"Hi, I lost my phone and need you to urgently transfer Rs 799 to this new account. Please don't call. Immediate action required.",scam,impersonation,en,Research-backed synthetic,synthetic_research_backed,"impersonation, money request, urgency, discouraging verification",Verify the person's identity through an independent channel before any payment.,1. Do not transfer money. 2. Call the person using a known number. 3. Confirm the request independently. 4. Report if fraudulent.,High,P1,"English dataset row; retained from the finalized 1,500-record ScamShield dataset."
G1015,Your India Post order #402-1937460 has shipped and is expected to arrive on 2 October. Thank you.,genuine,delivery,en,Research-backed synthetic,synthetic_research_backed,normal delivery update,Track through the official retailer/carrier app if needed.,1. Open the official app if tracking is required. 2. Check the order number. 3. No payment is required unless shown in the official order flow.,Low,P4,"English dataset row; retained from the finalized 1,500-record ScamShield dataset."
S1016,Urgent: your Canara Bank account will be blocked today because PAN/KYC is incomplete. Click https://example.invalid/verify to update now.,scam,bank_kyc,en,Research-backed synthetic,synthetic_research_backed,"bank impersonation, urgency, suspicious URL, KYC request",Do not click the link or share banking credentials.,1. Do not click the link. 2. Open the bank's official app/site manually. 3. Verify KYC status. 4. Report the message if fraudulent.,High,P1,"English dataset row; retained from the finalized 1,500-record ScamShield dataset."
G1017,याद दिलाया जाता है कि आपकी dentist appointment 5 October को 2:00 PM बजे है। Please keep this for your records.,genuine,appointment,en,Research-backed synthetic,synthetic_research_backed,normal appointment reminder,Use the official provider channel for confirmation or changes.,1. समय जांचें। 2. कैलेंडर में सेव करें। 3. बदलाव के लिए आधिकारिक नंबर/पोर्टल इस्तेमाल करें।,Low,P4,"English dataset row; retained from the finalized 1,500-record ScamShield dataset."
S1018,Security alert: your account will be suspended unless you send the OTP G-481205 to our support agent immediately. Immediate action required.,scam,otp,en,Research-backed synthetic,synthetic_research_backed,"OTP request, urgency, account-threat language",Do not share the OTP.,1. Do not share the OTP. 2. End the conversation. 3. Review account security in the official app. 4. Report the sender.,Critical,P1,"English dataset row; retained from the finalized 1,500-record ScamShield dataset."
G1019,Please review the latest ScamShield build before the project meeting tomorrow. Thank you.,genuine,work,en,Research-backed synthetic,synthetic_research_backed,ordinary workplace communication,Review the work through the normal project channel.,1. Open the known project workspace. 2. Review the requested item. 3. Reply with feedback.,Low,P4,"English dataset row; retained from the finalized 1,500-record ScamShield dataset."
S1020,Your Instagram account is under review. Send your login code to this agent to restore access. Act now.,scam,social_media,en,Research-backed synthetic,synthetic_research_backed,"account takeover, login-code request, impersonation",Do not share the login code.,1. Do not share the code. 2. Open the platform directly. 3. Review security settings and sessions. 4. Report the account.,Critical,P1,"English dataset row; retained from the finalized 1,500-record ScamShield dataset."
S1021,Exclusive offer from a social-media ad: deposit ₹5000 and get guaranteed returns within 24 hours.,scam,fake_social_media_ad,en,Research-backed synthetic,synthetic_research_backed,"social-media advertisement, guaranteed return, deposit request",Do not transfer money from an unverified advertisement.,1. Do not transfer money from an unverified advertisement. 2. Verify independently using the official service/authority. 3. Preserve evidence. 4. Report suspected cyber fraud.,Critical,P1,"English dataset row; retained from the finalized 1,500-record ScamShield dataset."
S1022,Your parcel is held because of a Rs 299 customs/redelivery charge. Pay at https://example.invalid/verify within 2 hours. Do not ignore this message.,scam,delivery,en,Research-backed synthetic,synthetic_research_backed,"delivery impersonation, small fee, urgency, suspicious URL",Do not pay through the provided link.,1. Do not open the link. 2. Check the order on the official retailer/carrier site. 3. Verify any fee there. 4. Report the SMS.,High,P1,"English dataset row; retained from the finalized 1,500-record ScamShield dataset."
S1023,Congratulations! Your instant loan of Rs 2499 is approved. Pay Rs 299 processing charges to release the funds. Immediate action required.,scam,loan_scam,en,Research-backed synthetic,synthetic_research_backed,"unsolicited loan, advance fee, pressure",Do not pay the fee.,1. Do not pay upfront charges. 2. Verify the lender independently. 3. Avoid sharing banking credentials. 4. Report the message.,High,P1,"English dataset row; retained from the finalized 1,500-record ScamShield dataset."
G1024,Your monthly investment statement for index fund is available in your official account. Thank you.,genuine,finance_genuine,en,Research-backed synthetic,synthetic_research_backed,normal financial statement,Review it through the official investment platform.,1. Sign in directly to the known platform. 2. Review the statement. 3. Contact the provider through official channels for discrepancies.,Low,P4,"English dataset row; retained from the finalized 1,500-record ScamShield dataset."
S1025,Your Amazon account has been locked. Verify your identity now at https://example.invalid/verify to avoid permanent closure. Immediate action required.,scam,phishing,en,Research-backed synthetic,synthetic_research_backed,"account threat, urgency, suspicious URL, credential harvesting",Do not click the link.,1. Do not open the URL. 2. Visit the service by typing its official address. 3. Change credentials if exposed. 4. Report the message.,High,P1,"English dataset row; retained from the finalized 1,500-record ScamShield dataset."
S1026,You have been selected for a work-from-home Java Backend Developer paying Rs 1299 per day. Pay Rs 999 as registration before joining. Act now.,scam,job_scam,en,Research-backed synthetic,synthetic_research_backed,"unrealistic earnings, upfront fee, unsolicited job",Do not pay the registration fee.,1. Do not pay. 2. Verify the employer independently. 3. Do not share identity/banking documents. 4. Block and report the sender.,High,P1,"English dataset row; retained from the finalized 1,500-record ScamShield dataset."
G1027,Your DTDC order #401-8246152 has shipped and is expected to arrive on 15 October. — Customer Notification.,genuine,delivery,en,Research-backed synthetic,synthetic_research_backed,normal delivery update,Track through the official retailer/carrier app if needed.,1. Open the official app if tracking is required. 2. Check the order number. 3. No payment is required unless shown in the official order flow.,Low,P4,"English dataset row; retained from the finalized 1,500-record ScamShield dataset."
G1028,Please review the latest Live Call Guardian build before the project meeting tomorrow. — Customer Notification.,genuine,work,en,Research-backed synthetic,synthetic_research_backed,ordinary workplace communication,Review the work through the normal project channel.,1. Open the known project workspace. 2. Review the requested item. 3. Reply with feedback.,Low,P4,"English dataset row; retained from the finalized 1,500-record ScamShield dataset."
S1029,We detected an issue with your Microsoft account. Call +91 9XXXX XXXXX and provide your card details for verification.,scam,customer_support,en,Research-backed synthetic,synthetic_research_backed,"fake support, request for financial data, unsolicited contact",Do not provide card or account details.,1. Do not call the supplied number. 2. Use official support channels. 3. Do not share card/OTP details. 4. Block the sender.,Critical,P1,"English dataset row; retained from the finalized 1,500-record ScamShield dataset."
G1030,याद दिलाया जाता है कि आपकी dentist appointment 2 October को 2:00 PM बजे है। — Customer Notification.,genuine,appointment,en,Research-backed synthetic,synthetic_research_backed,normal appointment reminder,Use the official provider channel for confirmation or changes.,1. समय जांचें। 2. कैलेंडर में सेव करें। 3. बदलाव के लिए आधिकारिक नंबर/पोर्टल इस्तेमाल करें।,Low,P4,"English dataset row; retained from the finalized 1,500-record ScamShield dataset."
G1031,"Hi, are we still meeting at the campus cafeteria around 2:00 PM today?",genuine,personal,en,Research-backed synthetic,synthetic_research_backed,ordinary personal communication,Reply normally if expected.,1. Reply normally if expected. 2. Verify the message in the official app/portal if needed. 3. Do not share sensitive information unnecessarily.,Low,P4,"English dataset row; retained from the finalized 1,500-record ScamShield dataset."
G1032,Your service request SS-10482 has been completed. Please review the update in the official portal. Please keep this for your records.,genuine,service_update,en,Research-backed synthetic,synthetic_research_backed,normal service update,Review the request through the official portal.,1. Open the official portal directly. 2. Check the request status. 3. Contact official support if the result is incorrect.,Low,P4,"English dataset row; retained from the finalized 1,500-record ScamShield dataset."
S1033,A refund of Rs 2499 is waiting for you. Share your card number and OTP so we can process it immediately.,scam,refund_scam,en,Research-backed synthetic,synthetic_research_backed,"refund pretext, card-data request, OTP request",Do not share card or OTP details.,1. Do not share credentials. 2. Check refunds in the official merchant app. 3. Contact official support. 4. Report the sender.,Critical,P1,"English dataset row; retained from the finalized 1,500-record ScamShield dataset."
G1034,Your verification code for Netflix is G-481205. Do not share it with anyone. — Customer Notification.,genuine,otp,en,Research-backed synthetic,synthetic_research_backed,legitimate verification-code notice,Use the code only in the login/verification flow you initiated.,"1. Use the code only on the official service. 2. Never forward the code. 3. If you did not request it, ignore it and review account security.",Low,P4,"English dataset row; retained from the finalized 1,500-record ScamShield dataset."
S1035,Your Flipkart account has been locked. Verify your identity now at https://example.invalid/verify to avoid permanent closure. Immediate action required.,scam,phishing,en,Research-backed synthetic,synthetic_research_backed,"account threat, urgency, suspicious URL, credential harvesting",Do not click the link.,1. Do not open the URL. 2. Visit the service by typing its official address. 3. Change credentials if exposed. 4. Report the message.,High,P1,"English dataset row; retained from the finalized 1,500-record ScamShield dataset."
S1036,We detected an issue with your Netflix account. Call +91 9XXXX XXXXX and provide your card details for verification.,scam,customer_support,en,Research-backed synthetic,synthetic_research_backed,"fake support, request for financial data, unsolicited contact",Do not provide card or account details.,1. Do not call the supplied number. 2. Use official support channels. 3. Do not share card/OTP details. 4. Block the sender.,Critical,P1,"English dataset row; retained from the finalized 1,500-record ScamShield dataset."
G1037,Paytm verification code Q-183640 है। इसे किसी के साथ साझा न करें।,genuine,otp,en,Research-backed synthetic,synthetic_research_backed,legitimate verification-code notice,Use only for the verification you initiated.,1. कोड केवल आधिकारिक स्क्रीन पर दर्ज करें। 2. किसी को न बताएं। 3. अनचाहा कोड हो तो पासवर्ड/सुरक्षा जांचें।,Low,P4,"English dataset row; retained from the finalized 1,500-record ScamShield dataset."
G1038,Reminder: your appointment is scheduled for 2 October at 9:30 AM.,genuine,appointment,en,Research-backed synthetic,synthetic_research_backed,normal appointment reminder,Confirm through the official provider if needed.,1. Confirm through the official provider if needed. 2. Verify the message in the official app/portal if needed. 3. Do not share sensitive information unnecessarily.,Low,P4,"English dataset row; retained from the finalized 1,500-record ScamShield dataset."
G1039,Your airline booking Q4M8LX is confirmed for 10 October.,genuine,travel,en,Research-backed synthetic,synthetic_research_backed,normal travel confirmation,Check the booking in the official airline app.,1. Check the booking in the official airline app. 2. Verify the message in the official app/portal if needed. 3. Do not share sensitive information unnecessarily.,Low,P4,"English dataset row; retained from the finalized 1,500-record ScamShield dataset."
S1040,Premium apartment available at a very low rent. Send a refundable booking deposit of Rs 1499 before viewing. Act now.,scam,rental_scam,en,Research-backed synthetic,synthetic_research_backed,"unusually low price, advance deposit, no viewing",Do not pay a deposit before independently verifying the property and owner.,1. Do not transfer the deposit. 2. Verify ownership/listing independently. 3. Inspect the property. 4. Report suspicious listings.,High,P2,"English dataset row; retained from the finalized 1,500-record ScamShield dataset."
S1041,Your insurance policy bonus is ready. Pay Rs 299 service charges and send your Aadhaar and bank details to receive it. Do not ignore this message.,scam,insurance_scam,en,Research-backed synthetic,synthetic_research_backed,"unexpected bonus, advance fee, identity-data request",Do not pay or send identity/bank documents.,1. Do not pay. 2. Contact the insurer through the official website/number. 3. Do not send identity documents. 4. Report the message.,High,P1,"English dataset row; retained from the finalized 1,500-record ScamShield dataset."
S1042,Urgent: your Axis Bank account will be blocked today because PAN/KYC is incomplete. Click https://example.invalid/verify to update now. Immediate action required.,scam,bank_kyc,en,Research-backed synthetic,synthetic_research_backed,"bank impersonation, urgency, suspicious URL, KYC request",Do not click the link or share banking credentials.,1. Do not click the link. 2. Open the bank's official app/site manually. 3. Verify KYC status. 4. Report the message if fraudulent.,High,P1,"English dataset row; retained from the finalized 1,500-record ScamShield dataset."
G1043,Can you bring the book when you come to campus cafeteria? — Customer Notification.,genuine,personal,en,Research-backed synthetic,synthetic_research_backed,ordinary personal communication,Reply normally if the request is expected.,1. Confirm the context. 2. Reply normally. 3. Ignore if the sender is unknown.,Low,P4,"English dataset row; retained from the finalized 1,500-record ScamShield dataset."
G1044,याद दिलाया जाता है कि आपकी career counseling session 5 October को 4:30 PM बजे है। Please keep this for your records.,genuine,appointment,en,Research-backed synthetic,synthetic_research_backed,normal appointment reminder,Use the official provider channel for confirmation or changes.,1. समय जांचें। 2. कैलेंडर में सेव करें। 3. बदलाव के लिए आधिकारिक नंबर/पोर्टल इस्तेमाल करें।,Low,P4,"English dataset row; retained from the finalized 1,500-record ScamShield dataset."
G1045,Your registration for coding contest is confirmed. The event begins at 4:30 PM on 20 October. Please keep this for your records.,genuine,event,en,Research-backed synthetic,synthetic_research_backed,normal event confirmation,Check the registration in the official event account/email.,1. Verify registration details. 2. Save the event information. 3. Use the organizer's official contact channel for changes.,Low,P4,"English dataset row; retained from the finalized 1,500-record ScamShield dataset."
S1046,Your account has won a creator reward. Send the verification code to claim your payout.,scam,social_media_fraud,en,Research-backed synthetic,synthetic_research_backed,"social-media impersonation, OTP request, reward lure",Do not share the code.,1. Do not share the code. 2. Verify independently using the official service/authority. 3. Preserve evidence. 4. Report suspected cyber fraud.,High,P1,"English dataset row; retained from the finalized 1,500-record ScamShield dataset."
S1047,Your SIM will be disconnected in 3 hours because it was used for illegal activity. Call this number immediately. Do not ignore this message.,scam,telecom_threat,en,Research-backed synthetic,synthetic_research_backed,"telecom impersonation, urgency, threat, callback request",Do not call the supplied number.,1. Do not call the supplied number. 2. Check account status in the official telecom app. 3. Contact official support. 4. Report the message.,High,P1,"English dataset row; retained from the finalized 1,500-record ScamShield dataset."
G1048,आपके Zomato भुगतान का ₹1299 का लेनदेन सफल रहा। Thank you.,genuine,transaction,en,Research-backed synthetic,synthetic_research_backed,normal transaction notification,Verify the transaction through the official app.,1. आधिकारिक ऐप खोलें। 2. लेनदेन की राशि जांचें। 3. अनजान लेनदेन हो तो बैंक से संपर्क करें।,Low,P4,"English dataset row; retained from the finalized 1,500-record ScamShield dataset."
S1049,We detected an issue with your Flipkart account. Call +91 9XXXX XXXXX and provide your card details for verification.,scam,customer_support,en,Research-backed synthetic,synthetic_research_backed,"fake support, request for financial data, unsolicited contact",Do not provide card or account details.,1. Do not call the supplied number. 2. Use official support channels. 3. Do not share card/OTP details. 4. Block the sender.,Critical,P1,"English dataset row; retained from the finalized 1,500-record ScamShield dataset."
S1050,Congratulations! Your instant loan of Rs 799 is approved. Pay Rs 1499 processing charges to release the funds. Act now.,scam,loan_scam,en,Research-backed synthetic,synthetic_research_backed,"unsolicited loan, advance fee, pressure",Do not pay the fee.,1. Do not pay upfront charges. 2. Verify the lender independently. 3. Avoid sharing banking credentials. 4. Report the message.,High,P1,"English dataset row; retained from the finalized 1,500-record ScamShield dataset."
G1051,Your registration for AI workshop is confirmed. The event begins at 2:00 PM on 20 October.,genuine,event,en,Research-backed synthetic,synthetic_research_backed,normal event confirmation,Check the registration in the official event account/email.,1. Verify registration details. 2. Save the event information. 3. Use the organizer's official contact channel for changes.,Low,P4,"English dataset row; retained from the finalized 1,500-record ScamShield dataset."
G1052,Reminder: your appointment is scheduled for 2 October at 10:00 AM.,genuine,appointment,en,Research-backed synthetic,synthetic_research_backed,normal appointment reminder,Confirm through the official provider if needed.,1. Confirm through the official provider if needed. 2. Verify the message in the official app/portal if needed. 3. Do not share sensitive information unnecessarily.,Low,P4,"English dataset row; retained from the finalized 1,500-record ScamShield dataset."
S1053,Your parcel is held because of a Rs 299 customs/redelivery charge. Pay at http://account-check.invalid within 2 hours.,scam,delivery,en,Research-backed synthetic,synthetic_research_backed,"delivery impersonation, small fee, urgency, suspicious URL",Do not pay through the provided link.,1. Do not open the link. 2. Check the order on the official retailer/carrier site. 3. Verify any fee there. 4. Report the SMS.,High,P1,"English dataset row; retained from the finalized 1,500-record ScamShield dataset."
G1054,Your BookMyShow payment of Rs 249 was processed successfully. Thank you.,genuine,transaction,en,Research-backed synthetic,synthetic_research_backed,normal transaction notification,Verify the transaction in the official app or bank statement.,1. Check the transaction in the official app. 2. Confirm the amount and merchant. 3. Keep the receipt if needed.,Low,P4,"English dataset row; retained from the finalized 1,500-record ScamShield dataset."
S1055,Your SIM will be disconnected in 3 hours because it was used for illegal activity. Call this number immediately.,scam,telecom_threat,en,Research-backed synthetic,synthetic_research_backed,"telecom impersonation, urgency, threat, callback request",Do not call the supplied number.,1. Do not call the supplied number. 2. Check account status in the official telecom app. 3. Contact official support. 4. Report the message.,High,P1,"English dataset row; retained from the finalized 1,500-record ScamShield dataset."
S1056,You have been selected for a work-from-home Java Backend Developer paying Rs 2499 per day. Pay Rs 1499 as registration before joining. Do not ignore this message.,scam,job_scam,en,Research-backed synthetic,synthetic_research_backed,"unrealistic earnings, upfront fee, unsolicited job",Do not pay the registration fee.,1. Do not pay. 2. Verify the employer independently. 3. Do not share identity/banking documents. 4. Block and report the sender.,High,P1,"English dataset row; retained from the finalized 1,500-record ScamShield dataset."
G1057,Flipkart verification code G-481205 है। इसे किसी के साथ साझा न करें। Please keep this for your records.,genuine,otp,en,Research-backed synthetic,synthetic_research_backed,legitimate verification-code notice,Use only for the verification you initiated.,1. कोड केवल आधिकारिक स्क्रीन पर दर्ज करें। 2. किसी को न बताएं। 3. अनचाहा कोड हो तो पासवर्ड/सुरक्षा जांचें।,Low,P4,"English dataset row; retained from the finalized 1,500-record ScamShield dataset."
G1058,Your application for the Frontend Developer position has moved to the next stage. Please check the company careers portal. Thank you.,genuine,job_genuine,en,Research-backed synthetic,synthetic_research_backed,normal recruitment communication,Access the known company careers portal directly.,1. Open the company website manually. 2. Check application status. 3. Follow the official recruitment process.,Low,P4,"English dataset row; retained from the finalized 1,500-record ScamShield dataset."
S1059,Our AI trading group guarantees 5% daily profit. Deposit Rs 2499 today to activate your account. Immediate action required.,scam,investment_scam,en,Research-backed synthetic,synthetic_research_backed,"guaranteed returns, investment pressure, deposit request",Do not transfer money based on the message.,1. Do not deposit funds. 2. Verify the company independently. 3. Check regulatory status where applicable. 4. Report the solicitation.,Critical,P1,"English dataset row; retained from the finalized 1,500-record ScamShield dataset."
G1060,Your Airtel data plan has 2.8 GB remaining and is valid until 5 October. — Customer Notification.,genuine,telecom_genuine,en,Research-backed synthetic,synthetic_research_backed,normal telecom usage notice,Check usage in the official telecom app if needed.,1. Open the official provider app. 2. Review plan usage. 3. Recharge only through official channels.,Low,P4,"English dataset row; retained from the finalized 1,500-record ScamShield dataset."
S1061,Premium apartment available at a very low rent. Send a refundable booking deposit of Rs 299 before viewing. Immediate action required.,scam,rental_scam,en,Research-backed synthetic,synthetic_research_backed,"unusually low price, advance deposit, no viewing",Do not pay a deposit before independently verifying the property and owner.,1. Do not transfer the deposit. 2. Verify ownership/listing independently. 3. Inspect the property. 4. Report suspicious listings.,High,P2,"English dataset row; retained from the finalized 1,500-record ScamShield dataset."
S1062,Urgent: your Kotak Bank account will be blocked today because PAN/KYC is incomplete. Click http://secure-update.invalid to update now.,scam,bank_kyc,en,Research-backed synthetic,synthetic_research_backed,"bank impersonation, urgency, suspicious URL, KYC request",Do not click the link or share banking credentials.,1. Do not click the link. 2. Open the bank's official app/site manually. 3. Verify KYC status. 4. Report the message if fraudulent.,High,P1,"English dataset row; retained from the finalized 1,500-record ScamShield dataset."
S1063,Congratulations! You won Rs 499 in a lucky draw. Pay Rs 499 tax/processing charges to claim your prize. Act now.,scam,lottery,en,Research-backed synthetic,synthetic_research_backed,"unexpected prize, upfront payment, lottery claim",Do not pay the fee.,1. Do not send money. 2. Do not share financial details. 3. Block the sender. 4. Report the message.,High,P1,"English dataset row; retained from the finalized 1,500-record ScamShield dataset."
S1064,Your parcel is held because of a Rs 299 customs/redelivery charge. Pay at https://example.invalid/verify within 2 hours. Immediate action required.,scam,delivery,en,Research-backed synthetic,synthetic_research_backed,"delivery impersonation, small fee, urgency, suspicious URL",Do not pay through the provided link.,1. Do not open the link. 2. Check the order on the official retailer/carrier site. 3. Verify any fee there. 4. Report the SMS.,High,P1,"English dataset row; retained from the finalized 1,500-record ScamShield dataset."
G1065,Delivery update: Amazon Logistics will attempt delivery of order #404-7319056 today. — Customer Notification.,genuine,delivery,en,Research-backed synthetic,synthetic_research_backed,normal delivery update,Use the official tracking page or app.,1. Check official tracking. 2. Keep the delivery address accessible. 3. Contact the retailer through official support if there is a problem.,Low,P4,"English dataset row; retained from the finalized 1,500-record ScamShield dataset."
G1066,Your support ticket SS-10482 has been updated. Please sign in to the official support portal to view the response. Please keep this for your records.,genuine,support_genuine,en,Research-backed synthetic,synthetic_research_backed,normal support-ticket notification,Open the known support portal directly.,1. Open the official support portal manually. 2. Search for the ticket number. 3. Review the response there.,Low,P4,"English dataset row; retained from the finalized 1,500-record ScamShield dataset."
G1067,Reminder: your lab appointment is scheduled for 20 October at 2:00 PM.,genuine,appointment,en,Research-backed synthetic,synthetic_research_backed,normal appointment reminder,Confirm or reschedule through the official provider if necessary.,1. Check the appointment details. 2. Add it to your calendar. 3. Use the provider's official contact channel for changes.,Low,P4,"English dataset row; retained from the finalized 1,500-record ScamShield dataset."
G1068,Your order #401-8246152 from Myntra has been confirmed for delivery. — Customer Notification.,genuine,ecommerce,en,Research-backed synthetic,synthetic_research_backed,normal ecommerce order confirmation,Check order status in the official store account.,1. Open the official shopping app/site. 2. Verify the order. 3. Contact official support for changes.,Low,P4,"English dataset row; retained from the finalized 1,500-record ScamShield dataset."
S1069,We detected an issue with your Amazon account. Call +91 9XXXX XXXXX and provide your card details for verification.,scam,customer_support,en,Research-backed synthetic,synthetic_research_backed,"fake support, request for financial data, unsolicited contact",Do not provide card or account details.,1. Do not call the supplied number. 2. Use official support channels. 3. Do not share card/OTP details. 4. Block the sender.,Critical,P1,"English dataset row; retained from the finalized 1,500-record ScamShield dataset."
S1070,You have been selected for a work-from-home ML Intern paying Rs 199 per day. Pay Rs 999 as registration before joining.,scam,job_scam,en,Research-backed synthetic,synthetic_research_backed,"unrealistic earnings, upfront fee, unsolicited job",Do not pay the registration fee.,1. Do not pay. 2. Verify the employer independently. 3. Do not share identity/banking documents. 4. Block and report the sender.,High,P1,"English dataset row; retained from the finalized 1,500-record ScamShield dataset."
S1071,Your Netflix account has been locked. Verify your identity now at http://account-check.invalid to avoid permanent closure.,scam,phishing,en,Research-backed synthetic,synthetic_research_backed,"account threat, urgency, suspicious URL, credential harvesting",Do not click the link.,1. Do not open the URL. 2. Visit the service by typing its official address. 3. Change credentials if exposed. 4. Report the message.,High,P1,"English dataset row; retained from the finalized 1,500-record ScamShield dataset."
S1072,You have been selected for a work-from-home Data Analyst paying Rs 4999 per day. Pay Rs 299 as registration before joining.,scam,job_scam,en,Research-backed synthetic,synthetic_research_backed,"unrealistic earnings, upfront fee, unsolicited job",Do not pay the registration fee.,1. Do not pay. 2. Verify the employer independently. 3. Do not share identity/banking documents. 4. Block and report the sender.,High,P1,"English dataset row; retained from the finalized 1,500-record ScamShield dataset."
S1073,A refund of Rs 249 is waiting for you. Share your card number and OTP so we can process it immediately. Immediate action required.,scam,refund_scam,en,Research-backed synthetic,synthetic_research_backed,"refund pretext, card-data request, OTP request",Do not share card or OTP details.,1. Do not share credentials. 2. Check refunds in the official merchant app. 3. Contact official support. 4. Report the sender.,Critical,P1,"English dataset row; retained from the finalized 1,500-record ScamShield dataset."
G1074,Reminder from KIMS: your career counseling session is booked for 15 October at 6:00 PM. — Customer Notification.,genuine,healthcare,en,Research-backed synthetic,synthetic_research_backed,normal healthcare reminder,Use the clinic's official contact details for changes.,1. Verify the appointment in the clinic system. 2. Add it to your calendar. 3. Contact the clinic through its official number if needed.,Low,P4,"English dataset row; retained from the finalized 1,500-record ScamShield dataset."
S1075,Earn ₹999 daily by completing CAPTCHA tasks. Pay ₹999 registration/software charges to activate your account.,scam,fake_captcha_job,en,Research-backed synthetic,synthetic_research_backed,"upfront fee, unrealistic earnings, fake job platform",Do not pay the registration fee.,1. Do not pay the registration fee. 2. Verify independently using the official service/authority. 3. Preserve evidence. 4. Report suspected cyber fraud.,High,P1,"English dataset row; retained from the finalized 1,500-record ScamShield dataset."
G1076,Your Amazon subscription renews on 2 October for Rs 1299. — Customer Notification.,genuine,subscription,en,Research-backed synthetic,synthetic_research_backed,normal subscription notice,Review the subscription in the official account settings.,1. Check the subscription details. 2. Confirm the renewal amount. 3. Cancel only through the official account if desired.,Low,P4,"English dataset row; retained from the finalized 1,500-record ScamShield dataset."
S1077,Congratulations! Your instant loan of Rs 199 is approved. Pay Rs 199 processing charges to release the funds. Immediate action required.,scam,loan_scam,en,Research-backed synthetic,synthetic_research_backed,"unsolicited loan, advance fee, pressure",Do not pay the fee.,1. Do not pay upfront charges. 2. Verify the lender independently. 3. Avoid sharing banking credentials. 4. Report the message.,High,P1,"English dataset row; retained from the finalized 1,500-record ScamShield dataset."
S1078,Congratulations! Your instant loan of Rs 4999 is approved. Pay Rs 999 processing charges to release the funds.,scam,loan_scam,en,Research-backed synthetic,synthetic_research_backed,"unsolicited loan, advance fee, pressure",Do not pay the fee.,1. Do not pay upfront charges. 2. Verify the lender independently. 3. Avoid sharing banking credentials. 4. Report the message.,High,P1,"English dataset row; retained from the finalized 1,500-record ScamShield dataset."
G1079,Your bank statement for account ending 2481 is now available in online banking. — Customer Notification.,genuine,banking_genuine,en,Research-backed synthetic,synthetic_research_backed,normal banking notification,Open the bank's official app or website.,1. Sign in through the official app/site. 2. Review the statement. 3. Never use links from unexpected messages to sign in.,Low,P4,"English dataset row; retained from the finalized 1,500-record ScamShield dataset."
S1080,Your Netflix account has been locked. Verify your identity now at https://example.invalid/verify to avoid permanent closure.,scam,phishing,en,Research-backed synthetic,synthetic_research_backed,"account threat, urgency, suspicious URL, credential harvesting",Do not click the link.,1. Do not open the URL. 2. Visit the service by typing its official address. 3. Change credentials if exposed. 4. Report the message.,High,P1,"English dataset row; retained from the finalized 1,500-record ScamShield dataset."
G1081,Your application for the Data Analyst position has moved to the next stage. Please check the company careers portal. — Customer Notification.,genuine,job_genuine,en,Research-backed synthetic,synthetic_research_backed,normal recruitment communication,Access the known company careers portal directly.,1. Open the company website manually. 2. Check application status. 3. Follow the official recruitment process.,Low,P4,"English dataset row; retained from the finalized 1,500-record ScamShield dataset."
G1082,Google verification code M-562901 है। इसे किसी के साथ साझा न करें। — Customer Notification.,genuine,otp,en,Research-backed synthetic,synthetic_research_backed,legitimate verification-code notice,Use only for the verification you initiated.,1. कोड केवल आधिकारिक स्क्रीन पर दर्ज करें। 2. किसी को न बताएं। 3. अनचाहा कोड हो तो पासवर्ड/सुरक्षा जांचें।,Low,P4,"English dataset row; retained from the finalized 1,500-record ScamShield dataset."
G1083,The ScamShield API test report is ready for review. Please keep this for your records.,genuine,work,en,Research-backed synthetic,synthetic_research_backed,ordinary workplace communication,Open the report from the known work repository.,1. Verify the project context. 2. Review the report. 3. Share findings through the normal team channel.,Low,P4,"English dataset row; retained from the finalized 1,500-record ScamShield dataset."
S1084,We detected an issue with your Flipkart account. Call +91 9XXXX XXXXX and provide your card details for verification. Immediate action required.,scam,customer_support,en,Research-backed synthetic,synthetic_research_backed,"fake support, request for financial data, unsolicited contact",Do not provide card or account details.,1. Do not call the supplied number. 2. Use official support channels. 3. Do not share card/OTP details. 4. Block the sender.,Critical,P1,"English dataset row; retained from the finalized 1,500-record ScamShield dataset."
S1085,Our AI trading group guarantees 5% daily profit. Deposit Rs 499 today to activate your account. Act now.,scam,investment_scam,en,Research-backed synthetic,synthetic_research_backed,"guaranteed returns, investment pressure, deposit request",Do not transfer money based on the message.,1. Do not deposit funds. 2. Verify the company independently. 3. Check regulatory status where applicable. 4. Report the solicitation.,Critical,P1,"English dataset row; retained from the finalized 1,500-record ScamShield dataset."
S1086,We detected an issue with your Microsoft account. Call +91 9XXXX XXXXX and provide your card details for verification. Act now.,scam,customer_support,en,Research-backed synthetic,synthetic_research_backed,"fake support, request for financial data, unsolicited contact",Do not provide card or account details.,1. Do not call the supplied number. 2. Use official support channels. 3. Do not share card/OTP details. 4. Block the sender.,Critical,P1,"English dataset row; retained from the finalized 1,500-record ScamShield dataset."
G1087,Delivery update: Amazon Logistics will attempt delivery of order #401-8246152 today. Thank you.,genuine,delivery,en,Research-backed synthetic,synthetic_research_backed,normal delivery update,Use the official tracking page or app.,1. Check official tracking. 2. Keep the delivery address accessible. 3. Contact the retailer through official support if there is a problem.,Low,P4,"English dataset row; retained from the finalized 1,500-record ScamShield dataset."
G1088,Rs 2499 was spent at Spotify using your credit card. — Customer Notification.,genuine,transaction,en,Research-backed synthetic,synthetic_research_backed,normal transaction notification,Verify the transaction in the official banking/payment app.,1. Open the official banking app. 2. Confirm the transaction. 3. Contact the bank only if it is unrecognized.,Low,P4,"English dataset row; retained from the finalized 1,500-record ScamShield dataset."
S1089,We detected an issue with your Amazon account. Call +91 9XXXX XXXXX and provide your card details for verification. Immediate action required.,scam,customer_support,en,Research-backed synthetic,synthetic_research_backed,"fake support, request for financial data, unsolicited contact",Do not provide card or account details.,1. Do not call the supplied number. 2. Use official support channels. 3. Do not share card/OTP details. 4. Block the sender.,Critical,P1,"English dataset row; retained from the finalized 1,500-record ScamShield dataset."
G1090,Please review the latest SupportPilot build before the demo tomorrow. Thank you.,genuine,work,en,Research-backed synthetic,synthetic_research_backed,ordinary workplace communication,Review the work through the normal project channel.,1. Open the known project workspace. 2. Review the requested item. 3. Reply with feedback.,Low,P4,"English dataset row; retained from the finalized 1,500-record ScamShield dataset."
S1091,Your WhatsApp/email account will be deleted unless you send the 6-digit verification code now. Do not ignore this message.,scam,account_takeover,en,Research-backed synthetic,synthetic_research_backed,"OTP request, account takeover, urgency",Do not share the verification code.,1. Do not share the code. 2. Open the official app and review active sessions. 3. Enable two-step verification. 4. Report the sender.,Critical,P1,"English dataset row; retained from the finalized 1,500-record ScamShield dataset."
G1092,Can you bring the documents when you come to computer lab? — Customer Notification.,genuine,personal,en,Research-backed synthetic,synthetic_research_backed,ordinary personal communication,Reply normally if the request is expected.,1. Confirm the context. 2. Reply normally. 3. Ignore if the sender is unknown.,Low,P4,"English dataset row; retained from the finalized 1,500-record ScamShield dataset."
S1093,You have been selected for a work-from-home ML Intern paying Rs 199 per day. Pay Rs 299 as registration before joining. Immediate action required.,scam,job_scam,en,Research-backed synthetic,synthetic_research_backed,"unrealistic earnings, upfront fee, unsolicited job",Do not pay the registration fee.,1. Do not pay. 2. Verify the employer independently. 3. Do not share identity/banking documents. 4. Block and report the sender.,High,P1,"English dataset row; retained from the finalized 1,500-record ScamShield dataset."
G1094,Your bank statement for account ending 1024 is now available in online banking. Please keep this for your records.,genuine,banking_genuine,en,Research-backed synthetic,synthetic_research_backed,normal banking notification,Open the bank's official app or website.,1. Sign in through the official app/site. 2. Review the statement. 3. Never use links from unexpected messages to sign in.,Low,P4,"English dataset row; retained from the finalized 1,500-record ScamShield dataset."
S1095,Our AI trading group guarantees 20% daily profit. Deposit Rs 799 today to activate your account. Act now.,scam,investment_scam,en,Research-backed synthetic,synthetic_research_backed,"guaranteed returns, investment pressure, deposit request",Do not transfer money based on the message.,1. Do not deposit funds. 2. Verify the company independently. 3. Check regulatory status where applicable. 4. Report the solicitation.,Critical,P1,"English dataset row; retained from the finalized 1,500-record ScamShield dataset."
S1096,Urgent: your HDFC Bank account will be blocked today because PAN/KYC is incomplete. Click https://example.invalid/verify to update now.,scam,bank_kyc,en,Research-backed synthetic,synthetic_research_backed,"bank impersonation, urgency, suspicious URL, KYC request",Do not click the link or share banking credentials.,1. Do not click the link. 2. Open the bank's official app/site manually. 3. Verify KYC status. 4. Report the message if fraudulent.,High,P1,"English dataset row; retained from the finalized 1,500-record ScamShield dataset."
S1097,Please donate Rs 799 for an emergency relief campaign. Transfer to this personal UPI ID today.,scam,charity_scam,en,Research-backed synthetic,synthetic_research_backed,"emotional appeal, personal payment destination, urgency",Verify the charity and donation channel independently.,1. Do not transfer to an unverified personal account. 2. Check the organization's official website. 3. Donate through verified channels. 4. Report the message.,Medium,P2,"English dataset row; retained from the finalized 1,500-record ScamShield dataset."
G1098,Reminder: your doctor consultation is scheduled for 5 October at 10:00 AM. — Customer Notification.,genuine,appointment,en,Research-backed synthetic,synthetic_research_backed,normal appointment reminder,Confirm or reschedule through the official provider if necessary.,1. Check the appointment details. 2. Add it to your calendar. 3. Use the provider's official contact channel for changes.,Low,P4,"English dataset row; retained from the finalized 1,500-record ScamShield dataset."
S1099,Security alert: your account will be suspended unless you send the OTP A-739214 to our support agent immediately. Do not ignore this message.,scam,otp,en,Research-backed synthetic,synthetic_research_backed,"OTP request, urgency, account-threat language",Do not share the OTP.,1. Do not share the OTP. 2. End the conversation. 3. Review account security in the official app. 4. Report the sender.,Critical,P1,"English dataset row; retained from the finalized 1,500-record ScamShield dataset."
S1100,Your Netflix account has been locked. Verify your identity now at http://account-check.invalid to avoid permanent closure. Immediate action required.,scam,phishing,en,Research-backed synthetic,synthetic_research_backed,"account threat, urgency, suspicious URL, credential harvesting",Do not click the link.,1. Do not open the URL. 2. Visit the service by typing its official address. 3. Change credentials if exposed. 4. Report the message.,High,P1,"English dataset row; retained from the finalized 1,500-record ScamShield dataset."
G1101,Interview reminder: your Data Analyst interview is scheduled for 30 September at 4:30 PM.,genuine,job_genuine,en,Research-backed synthetic,synthetic_research_backed,normal recruitment communication,Verify the interview through the official recruitment channel.,1. Check the original application. 2. Confirm the interview details. 3. Join through the verified meeting link.,Low,P4,"English dataset row; retained from the finalized 1,500-record ScamShield dataset."
S1102,Congratulations! You won Rs 1299 in a lucky draw. Pay Rs 999 tax/processing charges to claim your prize. Act now.,scam,lottery,en,Research-backed synthetic,synthetic_research_backed,"unexpected prize, upfront payment, lottery claim",Do not pay the fee.,1. Do not send money. 2. Do not share financial details. 3. Block the sender. 4. Report the message.,High,P1,"English dataset row; retained from the finalized 1,500-record ScamShield dataset."
G1103,Your Netflix payment of ₹249 was processed successfully.,genuine,transaction,en,Research-backed synthetic,synthetic_research_backed,normal transaction notification,Verify in the official app.,1. Verify in the official app. 2. Verify the message in the official app/portal if needed. 3. Do not share sensitive information unnecessarily.,Low,P4,"English dataset row; retained from the finalized 1,500-record ScamShield dataset."
S1104,Your refund of ₹5000 is pending. Share your card details and OTP so our agent can release it now.,scam,fake_refund,en,Research-backed synthetic,synthetic_research_backed,"refund pretext, card details, OTP",Do not share card details or OTP.,1. Do not share card details or OTP. 2. Verify independently using the official service/authority. 3. Preserve evidence. 4. Report suspected cyber fraud.,Critical,P1,"English dataset row; retained from the finalized 1,500-record ScamShield dataset."
S1105,Your overseas online job placement is approved. Pay ₹4999 for processing and travel documents before deployment.,scam,cyber_slavery,en,Research-backed synthetic,synthetic_research_backed,"fake overseas job, upfront payment, recruitment deception",Do not pay before independently verifying the recruiter.,1. Do not pay before independently verifying the recruiter. 2. Verify independently using the official service/authority. 3. Preserve evidence. 4. Report suspected cyber fraud.,High,P1,"English dataset row; retained from the finalized 1,500-record ScamShield dataset."
G1106,Rs 249 was spent at Amazon using your debit card.,genuine,transaction,en,Research-backed synthetic,synthetic_research_backed,normal transaction notification,Verify the transaction in the official banking/payment app.,1. Open the official banking app. 2. Confirm the transaction. 3. Contact the bank only if it is unrecognized.,Low,P4,"English dataset row; retained from the finalized 1,500-record ScamShield dataset."
S1107,Me bank account block aindi. Ee link click chesi KYC update cheyandi.,scam,bank_kyc,en,User-provided reference file,user_reference,"urgency, bank impersonation, malicious link",Do not click,Verify through an official channel; follow the expected action above.,High,P1,"English dataset row; retained from the finalized 1,500-record ScamShield dataset."
S1108,Congratulations! You won Rs 249 in a lucky draw. Pay Rs 199 tax/processing charges to claim your prize.,scam,lottery,en,Research-backed synthetic,synthetic_research_backed,"unexpected prize, upfront payment, lottery claim",Do not pay the fee.,1. Do not send money. 2. Do not share financial details. 3. Block the sender. 4. Report the message.,High,P1,"English dataset row; retained from the finalized 1,500-record ScamShield dataset."
S1109,You have been selected for a work-from-home ML Intern paying Rs 1299 per day. Pay Rs 499 as registration before joining. Immediate action required.,scam,job_scam,en,Research-backed synthetic,synthetic_research_backed,"unrealistic earnings, upfront fee, unsolicited job",Do not pay the registration fee.,1. Do not pay. 2. Verify the employer independently. 3. Do not share identity/banking documents. 4. Block and report the sender.,High,P1,"English dataset row; retained from the finalized 1,500-record ScamShield dataset."
S1110,"Hi, I lost my phone and need you to urgently transfer Rs 4999 to this new account. Please don't call. Act now.",scam,impersonation,en,Research-backed synthetic,synthetic_research_backed,"impersonation, money request, urgency, discouraging verification",Verify the person's identity through an independent channel before any payment.,1. Do not transfer money. 2. Call the person using a known number. 3. Confirm the request independently. 4. Report if fraudulent.,High,P1,"English dataset row; retained from the finalized 1,500-record ScamShield dataset."
S1111,You have been selected for a work-from-home Java Backend Developer paying Rs 799 per day. Pay Rs 499 as registration before joining. Immediate action required.,scam,job_scam,en,Research-backed synthetic,synthetic_research_backed,"unrealistic earnings, upfront fee, unsolicited job",Do not pay the registration fee.,1. Do not pay. 2. Verify the employer independently. 3. Do not share identity/banking documents. 4. Block and report the sender.,High,P1,"English dataset row; retained from the finalized 1,500-record ScamShield dataset."
G1112,Interview reminder: your Frontend Developer interview is scheduled for 20 October at 4:30 PM. — Customer Notification.,genuine,job_genuine,en,Research-backed synthetic,synthetic_research_backed,normal recruitment communication,Verify the interview through the official recruitment channel.,1. Check the original application. 2. Confirm the interview details. 3. Join through the verified meeting link.,Low,P4,"English dataset row; retained from the finalized 1,500-record ScamShield dataset."
G1113,The Data Analytics assignment deadline is 10 October. Please submit it through the student portal. — Customer Notification.,genuine,education,en,Research-backed synthetic,synthetic_research_backed,normal educational announcement,Use the official student portal.,1. Check the assignment details. 2. Prepare the submission. 3. Upload through the official portal before the deadline.,Low,P4,"English dataset row; retained from the finalized 1,500-record ScamShield dataset."
G1114,Your Amazon payment of ₹499 was processed successfully.,genuine,transaction,en,Research-backed synthetic,synthetic_research_backed,normal transaction notification,Verify in the official app.,1. Verify in the official app. 2. Verify the message in the official app/portal if needed. 3. Do not share sensitive information unnecessarily.,Low,P4,"English dataset row; retained from the finalized 1,500-record ScamShield dataset."
S1115,Congratulations! You won Rs 199 in a lucky draw. Pay Rs 199 tax/processing charges to claim your prize. Act now.,scam,lottery,en,Research-backed synthetic,synthetic_research_backed,"unexpected prize, upfront payment, lottery claim",Do not pay the fee.,1. Do not send money. 2. Do not share financial details. 3. Block the sender. 4. Report the message.,High,P1,"English dataset row; retained from the finalized 1,500-record ScamShield dataset."
S1116,"Exclusive offer! Buy iPhone 15 for just Rs 15,000. Click here to buy before stock ends: http://cheap-apple-store.in",scam,phishing,en,User-provided reference file,user_reference,"too good to be true, suspicious URL",Do not click,Verify through an official channel; follow the expected action above.,High,P1,"English dataset row; retained from the finalized 1,500-record ScamShield dataset."
G1117,Your subscription to Netflix has been renewed successfully. — Customer Notification.,genuine,subscription,en,Research-backed synthetic,synthetic_research_backed,normal subscription notice,Verify the renewal in the official account.,1. Open the official service app. 2. Check billing history. 3. Contact official support if the charge is unfamiliar.,Low,P4,"English dataset row; retained from the finalized 1,500-record ScamShield dataset."
G1118,Reminder from KIMS: your career counseling session is booked for 10 October at 2:00 PM. Please keep this for your records.,genuine,healthcare,en,Research-backed synthetic,synthetic_research_backed,normal healthcare reminder,Use the clinic's official contact details for changes.,1. Verify the appointment in the clinic system. 2. Add it to your calendar. 3. Contact the clinic through its official number if needed.,Low,P4,"English dataset row; retained from the finalized 1,500-record ScamShield dataset."
S1119,Your insurance policy bonus is ready. Pay Rs 999 service charges and send your Aadhaar and bank details to receive it. Immediate action required.,scam,insurance_scam,en,Research-backed synthetic,synthetic_research_backed,"unexpected bonus, advance fee, identity-data request",Do not pay or send identity/bank documents.,1. Do not pay. 2. Contact the insurer through the official website/number. 3. Do not send identity documents. 4. Report the message.,High,P1,"English dataset row; retained from the finalized 1,500-record ScamShield dataset."
G1120,Your WhatsApp subscription renews on 15 October for Rs 1299. Thank you.,genuine,subscription,en,Research-backed synthetic,synthetic_research_backed,normal subscription notice,Review the subscription in the official account settings.,1. Check the subscription details. 2. Confirm the renewal amount. 3. Cancel only through the official account if desired.,Low,P4,"English dataset row; retained from the finalized 1,500-record ScamShield dataset."
G1121,Your order #403-5820147 has shipped and is expected to arrive on 30 September.,genuine,delivery,en,Research-backed synthetic,synthetic_research_backed,normal delivery update,Track through the official retailer/carrier app.,1. Track through the official retailer/carrier app. 2. Verify the message in the official app/portal if needed. 3. Do not share sensitive information unnecessarily.,Low,P4,"English dataset row; retained from the finalized 1,500-record ScamShield dataset."
G1122,Your airline booking AI7K2P is confirmed for 15 October.,genuine,travel,en,Research-backed synthetic,synthetic_research_backed,normal travel confirmation,Check the booking in the official airline app.,1. Check the booking in the official airline app. 2. Verify the message in the official app/portal if needed. 3. Do not share sensitive information unnecessarily.,Low,P4,"English dataset row; retained from the finalized 1,500-record ScamShield dataset."
G1123,Your bank statement for account ending 2481 is now available in online banking. Thank you.,genuine,banking_genuine,en,Research-backed synthetic,synthetic_research_backed,normal banking notification,Open the bank's official app or website.,1. Sign in through the official app/site. 2. Review the statement. 3. Never use links from unexpected messages to sign in.,Low,P4,"English dataset row; retained from the finalized 1,500-record ScamShield dataset."
S1124,Congratulations! Your instant loan of Rs 499 is approved. Pay Rs 299 processing charges to release the funds. Immediate action required.,scam,loan_scam,en,Research-backed synthetic,synthetic_research_backed,"unsolicited loan, advance fee, pressure",Do not pay the fee.,1. Do not pay upfront charges. 2. Verify the lender independently. 3. Avoid sharing banking credentials. 4. Report the message.,High,P1,"English dataset row; retained from the finalized 1,500-record ScamShield dataset."
S1125,"Congratulations! Your instant personal loan of 5,00,000 is approved. Pay 2500 processing fee to disburse.",scam,loan_scam,en,User-provided reference file,user_reference,"unsolicited loan, advance fee",Do not pay fee,Verify through an official channel; follow the expected action above.,High,P1,"English dataset row; retained from the finalized 1,500-record ScamShield dataset."
G1126,Your Jio data plan has 2.8 GB remaining and is valid until 2 October. — Customer Notification.,genuine,telecom_genuine,en,Research-backed synthetic,synthetic_research_backed,normal telecom usage notice,Check usage in the official telecom app if needed.,1. Open the official provider app. 2. Review plan usage. 3. Recharge only through official channels.,Low,P4,"English dataset row; retained from the finalized 1,500-record ScamShield dataset."
G1127,Your Airtel data plan has 1.2 GB remaining and is valid until 30 September. Please keep this for your records.,genuine,telecom_genuine,en,Research-backed synthetic,synthetic_research_backed,normal telecom usage notice,Check usage in the official telecom app if needed.,1. Open the official provider app. 2. Review plan usage. 3. Recharge only through official channels.,Low,P4,"English dataset row; retained from the finalized 1,500-record ScamShield dataset."
S1128,Our crypto trading bot guarantees 10% profit every day. Deposit ₹999 now to join.,scam,crypto_investment,en,Research-backed synthetic,synthetic_research_backed,"guaranteed returns, crypto solicitation, deposit request",Do not transfer money based on guaranteed-profit claims.,1. Do not transfer money based on guaranteed-profit claims. 2. Verify independently using the official service/authority. 3. Preserve evidence. 4. Report suspected cyber fraud.,Critical,P1,"English dataset row; retained from the finalized 1,500-record ScamShield dataset."
S1129,Exclusive offer from a social-media ad: deposit ₹999 and get guaranteed returns within 24 hours.,scam,fake_social_media_ad,en,Research-backed synthetic,synthetic_research_backed,"social-media advertisement, guaranteed return, deposit request",Do not transfer money from an unverified advertisement.,1. Do not transfer money from an unverified advertisement. 2. Verify independently using the official service/authority. 3. Preserve evidence. 4. Report suspected cyber fraud.,Critical,P1,"English dataset row; retained from the finalized 1,500-record ScamShield dataset."
G1130,Your electricity bill of Rs 2499 is due on 5 October. Please pay through the official utility portal. Please keep this for your records.,genuine,utility_genuine,en,Research-backed synthetic,synthetic_research_backed,normal utility bill reminder,Use the official utility website/app.,1. Verify the bill in the official portal. 2. Check the due date and amount. 3. Pay only through the official channel.,Low,P4,"English dataset row; retained from the finalized 1,500-record ScamShield dataset."
S1131,You have been selected for a work-from-home ML Intern paying Rs 2499 per day. Pay Rs 999 as registration before joining.,scam,job_scam,en,Research-backed synthetic,synthetic_research_backed,"unrealistic earnings, upfront fee, unsolicited job",Do not pay the registration fee.,1. Do not pay. 2. Verify the employer independently. 3. Do not share identity/banking documents. 4. Block and report the sender.,High,P1,"English dataset row; retained from the finalized 1,500-record ScamShield dataset."
G1132,Rs 799 was spent at Spotify using your mobile banking. Thank you.,genuine,transaction,en,Research-backed synthetic,synthetic_research_backed,normal transaction notification,Verify the transaction in the official banking/payment app.,1. Open the official banking app. 2. Confirm the transaction. 3. Contact the bank only if it is unrecognized.,Low,P4,"English dataset row; retained from the finalized 1,500-record ScamShield dataset."
S1133,Your parcel is held because of a Rs 299 customs/redelivery charge. Pay at http://account-check.invalid within 2 hours. Immediate action required.,scam,delivery,en,Research-backed synthetic,synthetic_research_backed,"delivery impersonation, small fee, urgency, suspicious URL",Do not pay through the provided link.,1. Do not open the link. 2. Check the order on the official retailer/carrier site. 3. Verify any fee there. 4. Report the SMS.,High,P1,"English dataset row; retained from the finalized 1,500-record ScamShield dataset."
S1134,You have been selected for a work-from-home ML Intern paying Rs 199 per day. Pay Rs 199 as registration before joining. Immediate action required.,scam,job_scam,en,Research-backed synthetic,synthetic_research_backed,"unrealistic earnings, upfront fee, unsolicited job",Do not pay the registration fee.,1. Do not pay. 2. Verify the employer independently. 3. Do not share identity/banking documents. 4. Block and report the sender.,High,P1,"English dataset row; retained from the finalized 1,500-record ScamShield dataset."
S1135,"Hi, I lost my phone and need you to urgently transfer Rs 249 to this new account. Please don't call. Immediate action required.",scam,impersonation,en,Research-backed synthetic,synthetic_research_backed,"impersonation, money request, urgency, discouraging verification",Verify the person's identity through an independent channel before any payment.,1. Do not transfer money. 2. Call the person using a known number. 3. Confirm the request independently. 4. Report if fraudulent.,High,P1,"English dataset row; retained from the finalized 1,500-record ScamShield dataset."
S1136,Our AI trading group guarantees 20% daily profit. Deposit Rs 1299 today to activate your account. Act now.,scam,investment_scam,en,Research-backed synthetic,synthetic_research_backed,"guaranteed returns, investment pressure, deposit request",Do not transfer money based on the message.,1. Do not deposit funds. 2. Verify the company independently. 3. Check regulatory status where applicable. 4. Report the solicitation.,Critical,P1,"English dataset row; retained from the finalized 1,500-record ScamShield dataset."
G1137,The Cybersecurity assignment deadline is 10 October. Please submit it through the student portal. Thank you.,genuine,education,en,Research-backed synthetic,synthetic_research_backed,normal educational announcement,Use the official student portal.,1. Check the assignment details. 2. Prepare the submission. 3. Upload through the official portal before the deadline.,Low,P4,"English dataset row; retained from the finalized 1,500-record ScamShield dataset."
G1138,"Hi Aarav, are we still meeting at main gate around 2:00 PM today? — Customer Notification.",genuine,personal,en,Research-backed synthetic,synthetic_research_backed,ordinary personal communication,Reply through the normal conversation channel.,1. Check your plans. 2. Reply to the sender. 3. Do not take any financial action based only on this message.,Low,P4,"English dataset row; retained from the finalized 1,500-record ScamShield dataset."
G1139,The department has published the timetable for the end-term examination. — Customer Notification.,genuine,education,en,Research-backed synthetic,synthetic_research_backed,normal educational announcement,Check the official college/university portal.,1. Open the official portal. 2. Confirm the timetable. 3. Note the exam date and time.,Low,P4,"English dataset row; retained from the finalized 1,500-record ScamShield dataset."
S1140,You have been selected for a work-from-home ML Intern paying Rs 199 per day. Pay Rs 999 as registration before joining. Act now.,scam,job_scam,en,Research-backed synthetic,synthetic_research_backed,"unrealistic earnings, upfront fee, unsolicited job",Do not pay the registration fee.,1. Do not pay. 2. Verify the employer independently. 3. Do not share identity/banking documents. 4. Block and report the sender.,High,P1,"English dataset row; retained from the finalized 1,500-record ScamShield dataset."
G1141,Your verification code for Paytm is A-739214. Do not share it with anyone. — Customer Notification.,genuine,otp,en,Research-backed synthetic,synthetic_research_backed,legitimate verification-code notice,Use the code only in the login/verification flow you initiated.,"1. Use the code only on the official service. 2. Never forward the code. 3. If you did not request it, ignore it and review account security.",Low,P4,"English dataset row; retained from the finalized 1,500-record ScamShield dataset."
S1142,A refund of Rs 249 is waiting for you. Share your card number and OTP so we can process it immediately. Do not ignore this message.,scam,refund_scam,en,Research-backed synthetic,synthetic_research_backed,"refund pretext, card-data request, OTP request",Do not share card or OTP details.,1. Do not share credentials. 2. Check refunds in the official merchant app. 3. Contact official support. 4. Report the sender.,Critical,P1,"English dataset row; retained from the finalized 1,500-record ScamShield dataset."
G1143,Your Amazon Logistics order #402-1937460 has shipped and is expected to arrive on 30 September.,genuine,delivery,en,Research-backed synthetic,synthetic_research_backed,normal delivery update,Track through the official retailer/carrier app if needed.,1. Open the official app if tracking is required. 2. Check the order number. 3. No payment is required unless shown in the official order flow.,Low,P4,"English dataset row; retained from the finalized 1,500-record ScamShield dataset."
S1144,I trust you completely. I can show you a special crypto investment platform. Send ₹10000 and we will grow it together.,scam,matrimonial_investment,en,Research-backed synthetic,synthetic_research_backed,"romance grooming, investment pitch, money request",Do not send money to an online romantic contact.,1. Do not send money to an online romantic contact. 2. Verify independently using the official service/authority. 3. Preserve evidence. 4. Report suspected cyber fraud.,Critical,P1,"English dataset row; retained from the finalized 1,500-record ScamShield dataset."
S1145,Please donate Rs 2499 for an emergency relief campaign. Transfer to this personal UPI ID today. Do not ignore this message.,scam,charity_scam,en,Research-backed synthetic,synthetic_research_backed,"emotional appeal, personal payment destination, urgency",Verify the charity and donation channel independently.,1. Do not transfer to an unverified personal account. 2. Check the organization's official website. 3. Donate through verified channels. 4. Report the message.,Medium,P2,"English dataset row; retained from the finalized 1,500-record ScamShield dataset."
G1146,Your Vi data plan has 1.2 GB remaining and is valid until 2 October. Please keep this for your records.,genuine,telecom_genuine,en,Research-backed synthetic,synthetic_research_backed,normal telecom usage notice,Check usage in the official telecom app if needed.,1. Open the official provider app. 2. Review plan usage. 3. Recharge only through official channels.,Low,P4,"English dataset row; retained from the finalized 1,500-record ScamShield dataset."
G1147,Reminder from Apollo Clinic: your lab appointment is booked for 10 October at 2:00 PM. Thank you.,genuine,healthcare,en,Research-backed synthetic,synthetic_research_backed,normal healthcare reminder,Use the clinic's official contact details for changes.,1. Verify the appointment in the clinic system. 2. Add it to your calendar. 3. Contact the clinic through its official number if needed.,Low,P4,"English dataset row; retained from the finalized 1,500-record ScamShield dataset."
G1148,Your electricity bill of Rs 1299 is due on 15 October. Please pay through the official utility portal. Thank you.,genuine,utility_genuine,en,Research-backed synthetic,synthetic_research_backed,normal utility bill reminder,Use the official utility website/app.,1. Verify the bill in the official portal. 2. Check the due date and amount. 3. Pay only through the official channel.,Low,P4,"English dataset row; retained from the finalized 1,500-record ScamShield dataset."
S1149,"Dear Customer, your PAN is not updated. Your account will be blocked today. Click to update: http://sbi-kyc-update-portal.com",scam,bank_kyc,en,User-provided reference file,user_reference,"urgency, suspicious URL, bank impersonation",Do not click link,Verify through an official channel; follow the expected action above.,High,P1,"English dataset row; retained from the finalized 1,500-record ScamShield dataset."
G1150,Can you bring the charger when you come to office? — Customer Notification.,genuine,personal,en,Research-backed synthetic,synthetic_research_backed,ordinary personal communication,Reply normally if the request is expected.,1. Confirm the context. 2. Reply normally. 3. Ignore if the sender is unknown.,Low,P4,"English dataset row; retained from the finalized 1,500-record ScamShield dataset."
G1151,Your electricity bill of Rs 199 is due on 5 October. Please pay through the official utility portal. Please keep this for your records.,genuine,utility_genuine,en,Research-backed synthetic,synthetic_research_backed,normal utility bill reminder,Use the official utility website/app.,1. Verify the bill in the official portal. 2. Check the due date and amount. 3. Pay only through the official channel.,Low,P4,"English dataset row; retained from the finalized 1,500-record ScamShield dataset."
G1152,Your registration for AI workshop is confirmed. The event begins at 2:00 PM on 10 October. Thank you.,genuine,event,en,Research-backed synthetic,synthetic_research_backed,normal event confirmation,Check the registration in the official event account/email.,1. Verify registration details. 2. Save the event information. 3. Use the organizer's official contact channel for changes.,Low,P4,"English dataset row; retained from the finalized 1,500-record ScamShield dataset."
S1153,Your Instagram account has been locked. Verify your identity now at http://secure-update.invalid to avoid permanent closure.,scam,phishing,en,Research-backed synthetic,synthetic_research_backed,"account threat, urgency, suspicious URL, credential harvesting",Do not click the link.,1. Do not open the URL. 2. Visit the service by typing its official address. 3. Change credentials if exposed. 4. Report the message.,High,P1,"English dataset row; retained from the finalized 1,500-record ScamShield dataset."
S1154,Your insurance policy bonus is ready. Pay Rs 1499 service charges and send your Aadhaar and bank details to receive it. Act now.,scam,insurance_scam,en,Research-backed synthetic,synthetic_research_backed,"unexpected bonus, advance fee, identity-data request",Do not pay or send identity/bank documents.,1. Do not pay. 2. Contact the insurer through the official website/number. 3. Do not send identity documents. 4. Report the message.,High,P1,"English dataset row; retained from the finalized 1,500-record ScamShield dataset."
G1155,Your Netflix payment of ₹499 was processed successfully.,genuine,transaction,en,Research-backed synthetic,synthetic_research_backed,normal transaction notification,Verify in the official app.,1. Verify in the official app. 2. Verify the message in the official app/portal if needed. 3. Do not share sensitive information unnecessarily.,Low,P4,"English dataset row; retained from the finalized 1,500-record ScamShield dataset."
S1156,Premium apartment available at a very low rent. Send a refundable booking deposit of Rs 1499 before viewing. Do not ignore this message.,scam,rental_scam,en,Research-backed synthetic,synthetic_research_backed,"unusually low price, advance deposit, no viewing",Do not pay a deposit before independently verifying the property and owner.,1. Do not transfer the deposit. 2. Verify ownership/listing independently. 3. Inspect the property. 4. Report suspicious listings.,High,P2,"English dataset row; retained from the finalized 1,500-record ScamShield dataset."
S1157,"Hi, I lost my phone and need you to urgently transfer Rs 799 to this new account. Please don't call. Act now.",scam,impersonation,en,Research-backed synthetic,synthetic_research_backed,"impersonation, money request, urgency, discouraging verification",Verify the person's identity through an independent channel before any payment.,1. Do not transfer money. 2. Call the person using a known number. 3. Confirm the request independently. 4. Report if fraudulent.,High,P1,"English dataset row; retained from the finalized 1,500-record ScamShield dataset."
G1158,Your application for the Java Backend Developer position has moved to the next stage. Please check the company careers portal. Please keep this for your records.,genuine,job_genuine,en,Research-backed synthetic,synthetic_research_backed,normal recruitment communication,Access the known company careers portal directly.,1. Open the company website manually. 2. Check application status. 3. Follow the official recruitment process.,Low,P4,"English dataset row; retained from the finalized 1,500-record ScamShield dataset."
S1159,I need urgent financial help for a family emergency. Please send Rs 499 today and I will return it next week.,scam,romance_scam,en,Research-backed synthetic,synthetic_research_backed,"emotional pressure, urgent money request, unverifiable emergency",Verify the person's identity and situation independently before sending money.,1. Do not transfer money immediately. 2. Verify identity using another channel. 3. Discuss with someone you trust. 4. Report if fraudulent.,High,P2,"English dataset row; retained from the finalized 1,500-record ScamShield dataset."
S1160,You have been selected for a work-from-home Java Backend Developer paying Rs 199 per day. Pay Rs 999 as registration before joining. Immediate action required.,scam,job_scam,en,Research-backed synthetic,synthetic_research_backed,"unrealistic earnings, upfront fee, unsolicited job",Do not pay the registration fee.,1. Do not pay. 2. Verify the employer independently. 3. Do not share identity/banking documents. 4. Block and report the sender.,High,P1,"English dataset row; retained from the finalized 1,500-record ScamShield dataset."
G1161,The Cloud Computing assignment deadline is 15 October. Please submit it through the student portal. — Customer Notification.,genuine,education,en,Research-backed synthetic,synthetic_research_backed,normal educational announcement,Use the official student portal.,1. Check the assignment details. 2. Prepare the submission. 3. Upload through the official portal before the deadline.,Low,P4,"English dataset row; retained from the finalized 1,500-record ScamShield dataset."
G1162,Your monthly investment statement for retirement fund is available in your official account. Thank you.,genuine,finance_genuine,en,Research-backed synthetic,synthetic_research_backed,normal financial statement,Review it through the official investment platform.,1. Sign in directly to the known platform. 2. Review the statement. 3. Contact the provider through official channels for discrepancies.,Low,P4,"English dataset row; retained from the finalized 1,500-record ScamShield dataset."
S1163,Congratulations! Your instant loan of Rs 1299 is approved. Pay Rs 999 processing charges to release the funds. Act now.,scam,loan_scam,en,Research-backed synthetic,synthetic_research_backed,"unsolicited loan, advance fee, pressure",Do not pay the fee.,1. Do not pay upfront charges. 2. Verify the lender independently. 3. Avoid sharing banking credentials. 4. Report the message.,High,P1,"English dataset row; retained from the finalized 1,500-record ScamShield dataset."
G1164,Your Vi data plan has 5 GB remaining and is valid until 2 October. — Customer Notification.,genuine,telecom_genuine,en,Research-backed synthetic,synthetic_research_backed,normal telecom usage notice,Check usage in the official telecom app if needed.,1. Open the official provider app. 2. Review plan usage. 3. Recharge only through official channels.,Low,P4,"English dataset row; retained from the finalized 1,500-record ScamShield dataset."
G1165,Your Jio data plan has 800 MB remaining and is valid until 15 October. — Customer Notification.,genuine,telecom_genuine,en,Research-backed synthetic,synthetic_research_backed,normal telecom usage notice,Check usage in the official telecom app if needed.,1. Open the official provider app. 2. Review plan usage. 3. Recharge only through official channels.,Low,P4,"English dataset row; retained from the finalized 1,500-record ScamShield dataset."
S1166,Premium apartment available at a very low rent. Send a refundable booking deposit of Rs 199 before viewing. Do not ignore this message.,scam,rental_scam,en,Research-backed synthetic,synthetic_research_backed,"unusually low price, advance deposit, no viewing",Do not pay a deposit before independently verifying the property and owner.,1. Do not transfer the deposit. 2. Verify ownership/listing independently. 3. Inspect the property. 4. Report suspicious listings.,High,P2,"English dataset row; retained from the finalized 1,500-record ScamShield dataset."
G1167,Can you bring the book when you come to computer lab?,genuine,personal,en,Research-backed synthetic,synthetic_research_backed,ordinary personal communication,Reply normally if the request is expected.,1. Confirm the context. 2. Reply normally. 3. Ignore if the sender is unknown.,Low,P4,"English dataset row; retained from the finalized 1,500-record ScamShield dataset."
G1168,"Hi Kiran, are we still meeting at office around 9:30 AM today? Please keep this for your records.",genuine,personal,en,Research-backed synthetic,synthetic_research_backed,ordinary personal communication,Reply through the normal conversation channel.,1. Check your plans. 2. Reply to the sender. 3. Do not take any financial action based only on this message.,Low,P4,"English dataset row; retained from the finalized 1,500-record ScamShield dataset."
G1169,Your BSNL data plan has 5 GB remaining and is valid until 30 September. — Customer Notification.,genuine,telecom_genuine,en,Research-backed synthetic,synthetic_research_backed,normal telecom usage notice,Check usage in the official telecom app if needed.,1. Open the official provider app. 2. Review plan usage. 3. Recharge only through official channels.,Low,P4,"English dataset row; retained from the finalized 1,500-record ScamShield dataset."
G1170,याद दिलाया जाता है कि आपकी doctor consultation 2 October को 9:30 AM बजे है। Please keep this for your records.,genuine,appointment,en,Research-backed synthetic,synthetic_research_backed,normal appointment reminder,Use the official provider channel for confirmation or changes.,1. समय जांचें। 2. कैलेंडर में सेव करें। 3. बदलाव के लिए आधिकारिक नंबर/पोर्टल इस्तेमाल करें।,Low,P4,"English dataset row; retained from the finalized 1,500-record ScamShield dataset."
S1171,You have been selected for a work-from-home Java Backend Developer paying Rs 499 per day. Pay Rs 199 as registration before joining. Immediate action required.,scam,job_scam,en,Research-backed synthetic,synthetic_research_backed,"unrealistic earnings, upfront fee, unsolicited job",Do not pay the registration fee.,1. Do not pay. 2. Verify the employer independently. 3. Do not share identity/banking documents. 4. Block and report the sender.,High,P1,"English dataset row; retained from the finalized 1,500-record ScamShield dataset."
G1172,Your order #403-5820147 from BookMyShow has been confirmed for delivery. Please keep this for your records.,genuine,ecommerce,en,Research-backed synthetic,synthetic_research_backed,normal ecommerce order confirmation,Check order status in the official store account.,1. Open the official shopping app/site. 2. Verify the order. 3. Contact official support for changes.,Low,P4,"English dataset row; retained from the finalized 1,500-record ScamShield dataset."
S1173,Your parcel is held because of a Rs 299 customs/redelivery charge. Pay at http://secure-update.invalid within 2 hours.,scam,delivery,en,Research-backed synthetic,synthetic_research_backed,"delivery impersonation, small fee, urgency, suspicious URL",Do not pay through the provided link.,1. Do not open the link. 2. Check the order on the official retailer/carrier site. 3. Verify any fee there. 4. Report the SMS.,High,P1,"English dataset row; retained from the finalized 1,500-record ScamShield dataset."
G1174,Microsoft verification code M-562901 है। इसे किसी के साथ साझा न करें। Please keep this for your records.,genuine,otp,en,Research-backed synthetic,synthetic_research_backed,legitimate verification-code notice,Use only for the verification you initiated.,1. कोड केवल आधिकारिक स्क्रीन पर दर्ज करें। 2. किसी को न बताएं। 3. अनचाहा कोड हो तो पासवर्ड/सुरक्षा जांचें।,Low,P4,"English dataset row; retained from the finalized 1,500-record ScamShield dataset."
G1175,Your monthly investment statement for retirement fund is available in your official account. — Customer Notification.,genuine,finance_genuine,en,Research-backed synthetic,synthetic_research_backed,normal financial statement,Review it through the official investment platform.,1. Sign in directly to the known platform. 2. Review the statement. 3. Contact the provider through official channels for discrepancies.,Low,P4,"English dataset row; retained from the finalized 1,500-record ScamShield dataset."
S1176,I am calling from Telecom Dept. Your SIM will be blocked in 2 hours as it is used for illegal activities.,scam,telecom_threat,en,User-provided reference file,user_reference,"government impersonation, urgency",Disconnect call,Verify through an official channel; follow the expected action above.,High,P1,"English dataset row; retained from the finalized 1,500-record ScamShield dataset."
S1177,Premium apartment available at a very low rent. Send a refundable booking deposit of Rs 499 before viewing. Do not ignore this message.,scam,rental_scam,en,Research-backed synthetic,synthetic_research_backed,"unusually low price, advance deposit, no viewing",Do not pay a deposit before independently verifying the property and owner.,1. Do not transfer the deposit. 2. Verify ownership/listing independently. 3. Inspect the property. 4. Report suspicious listings.,High,P2,"English dataset row; retained from the finalized 1,500-record ScamShield dataset."
S1178,Your WhatsApp account has been locked. Verify your identity now at http://account-check.invalid to avoid permanent closure.,scam,phishing,en,Research-backed synthetic,synthetic_research_backed,"account threat, urgency, suspicious URL, credential harvesting",Do not click the link.,1. Do not open the URL. 2. Visit the service by typing its official address. 3. Change credentials if exposed. 4. Report the message.,High,P1,"English dataset row; retained from the finalized 1,500-record ScamShield dataset."
G1179,Your registration for placement orientation is confirmed. The event begins at 2:00 PM on 5 October. — Customer Notification.,genuine,event,en,Research-backed synthetic,synthetic_research_backed,normal event confirmation,Check the registration in the official event account/email.,1. Verify registration details. 2. Save the event information. 3. Use the organizer's official contact channel for changes.,Low,P4,"English dataset row; retained from the finalized 1,500-record ScamShield dataset."
S1180,Your insurance policy bonus is ready. Pay Rs 499 service charges and send your Aadhaar and bank details to receive it. Immediate action required.,scam,insurance_scam,en,Research-backed synthetic,synthetic_research_backed,"unexpected bonus, advance fee, identity-data request",Do not pay or send identity/bank documents.,1. Do not pay. 2. Contact the insurer through the official website/number. 3. Do not send identity documents. 4. Report the message.,High,P1,"English dataset row; retained from the finalized 1,500-record ScamShield dataset."
S1181,Congratulations! You won Rs 249 in a lucky draw. Pay Rs 199 tax/processing charges to claim your prize. Act now.,scam,lottery,en,Research-backed synthetic,synthetic_research_backed,"unexpected prize, upfront payment, lottery claim",Do not pay the fee.,1. Do not send money. 2. Do not share financial details. 3. Block the sender. 4. Report the message.,High,P1,"English dataset row; retained from the finalized 1,500-record ScamShield dataset."
S1182,You have been selected for a work-from-home Java Backend Developer paying Rs 2499 per day. Pay Rs 499 as registration before joining.,scam,job_scam,en,Research-backed synthetic,synthetic_research_backed,"unrealistic earnings, upfront fee, unsolicited job",Do not pay the registration fee.,1. Do not pay. 2. Verify the employer independently. 3. Do not share identity/banking documents. 4. Block and report the sender.,High,P1,"English dataset row; retained from the finalized 1,500-record ScamShield dataset."
S1183,A refund of Rs 499 is waiting for you. Share your card number and OTP so we can process it immediately. Do not ignore this message.,scam,refund_scam,en,Research-backed synthetic,synthetic_research_backed,"refund pretext, card-data request, OTP request",Do not share card or OTP details.,1. Do not share credentials. 2. Check refunds in the official merchant app. 3. Contact official support. 4. Report the sender.,Critical,P1,"English dataset row; retained from the finalized 1,500-record ScamShield dataset."
S1184,I need urgent financial help for a family emergency. Please send Rs 799 today and I will return it next week.,scam,romance_scam,en,Research-backed synthetic,synthetic_research_backed,"emotional pressure, urgent money request, unverifiable emergency",Verify the person's identity and situation independently before sending money.,1. Do not transfer money immediately. 2. Verify identity using another channel. 3. Discuss with someone you trust. 4. Report if fraudulent.,High,P2,"English dataset row; retained from the finalized 1,500-record ScamShield dataset."
S1185,"Hi, I lost my phone and need you to urgently transfer Rs 2499 to this new account. Please don't call.",scam,impersonation,en,Research-backed synthetic,synthetic_research_backed,"impersonation, money request, urgency, discouraging verification",Verify the person's identity through an independent channel before any payment.,1. Do not transfer money. 2. Call the person using a known number. 3. Confirm the request independently. 4. Report if fraudulent.,High,P1,"English dataset row; retained from the finalized 1,500-record ScamShield dataset."
G1186,Delivery update: India Post will attempt delivery of order #403-5820147 today. Thank you.,genuine,delivery,en,Research-backed synthetic,synthetic_research_backed,normal delivery update,Use the official tracking page or app.,1. Check official tracking. 2. Keep the delivery address accessible. 3. Contact the retailer through official support if there is a problem.,Low,P4,"English dataset row; retained from the finalized 1,500-record ScamShield dataset."
S1187,Our AI trading group guarantees 30% daily profit. Deposit Rs 4999 today to activate your account.,scam,investment_scam,en,Research-backed synthetic,synthetic_research_backed,"guaranteed returns, investment pressure, deposit request",Do not transfer money based on the message.,1. Do not deposit funds. 2. Verify the company independently. 3. Check regulatory status where applicable. 4. Report the solicitation.,Critical,P1,"English dataset row; retained from the finalized 1,500-record ScamShield dataset."
S1188,Your SIM upgrade request is pending. Send the OTP to confirm ownership or your number will be disconnected.,scam,sim_swap,en,Research-backed synthetic,synthetic_research_backed,"SIM-swap pretext, OTP request, threat",Do not share the OTP; contact your telecom provider directly.,1. Do not share the OTP; contact your telecom provider directly. 2. Verify independently using the official service/authority. 3. Preserve evidence. 4. Report suspected cyber fraud.,Critical,P1,"English dataset row; retained from the finalized 1,500-record ScamShield dataset."
S1189,Please donate Rs 499 for an emergency relief campaign. Transfer to this personal UPI ID today. Do not ignore this message.,scam,charity_scam,en,Research-backed synthetic,synthetic_research_backed,"emotional appeal, personal payment destination, urgency",Verify the charity and donation channel independently.,1. Do not transfer to an unverified personal account. 2. Check the organization's official website. 3. Donate through verified channels. 4. Report the message.,Medium,P2,"English dataset row; retained from the finalized 1,500-record ScamShield dataset."
S1190,Your Microsoft account has been locked. Verify your identity now at http://secure-update.invalid to avoid permanent closure. Act now.,scam,phishing,en,Research-backed synthetic,synthetic_research_backed,"account threat, urgency, suspicious URL, credential harvesting",Do not click the link.,1. Do not open the URL. 2. Visit the service by typing its official address. 3. Change credentials if exposed. 4. Report the message.,High,P1,"English dataset row; retained from the finalized 1,500-record ScamShield dataset."
G1191,Reminder: your appointment is scheduled for 10 October at 10:00 AM.,genuine,appointment,en,Research-backed synthetic,synthetic_research_backed,normal appointment reminder,Confirm through the official provider if needed.,1. Confirm through the official provider if needed. 2. Verify the message in the official app/portal if needed. 3. Do not share sensitive information unnecessarily.,Low,P4,"English dataset row; retained from the finalized 1,500-record ScamShield dataset."
S1192,Our crypto trading bot guarantees 20% profit every day. Deposit ₹10000 now to join.,scam,crypto_investment,en,Research-backed synthetic,synthetic_research_backed,"guaranteed returns, crypto solicitation, deposit request",Do not transfer money based on guaranteed-profit claims.,1. Do not transfer money based on guaranteed-profit claims. 2. Verify independently using the official service/authority. 3. Preserve evidence. 4. Report suspected cyber fraud.,Critical,P1,"English dataset row; retained from the finalized 1,500-record ScamShield dataset."
G1193,Your registration for AI workshop is confirmed. The event begins at 4:30 PM on 20 October.,genuine,event,en,Research-backed synthetic,synthetic_research_backed,normal event confirmation,Check the registration in the official event account/email.,1. Verify registration details. 2. Save the event information. 3. Use the organizer's official contact channel for changes.,Low,P4,"English dataset row; retained from the finalized 1,500-record ScamShield dataset."
G1194,Your support ticket REQ-51942 has been updated. Please sign in to the official support portal to view the response. — Customer Notification.,genuine,support_genuine,en,Research-backed synthetic,synthetic_research_backed,normal support-ticket notification,Open the known support portal directly.,1. Open the official support portal manually. 2. Search for the ticket number. 3. Review the response there.,Low,P4,"English dataset row; retained from the finalized 1,500-record ScamShield dataset."
G1195,Reminder from local health clinic: your career counseling session is booked for 20 October at 4:30 PM. Please keep this for your records.,genuine,healthcare,en,Research-backed synthetic,synthetic_research_backed,normal healthcare reminder,Use the clinic's official contact details for changes.,1. Verify the appointment in the clinic system. 2. Add it to your calendar. 3. Contact the clinic through its official number if needed.,Low,P4,"English dataset row; retained from the finalized 1,500-record ScamShield dataset."
S1196,You have been selected for a work-from-home ML Intern paying Rs 2499 per day. Pay Rs 299 as registration before joining. Act now.,scam,job_scam,en,Research-backed synthetic,synthetic_research_backed,"unrealistic earnings, upfront fee, unsolicited job",Do not pay the registration fee.,1. Do not pay. 2. Verify the employer independently. 3. Do not share identity/banking documents. 4. Block and report the sender.,High,P1,"English dataset row; retained from the finalized 1,500-record ScamShield dataset."
S1197,Your Instagram account has been locked. Verify your identity now at http://account-check.invalid to avoid permanent closure. Do not ignore this message.,scam,phishing,en,Research-backed synthetic,synthetic_research_backed,"account threat, urgency, suspicious URL, credential harvesting",Do not click the link.,1. Do not open the URL. 2. Visit the service by typing its official address. 3. Change credentials if exposed. 4. Report the message.,High,P1,"English dataset row; retained from the finalized 1,500-record ScamShield dataset."
S1198,Congratulations! You won Rs 499 in a lucky draw. Pay Rs 1499 tax/processing charges to claim your prize. Do not ignore this message.,scam,lottery,en,Research-backed synthetic,synthetic_research_backed,"unexpected prize, upfront payment, lottery claim",Do not pay the fee.,1. Do not send money. 2. Do not share financial details. 3. Block the sender. 4. Report the message.,High,P1,"English dataset row; retained from the finalized 1,500-record ScamShield dataset."
S1199,I need urgent financial help for a family emergency. Please send Rs 2499 today and I will return it next week. Immediate action required.,scam,romance_scam,en,Research-backed synthetic,synthetic_research_backed,"emotional pressure, urgent money request, unverifiable emergency",Verify the person's identity and situation independently before sending money.,1. Do not transfer money immediately. 2. Verify identity using another channel. 3. Discuss with someone you trust. 4. Report if fraudulent.,High,P2,"English dataset row; retained from the finalized 1,500-record ScamShield dataset."
G1200,The department seminar on Data Analytics will be held on 15 October in sample-venue. Thank you.,genuine,college_announcement,en,Research-backed synthetic,synthetic_research_backed,normal institutional announcement,Check the official college communication channel for details.,1. Verify the announcement in the official portal/email. 2. Note the venue and time. 3. Attend if relevant.,Low,P4,"English dataset row; retained from the finalized 1,500-record ScamShield dataset."
S1201,Congratulations! Your instant loan of Rs 499 is approved. Pay Rs 1499 processing charges to release the funds. Do not ignore this message.,scam,loan_scam,en,Research-backed synthetic,synthetic_research_backed,"unsolicited loan, advance fee, pressure",Do not pay the fee.,1. Do not pay upfront charges. 2. Verify the lender independently. 3. Avoid sharing banking credentials. 4. Report the message.,High,P1,"English dataset row; retained from the finalized 1,500-record ScamShield dataset."
S1202,Congratulations! You won Rs 499 in a lucky draw. Pay Rs 299 tax/processing charges to claim your prize.,scam,lottery,en,Research-backed synthetic,synthetic_research_backed,"unexpected prize, upfront payment, lottery claim",Do not pay the fee.,1. Do not send money. 2. Do not share financial details. 3. Block the sender. 4. Report the message.,High,P1,"English dataset row; retained from the finalized 1,500-record ScamShield dataset."
G1203,Your Spotify payment of Rs 499 was processed successfully. Thank you.,genuine,transaction,en,Research-backed synthetic,synthetic_research_backed,normal transaction notification,Verify the transaction in the official app or bank statement.,1. Check the transaction in the official app. 2. Confirm the amount and merchant. 3. Keep the receipt if needed.,Low,P4,"English dataset row; retained from the finalized 1,500-record ScamShield dataset."
G1204,Can you bring the ID card when you come to library? Please keep this for your records.,genuine,personal,en,Research-backed synthetic,synthetic_research_backed,ordinary personal communication,Reply normally if the request is expected.,1. Confirm the context. 2. Reply normally. 3. Ignore if the sender is unknown.,Low,P4,"English dataset row; retained from the finalized 1,500-record ScamShield dataset."
S1205,Your Instagram account has been locked. Verify your identity now at https://example.invalid/verify to avoid permanent closure. Do not ignore this message.,scam,phishing,en,Research-backed synthetic,synthetic_research_backed,"account threat, urgency, suspicious URL, credential harvesting",Do not click the link.,1. Do not open the URL. 2. Visit the service by typing its official address. 3. Change credentials if exposed. 4. Report the message.,High,P1,"English dataset row; retained from the finalized 1,500-record ScamShield dataset."
G1206,Delivery update: Amazon Logistics will attempt delivery of order #403-5820147 today.,genuine,delivery,en,Research-backed synthetic,synthetic_research_backed,normal delivery update,Use the official tracking page or app.,1. Check official tracking. 2. Keep the delivery address accessible. 3. Contact the retailer through official support if there is a problem.,Low,P4,"English dataset row; retained from the finalized 1,500-record ScamShield dataset."
G1207,Reminder: your lab appointment is scheduled for 20 October at 10:00 AM.,genuine,appointment,en,Research-backed synthetic,synthetic_research_backed,normal appointment reminder,Confirm or reschedule through the official provider if necessary.,1. Check the appointment details. 2. Add it to your calendar. 3. Use the provider's official contact channel for changes.,Low,P4,"English dataset row; retained from the finalized 1,500-record ScamShield dataset."
S1208,Our crypto trading bot guarantees 30% profit every day. Deposit ₹25000 now to join.,scam,crypto_investment,en,Research-backed synthetic,synthetic_research_backed,"guaranteed returns, crypto solicitation, deposit request",Do not transfer money based on guaranteed-profit claims.,1. Do not transfer money based on guaranteed-profit claims. 2. Verify independently using the official service/authority. 3. Preserve evidence. 4. Report suspected cyber fraud.,Critical,P1,"English dataset row; retained from the finalized 1,500-record ScamShield dataset."
G1209,Reminder: your appointment is scheduled for 30 September at 9:30 AM.,genuine,appointment,en,Research-backed synthetic,synthetic_research_backed,normal appointment reminder,Confirm through the official provider if needed.,1. Confirm through the official provider if needed. 2. Verify the message in the official app/portal if needed. 3. Do not share sensitive information unnecessarily.,Low,P4,"English dataset row; retained from the finalized 1,500-record ScamShield dataset."
S1210,We detected an issue with your Microsoft account. Call +91 9XXXX XXXXX and provide your card details for verification. Immediate action required.,scam,customer_support,en,Research-backed synthetic,synthetic_research_backed,"fake support, request for financial data, unsolicited contact",Do not provide card or account details.,1. Do not call the supplied number. 2. Use official support channels. 3. Do not share card/OTP details. 4. Block the sender.,Critical,P1,"English dataset row; retained from the finalized 1,500-record ScamShield dataset."
S1211,Security alert: your account will be suspended unless you send the OTP M-562901 to our support agent immediately. Do not ignore this message.,scam,otp,en,Research-backed synthetic,synthetic_research_backed,"OTP request, urgency, account-threat language",Do not share the OTP.,1. Do not share the OTP. 2. End the conversation. 3. Review account security in the official app. 4. Report the sender.,Critical,P1,"English dataset row; retained from the finalized 1,500-record ScamShield dataset."
S1212,Your parcel is held because of a Rs 499 customs/redelivery charge. Pay at http://secure-update.invalid within 2 hours. Act now.,scam,delivery,en,Research-backed synthetic,synthetic_research_backed,"delivery impersonation, small fee, urgency, suspicious URL",Do not pay through the provided link.,1. Do not open the link. 2. Check the order on the official retailer/carrier site. 3. Verify any fee there. 4. Report the SMS.,High,P1,"English dataset row; retained from the finalized 1,500-record ScamShield dataset."
S1213,Congratulations! You won Rs 499 in a lucky draw. Pay Rs 999 tax/processing charges to claim your prize. Immediate action required.,scam,lottery,en,Research-backed synthetic,synthetic_research_backed,"unexpected prize, upfront payment, lottery claim",Do not pay the fee.,1. Do not send money. 2. Do not share financial details. 3. Block the sender. 4. Report the message.,High,P1,"English dataset row; retained from the finalized 1,500-record ScamShield dataset."
S1214,Urgent: your SBI account will be blocked today because PAN/KYC is incomplete. Click http://secure-update.invalid to update now. Do not ignore this message.,scam,bank_kyc,en,Research-backed synthetic,synthetic_research_backed,"bank impersonation, urgency, suspicious URL, KYC request",Do not click the link or share banking credentials.,1. Do not click the link. 2. Open the bank's official app/site manually. 3. Verify KYC status. 4. Report the message if fraudulent.,High,P1,"English dataset row; retained from the finalized 1,500-record ScamShield dataset."
G1215,Reminder: your lab appointment is scheduled for 15 October at 6:00 PM. Please keep this for your records.,genuine,appointment,en,Research-backed synthetic,synthetic_research_backed,normal appointment reminder,Confirm or reschedule through the official provider if necessary.,1. Check the appointment details. 2. Add it to your calendar. 3. Use the provider's official contact channel for changes.,Low,P4,"English dataset row; retained from the finalized 1,500-record ScamShield dataset."
S1216,Our AI trading group guarantees 20% daily profit. Deposit Rs 1299 today to activate your account.,scam,investment_scam,en,Research-backed synthetic,synthetic_research_backed,"guaranteed returns, investment pressure, deposit request",Do not transfer money based on the message.,1. Do not deposit funds. 2. Verify the company independently. 3. Check regulatory status where applicable. 4. Report the solicitation.,Critical,P1,"English dataset row; retained from the finalized 1,500-record ScamShield dataset."
G1217,"Hi Kiran, are we still meeting at office around 10:00 AM today? Thank you.",genuine,personal,en,Research-backed synthetic,synthetic_research_backed,ordinary personal communication,Reply through the normal conversation channel.,1. Check your plans. 2. Reply to the sender. 3. Do not take any financial action based only on this message.,Low,P4,"English dataset row; retained from the finalized 1,500-record ScamShield dataset."
G1218,Rs 799 was spent at Amazon using your credit card. Please keep this for your records.,genuine,transaction,en,Research-backed synthetic,synthetic_research_backed,normal transaction notification,Verify the transaction in the official banking/payment app.,1. Open the official banking app. 2. Confirm the transaction. 3. Contact the bank only if it is unrecognized.,Low,P4,"English dataset row; retained from the finalized 1,500-record ScamShield dataset."
S1219,Please donate Rs 499 for an emergency relief campaign. Transfer to this personal UPI ID today. Immediate action required.,scam,charity_scam,en,Research-backed synthetic,synthetic_research_backed,"emotional appeal, personal payment destination, urgency",Verify the charity and donation channel independently.,1. Do not transfer to an unverified personal account. 2. Check the organization's official website. 3. Donate through verified channels. 4. Report the message.,Medium,P2,"English dataset row; retained from the finalized 1,500-record ScamShield dataset."
G1220,Your electricity bill of Rs 1299 is due on 15 October. Please pay through the official utility portal.,genuine,utility_genuine,en,Research-backed synthetic,synthetic_research_backed,normal utility bill reminder,Use the official utility website/app.,1. Verify the bill in the official portal. 2. Check the due date and amount. 3. Pay only through the official channel.,Low,P4,"English dataset row; retained from the finalized 1,500-record ScamShield dataset."
S1221,Our AI trading group guarantees 10% daily profit. Deposit Rs 4999 today to activate your account.,scam,investment_scam,en,Research-backed synthetic,synthetic_research_backed,"guaranteed returns, investment pressure, deposit request",Do not transfer money based on the message.,1. Do not deposit funds. 2. Verify the company independently. 3. Check regulatory status where applicable. 4. Report the solicitation.,Critical,P1,"English dataset row; retained from the finalized 1,500-record ScamShield dataset."
G1222,Your Uber payment of ₹199 was processed successfully.,genuine,transaction,en,Research-backed synthetic,synthetic_research_backed,normal transaction notification,Verify in the official app.,1. Verify in the official app. 2. Verify the message in the official app/portal if needed. 3. Do not share sensitive information unnecessarily.,Low,P4,"English dataset row; retained from the finalized 1,500-record ScamShield dataset."
S1223,Congratulations! Your instant loan of Rs 4999 is approved. Pay Rs 299 processing charges to release the funds. Do not ignore this message.,scam,loan_scam,en,Research-backed synthetic,synthetic_research_backed,"unsolicited loan, advance fee, pressure",Do not pay the fee.,1. Do not pay upfront charges. 2. Verify the lender independently. 3. Avoid sharing banking credentials. 4. Report the message.,High,P1,"English dataset row; retained from the finalized 1,500-record ScamShield dataset."
G1224,Your Blue Dart order #401-8246152 has shipped and is expected to arrive on 5 October. Please keep this for your records.,genuine,delivery,en,Research-backed synthetic,synthetic_research_backed,normal delivery update,Track through the official retailer/carrier app if needed.,1. Open the official app if tracking is required. 2. Check the order number. 3. No payment is required unless shown in the official order flow.,Low,P4,"English dataset row; retained from the finalized 1,500-record ScamShield dataset."
S1225,Premium apartment available at a very low rent. Send a refundable booking deposit of Rs 1499 before viewing. Immediate action required.,scam,rental_scam,en,Research-backed synthetic,synthetic_research_backed,"unusually low price, advance deposit, no viewing",Do not pay a deposit before independently verifying the property and owner.,1. Do not transfer the deposit. 2. Verify ownership/listing independently. 3. Inspect the property. 4. Report suspicious listings.,High,P2,"English dataset row; retained from the finalized 1,500-record ScamShield dataset."
S1226,Your SIM will be disconnected in 1 hours because it was used for illegal activity. Call this number immediately. Act now.,scam,telecom_threat,en,Research-backed synthetic,synthetic_research_backed,"telecom impersonation, urgency, threat, callback request",Do not call the supplied number.,1. Do not call the supplied number. 2. Check account status in the official telecom app. 3. Contact official support. 4. Report the message.,High,P1,"English dataset row; retained from the finalized 1,500-record ScamShield dataset."
G1227,Rs 499 was spent at BookMyShow using your mobile banking.,genuine,transaction,en,Research-backed synthetic,synthetic_research_backed,normal transaction notification,Verify the transaction in the official banking/payment app.,1. Open the official banking app. 2. Confirm the transaction. 3. Contact the bank only if it is unrecognized.,Low,P4,"English dataset row; retained from the finalized 1,500-record ScamShield dataset."
S1228,Your Instagram account is under review. Send your login code to this agent to restore access. Immediate action required.,scam,social_media,en,Research-backed synthetic,synthetic_research_backed,"account takeover, login-code request, impersonation",Do not share the login code.,1. Do not share the code. 2. Open the platform directly. 3. Review security settings and sessions. 4. Report the account.,Critical,P1,"English dataset row; retained from the finalized 1,500-record ScamShield dataset."
G1229,Your electricity bill of Rs 499 is due on 30 September. Please pay through the official utility portal.,genuine,utility_genuine,en,Research-backed synthetic,synthetic_research_backed,normal utility bill reminder,Use the official utility website/app.,1. Verify the bill in the official portal. 2. Check the due date and amount. 3. Pay only through the official channel.,Low,P4,"English dataset row; retained from the finalized 1,500-record ScamShield dataset."
S1230,Congratulations! You won Rs 249 in a lucky draw. Pay Rs 1499 tax/processing charges to claim your prize. Do not ignore this message.,scam,lottery,en,Research-backed synthetic,synthetic_research_backed,"unexpected prize, upfront payment, lottery claim",Do not pay the fee.,1. Do not send money. 2. Do not share financial details. 3. Block the sender. 4. Report the message.,High,P1,"English dataset row; retained from the finalized 1,500-record ScamShield dataset."
S1231,Your Paytm account has been locked. Verify your identity now at http://secure-update.invalid to avoid permanent closure. Immediate action required.,scam,phishing,en,Research-backed synthetic,synthetic_research_backed,"account threat, urgency, suspicious URL, credential harvesting",Do not click the link.,1. Do not open the URL. 2. Visit the service by typing its official address. 3. Change credentials if exposed. 4. Report the message.,High,P1,"English dataset row; retained from the finalized 1,500-record ScamShield dataset."
S1232,Your Netflix account has been locked. Verify your identity now at https://example.invalid/verify to avoid permanent closure. Act now.,scam,phishing,en,Research-backed synthetic,synthetic_research_backed,"account threat, urgency, suspicious URL, credential harvesting",Do not click the link.,1. Do not open the URL. 2. Visit the service by typing its official address. 3. Change credentials if exposed. 4. Report the message.,High,P1,"English dataset row; retained from the finalized 1,500-record ScamShield dataset."
G1233,Rs 199 was spent at BookMyShow using your UPI. Thank you.,genuine,transaction,en,Research-backed synthetic,synthetic_research_backed,normal transaction notification,Verify the transaction in the official banking/payment app.,1. Open the official banking app. 2. Confirm the transaction. 3. Contact the bank only if it is unrecognized.,Low,P4,"English dataset row; retained from the finalized 1,500-record ScamShield dataset."
G1234,Flipkart verification code Q-183640 है। इसे किसी के साथ साझा न करें।,genuine,otp,en,Research-backed synthetic,synthetic_research_backed,legitimate verification-code notice,Use only for the verification you initiated.,1. कोड केवल आधिकारिक स्क्रीन पर दर्ज करें। 2. किसी को न बताएं। 3. अनचाहा कोड हो तो पासवर्ड/सुरक्षा जांचें।,Low,P4,"English dataset row; retained from the finalized 1,500-record ScamShield dataset."
S1235,Our crypto trading bot guarantees 50% profit every day. Deposit ₹10000 now to join.,scam,crypto_investment,en,Research-backed synthetic,synthetic_research_backed,"guaranteed returns, crypto solicitation, deposit request",Do not transfer money based on guaranteed-profit claims.,1. Do not transfer money based on guaranteed-profit claims. 2. Verify independently using the official service/authority. 3. Preserve evidence. 4. Report suspected cyber fraud.,Critical,P1,"English dataset row; retained from the finalized 1,500-record ScamShield dataset."
G1236,आपके Netflix भुगतान का ₹4999 का लेनदेन सफल रहा। Please keep this for your records.,genuine,transaction,en,Research-backed synthetic,synthetic_research_backed,normal transaction notification,Verify the transaction through the official app.,1. आधिकारिक ऐप खोलें। 2. लेनदेन की राशि जांचें। 3. अनजान लेनदेन हो तो बैंक से संपर्क करें।,Low,P4,"English dataset row; retained from the finalized 1,500-record ScamShield dataset."
G1237,Reminder from local health clinic: your career counseling session is booked for 15 October at 9:30 AM. Thank you.,genuine,healthcare,en,Research-backed synthetic,synthetic_research_backed,normal healthcare reminder,Use the clinic's official contact details for changes.,1. Verify the appointment in the clinic system. 2. Add it to your calendar. 3. Contact the clinic through its official number if needed.,Low,P4,"English dataset row; retained from the finalized 1,500-record ScamShield dataset."
G1238,Amazon verification code G-481205 है। इसे किसी के साथ साझा न करें। Please keep this for your records.,genuine,otp,en,Research-backed synthetic,synthetic_research_backed,legitimate verification-code notice,Use only for the verification you initiated.,1. कोड केवल आधिकारिक स्क्रीन पर दर्ज करें। 2. किसी को न बताएं। 3. अनचाहा कोड हो तो पासवर्ड/सुरक्षा जांचें।,Low,P4,"English dataset row; retained from the finalized 1,500-record ScamShield dataset."
G1239,Your electricity bill of Rs 1299 is due on 20 October. Please pay through the official utility portal.,genuine,utility_genuine,en,Research-backed synthetic,synthetic_research_backed,normal utility bill reminder,Use the official utility website/app.,1. Verify the bill in the official portal. 2. Check the due date and amount. 3. Pay only through the official channel.,Low,P4,"English dataset row; retained from the finalized 1,500-record ScamShield dataset."
S1240,Our crypto trading bot guarantees 10% profit every day. Deposit ₹10000 now to join.,scam,crypto_investment,en,Research-backed synthetic,synthetic_research_backed,"guaranteed returns, crypto solicitation, deposit request",Do not transfer money based on guaranteed-profit claims.,1. Do not transfer money based on guaranteed-profit claims. 2. Verify independently using the official service/authority. 3. Preserve evidence. 4. Report suspected cyber fraud.,Critical,P1,"English dataset row; retained from the finalized 1,500-record ScamShield dataset."
G1241,Please review the latest MediSync build before the stand-up tomorrow. Please keep this for your records.,genuine,work,en,Research-backed synthetic,synthetic_research_backed,ordinary workplace communication,Review the work through the normal project channel.,1. Open the known project workspace. 2. Review the requested item. 3. Reply with feedback.,Low,P4,"English dataset row; retained from the finalized 1,500-record ScamShield dataset."
S1242,We detected an issue with your WhatsApp account. Call +91 9XXXX XXXXX and provide your card details for verification. Immediate action required.,scam,customer_support,en,Research-backed synthetic,synthetic_research_backed,"fake support, request for financial data, unsolicited contact",Do not provide card or account details.,1. Do not call the supplied number. 2. Use official support channels. 3. Do not share card/OTP details. 4. Block the sender.,Critical,P1,"English dataset row; retained from the finalized 1,500-record ScamShield dataset."
G1243,Your Instagram subscription renews on 30 September for Rs 199. Thank you.,genuine,subscription,en,Research-backed synthetic,synthetic_research_backed,normal subscription notice,Review the subscription in the official account settings.,1. Check the subscription details. 2. Confirm the renewal amount. 3. Cancel only through the official account if desired.,Low,P4,"English dataset row; retained from the finalized 1,500-record ScamShield dataset."
G1244,Reminder from local health clinic: your doctor consultation is booked for 5 October at 10:00 AM. — Customer Notification.,genuine,healthcare,en,Research-backed synthetic,synthetic_research_backed,normal healthcare reminder,Use the clinic's official contact details for changes.,1. Verify the appointment in the clinic system. 2. Add it to your calendar. 3. Contact the clinic through its official number if needed.,Low,P4,"English dataset row; retained from the finalized 1,500-record ScamShield dataset."
S1245,Our AI trading group guarantees 20% daily profit. Deposit Rs 2499 today to activate your account.,scam,investment_scam,en,Research-backed synthetic,synthetic_research_backed,"guaranteed returns, investment pressure, deposit request",Do not transfer money based on the message.,1. Do not deposit funds. 2. Verify the company independently. 3. Check regulatory status where applicable. 4. Report the solicitation.,Critical,P1,"English dataset row; retained from the finalized 1,500-record ScamShield dataset."
G1246,The SupportPilot API test report is ready for review. Please keep this for your records.,genuine,work,en,Research-backed synthetic,synthetic_research_backed,ordinary workplace communication,Open the report from the known work repository.,1. Verify the project context. 2. Review the report. 3. Share findings through the normal team channel.,Low,P4,"English dataset row; retained from the finalized 1,500-record ScamShield dataset."
S1247,Your insurance policy bonus is ready. Pay Rs 999 service charges and send your Aadhaar and bank details to receive it. Act now.,scam,insurance_scam,en,Research-backed synthetic,synthetic_research_backed,"unexpected bonus, advance fee, identity-data request",Do not pay or send identity/bank documents.,1. Do not pay. 2. Contact the insurer through the official website/number. 3. Do not send identity documents. 4. Report the message.,High,P1,"English dataset row; retained from the finalized 1,500-record ScamShield dataset."
G1248,Delivery update: Delhivery will attempt delivery of order #402-1937460 today.,genuine,delivery,en,Research-backed synthetic,synthetic_research_backed,normal delivery update,Use the official tracking page or app.,1. Check official tracking. 2. Keep the delivery address accessible. 3. Contact the retailer through official support if there is a problem.,Low,P4,"English dataset row; retained from the finalized 1,500-record ScamShield dataset."
S1249,Our AI trading group guarantees 10% daily profit. Deposit Rs 249 today to activate your account.,scam,investment_scam,en,Research-backed synthetic,synthetic_research_backed,"guaranteed returns, investment pressure, deposit request",Do not transfer money based on the message.,1. Do not deposit funds. 2. Verify the company independently. 3. Check regulatory status where applicable. 4. Report the solicitation.,Critical,P1,"English dataset row; retained from the finalized 1,500-record ScamShield dataset."
S1250,Exclusive offer from a social-media ad: deposit ₹10000 and get guaranteed returns within 24 hours.,scam,fake_social_media_ad,en,Research-backed synthetic,synthetic_research_backed,"social-media advertisement, guaranteed return, deposit request",Do not transfer money from an unverified advertisement.,1. Do not transfer money from an unverified advertisement. 2. Verify independently using the official service/authority. 3. Preserve evidence. 4. Report suspected cyber fraud.,Critical,P1,"English dataset row; retained from the finalized 1,500-record ScamShield dataset."
G1251,Please review the latest MediSync build before the review tomorrow. Thank you.,genuine,work,en,Research-backed synthetic,synthetic_research_backed,ordinary workplace communication,Review the work through the normal project channel.,1. Open the known project workspace. 2. Review the requested item. 3. Reply with feedback.,Low,P4,"English dataset row; retained from the finalized 1,500-record ScamShield dataset."
S1252,Exclusive offer from a social-media ad: deposit ₹499 and get guaranteed returns within 24 hours.,scam,fake_social_media_ad,en,Research-backed synthetic,synthetic_research_backed,"social-media advertisement, guaranteed return, deposit request",Do not transfer money from an unverified advertisement.,1. Do not transfer money from an unverified advertisement. 2. Verify independently using the official service/authority. 3. Preserve evidence. 4. Report suspected cyber fraud.,Critical,P1,"English dataset row; retained from the finalized 1,500-record ScamShield dataset."
G1253,Your electricity bill of Rs 799 is due on 15 October. Please pay through the official utility portal.,genuine,utility_genuine,en,Research-backed synthetic,synthetic_research_backed,normal utility bill reminder,Use the official utility website/app.,1. Verify the bill in the official portal. 2. Check the due date and amount. 3. Pay only through the official channel.,Low,P4,"English dataset row; retained from the finalized 1,500-record ScamShield dataset."
S1254,Security alert: your account will be suspended unless you send the OTP G-481205 to our support agent immediately.,scam,otp,en,Research-backed synthetic,synthetic_research_backed,"OTP request, urgency, account-threat language",Do not share the OTP.,1. Do not share the OTP. 2. End the conversation. 3. Review account security in the official app. 4. Report the sender.,Critical,P1,"English dataset row; retained from the finalized 1,500-record ScamShield dataset."
G1255,Your service request REQ-51942 has been completed. Please review the update in the official portal. — Customer Notification.,genuine,service_update,en,Research-backed synthetic,synthetic_research_backed,normal service update,Review the request through the official portal.,1. Open the official portal directly. 2. Check the request status. 3. Contact official support if the result is incorrect.,Low,P4,"English dataset row; retained from the finalized 1,500-record ScamShield dataset."
S1256,Congratulations! Your instant loan of Rs 4999 is approved. Pay Rs 199 processing charges to release the funds. Act now.,scam,loan_scam,en,Research-backed synthetic,synthetic_research_backed,"unsolicited loan, advance fee, pressure",Do not pay the fee.,1. Do not pay upfront charges. 2. Verify the lender independently. 3. Avoid sharing banking credentials. 4. Report the message.,High,P1,"English dataset row; retained from the finalized 1,500-record ScamShield dataset."
S1257,Congratulations! You won Rs 4999 in a lucky draw. Pay Rs 199 tax/processing charges to claim your prize.,scam,lottery,en,Research-backed synthetic,synthetic_research_backed,"unexpected prize, upfront payment, lottery claim",Do not pay the fee.,1. Do not send money. 2. Do not share financial details. 3. Block the sender. 4. Report the message.,High,P1,"English dataset row; retained from the finalized 1,500-record ScamShield dataset."
G1258,Your Flipkart subscription renews on 10 October for Rs 249.,genuine,subscription,en,Research-backed synthetic,synthetic_research_backed,normal subscription notice,Review the subscription in the official account settings.,1. Check the subscription details. 2. Confirm the renewal amount. 3. Cancel only through the official account if desired.,Low,P4,"English dataset row; retained from the finalized 1,500-record ScamShield dataset."
G1259,Your Air India booking R2N6VT is confirmed for 2 October.,genuine,travel,en,Research-backed synthetic,synthetic_research_backed,normal travel confirmation,Check the booking in the official airline/travel app.,1. Open the official travel account. 2. Verify the booking reference. 3. Check schedule changes through the official channel.,Low,P4,"English dataset row; retained from the finalized 1,500-record ScamShield dataset."
G1260,Your mobile plan has 800 MB remaining and is valid until 10 October.,genuine,telecom_genuine,en,Research-backed synthetic,synthetic_research_backed,normal telecom usage notice,Check usage in the official provider app.,1. Check usage in the official provider app. 2. Verify the message in the official app/portal if needed. 3. Do not share sensitive information unnecessarily.,Low,P4,"English dataset row; retained from the finalized 1,500-record ScamShield dataset."
S1261,We detected an issue with your Amazon account. Call +91 9XXXX XXXXX and provide your card details for verification. Act now.,scam,customer_support,en,Research-backed synthetic,synthetic_research_backed,"fake support, request for financial data, unsolicited contact",Do not provide card or account details.,1. Do not call the supplied number. 2. Use official support channels. 3. Do not share card/OTP details. 4. Block the sender.,Critical,P1,"English dataset row; retained from the finalized 1,500-record ScamShield dataset."
G1262,Your airline booking Q4M8LX is confirmed for 5 October.,genuine,travel,en,Research-backed synthetic,synthetic_research_backed,normal travel confirmation,Check the booking in the official airline app.,1. Check the booking in the official airline app. 2. Verify the message in the official app/portal if needed. 3. Do not share sensitive information unnecessarily.,Low,P4,"English dataset row; retained from the finalized 1,500-record ScamShield dataset."
S1263,Premium apartment available at a very low rent. Send a refundable booking deposit of Rs 999 before viewing. Immediate action required.,scam,rental_scam,en,Research-backed synthetic,synthetic_research_backed,"unusually low price, advance deposit, no viewing",Do not pay a deposit before independently verifying the property and owner.,1. Do not transfer the deposit. 2. Verify ownership/listing independently. 3. Inspect the property. 4. Report suspicious listings.,High,P2,"English dataset row; retained from the finalized 1,500-record ScamShield dataset."
G1264,Your mobile plan has 5 GB remaining and is valid until 10 October.,genuine,telecom_genuine,en,Research-backed synthetic,synthetic_research_backed,normal telecom usage notice,Check usage in the official provider app.,1. Check usage in the official provider app. 2. Verify the message in the official app/portal if needed. 3. Do not share sensitive information unnecessarily.,Low,P4,"English dataset row; retained from the finalized 1,500-record ScamShield dataset."
G1265,Your Amazon Logistics order #403-5820147 has shipped and is expected to arrive on 2 October. — Customer Notification.,genuine,delivery,en,Research-backed synthetic,synthetic_research_backed,normal delivery update,Track through the official retailer/carrier app if needed.,1. Open the official app if tracking is required. 2. Check the order number. 3. No payment is required unless shown in the official order flow.,Low,P4,"English dataset row; retained from the finalized 1,500-record ScamShield dataset."
S1266,Congratulations! You won Rs 199 in a lucky draw. Pay Rs 499 tax/processing charges to claim your prize. Act now.,scam,lottery,en,Research-backed synthetic,synthetic_research_backed,"unexpected prize, upfront payment, lottery claim",Do not pay the fee.,1. Do not send money. 2. Do not share financial details. 3. Block the sender. 4. Report the message.,High,P1,"English dataset row; retained from the finalized 1,500-record ScamShield dataset."
G1267,आपके BookMyShow भुगतान का ₹1299 का लेनदेन सफल रहा।,genuine,transaction,en,Research-backed synthetic,synthetic_research_backed,normal transaction notification,Verify the transaction through the official app.,1. आधिकारिक ऐप खोलें। 2. लेनदेन की राशि जांचें। 3. अनजान लेनदेन हो तो बैंक से संपर्क करें।,Low,P4,"English dataset row; retained from the finalized 1,500-record ScamShield dataset."
G1268,Your subscription to Flipkart has been renewed successfully. Please keep this for your records.,genuine,subscription,en,Research-backed synthetic,synthetic_research_backed,normal subscription notice,Verify the renewal in the official account.,1. Open the official service app. 2. Check billing history. 3. Contact official support if the charge is unfamiliar.,Low,P4,"English dataset row; retained from the finalized 1,500-record ScamShield dataset."
G1269,"A new beneficiary was added to your account. If you made this change, no action is required. — Customer Notification.",genuine,banking_genuine,en,Research-backed synthetic,synthetic_research_backed,normal banking security notification,Verify the beneficiary in the official banking app.,1. Open the official banking app. 2. Check the beneficiary list. 3. Contact the bank immediately if you did not make the change.,Low,P4,"English dataset row; retained from the finalized 1,500-record ScamShield dataset."
G1270,याद दिलाया जाता है कि आपकी doctor consultation 10 October को 6:00 PM बजे है।,genuine,appointment,en,Research-backed synthetic,synthetic_research_backed,normal appointment reminder,Use the official provider channel for confirmation or changes.,1. समय जांचें। 2. कैलेंडर में सेव करें। 3. बदलाव के लिए आधिकारिक नंबर/पोर्टल इस्तेमाल करें।,Low,P4,"English dataset row; retained from the finalized 1,500-record ScamShield dataset."
G1271,"Hey Joshii, are we still meeting with Prajwala and Kittu at the campus cafeteria later today?",genuine,personal,en,User-provided reference file,user_reference,None,None,Verify through an official channel; follow the expected action above.,Low,P4,"English dataset row; retained from the finalized 1,500-record ScamShield dataset."
S1272,Congratulations! Your instant loan of Rs 4999 is approved. Pay Rs 499 processing charges to release the funds. Act now.,scam,loan_scam,en,Research-backed synthetic,synthetic_research_backed,"unsolicited loan, advance fee, pressure",Do not pay the fee.,1. Do not pay upfront charges. 2. Verify the lender independently. 3. Avoid sharing banking credentials. 4. Report the message.,High,P1,"English dataset row; retained from the finalized 1,500-record ScamShield dataset."
G1273,The department has published the timetable for the mid-term examination.,genuine,education,en,Research-backed synthetic,synthetic_research_backed,normal educational announcement,Check the official college/university portal.,1. Open the official portal. 2. Confirm the timetable. 3. Note the exam date and time.,Low,P4,"English dataset row; retained from the finalized 1,500-record ScamShield dataset."
S1274,Our AI trading group guarantees 10% daily profit. Deposit Rs 199 today to activate your account.,scam,investment_scam,en,Research-backed synthetic,synthetic_research_backed,"guaranteed returns, investment pressure, deposit request",Do not transfer money based on the message.,1. Do not deposit funds. 2. Verify the company independently. 3. Check regulatory status where applicable. 4. Report the solicitation.,Critical,P1,"English dataset row; retained from the finalized 1,500-record ScamShield dataset."
G1275,Your Akasa Air booking Q4M8LX is confirmed for 30 September. Please keep this for your records.,genuine,travel,en,Research-backed synthetic,synthetic_research_backed,normal travel confirmation,Check the booking in the official airline/travel app.,1. Open the official travel account. 2. Verify the booking reference. 3. Check schedule changes through the official channel.,Low,P4,"English dataset row; retained from the finalized 1,500-record ScamShield dataset."
S1276,Your refund of ₹999 is pending. Share your card details and OTP so our agent can release it now.,scam,fake_refund,en,Research-backed synthetic,synthetic_research_backed,"refund pretext, card details, OTP",Do not share card details or OTP.,1. Do not share card details or OTP. 2. Verify independently using the official service/authority. 3. Preserve evidence. 4. Report suspected cyber fraud.,Critical,P1,"English dataset row; retained from the finalized 1,500-record ScamShield dataset."
S1277,Urgent: your Axis Bank account will be blocked today because PAN/KYC is incomplete. Click http://secure-update.invalid to update now. Immediate action required.,scam,bank_kyc,en,Research-backed synthetic,synthetic_research_backed,"bank impersonation, urgency, suspicious URL, KYC request",Do not click the link or share banking credentials.,1. Do not click the link. 2. Open the bank's official app/site manually. 3. Verify KYC status. 4. Report the message if fraudulent.,High,P1,"English dataset row; retained from the finalized 1,500-record ScamShield dataset."
G1278,Reminder from local health clinic: your lab appointment is booked for 20 October at 2:00 PM. Please keep this for your records.,genuine,healthcare,en,Research-backed synthetic,synthetic_research_backed,normal healthcare reminder,Use the clinic's official contact details for changes.,1. Verify the appointment in the clinic system. 2. Add it to your calendar. 3. Contact the clinic through its official number if needed.,Low,P4,"English dataset row; retained from the finalized 1,500-record ScamShield dataset."
S1279,You have been selected for a work-from-home Java Backend Developer paying Rs 799 per day. Pay Rs 999 as registration before joining. Act now.,scam,job_scam,en,Research-backed synthetic,synthetic_research_backed,"unrealistic earnings, upfront fee, unsolicited job",Do not pay the registration fee.,1. Do not pay. 2. Verify the employer independently. 3. Do not share identity/banking documents. 4. Block and report the sender.,High,P1,"English dataset row; retained from the finalized 1,500-record ScamShield dataset."
S1280,"To receive your refund of Rs 4999, scan this QR and enter your UPI PIN. Do not ignore this message.",scam,upi_qr,en,Research-backed synthetic,synthetic_research_backed,"QR-for-receiving-money, UPI PIN request, refund pretext",Do not scan the QR or enter the UPI PIN.,1. Do not scan the QR. 2. Never enter a UPI PIN to receive money. 3. Verify the refund in the official app. 4. Report the sender.,Critical,P1,"English dataset row; retained from the finalized 1,500-record ScamShield dataset."
S1281,Urgent: your Canara Bank account will be blocked today because PAN/KYC is incomplete. Click https://example.invalid/verify to update now. Immediate action required.,scam,bank_kyc,en,Research-backed synthetic,synthetic_research_backed,"bank impersonation, urgency, suspicious URL, KYC request",Do not click the link or share banking credentials.,1. Do not click the link. 2. Open the bank's official app/site manually. 3. Verify KYC status. 4. Report the message if fraudulent.,High,P1,"English dataset row; retained from the finalized 1,500-record ScamShield dataset."
G1282,Delivery update: Blue Dart will attempt delivery of order #404-7319056 today.,genuine,delivery,en,Research-backed synthetic,synthetic_research_backed,normal delivery update,Use the official tracking page or app.,1. Check official tracking. 2. Keep the delivery address accessible. 3. Contact the retailer through official support if there is a problem.,Low,P4,"English dataset row; retained from the finalized 1,500-record ScamShield dataset."
G1283,Rs 249 was spent at Swiggy using your debit card. Please keep this for your records.,genuine,transaction,en,Research-backed synthetic,synthetic_research_backed,normal transaction notification,Verify the transaction in the official banking/payment app.,1. Open the official banking app. 2. Confirm the transaction. 3. Contact the bank only if it is unrecognized.,Low,P4,"English dataset row; retained from the finalized 1,500-record ScamShield dataset."
G1284,Your service request TKT-77104 has been completed. Please review the update in the official portal. Please keep this for your records.,genuine,service_update,en,Research-backed synthetic,synthetic_research_backed,normal service update,Review the request through the official portal.,1. Open the official portal directly. 2. Check the request status. 3. Contact official support if the result is incorrect.,Low,P4,"English dataset row; retained from the finalized 1,500-record ScamShield dataset."
G1285,"Hi Anil, let's meet in the lab at 10 AM to test the WebSocket streaming for the audio chunks.",genuine,appointment,en,User-provided reference file,user_reference,None,Confirm meeting,Verify through an official channel; follow the expected action above.,Low,P4,"English dataset row; retained from the finalized 1,500-record ScamShield dataset."
G1286,Reminder: your doctor consultation is scheduled for 15 October at 6:00 PM. — Customer Notification.,genuine,appointment,en,Research-backed synthetic,synthetic_research_backed,normal appointment reminder,Confirm or reschedule through the official provider if necessary.,1. Check the appointment details. 2. Add it to your calendar. 3. Use the provider's official contact channel for changes.,Low,P4,"English dataset row; retained from the finalized 1,500-record ScamShield dataset."
G1287,Reminder from CARE Hospital: your lab appointment is booked for 10 October at 6:00 PM. Please keep this for your records.,genuine,healthcare,en,Research-backed synthetic,synthetic_research_backed,normal healthcare reminder,Use the clinic's official contact details for changes.,1. Verify the appointment in the clinic system. 2. Add it to your calendar. 3. Contact the clinic through its official number if needed.,Low,P4,"English dataset row; retained from the finalized 1,500-record ScamShield dataset."
S1288,Your WhatsApp account has been locked. Verify your identity now at http://secure-update.invalid to avoid permanent closure. Act now.,scam,phishing,en,Research-backed synthetic,synthetic_research_backed,"account threat, urgency, suspicious URL, credential harvesting",Do not click the link.,1. Do not open the URL. 2. Visit the service by typing its official address. 3. Change credentials if exposed. 4. Report the message.,High,P1,"English dataset row; retained from the finalized 1,500-record ScamShield dataset."
G1289,Reminder from your clinic: your appointment is booked for 15 October at 2:00 PM.,genuine,healthcare,en,Research-backed synthetic,synthetic_research_backed,normal healthcare reminder,Use the clinic's official contact details for changes.,1. Use the clinic's official contact details for changes. 2. Verify the message in the official app/portal if needed. 3. Do not share sensitive information unnecessarily.,Low,P4,"English dataset row; retained from the finalized 1,500-record ScamShield dataset."
G1290,Your Zomato payment of Rs 4999 was processed successfully. Thank you.,genuine,transaction,en,Research-backed synthetic,synthetic_research_backed,normal transaction notification,Verify the transaction in the official app or bank statement.,1. Check the transaction in the official app. 2. Confirm the amount and merchant. 3. Keep the receipt if needed.,Low,P4,"English dataset row; retained from the finalized 1,500-record ScamShield dataset."
G1291,Please review the latest ScamShield build before the stand-up tomorrow. — Customer Notification.,genuine,work,en,Research-backed synthetic,synthetic_research_backed,ordinary workplace communication,Review the work through the normal project channel.,1. Open the known project workspace. 2. Review the requested item. 3. Reply with feedback.,Low,P4,"English dataset row; retained from the finalized 1,500-record ScamShield dataset."
S1292,Your insurance policy bonus is ready. Pay Rs 1499 service charges and send your Aadhaar and bank details to receive it. Immediate action required.,scam,insurance_scam,en,Research-backed synthetic,synthetic_research_backed,"unexpected bonus, advance fee, identity-data request",Do not pay or send identity/bank documents.,1. Do not pay. 2. Contact the insurer through the official website/number. 3. Do not send identity documents. 4. Report the message.,High,P1,"English dataset row; retained from the finalized 1,500-record ScamShield dataset."
S1293,This is an official investigation. Your Aadhaar/phone number is linked to illegal activity. Stay on the call or face digital arrest. Do not ignore this message.,scam,digital_arrest,en,Research-backed synthetic,synthetic_research_backed,"law-enforcement impersonation, threat, fear, isolation",Disconnect and verify through official law-enforcement channels.,1. Disconnect the call. 2. Do not share documents or money. 3. Contact the relevant authority using an independently verified number. 4. Report the incident.,Critical,P1,"English dataset row; retained from the finalized 1,500-record ScamShield dataset."
S1294,Premium apartment available at a very low rent. Send a refundable booking deposit of Rs 499 before viewing. Immediate action required.,scam,rental_scam,en,Research-backed synthetic,synthetic_research_backed,"unusually low price, advance deposit, no viewing",Do not pay a deposit before independently verifying the property and owner.,1. Do not transfer the deposit. 2. Verify ownership/listing independently. 3. Inspect the property. 4. Report suspicious listings.,High,P2,"English dataset row; retained from the finalized 1,500-record ScamShield dataset."
G1295,Your mobile plan has 800 MB remaining and is valid until 5 October.,genuine,telecom_genuine,en,Research-backed synthetic,synthetic_research_backed,normal telecom usage notice,Check usage in the official provider app.,1. Check usage in the official provider app. 2. Verify the message in the official app/portal if needed. 3. Do not share sensitive information unnecessarily.,Low,P4,"English dataset row; retained from the finalized 1,500-record ScamShield dataset."
S1296,Your WhatsApp/email account will be deleted unless you send the 6-digit verification code now. Immediate action required.,scam,account_takeover,en,Research-backed synthetic,synthetic_research_backed,"OTP request, account takeover, urgency",Do not share the verification code.,1. Do not share the code. 2. Open the official app and review active sessions. 3. Enable two-step verification. 4. Report the sender.,Critical,P1,"English dataset row; retained from the finalized 1,500-record ScamShield dataset."
S1297,Your SIM will be disconnected in 4 hours because it was used for illegal activity. Call this number immediately. Do not ignore this message.,scam,telecom_threat,en,Research-backed synthetic,synthetic_research_backed,"telecom impersonation, urgency, threat, callback request",Do not call the supplied number.,1. Do not call the supplied number. 2. Check account status in the official telecom app. 3. Contact official support. 4. Report the message.,High,P1,"English dataset row; retained from the finalized 1,500-record ScamShield dataset."
S1298,Your refund of ₹25000 is pending. Share your card details and OTP so our agent can release it now.,scam,fake_refund,en,Research-backed synthetic,synthetic_research_backed,"refund pretext, card details, OTP",Do not share card details or OTP.,1. Do not share card details or OTP. 2. Verify independently using the official service/authority. 3. Preserve evidence. 4. Report suspected cyber fraud.,Critical,P1,"English dataset row; retained from the finalized 1,500-record ScamShield dataset."
S1299,Premium apartment available at a very low rent. Send a refundable booking deposit of Rs 299 before viewing. Act now.,scam,rental_scam,en,Research-backed synthetic,synthetic_research_backed,"unusually low price, advance deposit, no viewing",Do not pay a deposit before independently verifying the property and owner.,1. Do not transfer the deposit. 2. Verify ownership/listing independently. 3. Inspect the property. 4. Report suspicious listings.,High,P2,"English dataset row; retained from the finalized 1,500-record ScamShield dataset."
S1300,Congratulations! Your instant loan of Rs 4999 is approved. Pay Rs 1499 processing charges to release the funds.,scam,loan_scam,en,Research-backed synthetic,synthetic_research_backed,"unsolicited loan, advance fee, pressure",Do not pay the fee.,1. Do not pay upfront charges. 2. Verify the lender independently. 3. Avoid sharing banking credentials. 4. Report the message.,High,P1,"English dataset row; retained from the finalized 1,500-record ScamShield dataset."
G1301,Your subscription to Microsoft has been renewed successfully. Please keep this for your records.,genuine,subscription,en,Research-backed synthetic,synthetic_research_backed,normal subscription notice,Verify the renewal in the official account.,1. Open the official service app. 2. Check billing history. 3. Contact official support if the charge is unfamiliar.,Low,P4,"English dataset row; retained from the finalized 1,500-record ScamShield dataset."
S1302,"To receive your refund of Rs 2499, scan this QR and enter your UPI PIN. Immediate action required.",scam,upi_qr,en,Research-backed synthetic,synthetic_research_backed,"QR-for-receiving-money, UPI PIN request, refund pretext",Do not scan the QR or enter the UPI PIN.,1. Do not scan the QR. 2. Never enter a UPI PIN to receive money. 3. Verify the refund in the official app. 4. Report the sender.,Critical,P1,"English dataset row; retained from the finalized 1,500-record ScamShield dataset."
S1303,A refund of Rs 499 is waiting for you. Share your card number and OTP so we can process it immediately.,scam,refund_scam,en,Research-backed synthetic,synthetic_research_backed,"refund pretext, card-data request, OTP request",Do not share card or OTP details.,1. Do not share credentials. 2. Check refunds in the official merchant app. 3. Contact official support. 4. Report the sender.,Critical,P1,"English dataset row; retained from the finalized 1,500-record ScamShield dataset."
G1304,Your subscription to Paytm has been renewed successfully. Thank you.,genuine,subscription,en,Research-backed synthetic,synthetic_research_backed,normal subscription notice,Verify the renewal in the official account.,1. Open the official service app. 2. Check billing history. 3. Contact official support if the charge is unfamiliar.,Low,P4,"English dataset row; retained from the finalized 1,500-record ScamShield dataset."
S1305,A refund of Rs 1299 is waiting for you. Share your card number and OTP so we can process it immediately.,scam,refund_scam,en,Research-backed synthetic,synthetic_research_backed,"refund pretext, card-data request, OTP request",Do not share card or OTP details.,1. Do not share credentials. 2. Check refunds in the official merchant app. 3. Contact official support. 4. Report the sender.,Critical,P1,"English dataset row; retained from the finalized 1,500-record ScamShield dataset."
G1306,The Cybersecurity assignment deadline is 5 October. Please submit it through the student portal.,genuine,education,en,Research-backed synthetic,synthetic_research_backed,normal educational announcement,Use the official student portal.,1. Check the assignment details. 2. Prepare the submission. 3. Upload through the official portal before the deadline.,Low,P4,"English dataset row; retained from the finalized 1,500-record ScamShield dataset."
G1307,Your Google subscription renews on 15 October for Rs 1299.,genuine,subscription,en,Research-backed synthetic,synthetic_research_backed,normal subscription notice,Review the subscription in the official account settings.,1. Check the subscription details. 2. Confirm the renewal amount. 3. Cancel only through the official account if desired.,Low,P4,"English dataset row; retained from the finalized 1,500-record ScamShield dataset."
G1308,Reminder from your clinic: your appointment is booked for 2 October at 10:00 AM.,genuine,healthcare,en,Research-backed synthetic,synthetic_research_backed,normal healthcare reminder,Use the clinic's official contact details for changes.,1. Use the clinic's official contact details for changes. 2. Verify the message in the official app/portal if needed. 3. Do not share sensitive information unnecessarily.,Low,P4,"English dataset row; retained from the finalized 1,500-record ScamShield dataset."
G1309,Your Amazon Logistics order #404-7319056 has shipped and is expected to arrive on 20 October.,genuine,delivery,en,Research-backed synthetic,synthetic_research_backed,normal delivery update,Track through the official retailer/carrier app if needed.,1. Open the official app if tracking is required. 2. Check the order number. 3. No payment is required unless shown in the official order flow.,Low,P4,"English dataset row; retained from the finalized 1,500-record ScamShield dataset."
S1310,We detected an issue with your Google account. Call +91 9XXXX XXXXX and provide your card details for verification. Immediate action required.,scam,customer_support,en,Research-backed synthetic,synthetic_research_backed,"fake support, request for financial data, unsolicited contact",Do not provide card or account details.,1. Do not call the supplied number. 2. Use official support channels. 3. Do not share card/OTP details. 4. Block the sender.,Critical,P1,"English dataset row; retained from the finalized 1,500-record ScamShield dataset."
G1311,The ScamShield API test report is ready for review. Thank you.,genuine,work,en,Research-backed synthetic,synthetic_research_backed,ordinary workplace communication,Open the report from the known work repository.,1. Verify the project context. 2. Review the report. 3. Share findings through the normal team channel.,Low,P4,"English dataset row; retained from the finalized 1,500-record ScamShield dataset."
S1312,I need urgent financial help for a family emergency. Please send Rs 1299 today and I will return it next week. Do not ignore this message.,scam,romance_scam,en,Research-backed synthetic,synthetic_research_backed,"emotional pressure, urgent money request, unverifiable emergency",Verify the person's identity and situation independently before sending money.,1. Do not transfer money immediately. 2. Verify identity using another channel. 3. Discuss with someone you trust. 4. Report if fraudulent.,High,P2,"English dataset row; retained from the finalized 1,500-record ScamShield dataset."
S1313,Your electricity connection will be disconnected tonight unless you pay the pending bill through http://secure-update.invalid. Do not ignore this message.,scam,utility_scam,en,Research-backed synthetic,synthetic_research_backed,"utility impersonation, disconnection threat, suspicious URL",Verify the bill through the official utility portal.,1. Do not open the link. 2. Check the official utility account. 3. Pay only through the official portal. 4. Report the message.,High,P1,"English dataset row; retained from the finalized 1,500-record ScamShield dataset."
S1314,Your electricity connection will be disconnected tonight unless you pay the pending bill through http://account-check.invalid. Immediate action required.,scam,utility_scam,en,Research-backed synthetic,synthetic_research_backed,"utility impersonation, disconnection threat, suspicious URL",Verify the bill through the official utility portal.,1. Do not open the link. 2. Check the official utility account. 3. Pay only through the official portal. 4. Report the message.,High,P1,"English dataset row; retained from the finalized 1,500-record ScamShield dataset."
G1315,Can you bring the notes when you come to campus cafeteria? — Customer Notification.,genuine,personal,en,Research-backed synthetic,synthetic_research_backed,ordinary personal communication,Reply normally if the request is expected.,1. Confirm the context. 2. Reply normally. 3. Ignore if the sender is unknown.,Low,P4,"English dataset row; retained from the finalized 1,500-record ScamShield dataset."
S1316,"Hi, I lost my phone and need you to urgently transfer Rs 199 to this new account. Please don't call. Immediate action required.",scam,impersonation,en,Research-backed synthetic,synthetic_research_backed,"impersonation, money request, urgency, discouraging verification",Verify the person's identity through an independent channel before any payment.,1. Do not transfer money. 2. Call the person using a known number. 3. Confirm the request independently. 4. Report if fraudulent.,High,P1,"English dataset row; retained from the finalized 1,500-record ScamShield dataset."
S1317,"To receive your refund of Rs 249, scan this QR and enter your UPI PIN. Immediate action required.",scam,upi_qr,en,Research-backed synthetic,synthetic_research_backed,"QR-for-receiving-money, UPI PIN request, refund pretext",Do not scan the QR or enter the UPI PIN.,1. Do not scan the QR. 2. Never enter a UPI PIN to receive money. 3. Verify the refund in the official app. 4. Report the sender.,Critical,P1,"English dataset row; retained from the finalized 1,500-record ScamShield dataset."
G1318,Your Akasa Air booking Q4M8LX is confirmed for 5 October. Thank you.,genuine,travel,en,Research-backed synthetic,synthetic_research_backed,normal travel confirmation,Check the booking in the official airline/travel app.,1. Open the official travel account. 2. Verify the booking reference. 3. Check schedule changes through the official channel.,Low,P4,"English dataset row; retained from the finalized 1,500-record ScamShield dataset."
G1319,Your verification code is A-739214. Do not share it with anyone.,genuine,otp,en,Research-backed synthetic,synthetic_research_backed,legitimate verification-code notice,Use only for the verification you initiated.,1. Use only for the verification you initiated. 2. Verify the message in the official app/portal if needed. 3. Do not share sensitive information unnecessarily.,Low,P4,"English dataset row; retained from the finalized 1,500-record ScamShield dataset."
G1320,Your India Post order #402-1937460 has shipped and is expected to arrive on 15 October. — Customer Notification.,genuine,delivery,en,Research-backed synthetic,synthetic_research_backed,normal delivery update,Track through the official retailer/carrier app if needed.,1. Open the official app if tracking is required. 2. Check the order number. 3. No payment is required unless shown in the official order flow.,Low,P4,"English dataset row; retained from the finalized 1,500-record ScamShield dataset."
G1321,Your monthly investment statement for index fund is available in your official account. Please keep this for your records.,genuine,finance_genuine,en,Research-backed synthetic,synthetic_research_backed,normal financial statement,Review it through the official investment platform.,1. Sign in directly to the known platform. 2. Review the statement. 3. Contact the provider through official channels for discrepancies.,Low,P4,"English dataset row; retained from the finalized 1,500-record ScamShield dataset."
S1322,You have been selected for a work-from-home ML Intern paying Rs 799 per day. Pay Rs 499 as registration before joining. Do not ignore this message.,scam,job_scam,en,Research-backed synthetic,synthetic_research_backed,"unrealistic earnings, upfront fee, unsolicited job",Do not pay the registration fee.,1. Do not pay. 2. Verify the employer independently. 3. Do not share identity/banking documents. 4. Block and report the sender.,High,P1,"English dataset row; retained from the finalized 1,500-record ScamShield dataset."
G1323,The department seminar on Cybersecurity will be held on 10 October in sample-venue. Thank you.,genuine,college_announcement,en,Research-backed synthetic,synthetic_research_backed,normal institutional announcement,Check the official college communication channel for details.,1. Verify the announcement in the official portal/email. 2. Note the venue and time. 3. Attend if relevant.,Low,P4,"English dataset row; retained from the finalized 1,500-record ScamShield dataset."
G1324,Reminder from local health clinic: your dentist appointment is booked for 2 October at 2:00 PM. Thank you.,genuine,healthcare,en,Research-backed synthetic,synthetic_research_backed,normal healthcare reminder,Use the clinic's official contact details for changes.,1. Verify the appointment in the clinic system. 2. Add it to your calendar. 3. Contact the clinic through its official number if needed.,Low,P4,"English dataset row; retained from the finalized 1,500-record ScamShield dataset."
S1325,A refund of Rs 799 is waiting for you. Share your card number and OTP so we can process it immediately. Immediate action required.,scam,refund_scam,en,Research-backed synthetic,synthetic_research_backed,"refund pretext, card-data request, OTP request",Do not share card or OTP details.,1. Do not share credentials. 2. Check refunds in the official merchant app. 3. Contact official support. 4. Report the sender.,Critical,P1,"English dataset row; retained from the finalized 1,500-record ScamShield dataset."
G1326,Your support ticket SUP-23817 has been updated. Please sign in to the official support portal to view the response. Please keep this for your records.,genuine,support_genuine,en,Research-backed synthetic,synthetic_research_backed,normal support-ticket notification,Open the known support portal directly.,1. Open the official support portal manually. 2. Search for the ticket number. 3. Review the response there.,Low,P4,"English dataset row; retained from the finalized 1,500-record ScamShield dataset."
G1327,Delivery update: Delhivery will attempt delivery of order #402-1937460 today. Thank you.,genuine,delivery,en,Research-backed synthetic,synthetic_research_backed,normal delivery update,Use the official tracking page or app.,1. Check official tracking. 2. Keep the delivery address accessible. 3. Contact the retailer through official support if there is a problem.,Low,P4,"English dataset row; retained from the finalized 1,500-record ScamShield dataset."
S1328,"To receive your refund of Rs 499, scan this QR and enter your UPI PIN.",scam,upi_qr,en,Research-backed synthetic,synthetic_research_backed,"QR-for-receiving-money, UPI PIN request, refund pretext",Do not scan the QR or enter the UPI PIN.,1. Do not scan the QR. 2. Never enter a UPI PIN to receive money. 3. Verify the refund in the official app. 4. Report the sender.,Critical,P1,"English dataset row; retained from the finalized 1,500-record ScamShield dataset."
G1329,The department has published the timetable for the mid-term examination. Please keep this for your records.,genuine,education,en,Research-backed synthetic,synthetic_research_backed,normal educational announcement,Check the official college/university portal.,1. Open the official portal. 2. Confirm the timetable. 3. Note the exam date and time.,Low,P4,"English dataset row; retained from the finalized 1,500-record ScamShield dataset."
G1330,JNTUHU Manthani Circular: B.Tech CSE final year project reviews are scheduled for next week. Please prepare your presentations.,genuine,college_announcement,en,User-provided reference file,user_reference,None,Note date,Verify through an official channel; follow the expected action above.,Low,P4,"English dataset row; retained from the finalized 1,500-record ScamShield dataset."
S1331,You have been selected for a work-from-home Python Developer paying Rs 4999 per day. Pay Rs 299 as registration before joining. Immediate action required.,scam,job_scam,en,Research-backed synthetic,synthetic_research_backed,"unrealistic earnings, upfront fee, unsolicited job",Do not pay the registration fee.,1. Do not pay. 2. Verify the employer independently. 3. Do not share identity/banking documents. 4. Block and report the sender.,High,P1,"English dataset row; retained from the finalized 1,500-record ScamShield dataset."
S1332,You have been selected for a work-from-home Data Analyst paying Rs 199 per day. Pay Rs 1499 as registration before joining. Act now.,scam,job_scam,en,Research-backed synthetic,synthetic_research_backed,"unrealistic earnings, upfront fee, unsolicited job",Do not pay the registration fee.,1. Do not pay. 2. Verify the employer independently. 3. Do not share identity/banking documents. 4. Block and report the sender.,High,P1,"English dataset row; retained from the finalized 1,500-record ScamShield dataset."
S1333,Our AI trading group guarantees 20% daily profit. Deposit Rs 499 today to activate your account. Do not ignore this message.,scam,investment_scam,en,Research-backed synthetic,synthetic_research_backed,"guaranteed returns, investment pressure, deposit request",Do not transfer money based on the message.,1. Do not deposit funds. 2. Verify the company independently. 3. Check regulatory status where applicable. 4. Report the solicitation.,Critical,P1,"English dataset row; retained from the finalized 1,500-record ScamShield dataset."
S1334,Your insurance policy bonus is ready. Pay Rs 999 service charges and send your Aadhaar and bank details to receive it. Do not ignore this message.,scam,insurance_scam,en,Research-backed synthetic,synthetic_research_backed,"unexpected bonus, advance fee, identity-data request",Do not pay or send identity/bank documents.,1. Do not pay. 2. Contact the insurer through the official website/number. 3. Do not send identity documents. 4. Report the message.,High,P1,"English dataset row; retained from the finalized 1,500-record ScamShield dataset."
S1335,Congratulations! You won Rs 1299 in a lucky draw. Pay Rs 1499 tax/processing charges to claim your prize. Do not ignore this message.,scam,lottery,en,Research-backed synthetic,synthetic_research_backed,"unexpected prize, upfront payment, lottery claim",Do not pay the fee.,1. Do not send money. 2. Do not share financial details. 3. Block the sender. 4. Report the message.,High,P1,"English dataset row; retained from the finalized 1,500-record ScamShield dataset."
S1336,Congratulations! Your instant loan of Rs 4999 is approved. Pay Rs 1499 processing charges to release the funds. Do not ignore this message.,scam,loan_scam,en,Research-backed synthetic,synthetic_research_backed,"unsolicited loan, advance fee, pressure",Do not pay the fee.,1. Do not pay upfront charges. 2. Verify the lender independently. 3. Avoid sharing banking credentials. 4. Report the message.,High,P1,"English dataset row; retained from the finalized 1,500-record ScamShield dataset."
S1337,You have been selected for a work-from-home Frontend Developer paying Rs 199 per day. Pay Rs 199 as registration before joining.,scam,job_scam,en,Research-backed synthetic,synthetic_research_backed,"unrealistic earnings, upfront fee, unsolicited job",Do not pay the registration fee.,1. Do not pay. 2. Verify the employer independently. 3. Do not share identity/banking documents. 4. Block and report the sender.,High,P1,"English dataset row; retained from the finalized 1,500-record ScamShield dataset."
S1338,Your insurance policy bonus is ready. Pay Rs 1499 service charges and send your Aadhaar and bank details to receive it. Do not ignore this message.,scam,insurance_scam,en,Research-backed synthetic,synthetic_research_backed,"unexpected bonus, advance fee, identity-data request",Do not pay or send identity/bank documents.,1. Do not pay. 2. Contact the insurer through the official website/number. 3. Do not send identity documents. 4. Report the message.,High,P1,"English dataset row; retained from the finalized 1,500-record ScamShield dataset."
G1339,Reminder: your appointment is scheduled for 15 October at 10:00 AM.,genuine,appointment,en,Research-backed synthetic,synthetic_research_backed,normal appointment reminder,Confirm through the official provider if needed.,1. Confirm through the official provider if needed. 2. Verify the message in the official app/portal if needed. 3. Do not share sensitive information unnecessarily.,Low,P4,"English dataset row; retained from the finalized 1,500-record ScamShield dataset."
S1340,"Hi, I lost my phone and need you to urgently transfer Rs 4999 to this new account. Please don't call.",scam,impersonation,en,Research-backed synthetic,synthetic_research_backed,"impersonation, money request, urgency, discouraging verification",Verify the person's identity through an independent channel before any payment.,1. Do not transfer money. 2. Call the person using a known number. 3. Confirm the request independently. 4. Report if fraudulent.,High,P1,"English dataset row; retained from the finalized 1,500-record ScamShield dataset."
S1341,Security alert: your account will be suspended unless you send the OTP M-562901 to our support agent immediately.,scam,otp,en,Research-backed synthetic,synthetic_research_backed,"OTP request, urgency, account-threat language",Do not share the OTP.,1. Do not share the OTP. 2. End the conversation. 3. Review account security in the official app. 4. Report the sender.,Critical,P1,"English dataset row; retained from the finalized 1,500-record ScamShield dataset."
G1342,Your Air India booking H9P3ZA is confirmed for 2 October. — Customer Notification.,genuine,travel,en,Research-backed synthetic,synthetic_research_backed,normal travel confirmation,Check the booking in the official airline/travel app.,1. Open the official travel account. 2. Verify the booking reference. 3. Check schedule changes through the official channel.,Low,P4,"English dataset row; retained from the finalized 1,500-record ScamShield dataset."
S1343,Congratulations! Your instant loan of Rs 799 is approved. Pay Rs 499 processing charges to release the funds. Act now.,scam,loan_scam,en,Research-backed synthetic,synthetic_research_backed,"unsolicited loan, advance fee, pressure",Do not pay the fee.,1. Do not pay upfront charges. 2. Verify the lender independently. 3. Avoid sharing banking credentials. 4. Report the message.,High,P1,"English dataset row; retained from the finalized 1,500-record ScamShield dataset."
S1344,Urgent: your SBI account will be blocked today because PAN/KYC is incomplete. Click https://example.invalid/verify to update now.,scam,bank_kyc,en,Research-backed synthetic,synthetic_research_backed,"bank impersonation, urgency, suspicious URL, KYC request",Do not click the link or share banking credentials.,1. Do not click the link. 2. Open the bank's official app/site manually. 3. Verify KYC status. 4. Report the message if fraudulent.,High,P1,"English dataset row; retained from the finalized 1,500-record ScamShield dataset."
G1345,"Dear Joshitha, this is a reminder for your placement readiness test with AccioJob in the Java Backend domain tomorrow.",genuine,appointment,en,User-provided reference file,user_reference,None,None,Verify through an official channel; follow the expected action above.,Low,P4,"English dataset row; retained from the finalized 1,500-record ScamShield dataset."
S1346,Your instant loan is approved. Install this APK and pay ₹199 to unlock the disbursement.,scam,fake_loan_app,en,Research-backed synthetic,synthetic_research_backed,"fake loan app, APK, advance fee",Do not install the app or pay the fee.,1. Do not install the app or pay the fee. 2. Verify independently using the official service/authority. 3. Preserve evidence. 4. Report suspected cyber fraud.,Critical,P1,"English dataset row; retained from the finalized 1,500-record ScamShield dataset."
G1347,Your registration for placement orientation is confirmed. The event begins at 9:30 AM on 30 September. Thank you.,genuine,event,en,Research-backed synthetic,synthetic_research_backed,normal event confirmation,Check the registration in the official event account/email.,1. Verify registration details. 2. Save the event information. 3. Use the organizer's official contact channel for changes.,Low,P4,"English dataset row; retained from the finalized 1,500-record ScamShield dataset."
G1348,Your Swiggy payment of Rs 4999 was processed successfully. Thank you.,genuine,transaction,en,Research-backed synthetic,synthetic_research_backed,normal transaction notification,Verify the transaction in the official app or bank statement.,1. Check the transaction in the official app. 2. Confirm the amount and merchant. 3. Keep the receipt if needed.,Low,P4,"English dataset row; retained from the finalized 1,500-record ScamShield dataset."
S1349,Your refund of ₹2499 is pending. Share your card details and OTP so our agent can release it now.,scam,fake_refund,en,Research-backed synthetic,synthetic_research_backed,"refund pretext, card details, OTP",Do not share card details or OTP.,1. Do not share card details or OTP. 2. Verify independently using the official service/authority. 3. Preserve evidence. 4. Report suspected cyber fraud.,Critical,P1,"English dataset row; retained from the finalized 1,500-record ScamShield dataset."
S1350,Our crypto trading bot guarantees 50% profit every day. Deposit ₹2499 now to join.,scam,crypto_investment,en,Research-backed synthetic,synthetic_research_backed,"guaranteed returns, crypto solicitation, deposit request",Do not transfer money based on guaranteed-profit claims.,1. Do not transfer money based on guaranteed-profit claims. 2. Verify independently using the official service/authority. 3. Preserve evidence. 4. Report suspected cyber fraud.,Critical,P1,"English dataset row; retained from the finalized 1,500-record ScamShield dataset."
G1351,Your service request REQ-51942 has been completed. Please review the update in the official portal. Please keep this for your records.,genuine,service_update,en,Research-backed synthetic,synthetic_research_backed,normal service update,Review the request through the official portal.,1. Open the official portal directly. 2. Check the request status. 3. Contact official support if the result is incorrect.,Low,P4,"English dataset row; retained from the finalized 1,500-record ScamShield dataset."
G1352,Your IndiGo booking Q4M8LX is confirmed for 2 October. Please keep this for your records.,genuine,travel,en,Research-backed synthetic,synthetic_research_backed,normal travel confirmation,Check the booking in the official airline/travel app.,1. Open the official travel account. 2. Verify the booking reference. 3. Check schedule changes through the official channel.,Low,P4,"English dataset row; retained from the finalized 1,500-record ScamShield dataset."
S1353,Urgent: your SBI account will be blocked today because PAN/KYC is incomplete. Click http://account-check.invalid to update now. Do not ignore this message.,scam,bank_kyc,en,Research-backed synthetic,synthetic_research_backed,"bank impersonation, urgency, suspicious URL, KYC request",Do not click the link or share banking credentials.,1. Do not click the link. 2. Open the bank's official app/site manually. 3. Verify KYC status. 4. Report the message if fraudulent.,High,P1,"English dataset row; retained from the finalized 1,500-record ScamShield dataset."
G1354,"A new beneficiary was added to your account. If you made this change, no action is required.",genuine,banking_genuine,en,Research-backed synthetic,synthetic_research_backed,normal banking security notification,Verify the beneficiary in the official banking app.,1. Open the official banking app. 2. Check the beneficiary list. 3. Contact the bank immediately if you did not make the change.,Low,P4,"English dataset row; retained from the finalized 1,500-record ScamShield dataset."
S1355,Urgent: your Kotak Bank account will be blocked today because PAN/KYC is incomplete. Click https://example.invalid/verify to update now. Act now.,scam,bank_kyc,en,Research-backed synthetic,synthetic_research_backed,"bank impersonation, urgency, suspicious URL, KYC request",Do not click the link or share banking credentials.,1. Do not click the link. 2. Open the bank's official app/site manually. 3. Verify KYC status. 4. Report the message if fraudulent.,High,P1,"English dataset row; retained from the finalized 1,500-record ScamShield dataset."
G1356,Interview reminder: your ML Intern interview is scheduled for 2 October at 4:30 PM. Thank you.,genuine,job_genuine,en,Research-backed synthetic,synthetic_research_backed,normal recruitment communication,Verify the interview through the official recruitment channel.,1. Check the original application. 2. Confirm the interview details. 3. Join through the verified meeting link.,Low,P4,"English dataset row; retained from the finalized 1,500-record ScamShield dataset."
G1357,Your Swiggy payment of Rs 499 was processed successfully. Thank you.,genuine,transaction,en,Research-backed synthetic,synthetic_research_backed,normal transaction notification,Verify the transaction in the official app or bank statement.,1. Check the transaction in the official app. 2. Confirm the amount and merchant. 3. Keep the receipt if needed.,Low,P4,"English dataset row; retained from the finalized 1,500-record ScamShield dataset."
S1358,Urgent: your Axis Bank account will be blocked today because PAN/KYC is incomplete. Click http://account-check.invalid to update now. Immediate action required.,scam,bank_kyc,en,Research-backed synthetic,synthetic_research_backed,"bank impersonation, urgency, suspicious URL, KYC request",Do not click the link or share banking credentials.,1. Do not click the link. 2. Open the bank's official app/site manually. 3. Verify KYC status. 4. Report the message if fraudulent.,High,P1,"English dataset row; retained from the finalized 1,500-record ScamShield dataset."
G1359,Your Delhivery order #401-8246152 has shipped and is expected to arrive on 20 October. Thank you.,genuine,delivery,en,Research-backed synthetic,synthetic_research_backed,normal delivery update,Track through the official retailer/carrier app if needed.,1. Open the official app if tracking is required. 2. Check the order number. 3. No payment is required unless shown in the official order flow.,Low,P4,"English dataset row; retained from the finalized 1,500-record ScamShield dataset."
G1360,Your Zomato payment of ₹499 was processed successfully.,genuine,transaction,en,Research-backed synthetic,synthetic_research_backed,normal transaction notification,Verify in the official app.,1. Verify in the official app. 2. Verify the message in the official app/portal if needed. 3. Do not share sensitive information unnecessarily.,Low,P4,"English dataset row; retained from the finalized 1,500-record ScamShield dataset."
G1361,Delivery update: India Post will attempt delivery of order #403-5820147 today. Please keep this for your records.,genuine,delivery,en,Research-backed synthetic,synthetic_research_backed,normal delivery update,Use the official tracking page or app.,1. Check official tracking. 2. Keep the delivery address accessible. 3. Contact the retailer through official support if there is a problem.,Low,P4,"English dataset row; retained from the finalized 1,500-record ScamShield dataset."
G1362,Your Vi data plan has 1.2 GB remaining and is valid until 10 October. — Customer Notification.,genuine,telecom_genuine,en,Research-backed synthetic,synthetic_research_backed,normal telecom usage notice,Check usage in the official telecom app if needed.,1. Open the official provider app. 2. Review plan usage. 3. Recharge only through official channels.,Low,P4,"English dataset row; retained from the finalized 1,500-record ScamShield dataset."
S1363,You have been selected for a work-from-home Frontend Developer paying Rs 4999 per day. Pay Rs 499 as registration before joining. Act now.,scam,job_scam,en,Research-backed synthetic,synthetic_research_backed,"unrealistic earnings, upfront fee, unsolicited job",Do not pay the registration fee.,1. Do not pay. 2. Verify the employer independently. 3. Do not share identity/banking documents. 4. Block and report the sender.,High,P1,"English dataset row; retained from the finalized 1,500-record ScamShield dataset."
G1364,Reminder: your lab appointment is scheduled for 30 September at 10:00 AM. Please keep this for your records.,genuine,appointment,en,Research-backed synthetic,synthetic_research_backed,normal appointment reminder,Confirm or reschedule through the official provider if necessary.,1. Check the appointment details. 2. Add it to your calendar. 3. Use the provider's official contact channel for changes.,Low,P4,"English dataset row; retained from the finalized 1,500-record ScamShield dataset."
S1365,I need urgent financial help for a family emergency. Please send Rs 1299 today and I will return it next week.,scam,romance_scam,en,Research-backed synthetic,synthetic_research_backed,"emotional pressure, urgent money request, unverifiable emergency",Verify the person's identity and situation independently before sending money.,1. Do not transfer money immediately. 2. Verify identity using another channel. 3. Discuss with someone you trust. 4. Report if fraudulent.,High,P2,"English dataset row; retained from the finalized 1,500-record ScamShield dataset."
G1366,The department has published the timetable for the end-term examination. Please keep this for your records.,genuine,education,en,Research-backed synthetic,synthetic_research_backed,normal educational announcement,Check the official college/university portal.,1. Open the official portal. 2. Confirm the timetable. 3. Note the exam date and time.,Low,P4,"English dataset row; retained from the finalized 1,500-record ScamShield dataset."
G1367,Your Vistara booking R2N6VT is confirmed for 15 October. Thank you.,genuine,travel,en,Research-backed synthetic,synthetic_research_backed,normal travel confirmation,Check the booking in the official airline/travel app.,1. Open the official travel account. 2. Verify the booking reference. 3. Check schedule changes through the official channel.,Low,P4,"English dataset row; retained from the finalized 1,500-record ScamShield dataset."
G1368,Your order #404-7319056 from Amazon has been confirmed for delivery. Please keep this for your records.,genuine,ecommerce,en,Research-backed synthetic,synthetic_research_backed,normal ecommerce order confirmation,Check order status in the official store account.,1. Open the official shopping app/site. 2. Verify the order. 3. Contact official support for changes.,Low,P4,"English dataset row; retained from the finalized 1,500-record ScamShield dataset."
G1369,Rs 1299 was spent at Zomato using your mobile banking. — Customer Notification.,genuine,transaction,en,Research-backed synthetic,synthetic_research_backed,normal transaction notification,Verify the transaction in the official banking/payment app.,1. Open the official banking app. 2. Confirm the transaction. 3. Contact the bank only if it is unrecognized.,Low,P4,"English dataset row; retained from the finalized 1,500-record ScamShield dataset."
S1370,Our AI trading group guarantees 30% daily profit. Deposit Rs 2499 today to activate your account. Do not ignore this message.,scam,investment_scam,en,Research-backed synthetic,synthetic_research_backed,"guaranteed returns, investment pressure, deposit request",Do not transfer money based on the message.,1. Do not deposit funds. 2. Verify the company independently. 3. Check regulatory status where applicable. 4. Report the solicitation.,Critical,P1,"English dataset row; retained from the finalized 1,500-record ScamShield dataset."
S1371,Please donate Rs 4999 for an emergency relief campaign. Transfer to this personal UPI ID today. Do not ignore this message.,scam,charity_scam,en,Research-backed synthetic,synthetic_research_backed,"emotional appeal, personal payment destination, urgency",Verify the charity and donation channel independently.,1. Do not transfer to an unverified personal account. 2. Check the organization's official website. 3. Donate through verified channels. 4. Report the message.,Medium,P2,"English dataset row; retained from the finalized 1,500-record ScamShield dataset."
S1372,Your Google account has been locked. Verify your identity now at https://example.invalid/verify to avoid permanent closure. Immediate action required.,scam,phishing,en,Research-backed synthetic,synthetic_research_backed,"account threat, urgency, suspicious URL, credential harvesting",Do not click the link.,1. Do not open the URL. 2. Visit the service by typing its official address. 3. Change credentials if exposed. 4. Report the message.,High,P1,"English dataset row; retained from the finalized 1,500-record ScamShield dataset."
S1373,Your refund of ₹10000 is pending. Share your card details and OTP so our agent can release it now.,scam,fake_refund,en,Research-backed synthetic,synthetic_research_backed,"refund pretext, card details, OTP",Do not share card details or OTP.,1. Do not share card details or OTP. 2. Verify independently using the official service/authority. 3. Preserve evidence. 4. Report suspected cyber fraud.,Critical,P1,"English dataset row; retained from the finalized 1,500-record ScamShield dataset."
S1374,Urgent: your SBI account will be blocked today because PAN/KYC is incomplete. Click http://account-check.invalid to update now. Immediate action required.,scam,bank_kyc,en,Research-backed synthetic,synthetic_research_backed,"bank impersonation, urgency, suspicious URL, KYC request",Do not click the link or share banking credentials.,1. Do not click the link. 2. Open the bank's official app/site manually. 3. Verify KYC status. 4. Report the message if fraudulent.,High,P1,"English dataset row; retained from the finalized 1,500-record ScamShield dataset."
S1375,I need urgent financial help for a family emergency. Please send Rs 4999 today and I will return it next week. Act now.,scam,romance_scam,en,Research-backed synthetic,synthetic_research_backed,"emotional pressure, urgent money request, unverifiable emergency",Verify the person's identity and situation independently before sending money.,1. Do not transfer money immediately. 2. Verify identity using another channel. 3. Discuss with someone you trust. 4. Report if fraudulent.,High,P2,"English dataset row; retained from the finalized 1,500-record ScamShield dataset."
G1376,"Hi Joshii, are we still going to the campus cafeteria after the LangChain integration is done?",genuine,personal,en,User-provided reference file,user_reference,None,Reply,Verify through an official channel; follow the expected action above.,Low,P4,"English dataset row; retained from the finalized 1,500-record ScamShield dataset."
S1377,Congratulations! Your instant loan of Rs 199 is approved. Pay Rs 499 processing charges to release the funds.,scam,loan_scam,en,Research-backed synthetic,synthetic_research_backed,"unsolicited loan, advance fee, pressure",Do not pay the fee.,1. Do not pay upfront charges. 2. Verify the lender independently. 3. Avoid sharing banking credentials. 4. Report the message.,High,P1,"English dataset row; retained from the finalized 1,500-record ScamShield dataset."
S1378,Please donate Rs 199 for an emergency relief campaign. Transfer to this personal UPI ID today. Immediate action required.,scam,charity_scam,en,Research-backed synthetic,synthetic_research_backed,"emotional appeal, personal payment destination, urgency",Verify the charity and donation channel independently.,1. Do not transfer to an unverified personal account. 2. Check the organization's official website. 3. Donate through verified channels. 4. Report the message.,Medium,P2,"English dataset row; retained from the finalized 1,500-record ScamShield dataset."
S1379,Our crypto trading bot guarantees 30% profit every day. Deposit ₹10000 now to join.,scam,crypto_investment,en,Research-backed synthetic,synthetic_research_backed,"guaranteed returns, crypto solicitation, deposit request",Do not transfer money based on guaranteed-profit claims.,1. Do not transfer money based on guaranteed-profit claims. 2. Verify independently using the official service/authority. 3. Preserve evidence. 4. Report suspected cyber fraud.,Critical,P1,"English dataset row; retained from the finalized 1,500-record ScamShield dataset."
G1380,Your order #401-8246152 from Amazon has been confirmed for delivery. Please keep this for your records.,genuine,ecommerce,en,Research-backed synthetic,synthetic_research_backed,normal ecommerce order confirmation,Check order status in the official store account.,1. Open the official shopping app/site. 2. Verify the order. 3. Contact official support for changes.,Low,P4,"English dataset row; retained from the finalized 1,500-record ScamShield dataset."
G1381,The Cybersecurity assignment deadline is 5 October. Please submit it through the student portal. Please keep this for your records.,genuine,education,en,Research-backed synthetic,synthetic_research_backed,normal educational announcement,Use the official student portal.,1. Check the assignment details. 2. Prepare the submission. 3. Upload through the official portal before the deadline.,Low,P4,"English dataset row; retained from the finalized 1,500-record ScamShield dataset."
S1382,We detected an issue with your Flipkart account. Call +91 9XXXX XXXXX and provide your card details for verification. Do not ignore this message.,scam,customer_support,en,Research-backed synthetic,synthetic_research_backed,"fake support, request for financial data, unsolicited contact",Do not provide card or account details.,1. Do not call the supplied number. 2. Use official support channels. 3. Do not share card/OTP details. 4. Block the sender.,Critical,P1,"English dataset row; retained from the finalized 1,500-record ScamShield dataset."
S1383,Earn ₹10000 daily by completing CAPTCHA tasks. Pay ₹199 registration/software charges to activate your account.,scam,fake_captcha_job,en,Research-backed synthetic,synthetic_research_backed,"upfront fee, unrealistic earnings, fake job platform",Do not pay the registration fee.,1. Do not pay the registration fee. 2. Verify independently using the official service/authority. 3. Preserve evidence. 4. Report suspected cyber fraud.,High,P1,"English dataset row; retained from the finalized 1,500-record ScamShield dataset."
G1384,Please review the latest SupportPilot build before the demo tomorrow. Please keep this for your records.,genuine,work,en,Research-backed synthetic,synthetic_research_backed,ordinary workplace communication,Review the work through the normal project channel.,1. Open the known project workspace. 2. Review the requested item. 3. Reply with feedback.,Low,P4,"English dataset row; retained from the finalized 1,500-record ScamShield dataset."
G1385,Your subscription renews on 5 October for ₹1299.,genuine,subscription,en,Research-backed synthetic,synthetic_research_backed,normal subscription notice,Review the subscription in the official account settings.,1. Review the subscription in the official account settings. 2. Verify the message in the official app/portal if needed. 3. Do not share sensitive information unnecessarily.,Low,P4,"English dataset row; retained from the finalized 1,500-record ScamShield dataset."
G1386,The Live Call Guardian API test report is ready for review. — Customer Notification.,genuine,work,en,Research-backed synthetic,synthetic_research_backed,ordinary workplace communication,Open the report from the known work repository.,1. Verify the project context. 2. Review the report. 3. Share findings through the normal team channel.,Low,P4,"English dataset row; retained from the finalized 1,500-record ScamShield dataset."
G1387,Your verification code for Paytm is Q-183640. Do not share it with anyone.,genuine,otp,en,Research-backed synthetic,synthetic_research_backed,legitimate verification-code notice,Use the code only in the login/verification flow you initiated.,"1. Use the code only on the official service. 2. Never forward the code. 3. If you did not request it, ignore it and review account security.",Low,P4,"English dataset row; retained from the finalized 1,500-record ScamShield dataset."
S1388,Your insurance policy bonus is ready. Pay Rs 299 service charges and send your Aadhaar and bank details to receive it. Act now.,scam,insurance_scam,en,Research-backed synthetic,synthetic_research_backed,"unexpected bonus, advance fee, identity-data request",Do not pay or send identity/bank documents.,1. Do not pay. 2. Contact the insurer through the official website/number. 3. Do not send identity documents. 4. Report the message.,High,P1,"English dataset row; retained from the finalized 1,500-record ScamShield dataset."
G1389,Your mobile plan has 2.8 GB remaining and is valid until 2 October.,genuine,telecom_genuine,en,Research-backed synthetic,synthetic_research_backed,normal telecom usage notice,Check usage in the official provider app.,1. Check usage in the official provider app. 2. Verify the message in the official app/portal if needed. 3. Do not share sensitive information unnecessarily.,Low,P4,"English dataset row; retained from the finalized 1,500-record ScamShield dataset."
G1390,The department seminar on Cloud Computing will be held on 15 October in sample-venue. — Customer Notification.,genuine,college_announcement,en,Research-backed synthetic,synthetic_research_backed,normal institutional announcement,Check the official college communication channel for details.,1. Verify the announcement in the official portal/email. 2. Note the venue and time. 3. Attend if relevant.,Low,P4,"English dataset row; retained from the finalized 1,500-record ScamShield dataset."
S1391,We detected an issue with your WhatsApp account. Call +91 9XXXX XXXXX and provide your card details for verification.,scam,customer_support,en,Research-backed synthetic,synthetic_research_backed,"fake support, request for financial data, unsolicited contact",Do not provide card or account details.,1. Do not call the supplied number. 2. Use official support channels. 3. Do not share card/OTP details. 4. Block the sender.,Critical,P1,"English dataset row; retained from the finalized 1,500-record ScamShield dataset."
G1392,Reminder: your dentist appointment is scheduled for 10 October at 4:30 PM. — Customer Notification.,genuine,appointment,en,Research-backed synthetic,synthetic_research_backed,normal appointment reminder,Confirm or reschedule through the official provider if necessary.,1. Check the appointment details. 2. Add it to your calendar. 3. Use the provider's official contact channel for changes.,Low,P4,"English dataset row; retained from the finalized 1,500-record ScamShield dataset."
G1393,Your subscription renews on 30 September for ₹1299.,genuine,subscription,en,Research-backed synthetic,synthetic_research_backed,normal subscription notice,Review the subscription in the official account settings.,1. Review the subscription in the official account settings. 2. Verify the message in the official app/portal if needed. 3. Do not share sensitive information unnecessarily.,Low,P4,"English dataset row; retained from the finalized 1,500-record ScamShield dataset."
S1394,You have been selected for a work-from-home ML Intern paying Rs 4999 per day. Pay Rs 1499 as registration before joining.,scam,job_scam,en,Research-backed synthetic,synthetic_research_backed,"unrealistic earnings, upfront fee, unsolicited job",Do not pay the registration fee.,1. Do not pay. 2. Verify the employer independently. 3. Do not share identity/banking documents. 4. Block and report the sender.,High,P1,"English dataset row; retained from the finalized 1,500-record ScamShield dataset."
G1395,Reminder from KIMS: your dentist appointment is booked for 15 October at 6:00 PM. Please keep this for your records.,genuine,healthcare,en,Research-backed synthetic,synthetic_research_backed,normal healthcare reminder,Use the clinic's official contact details for changes.,1. Verify the appointment in the clinic system. 2. Add it to your calendar. 3. Contact the clinic through its official number if needed.,Low,P4,"English dataset row; retained from the finalized 1,500-record ScamShield dataset."
S1396,You have been selected for a work-from-home Data Analyst paying Rs 4999 per day. Pay Rs 999 as registration before joining. Do not ignore this message.,scam,job_scam,en,Research-backed synthetic,synthetic_research_backed,"unrealistic earnings, upfront fee, unsolicited job",Do not pay the registration fee.,1. Do not pay. 2. Verify the employer independently. 3. Do not share identity/banking documents. 4. Block and report the sender.,High,P1,"English dataset row; retained from the finalized 1,500-record ScamShield dataset."
G1397,Your electricity bill of Rs 499 is due on 10 October. Please pay through the official utility portal.,genuine,utility_genuine,en,Research-backed synthetic,synthetic_research_backed,normal utility bill reminder,Use the official utility website/app.,1. Verify the bill in the official portal. 2. Check the due date and amount. 3. Pay only through the official channel.,Low,P4,"English dataset row; retained from the finalized 1,500-record ScamShield dataset."
G1398,Your Instagram subscription renews on 10 October for Rs 4999. — Customer Notification.,genuine,subscription,en,Research-backed synthetic,synthetic_research_backed,normal subscription notice,Review the subscription in the official account settings.,1. Check the subscription details. 2. Confirm the renewal amount. 3. Cancel only through the official account if desired.,Low,P4,"English dataset row; retained from the finalized 1,500-record ScamShield dataset."
G1399,Reminder from local health clinic: your doctor consultation is booked for 10 October at 9:30 AM. Please keep this for your records.,genuine,healthcare,en,Research-backed synthetic,synthetic_research_backed,normal healthcare reminder,Use the clinic's official contact details for changes.,1. Verify the appointment in the clinic system. 2. Add it to your calendar. 3. Contact the clinic through its official number if needed.,Low,P4,"English dataset row; retained from the finalized 1,500-record ScamShield dataset."
S1400,Our AI trading group guarantees 10% daily profit. Deposit Rs 799 today to activate your account. Immediate action required.,scam,investment_scam,en,Research-backed synthetic,synthetic_research_backed,"guaranteed returns, investment pressure, deposit request",Do not transfer money based on the message.,1. Do not deposit funds. 2. Verify the company independently. 3. Check regulatory status where applicable. 4. Report the solicitation.,Critical,P1,"English dataset row; retained from the finalized 1,500-record ScamShield dataset."
S1401,Your Instagram account has been locked. Verify your identity now at http://secure-update.invalid to avoid permanent closure. Act now.,scam,phishing,en,Research-backed synthetic,synthetic_research_backed,"account threat, urgency, suspicious URL, credential harvesting",Do not click the link.,1. Do not open the URL. 2. Visit the service by typing its official address. 3. Change credentials if exposed. 4. Report the message.,High,P1,"English dataset row; retained from the finalized 1,500-record ScamShield dataset."
S1402,Your WhatsApp account has been locked. Verify your identity now at http://secure-update.invalid to avoid permanent closure. Do not ignore this message.,scam,phishing,en,Research-backed synthetic,synthetic_research_backed,"account threat, urgency, suspicious URL, credential harvesting",Do not click the link.,1. Do not open the URL. 2. Visit the service by typing its official address. 3. Change credentials if exposed. 4. Report the message.,High,P1,"English dataset row; retained from the finalized 1,500-record ScamShield dataset."
S1403,Urgent: your Canara Bank account will be blocked today because PAN/KYC is incomplete. Click http://secure-update.invalid to update now. Do not ignore this message.,scam,bank_kyc,en,Research-backed synthetic,synthetic_research_backed,"bank impersonation, urgency, suspicious URL, KYC request",Do not click the link or share banking credentials.,1. Do not click the link. 2. Open the bank's official app/site manually. 3. Verify KYC status. 4. Report the message if fraudulent.,High,P1,"English dataset row; retained from the finalized 1,500-record ScamShield dataset."
G1404,"Hi Kiran, are we still meeting at computer lab around 6:00 PM today? Please keep this for your records.",genuine,personal,en,Research-backed synthetic,synthetic_research_backed,ordinary personal communication,Reply through the normal conversation channel.,1. Check your plans. 2. Reply to the sender. 3. Do not take any financial action based only on this message.,Low,P4,"English dataset row; retained from the finalized 1,500-record ScamShield dataset."
G1405,Your electricity bill of Rs 2499 is due on 30 September. Please pay through the official utility portal.,genuine,utility_genuine,en,Research-backed synthetic,synthetic_research_backed,normal utility bill reminder,Use the official utility website/app.,1. Verify the bill in the official portal. 2. Check the due date and amount. 3. Pay only through the official channel.,Low,P4,"English dataset row; retained from the finalized 1,500-record ScamShield dataset."
S1406,Urgent: your HDFC Bank account will be blocked today because PAN/KYC is incomplete. Click http://secure-update.invalid to update now. Immediate action required.,scam,bank_kyc,en,Research-backed synthetic,synthetic_research_backed,"bank impersonation, urgency, suspicious URL, KYC request",Do not click the link or share banking credentials.,1. Do not click the link. 2. Open the bank's official app/site manually. 3. Verify KYC status. 4. Report the message if fraudulent.,High,P1,"English dataset row; retained from the finalized 1,500-record ScamShield dataset."
S1407,I need urgent financial help for a family emergency. Please send Rs 1299 today and I will return it next week. Act now.,scam,romance_scam,en,Research-backed synthetic,synthetic_research_backed,"emotional pressure, urgent money request, unverifiable emergency",Verify the person's identity and situation independently before sending money.,1. Do not transfer money immediately. 2. Verify identity using another channel. 3. Discuss with someone you trust. 4. Report if fraudulent.,High,P2,"English dataset row; retained from the finalized 1,500-record ScamShield dataset."
G1408,Your Blue Dart order #404-7319056 has shipped and is expected to arrive on 5 October. — Customer Notification.,genuine,delivery,en,Research-backed synthetic,synthetic_research_backed,normal delivery update,Track through the official retailer/carrier app if needed.,1. Open the official app if tracking is required. 2. Check the order number. 3. No payment is required unless shown in the official order flow.,Low,P4,"English dataset row; retained from the finalized 1,500-record ScamShield dataset."
G1409,"Hi Ravi, are we still meeting at main gate around 10:00 AM today? Thank you.",genuine,personal,en,Research-backed synthetic,synthetic_research_backed,ordinary personal communication,Reply through the normal conversation channel.,1. Check your plans. 2. Reply to the sender. 3. Do not take any financial action based only on this message.,Low,P4,"English dataset row; retained from the finalized 1,500-record ScamShield dataset."
S1410,We detected an issue with your WhatsApp account. Call +91 9XXXX XXXXX and provide your card details for verification. Act now.,scam,customer_support,en,Research-backed synthetic,synthetic_research_backed,"fake support, request for financial data, unsolicited contact",Do not provide card or account details.,1. Do not call the supplied number. 2. Use official support channels. 3. Do not share card/OTP details. 4. Block the sender.,Critical,P1,"English dataset row; retained from the finalized 1,500-record ScamShield dataset."
G1411,Your DTDC order #402-1937460 has shipped and is expected to arrive on 10 October. Please keep this for your records.,genuine,delivery,en,Research-backed synthetic,synthetic_research_backed,normal delivery update,Track through the official retailer/carrier app if needed.,1. Open the official app if tracking is required. 2. Check the order number. 3. No payment is required unless shown in the official order flow.,Low,P4,"English dataset row; retained from the finalized 1,500-record ScamShield dataset."
S1412,This is the CBI. Your Aadhaar is linked to a money laundering case. Do not disconnect or you will be digitally arrested.,scam,digital_arrest,en,User-provided reference file,user_reference,"law enforcement impersonation, threat, urgency",Disconnect immediately,Verify through an official channel; follow the expected action above.,High,P1,"English dataset row; retained from the finalized 1,500-record ScamShield dataset."
S1413,Congratulations! Your instant loan of Rs 499 is approved. Pay Rs 299 processing charges to release the funds. Do not ignore this message.,scam,loan_scam,en,Research-backed synthetic,synthetic_research_backed,"unsolicited loan, advance fee, pressure",Do not pay the fee.,1. Do not pay upfront charges. 2. Verify the lender independently. 3. Avoid sharing banking credentials. 4. Report the message.,High,P1,"English dataset row; retained from the finalized 1,500-record ScamShield dataset."
S1414,"Dear Customer, your SBI PAN is not updated. Your account will be blocked today. Click to update: http://sbi-kyc-update-portal.com",scam,bank_kyc,en,User-provided reference file,user_reference,"urgency, suspicious URL, bank impersonation",Do not click link,Verify through an official channel; follow the expected action above.,High,P1,"English dataset row; retained from the finalized 1,500-record ScamShield dataset."
G1415,The department seminar on Data Analytics will be held on 20 October in sample-venue. Please keep this for your records.,genuine,college_announcement,en,Research-backed synthetic,synthetic_research_backed,normal institutional announcement,Check the official college communication channel for details.,1. Verify the announcement in the official portal/email. 2. Note the venue and time. 3. Attend if relevant.,Low,P4,"English dataset row; retained from the finalized 1,500-record ScamShield dataset."
G1416,Your Amazon Logistics order #403-5820147 has shipped and is expected to arrive on 30 September.,genuine,delivery,en,Research-backed synthetic,synthetic_research_backed,normal delivery update,Track through the official retailer/carrier app if needed.,1. Open the official app if tracking is required. 2. Check the order number. 3. No payment is required unless shown in the official order flow.,Low,P4,"English dataset row; retained from the finalized 1,500-record ScamShield dataset."
S1417,I need urgent financial help for a family emergency. Please send Rs 799 today and I will return it next week. Do not ignore this message.,scam,romance_scam,en,Research-backed synthetic,synthetic_research_backed,"emotional pressure, urgent money request, unverifiable emergency",Verify the person's identity and situation independently before sending money.,1. Do not transfer money immediately. 2. Verify identity using another channel. 3. Discuss with someone you trust. 4. Report if fraudulent.,High,P2,"English dataset row; retained from the finalized 1,500-record ScamShield dataset."
S1418,Your Instagram account has been locked. Verify your identity now at http://account-check.invalid to avoid permanent closure.,scam,phishing,en,Research-backed synthetic,synthetic_research_backed,"account threat, urgency, suspicious URL, credential harvesting",Do not click the link.,1. Do not open the URL. 2. Visit the service by typing its official address. 3. Change credentials if exposed. 4. Report the message.,High,P1,"English dataset row; retained from the finalized 1,500-record ScamShield dataset."
S1419,Congratulations! You won Rs 2499 in a lucky draw. Pay Rs 499 tax/processing charges to claim your prize. Do not ignore this message.,scam,lottery,en,Research-backed synthetic,synthetic_research_backed,"unexpected prize, upfront payment, lottery claim",Do not pay the fee.,1. Do not send money. 2. Do not share financial details. 3. Block the sender. 4. Report the message.,High,P1,"English dataset row; retained from the finalized 1,500-record ScamShield dataset."
G1420,Your India Post order #401-8246152 has shipped and is expected to arrive on 10 October. — Customer Notification.,genuine,delivery,en,Research-backed synthetic,synthetic_research_backed,normal delivery update,Track through the official retailer/carrier app if needed.,1. Open the official app if tracking is required. 2. Check the order number. 3. No payment is required unless shown in the official order flow.,Low,P4,"English dataset row; retained from the finalized 1,500-record ScamShield dataset."
S1421,"Hi, I lost my phone and need you to urgently transfer Rs 249 to this new account. Please don't call. Act now.",scam,impersonation,en,Research-backed synthetic,synthetic_research_backed,"impersonation, money request, urgency, discouraging verification",Verify the person's identity through an independent channel before any payment.,1. Do not transfer money. 2. Call the person using a known number. 3. Confirm the request independently. 4. Report if fraudulent.,High,P1,"English dataset row; retained from the finalized 1,500-record ScamShield dataset."
S1422,Congratulations! Your instant loan of Rs 799 is approved. Pay Rs 999 processing charges to release the funds. Immediate action required.,scam,loan_scam,en,Research-backed synthetic,synthetic_research_backed,"unsolicited loan, advance fee, pressure",Do not pay the fee.,1. Do not pay upfront charges. 2. Verify the lender independently. 3. Avoid sharing banking credentials. 4. Report the message.,High,P1,"English dataset row; retained from the finalized 1,500-record ScamShield dataset."
G1423,Your Amazon payment of Rs 499 was processed successfully. — Customer Notification.,genuine,transaction,en,Research-backed synthetic,synthetic_research_backed,normal transaction notification,Verify the transaction in the official app or bank statement.,1. Check the transaction in the official app. 2. Confirm the amount and merchant. 3. Keep the receipt if needed.,Low,P4,"English dataset row; retained from the finalized 1,500-record ScamShield dataset."
G1424,Your application for the Frontend Developer position has moved to the next stage. Please check the company careers portal. Please keep this for your records.,genuine,job_genuine,en,Research-backed synthetic,synthetic_research_backed,normal recruitment communication,Access the known company careers portal directly.,1. Open the company website manually. 2. Check application status. 3. Follow the official recruitment process.,Low,P4,"English dataset row; retained from the finalized 1,500-record ScamShield dataset."
G1425,Reminder from CARE Hospital: your lab appointment is booked for 20 October at 6:00 PM. — Customer Notification.,genuine,healthcare,en,Research-backed synthetic,synthetic_research_backed,normal healthcare reminder,Use the clinic's official contact details for changes.,1. Verify the appointment in the clinic system. 2. Add it to your calendar. 3. Contact the clinic through its official number if needed.,Low,P4,"English dataset row; retained from the finalized 1,500-record ScamShield dataset."
S1426,Our AI trading group guarantees 30% daily profit. Deposit Rs 199 today to activate your account. Do not ignore this message.,scam,investment_scam,en,Research-backed synthetic,synthetic_research_backed,"guaranteed returns, investment pressure, deposit request",Do not transfer money based on the message.,1. Do not deposit funds. 2. Verify the company independently. 3. Check regulatory status where applicable. 4. Report the solicitation.,Critical,P1,"English dataset row; retained from the finalized 1,500-record ScamShield dataset."
G1427,Rs 799 was spent at Swiggy using your credit card. — Customer Notification.,genuine,transaction,en,Research-backed synthetic,synthetic_research_backed,normal transaction notification,Verify the transaction in the official banking/payment app.,1. Open the official banking app. 2. Confirm the transaction. 3. Contact the bank only if it is unrecognized.,Low,P4,"English dataset row; retained from the finalized 1,500-record ScamShield dataset."
G1428,The ScamShield API test report is ready for review. — Customer Notification.,genuine,work,en,Research-backed synthetic,synthetic_research_backed,ordinary workplace communication,Open the report from the known work repository.,1. Verify the project context. 2. Review the report. 3. Share findings through the normal team channel.,Low,P4,"English dataset row; retained from the finalized 1,500-record ScamShield dataset."
G1429,Your order #404-7319056 from Croma has been confirmed for delivery. Thank you.,genuine,ecommerce,en,Research-backed synthetic,synthetic_research_backed,normal ecommerce order confirmation,Check order status in the official store account.,1. Open the official shopping app/site. 2. Verify the order. 3. Contact official support for changes.,Low,P4,"English dataset row; retained from the finalized 1,500-record ScamShield dataset."
G1430,Your service request TKT-77104 has been completed. Please review the update in the official portal. — Customer Notification.,genuine,service_update,en,Research-backed synthetic,synthetic_research_backed,normal service update,Review the request through the official portal.,1. Open the official portal directly. 2. Check the request status. 3. Contact official support if the result is incorrect.,Low,P4,"English dataset row; retained from the finalized 1,500-record ScamShield dataset."
S1431,Congratulations! Your instant loan of Rs 4999 is approved. Pay Rs 1499 processing charges to release the funds. Act now.,scam,loan_scam,en,Research-backed synthetic,synthetic_research_backed,"unsolicited loan, advance fee, pressure",Do not pay the fee.,1. Do not pay upfront charges. 2. Verify the lender independently. 3. Avoid sharing banking credentials. 4. Report the message.,High,P1,"English dataset row; retained from the finalized 1,500-record ScamShield dataset."
G1432,Delivery update: Blue Dart will attempt delivery of order #404-7319056 today. — Customer Notification.,genuine,delivery,en,Research-backed synthetic,synthetic_research_backed,normal delivery update,Use the official tracking page or app.,1. Check official tracking. 2. Keep the delivery address accessible. 3. Contact the retailer through official support if there is a problem.,Low,P4,"English dataset row; retained from the finalized 1,500-record ScamShield dataset."
G1433,Can you bring the book when you come to office?,genuine,personal,en,Research-backed synthetic,synthetic_research_backed,ordinary personal communication,Reply normally if the request is expected.,1. Confirm the context. 2. Reply normally. 3. Ignore if the sender is unknown.,Low,P4,"English dataset row; retained from the finalized 1,500-record ScamShield dataset."
G1434,Your Air India booking AI7K2P is confirmed for 30 September. — Customer Notification.,genuine,travel,en,Research-backed synthetic,synthetic_research_backed,normal travel confirmation,Check the booking in the official airline/travel app.,1. Open the official travel account. 2. Verify the booking reference. 3. Check schedule changes through the official channel.,Low,P4,"English dataset row; retained from the finalized 1,500-record ScamShield dataset."
S1435,Please donate Rs 799 for an emergency relief campaign. Transfer to this personal UPI ID today. Act now.,scam,charity_scam,en,Research-backed synthetic,synthetic_research_backed,"emotional appeal, personal payment destination, urgency",Verify the charity and donation channel independently.,1. Do not transfer to an unverified personal account. 2. Check the organization's official website. 3. Donate through verified channels. 4. Report the message.,Medium,P2,"English dataset row; retained from the finalized 1,500-record ScamShield dataset."
G1436,Your WhatsApp subscription renews on 30 September for Rs 2499. Please keep this for your records.,genuine,subscription,en,Research-backed synthetic,synthetic_research_backed,normal subscription notice,Review the subscription in the official account settings.,1. Check the subscription details. 2. Confirm the renewal amount. 3. Cancel only through the official account if desired.,Low,P4,"English dataset row; retained from the finalized 1,500-record ScamShield dataset."
G1437,Your Air India booking H9P3ZA is confirmed for 2 October. Please keep this for your records.,genuine,travel,en,Research-backed synthetic,synthetic_research_backed,normal travel confirmation,Check the booking in the official airline/travel app.,1. Open the official travel account. 2. Verify the booking reference. 3. Check schedule changes through the official channel.,Low,P4,"English dataset row; retained from the finalized 1,500-record ScamShield dataset."
G1438,Instagram verification code M-562901 है। इसे किसी के साथ साझा न करें। Thank you.,genuine,otp,en,Research-backed synthetic,synthetic_research_backed,legitimate verification-code notice,Use only for the verification you initiated.,1. कोड केवल आधिकारिक स्क्रीन पर दर्ज करें। 2. किसी को न बताएं। 3. अनचाहा कोड हो तो पासवर्ड/सुरक्षा जांचें।,Low,P4,"English dataset row; retained from the finalized 1,500-record ScamShield dataset."
G1439,The Data Analytics assignment deadline is 5 October. Please submit it through the student portal.,genuine,education,en,Research-backed synthetic,synthetic_research_backed,normal educational announcement,Use the official student portal.,1. Check the assignment details. 2. Prepare the submission. 3. Upload through the official portal before the deadline.,Low,P4,"English dataset row; retained from the finalized 1,500-record ScamShield dataset."
S1440,You have been selected for a work-from-home ML Intern paying Rs 499 per day. Pay Rs 1499 as registration before joining.,scam,job_scam,en,Research-backed synthetic,synthetic_research_backed,"unrealistic earnings, upfront fee, unsolicited job",Do not pay the registration fee.,1. Do not pay. 2. Verify the employer independently. 3. Do not share identity/banking documents. 4. Block and report the sender.,High,P1,"English dataset row; retained from the finalized 1,500-record ScamShield dataset."
G1441,Paytm verification code G-481205 है। इसे किसी के साथ साझा न करें। — Customer Notification.,genuine,otp,en,Research-backed synthetic,synthetic_research_backed,legitimate verification-code notice,Use only for the verification you initiated.,1. कोड केवल आधिकारिक स्क्रीन पर दर्ज करें। 2. किसी को न बताएं। 3. अनचाहा कोड हो तो पासवर्ड/सुरक्षा जांचें।,Low,P4,"English dataset row; retained from the finalized 1,500-record ScamShield dataset."
S1442,Congratulations! You won Rs 2499 in a lucky draw. Pay Rs 499 tax/processing charges to claim your prize.,scam,lottery,en,Research-backed synthetic,synthetic_research_backed,"unexpected prize, upfront payment, lottery claim",Do not pay the fee.,1. Do not send money. 2. Do not share financial details. 3. Block the sender. 4. Report the message.,High,P1,"English dataset row; retained from the finalized 1,500-record ScamShield dataset."
S1443,Congratulations! Your instant loan of Rs 799 is approved. Pay Rs 199 processing charges to release the funds. Immediate action required.,scam,loan_scam,en,Research-backed synthetic,synthetic_research_backed,"unsolicited loan, advance fee, pressure",Do not pay the fee.,1. Do not pay upfront charges. 2. Verify the lender independently. 3. Avoid sharing banking credentials. 4. Report the message.,High,P1,"English dataset row; retained from the finalized 1,500-record ScamShield dataset."
S1444,Earn ₹5000 daily by completing CAPTCHA tasks. Pay ₹999 registration/software charges to activate your account.,scam,fake_captcha_job,en,Research-backed synthetic,synthetic_research_backed,"upfront fee, unrealistic earnings, fake job platform",Do not pay the registration fee.,1. Do not pay the registration fee. 2. Verify independently using the official service/authority. 3. Preserve evidence. 4. Report suspected cyber fraud.,High,P1,"English dataset row; retained from the finalized 1,500-record ScamShield dataset."
S1445,Congratulations! You won Rs 799 in a lucky draw. Pay Rs 499 tax/processing charges to claim your prize. Immediate action required.,scam,lottery,en,Research-backed synthetic,synthetic_research_backed,"unexpected prize, upfront payment, lottery claim",Do not pay the fee.,1. Do not send money. 2. Do not share financial details. 3. Block the sender. 4. Report the message.,High,P1,"English dataset row; retained from the finalized 1,500-record ScamShield dataset."
S1446,Our AI trading group guarantees 5% daily profit. Deposit Rs 199 today to activate your account. Act now.,scam,investment_scam,en,Research-backed synthetic,synthetic_research_backed,"guaranteed returns, investment pressure, deposit request",Do not transfer money based on the message.,1. Do not deposit funds. 2. Verify the company independently. 3. Check regulatory status where applicable. 4. Report the solicitation.,Critical,P1,"English dataset row; retained from the finalized 1,500-record ScamShield dataset."
G1447,Your bank statement for account ending 5730 is now available in online banking. Please keep this for your records.,genuine,banking_genuine,en,Research-backed synthetic,synthetic_research_backed,normal banking notification,Open the bank's official app or website.,1. Sign in through the official app/site. 2. Review the statement. 3. Never use links from unexpected messages to sign in.,Low,P4,"English dataset row; retained from the finalized 1,500-record ScamShield dataset."
G1448,The MediSync API test report is ready for review.,genuine,work,en,Research-backed synthetic,synthetic_research_backed,ordinary workplace communication,Open the report from the known work repository.,1. Verify the project context. 2. Review the report. 3. Share findings through the normal team channel.,Low,P4,"English dataset row; retained from the finalized 1,500-record ScamShield dataset."
S1449,We detected an issue with your Google account. Call +91 9XXXX XXXXX and provide your card details for verification.,scam,customer_support,en,Research-backed synthetic,synthetic_research_backed,"fake support, request for financial data, unsolicited contact",Do not provide card or account details.,1. Do not call the supplied number. 2. Use official support channels. 3. Do not share card/OTP details. 4. Block the sender.,Critical,P1,"English dataset row; retained from the finalized 1,500-record ScamShield dataset."
S1450,Your computer has a critical virus. Call our support number immediately and install this remote-access application. Do not ignore this message.,scam,tech_support,en,Research-backed synthetic,synthetic_research_backed,"fake technical support, remote-access request, urgency",Do not install remote-access software or call the supplied number.,1. Disconnect from the conversation. 2. Do not install unknown software. 3. Use trusted security tools. 4. Contact the vendor through official support.,Critical,P1,"English dataset row; retained from the finalized 1,500-record ScamShield dataset."
G1451,Amazon verification code A-739214 है। इसे किसी के साथ साझा न करें।,genuine,otp,en,Research-backed synthetic,synthetic_research_backed,legitimate verification-code notice,Use only for the verification you initiated.,1. कोड केवल आधिकारिक स्क्रीन पर दर्ज करें। 2. किसी को न बताएं। 3. अनचाहा कोड हो तो पासवर्ड/सुरक्षा जांचें।,Low,P4,"English dataset row; retained from the finalized 1,500-record ScamShield dataset."
S1452,Your WhatsApp account has been locked. Verify your identity now at https://example.invalid/verify to avoid permanent closure.,scam,phishing,en,Research-backed synthetic,synthetic_research_backed,"account threat, urgency, suspicious URL, credential harvesting",Do not click the link.,1. Do not open the URL. 2. Visit the service by typing its official address. 3. Change credentials if exposed. 4. Report the message.,High,P1,"English dataset row; retained from the finalized 1,500-record ScamShield dataset."
G1453,Your registration for placement orientation is confirmed. The event begins at 2:00 PM on 5 October. Thank you.,genuine,event,en,Research-backed synthetic,synthetic_research_backed,normal event confirmation,Check the registration in the official event account/email.,1. Verify registration details. 2. Save the event information. 3. Use the organizer's official contact channel for changes.,Low,P4,"English dataset row; retained from the finalized 1,500-record ScamShield dataset."
S1454,Congratulations! You won Rs 199 in a lucky draw. Pay Rs 199 tax/processing charges to claim your prize. Immediate action required.,scam,lottery,en,Research-backed synthetic,synthetic_research_backed,"unexpected prize, upfront payment, lottery claim",Do not pay the fee.,1. Do not send money. 2. Do not share financial details. 3. Block the sender. 4. Report the message.,High,P1,"English dataset row; retained from the finalized 1,500-record ScamShield dataset."
G1455,Your subscription to Instagram has been renewed successfully. Thank you.,genuine,subscription,en,Research-backed synthetic,synthetic_research_backed,normal subscription notice,Verify the renewal in the official account.,1. Open the official service app. 2. Check billing history. 3. Contact official support if the charge is unfamiliar.,Low,P4,"English dataset row; retained from the finalized 1,500-record ScamShield dataset."
S1456,Your SIM will be disconnected in 2 hours because it was used for illegal activity. Call this number immediately. Do not ignore this message.,scam,telecom_threat,en,Research-backed synthetic,synthetic_research_backed,"telecom impersonation, urgency, threat, callback request",Do not call the supplied number.,1. Do not call the supplied number. 2. Check account status in the official telecom app. 3. Contact official support. 4. Report the message.,High,P1,"English dataset row; retained from the finalized 1,500-record ScamShield dataset."
G1457,याद दिलाया जाता है कि आपकी career counseling session 15 October को 2:00 PM बजे है।,genuine,appointment,en,Research-backed synthetic,synthetic_research_backed,normal appointment reminder,Use the official provider channel for confirmation or changes.,1. समय जांचें। 2. कैलेंडर में सेव करें। 3. बदलाव के लिए आधिकारिक नंबर/पोर्टल इस्तेमाल करें।,Low,P4,"English dataset row; retained from the finalized 1,500-record ScamShield dataset."
G1458,The department seminar on Generative AI will be held on 15 October in sample-venue.,genuine,college_announcement,en,Research-backed synthetic,synthetic_research_backed,normal institutional announcement,Check the official college communication channel for details.,1. Verify the announcement in the official portal/email. 2. Note the venue and time. 3. Attend if relevant.,Low,P4,"English dataset row; retained from the finalized 1,500-record ScamShield dataset."
G1459,Your service request SS-10482 has been completed. Please review the update in the official portal. Thank you.,genuine,service_update,en,Research-backed synthetic,synthetic_research_backed,normal service update,Review the request through the official portal.,1. Open the official portal directly. 2. Check the request status. 3. Contact official support if the result is incorrect.,Low,P4,"English dataset row; retained from the finalized 1,500-record ScamShield dataset."
S1460,I need urgent financial help for a family emergency. Please send Rs 499 today and I will return it next week. Act now.,scam,romance_scam,en,Research-backed synthetic,synthetic_research_backed,"emotional pressure, urgent money request, unverifiable emergency",Verify the person's identity and situation independently before sending money.,1. Do not transfer money immediately. 2. Verify identity using another channel. 3. Discuss with someone you trust. 4. Report if fraudulent.,High,P2,"English dataset row; retained from the finalized 1,500-record ScamShield dataset."
S1461,Your instant loan is approved. Install this APK and pay ₹499 to unlock the disbursement.,scam,fake_loan_app,en,Research-backed synthetic,synthetic_research_backed,"fake loan app, APK, advance fee",Do not install the app or pay the fee.,1. Do not install the app or pay the fee. 2. Verify independently using the official service/authority. 3. Preserve evidence. 4. Report suspected cyber fraud.,Critical,P1,"English dataset row; retained from the finalized 1,500-record ScamShield dataset."
S1462,You have been selected for a work-from-home Data Analyst paying Rs 799 per day. Pay Rs 199 as registration before joining.,scam,job_scam,en,Research-backed synthetic,synthetic_research_backed,"unrealistic earnings, upfront fee, unsolicited job",Do not pay the registration fee.,1. Do not pay. 2. Verify the employer independently. 3. Do not share identity/banking documents. 4. Block and report the sender.,High,P1,"English dataset row; retained from the finalized 1,500-record ScamShield dataset."
G1463,Your BSNL data plan has 800 MB remaining and is valid until 10 October. Please keep this for your records.,genuine,telecom_genuine,en,Research-backed synthetic,synthetic_research_backed,normal telecom usage notice,Check usage in the official telecom app if needed.,1. Open the official provider app. 2. Review plan usage. 3. Recharge only through official channels.,Low,P4,"English dataset row; retained from the finalized 1,500-record ScamShield dataset."
S1464,You have been selected for a work-from-home Frontend Developer paying Rs 2499 per day. Pay Rs 299 as registration before joining. Act now.,scam,job_scam,en,Research-backed synthetic,synthetic_research_backed,"unrealistic earnings, upfront fee, unsolicited job",Do not pay the registration fee.,1. Do not pay. 2. Verify the employer independently. 3. Do not share identity/banking documents. 4. Block and report the sender.,High,P1,"English dataset row; retained from the finalized 1,500-record ScamShield dataset."
S1465,You have been selected for a work-from-home Python Developer paying Rs 799 per day. Pay Rs 199 as registration before joining. Act now.,scam,job_scam,en,Research-backed synthetic,synthetic_research_backed,"unrealistic earnings, upfront fee, unsolicited job",Do not pay the registration fee.,1. Do not pay. 2. Verify the employer independently. 3. Do not share identity/banking documents. 4. Block and report the sender.,High,P1,"English dataset row; retained from the finalized 1,500-record ScamShield dataset."
G1466,Your subscription to WhatsApp has been renewed successfully. — Customer Notification.,genuine,subscription,en,Research-backed synthetic,synthetic_research_backed,normal subscription notice,Verify the renewal in the official account.,1. Open the official service app. 2. Check billing history. 3. Contact official support if the charge is unfamiliar.,Low,P4,"English dataset row; retained from the finalized 1,500-record ScamShield dataset."
S1467,You have been selected for a work-from-home ML Intern paying Rs 249 per day. Pay Rs 299 as registration before joining.,scam,job_scam,en,Research-backed synthetic,synthetic_research_backed,"unrealistic earnings, upfront fee, unsolicited job",Do not pay the registration fee.,1. Do not pay. 2. Verify the employer independently. 3. Do not share identity/banking documents. 4. Block and report the sender.,High,P1,"English dataset row; retained from the finalized 1,500-record ScamShield dataset."
G1468,आपके Flipkart भुगतान का ₹199 का लेनदेन सफल रहा।,genuine,transaction,en,Research-backed synthetic,synthetic_research_backed,normal transaction notification,Verify the transaction through the official app.,1. आधिकारिक ऐप खोलें। 2. लेनदेन की राशि जांचें। 3. अनजान लेनदेन हो तो बैंक से संपर्क करें।,Low,P4,"English dataset row; retained from the finalized 1,500-record ScamShield dataset."
G1469,Your registration for coding contest is confirmed. The event begins at 6:00 PM on 5 October. Please keep this for your records.,genuine,event,en,Research-backed synthetic,synthetic_research_backed,normal event confirmation,Check the registration in the official event account/email.,1. Verify registration details. 2. Save the event information. 3. Use the organizer's official contact channel for changes.,Low,P4,"English dataset row; retained from the finalized 1,500-record ScamShield dataset."
S1470,Your SIM will be disconnected in 3 hours because it was used for illegal activity. Call this number immediately. Act now.,scam,telecom_threat,en,Research-backed synthetic,synthetic_research_backed,"telecom impersonation, urgency, threat, callback request",Do not call the supplied number.,1. Do not call the supplied number. 2. Check account status in the official telecom app. 3. Contact official support. 4. Report the message.,High,P1,"English dataset row; retained from the finalized 1,500-record ScamShield dataset."
S1471,Congratulations! Your instant loan of Rs 2499 is approved. Pay Rs 299 processing charges to release the funds. Act now.,scam,loan_scam,en,Research-backed synthetic,synthetic_research_backed,"unsolicited loan, advance fee, pressure",Do not pay the fee.,1. Do not pay upfront charges. 2. Verify the lender independently. 3. Avoid sharing banking credentials. 4. Report the message.,High,P1,"English dataset row; retained from the finalized 1,500-record ScamShield dataset."
S1472,You have been selected for a work-from-home Data Analyst paying Rs 2499 per day. Pay Rs 499 as registration before joining. Do not ignore this message.,scam,job_scam,en,Research-backed synthetic,synthetic_research_backed,"unrealistic earnings, upfront fee, unsolicited job",Do not pay the registration fee.,1. Do not pay. 2. Verify the employer independently. 3. Do not share identity/banking documents. 4. Block and report the sender.,High,P1,"English dataset row; retained from the finalized 1,500-record ScamShield dataset."
G1473,Can you bring the book when you come to main gate? Please keep this for your records.,genuine,personal,en,Research-backed synthetic,synthetic_research_backed,ordinary personal communication,Reply normally if the request is expected.,1. Confirm the context. 2. Reply normally. 3. Ignore if the sender is unknown.,Low,P4,"English dataset row; retained from the finalized 1,500-record ScamShield dataset."
S1474,Congratulations! Your instant loan of Rs 799 is approved. Pay Rs 299 processing charges to release the funds. Act now.,scam,loan_scam,en,Research-backed synthetic,synthetic_research_backed,"unsolicited loan, advance fee, pressure",Do not pay the fee.,1. Do not pay upfront charges. 2. Verify the lender independently. 3. Avoid sharing banking credentials. 4. Report the message.,High,P1,"English dataset row; retained from the finalized 1,500-record ScamShield dataset."
S1475,Your Amazon account has been locked. Verify your identity now at http://account-check.invalid to avoid permanent closure. Do not ignore this message.,scam,phishing,en,Research-backed synthetic,synthetic_research_backed,"account threat, urgency, suspicious URL, credential harvesting",Do not click the link.,1. Do not open the URL. 2. Visit the service by typing its official address. 3. Change credentials if exposed. 4. Report the message.,High,P1,"English dataset row; retained from the finalized 1,500-record ScamShield dataset."
S1476,Premium apartment available at a very low rent. Send a refundable booking deposit of Rs 1499 before viewing.,scam,rental_scam,en,Research-backed synthetic,synthetic_research_backed,"unusually low price, advance deposit, no viewing",Do not pay a deposit before independently verifying the property and owner.,1. Do not transfer the deposit. 2. Verify ownership/listing independently. 3. Inspect the property. 4. Report suspicious listings.,High,P2,"English dataset row; retained from the finalized 1,500-record ScamShield dataset."
S1477,Your electricity connection will be disconnected tonight unless you pay the pending bill through http://account-check.invalid. Do not ignore this message.,scam,utility_scam,en,Research-backed synthetic,synthetic_research_backed,"utility impersonation, disconnection threat, suspicious URL",Verify the bill through the official utility portal.,1. Do not open the link. 2. Check the official utility account. 3. Pay only through the official portal. 4. Report the message.,High,P1,"English dataset row; retained from the finalized 1,500-record ScamShield dataset."
S1478,Our AI trading group guarantees 5% daily profit. Deposit Rs 2499 today to activate your account. Do not ignore this message.,scam,investment_scam,en,Research-backed synthetic,synthetic_research_backed,"guaranteed returns, investment pressure, deposit request",Do not transfer money based on the message.,1. Do not deposit funds. 2. Verify the company independently. 3. Check regulatory status where applicable. 4. Report the solicitation.,Critical,P1,"English dataset row; retained from the finalized 1,500-record ScamShield dataset."
S1479,"To receive your refund of Rs 2499, scan this QR and enter your UPI PIN. Act now.",scam,upi_qr,en,Research-backed synthetic,synthetic_research_backed,"QR-for-receiving-money, UPI PIN request, refund pretext",Do not scan the QR or enter the UPI PIN.,1. Do not scan the QR. 2. Never enter a UPI PIN to receive money. 3. Verify the refund in the official app. 4. Report the sender.,Critical,P1,"English dataset row; retained from the finalized 1,500-record ScamShield dataset."
G1480,"Hi Priya, are we still meeting at computer lab around 9:30 AM today? — Customer Notification.",genuine,personal,en,Research-backed synthetic,synthetic_research_backed,ordinary personal communication,Reply through the normal conversation channel.,1. Check your plans. 2. Reply to the sender. 3. Do not take any financial action based only on this message.,Low,P4,"English dataset row; retained from the finalized 1,500-record ScamShield dataset."
S1481,Congratulations! Your instant loan of Rs 199 is approved. Pay Rs 499 processing charges to release the funds. Immediate action required.,scam,loan_scam,en,Research-backed synthetic,synthetic_research_backed,"unsolicited loan, advance fee, pressure",Do not pay the fee.,1. Do not pay upfront charges. 2. Verify the lender independently. 3. Avoid sharing banking credentials. 4. Report the message.,High,P1,"English dataset row; retained from the finalized 1,500-record ScamShield dataset."
S1482,"To receive your refund of Rs 199, scan this QR and enter your UPI PIN. Act now.",scam,upi_qr,en,Research-backed synthetic,synthetic_research_backed,"QR-for-receiving-money, UPI PIN request, refund pretext",Do not scan the QR or enter the UPI PIN.,1. Do not scan the QR. 2. Never enter a UPI PIN to receive money. 3. Verify the refund in the official app. 4. Report the sender.,Critical,P1,"English dataset row; retained from the finalized 1,500-record ScamShield dataset."
G1483,Delivery update: DTDC will attempt delivery of order #401-8246152 today. — Customer Notification.,genuine,delivery,en,Research-backed synthetic,synthetic_research_backed,normal delivery update,Use the official tracking page or app.,1. Check official tracking. 2. Keep the delivery address accessible. 3. Contact the retailer through official support if there is a problem.,Low,P4,"English dataset row; retained from the finalized 1,500-record ScamShield dataset."
G1484,Reminder: your lab appointment is scheduled for 5 October at 4:30 PM. — Customer Notification.,genuine,appointment,en,Research-backed synthetic,synthetic_research_backed,normal appointment reminder,Confirm or reschedule through the official provider if necessary.,1. Check the appointment details. 2. Add it to your calendar. 3. Use the provider's official contact channel for changes.,Low,P4,"English dataset row; retained from the finalized 1,500-record ScamShield dataset."
S1485,Urgent: your Axis Bank account will be blocked today because PAN/KYC is incomplete. Click https://example.invalid/verify to update now. Act now.,scam,bank_kyc,en,Research-backed synthetic,synthetic_research_backed,"bank impersonation, urgency, suspicious URL, KYC request",Do not click the link or share banking credentials.,1. Do not click the link. 2. Open the bank's official app/site manually. 3. Verify KYC status. 4. Report the message if fraudulent.,High,P1,"English dataset row; retained from the finalized 1,500-record ScamShield dataset."
S1486,Congratulations! You won Rs 2499 in a lucky draw. Pay Rs 299 tax/processing charges to claim your prize. Do not ignore this message.,scam,lottery,en,Research-backed synthetic,synthetic_research_backed,"unexpected prize, upfront payment, lottery claim",Do not pay the fee.,1. Do not send money. 2. Do not share financial details. 3. Block the sender. 4. Report the message.,High,P1,"English dataset row; retained from the finalized 1,500-record ScamShield dataset."
S1487,Our AI trading group guarantees 30% daily profit. Deposit Rs 2499 today to activate your account. Immediate action required.,scam,investment_scam,en,Research-backed synthetic,synthetic_research_backed,"guaranteed returns, investment pressure, deposit request",Do not transfer money based on the message.,1. Do not deposit funds. 2. Verify the company independently. 3. Check regulatory status where applicable. 4. Report the solicitation.,Critical,P1,"English dataset row; retained from the finalized 1,500-record ScamShield dataset."
G1488,Your Delhivery order #404-7319056 has shipped and is expected to arrive on 5 October.,genuine,delivery,en,Research-backed synthetic,synthetic_research_backed,normal delivery update,Track through the official retailer/carrier app if needed.,1. Open the official app if tracking is required. 2. Check the order number. 3. No payment is required unless shown in the official order flow.,Low,P4,"English dataset row; retained from the finalized 1,500-record ScamShield dataset."
G1489,Your registration for coding contest is confirmed. The event begins at 4:30 PM on 15 October. Thank you.,genuine,event,en,Research-backed synthetic,synthetic_research_backed,normal event confirmation,Check the registration in the official event account/email.,1. Verify registration details. 2. Save the event information. 3. Use the organizer's official contact channel for changes.,Low,P4,"English dataset row; retained from the finalized 1,500-record ScamShield dataset."
S1490,Our AI trading group guarantees 20% daily profit. Deposit Rs 199 today to activate your account. Do not ignore this message.,scam,investment_scam,en,Research-backed synthetic,synthetic_research_backed,"guaranteed returns, investment pressure, deposit request",Do not transfer money based on the message.,1. Do not deposit funds. 2. Verify the company independently. 3. Check regulatory status where applicable. 4. Report the solicitation.,Critical,P1,"English dataset row; retained from the finalized 1,500-record ScamShield dataset."
S1491,You have been selected for a work-from-home ML Intern paying Rs 2499 per day. Pay Rs 199 as registration before joining. Act now.,scam,job_scam,en,Research-backed synthetic,synthetic_research_backed,"unrealistic earnings, upfront fee, unsolicited job",Do not pay the registration fee.,1. Do not pay. 2. Verify the employer independently. 3. Do not share identity/banking documents. 4. Block and report the sender.,High,P1,"English dataset row; retained from the finalized 1,500-record ScamShield dataset."
G1492,Your order #401-8246152 has shipped and is expected to arrive on 15 October.,genuine,delivery,en,Research-backed synthetic,synthetic_research_backed,normal delivery update,Track through the official retailer/carrier app.,1. Track through the official retailer/carrier app. 2. Verify the message in the official app/portal if needed. 3. Do not share sensitive information unnecessarily.,Low,P4,"English dataset row; retained from the finalized 1,500-record ScamShield dataset."
S1493,Please donate Rs 4999 for an emergency relief campaign. Transfer to this personal UPI ID today. Act now.,scam,charity_scam,en,Research-backed synthetic,synthetic_research_backed,"emotional appeal, personal payment destination, urgency",Verify the charity and donation channel independently.,1. Do not transfer to an unverified personal account. 2. Check the organization's official website. 3. Donate through verified channels. 4. Report the message.,Medium,P2,"English dataset row; retained from the finalized 1,500-record ScamShield dataset."
S1494,Your parcel is held because of a Rs 1499 customs/redelivery charge. Pay at http://secure-update.invalid within 2 hours. Immediate action required.,scam,delivery,en,Research-backed synthetic,synthetic_research_backed,"delivery impersonation, small fee, urgency, suspicious URL",Do not pay through the provided link.,1. Do not open the link. 2. Check the order on the official retailer/carrier site. 3. Verify any fee there. 4. Report the SMS.,High,P1,"English dataset row; retained from the finalized 1,500-record ScamShield dataset."
S1495,Exclusive offer from a social-media ad: deposit ₹25000 and get guaranteed returns within 24 hours.,scam,fake_social_media_ad,en,Research-backed synthetic,synthetic_research_backed,"social-media advertisement, guaranteed return, deposit request",Do not transfer money from an unverified advertisement.,1. Do not transfer money from an unverified advertisement. 2. Verify independently using the official service/authority. 3. Preserve evidence. 4. Report suspected cyber fraud.,Critical,P1,"English dataset row; retained from the finalized 1,500-record ScamShield dataset."
S1496,I need urgent financial help for a family emergency. Please send Rs 249 today and I will return it next week. Act now.,scam,romance_scam,en,Research-backed synthetic,synthetic_research_backed,"emotional pressure, urgent money request, unverifiable emergency",Verify the person's identity and situation independently before sending money.,1. Do not transfer money immediately. 2. Verify identity using another channel. 3. Discuss with someone you trust. 4. Report if fraudulent.,High,P2,"English dataset row; retained from the finalized 1,500-record ScamShield dataset."
G1497,The Data Analytics assignment deadline is 20 October. Please submit it through the student portal.,genuine,education,en,Research-backed synthetic,synthetic_research_backed,normal educational announcement,Use the official student portal.,1. Check the assignment details. 2. Prepare the submission. 3. Upload through the official portal before the deadline.,Low,P4,"English dataset row; retained from the finalized 1,500-record ScamShield dataset."
G1498,Your monthly investment statement for retirement fund is available in your official account.,genuine,finance_genuine,en,Research-backed synthetic,synthetic_research_backed,normal financial statement,Review it through the official investment platform.,1. Sign in directly to the known platform. 2. Review the statement. 3. Contact the provider through official channels for discrepancies.,Low,P4,"English dataset row; retained from the finalized 1,500-record ScamShield dataset."
S1499,You have been selected for a work-from-home Java Backend Developer paying Rs 4999 per day. Pay Rs 1499 as registration before joining. Immediate action required.,scam,job_scam,en,Research-backed synthetic,synthetic_research_backed,"unrealistic earnings, upfront fee, unsolicited job",Do not pay the registration fee.,1. Do not pay. 2. Verify the employer independently. 3. Do not share identity/banking documents. 4. Block and report the sender.,High,P1,"English dataset row; retained from the finalized 1,500-record ScamShield dataset."
G1500,Your Jio data plan has 800 MB remaining and is valid until 10 October. Please keep this for your records.,genuine,telecom_genuine,en,Research-backed synthetic,synthetic_research_backed,normal telecom usage notice,Check usage in the official telecom app if needed.,1. Open the official provider app. 2. Review plan usage. 3. Recharge only through official channels.,Low,P4,"English dataset row; retained from the finalized 1,500-record ScamShield dataset."
HI-S0001,"CAPTCHA भरकर रोज़ ₹10,000 कमाएं। अकाउंट सक्रिय करने के लिए ₹1,999 शुल्क दें।",scam,fake_captcha_job,hi,Research-backed synthetic multilingual,synthetic_research_backed,"फर्जी CAPTCHA नौकरी, अग्रिम शुल्क, अवास्तविक कमाई",शुल्क न दें और नौकरी की स्वतंत्र जांच करें।,1. शुल्क न दें और नौकरी की स्वतंत्र जांच करें। 2. आधिकारिक चैनल से स्वतंत्र रूप से सत्यापन करें। 3. संदिग्ध होने पर संदेश/नंबर की रिपोर्ट करें।,High,P1,Hindi synthetic/adapted example; not claimed as verbatim real-world data.
HI-S0002,"मैं नया नंबर इस्तेमाल कर रहा हूं। बहुत जरूरी है, मुझे ₹2,499 अभी ट्रांसफर कर दो। मुझे कॉल मत करना।",scam,impersonation,hi,Research-backed synthetic multilingual,synthetic_research_backed,"व्यक्ति प्रतिरूपण, पैसे की मांग, सत्यापन रोकना",पैसे भेजने से पहले ज्ञात नंबर पर व्यक्ति की पहचान सत्यापित करें।,1. पैसे भेजने से पहले ज्ञात नंबर पर व्यक्ति की पहचान सत्यापित करें। 2. आधिकारिक चैनल से स्वतंत्र रूप से सत्यापन करें। 3. संदिग्ध होने पर संदेश/नंबर की रिपोर्ट करें।,High,P1,Hindi synthetic/adapted example; not claimed as verbatim real-world data.
HI-S0003,आपका SIM अपग्रेड लंबित है। नंबर बंद होने से बचाने के लिए OTP साझा करें।,scam,sim_swap,hi,Research-backed synthetic multilingual,synthetic_research_backed,"SIM स्वैप बहाना, OTP अनुरोध, धमकी",OTP साझा न करें; टेलीकॉम कंपनी से आधिकारिक चैनल पर संपर्क करें।,1. OTP साझा न करें; टेलीकॉम कंपनी से आधिकारिक चैनल पर संपर्क करें। 2. आधिकारिक चैनल से स्वतंत्र रूप से सत्यापन करें। 3. संदिग्ध होने पर संदेश/नंबर की रिपोर्ट करें।,Critical,P1,Hindi synthetic/adapted example; not claimed as verbatim real-world data.
HI-S0004,आपका खाता बंद होने वाला है। सत्यापन के लिए अभी प्राप्त OTP हमें भेजें।,scam,otp,hi,Research-backed synthetic multilingual,synthetic_research_backed,"OTP अनुरोध, डर/धमकी, तात्कालिकता",OTP साझा न करें।,1. OTP साझा न करें। 2. आधिकारिक चैनल से स्वतंत्र रूप से सत्यापन करें। 3. संदिग्ध होने पर संदेश/नंबर की रिपोर्ट करें।,Critical,P1,Hindi synthetic/adapted example; not claimed as verbatim real-world data.
HI-S0005,आपका ₹499 का इंस्टेंट लोन स्वीकृत है। राशि जारी कराने के लिए ₹199 प्रोसेसिंग शुल्क दें।,scam,loan_scam,hi,Research-backed synthetic multilingual,synthetic_research_backed,"फर्जी लोन, अग्रिम शुल्क, वित्तीय दबाव",शुल्क न दें और ऋणदाता की आधिकारिक जानकारी जांचें।,1. शुल्क न दें और ऋणदाता की आधिकारिक जानकारी जांचें। 2. आधिकारिक चैनल से स्वतंत्र रूप से सत्यापन करें। 3. संदिग्ध होने पर संदेश/नंबर की रिपोर्ट करें।,High,P1,Hindi synthetic/adapted example; not claimed as verbatim real-world data.
HI-S0006,"आपका आधार अवैध गतिविधि से जुड़ा है। पुलिस जांच चल रही है। कॉल न काटें, वरना डिजिटल अरेस्ट किया जाएगा।",scam,digital_arrest,hi,Research-backed synthetic multilingual,synthetic_research_backed,"कानून-प्रवर्तन प्रतिरूपण, धमकी, डर पैदा करना",कॉल काटें और आधिकारिक नंबर से संबंधित प्राधिकरण से सत्यापन करें।,1. कॉल काटें और आधिकारिक नंबर से संबंधित प्राधिकरण से सत्यापन करें। 2. आधिकारिक चैनल से स्वतंत्र रूप से सत्यापन करें। 3. संदिग्ध होने पर संदेश/नंबर की रिपोर्ट करें।,Critical,P1,Hindi synthetic/adapted example; not claimed as verbatim real-world data.
HI-S0007,"आपका इंस्टेंट लोन स्वीकृत है। ऐप डाउनलोड करें और ₹4,999 देकर लोन जारी करवाएं।",scam,fake_loan_app,hi,Research-backed synthetic multilingual,synthetic_research_backed,"फर्जी लोन ऐप, ऐप इंस्टॉलेशन, अग्रिम शुल्क",अज्ञात ऐप इंस्टॉल न करें और शुल्क न दें।,1. अज्ञात ऐप इंस्टॉल न करें और शुल्क न दें। 2. आधिकारिक चैनल से स्वतंत्र रूप से सत्यापन करें। 3. संदिग्ध होने पर संदेश/नंबर की रिपोर्ट करें।,Critical,P1,Hindi synthetic/adapted example; not claimed as verbatim real-world data.
HI-S0008,आपका Flipkart अकाउंट लॉक हो गया है। इसे बंद होने से बचाने के लिए http://verify-account.invalid पर लॉगिन करें।,scam,phishing,hi,Research-backed synthetic multilingual,synthetic_research_backed,"फिशिंग लिंक, अकाउंट लॉक होने की धमकी, लॉगिन विवरण मांगना",लिंक न खोलें; आधिकारिक ऐप से अकाउंट जांचें।,1. लिंक न खोलें; आधिकारिक ऐप से अकाउंट जांचें। 2. आधिकारिक चैनल से स्वतंत्र रूप से सत्यापन करें। 3. संदिग्ध होने पर संदेश/नंबर की रिपोर्ट करें।,High,P1,Hindi synthetic/adapted example; not claimed as verbatim real-world data.
HI-S0009,₹499 का रिफंड पाने के लिए यह QR कोड स्कैन करें और UPI PIN डालें।,scam,upi_qr,hi,Research-backed synthetic multilingual,synthetic_research_backed,"QR के जरिए भुगतान, UPI PIN अनुरोध, रिफंड बहाना",QR स्कैन न करें और UPI PIN न डालें।,1. QR स्कैन न करें और UPI PIN न डालें। 2. आधिकारिक चैनल से स्वतंत्र रूप से सत्यापन करें। 3. संदिग्ध होने पर संदेश/नंबर की रिपोर्ट करें।,Critical,P1,Hindi synthetic/adapted example; not claimed as verbatim real-world data.
HI-S0010,आपका ₹999 रिफंड लंबित है। इसे जारी करने के लिए कार्ड नंबर और OTP भेजें।,scam,fake_refund,hi,Research-backed synthetic multilingual,synthetic_research_backed,"फर्जी रिफंड, कार्ड विवरण, OTP अनुरोध",कार्ड विवरण या OTP साझा न करें।,1. कार्ड विवरण या OTP साझा न करें। 2. आधिकारिक चैनल से स्वतंत्र रूप से सत्यापन करें। 3. संदिग्ध होने पर संदेश/नंबर की रिपोर्ट करें।,Critical,P1,Hindi synthetic/adapted example; not claimed as verbatim real-world data.
HI-S0011,"मैं नया नंबर इस्तेमाल कर रहा हूं। बहुत जरूरी है, मुझे ₹499 अभी ट्रांसफर कर दो। मुझे कॉल मत करना।",scam,impersonation,hi,Research-backed synthetic multilingual,synthetic_research_backed,"व्यक्ति प्रतिरूपण, पैसे की मांग, सत्यापन रोकना",पैसे भेजने से पहले ज्ञात नंबर पर व्यक्ति की पहचान सत्यापित करें।,1. पैसे भेजने से पहले ज्ञात नंबर पर व्यक्ति की पहचान सत्यापित करें। 2. आधिकारिक चैनल से स्वतंत्र रूप से सत्यापन करें। 3. संदिग्ध होने पर संदेश/नंबर की रिपोर्ट करें।,High,P1,Hindi synthetic/adapted example; not claimed as verbatim real-world data.
HI-S0012,घर से काम करके रोज़ ₹999 कमाएं। नौकरी शुरू करने से पहले ₹499 रजिस्ट्रेशन शुल्क जमा करें।,scam,job_scam,hi,Research-backed synthetic multilingual,synthetic_research_backed,"फर्जी नौकरी, अवास्तविक कमाई, अग्रिम शुल्क",रजिस्ट्रेशन शुल्क न दें और नियोक्ता की स्वतंत्र रूप से जांच करें।,1. रजिस्ट्रेशन शुल्क न दें और नियोक्ता की स्वतंत्र रूप से जांच करें। 2. आधिकारिक चैनल से स्वतंत्र रूप से सत्यापन करें। 3. संदिग्ध होने पर संदेश/नंबर की रिपोर्ट करें।,High,P1,Hindi synthetic/adapted example; not claimed as verbatim real-world data.
HI-S0013,आपका इंस्टेंट लोन स्वीकृत है। ऐप डाउनलोड करें और ₹199 देकर लोन जारी करवाएं।,scam,fake_loan_app,hi,Research-backed synthetic multilingual,synthetic_research_backed,"फर्जी लोन ऐप, ऐप इंस्टॉलेशन, अग्रिम शुल्क",अज्ञात ऐप इंस्टॉल न करें और शुल्क न दें।,1. अज्ञात ऐप इंस्टॉल न करें और शुल्क न दें। 2. आधिकारिक चैनल से स्वतंत्र रूप से सत्यापन करें। 3. संदिग्ध होने पर संदेश/नंबर की रिपोर्ट करें।,Critical,P1,Hindi synthetic/adapted example; not claimed as verbatim real-world data.
HI-S0014,आपने सोशल मीडिया क्रिएटर रिवॉर्ड जीता है। भुगतान पाने के लिए अपना वेरिफिकेशन कोड भेजें।,scam,social_media_fraud,hi,Research-backed synthetic multilingual,synthetic_research_backed,"फर्जी रिवॉर्ड, OTP/कोड अनुरोध, सोशल मीडिया प्रतिरूपण",वेरिफिकेशन कोड साझा न करें।,1. वेरिफिकेशन कोड साझा न करें। 2. आधिकारिक चैनल से स्वतंत्र रूप से सत्यापन करें। 3. संदिग्ध होने पर संदेश/नंबर की रिपोर्ट करें।,High,P1,Hindi synthetic/adapted example; not claimed as verbatim real-world data.
HI-S0015,आपका इंस्टेंट लोन स्वीकृत है। ऐप डाउनलोड करें और ₹499 देकर लोन जारी करवाएं।,scam,fake_loan_app,hi,Research-backed synthetic multilingual,synthetic_research_backed,"फर्जी लोन ऐप, ऐप इंस्टॉलेशन, अग्रिम शुल्क",अज्ञात ऐप इंस्टॉल न करें और शुल्क न दें।,1. अज्ञात ऐप इंस्टॉल न करें और शुल्क न दें। 2. आधिकारिक चैनल से स्वतंत्र रूप से सत्यापन करें। 3. संदिग्ध होने पर संदेश/नंबर की रिपोर्ट करें।,Critical,P1,Hindi synthetic/adapted example; not claimed as verbatim real-world data.
HI-S0016,आपका पार्सल ₹199 कस्टम/री-डिलीवरी शुल्क के कारण रुका है। अभी भुगतान करें।,scam,delivery_scam,hi,Research-backed synthetic multilingual,synthetic_research_backed,"डिलीवरी प्रतिरूपण, छोटा शुल्क, तात्कालिकता",आधिकारिक ट्रैकिंग ऐप/वेबसाइट से स्थिति जांचें।,1. आधिकारिक ट्रैकिंग ऐप/वेबसाइट से स्थिति जांचें। 2. आधिकारिक चैनल से स्वतंत्र रूप से सत्यापन करें। 3. संदिग्ध होने पर संदेश/नंबर की रिपोर्ट करें।,High,P1,Hindi synthetic/adapted example; not claimed as verbatim real-world data.
HI-S0017,हमारा ट्रेडिंग प्लेटफॉर्म रोज़ 199% लाभ की गारंटी देता है। आज ₹199 जमा करें।,scam,investment_scam,hi,Research-backed synthetic multilingual,synthetic_research_backed,"गारंटीड रिटर्न, निवेश दबाव, पैसे जमा कराने का अनुरोध",पैसे जमा न करें और प्लेटफॉर्म की स्वतंत्र जांच करें।,1. पैसे जमा न करें और प्लेटफॉर्म की स्वतंत्र जांच करें। 2. आधिकारिक चैनल से स्वतंत्र रूप से सत्यापन करें। 3. संदिग्ध होने पर संदेश/नंबर की रिपोर्ट करें।,Critical,P1,Hindi synthetic/adapted example; not claimed as verbatim real-world data.
HI-S0018,मैं आपके बैंक की सुरक्षा टीम से बोल रहा हूं। संदिग्ध लेनदेन रोकने के लिए PIN और OTP बताएं।,scam,vishing,hi,Research-backed synthetic multilingual,synthetic_research_backed,"फोन पर बैंक प्रतिरूपण, PIN/OTP अनुरोध",कॉल समाप्त करें और बैंक के आधिकारिक नंबर पर स्वयं कॉल करें।,1. कॉल समाप्त करें और बैंक के आधिकारिक नंबर पर स्वयं कॉल करें। 2. आधिकारिक चैनल से स्वतंत्र रूप से सत्यापन करें। 3. संदिग्ध होने पर संदेश/नंबर की रिपोर्ट करें।,Critical,P1,Hindi synthetic/adapted example; not claimed as verbatim real-world data.
HI-S0019,CAPTCHA भरकर रोज़ ₹199 कमाएं। अकाउंट सक्रिय करने के लिए ₹199 शुल्क दें।,scam,fake_captcha_job,hi,Research-backed synthetic multilingual,synthetic_research_backed,"फर्जी CAPTCHA नौकरी, अग्रिम शुल्क, अवास्तविक कमाई",शुल्क न दें और नौकरी की स्वतंत्र जांच करें।,1. शुल्क न दें और नौकरी की स्वतंत्र जांच करें। 2. आधिकारिक चैनल से स्वतंत्र रूप से सत्यापन करें। 3. संदिग्ध होने पर संदेश/नंबर की रिपोर्ट करें।,High,P1,Hindi synthetic/adapted example; not claimed as verbatim real-world data.
HI-S0020,"₹5,000 का रिफंड पाने के लिए यह QR कोड स्कैन करें और UPI PIN डालें।",scam,upi_qr,hi,Research-backed synthetic multilingual,synthetic_research_backed,"QR के जरिए भुगतान, UPI PIN अनुरोध, रिफंड बहाना",QR स्कैन न करें और UPI PIN न डालें।,1. QR स्कैन न करें और UPI PIN न डालें। 2. आधिकारिक चैनल से स्वतंत्र रूप से सत्यापन करें। 3. संदिग्ध होने पर संदेश/नंबर की रिपोर्ट करें।,Critical,P1,Hindi synthetic/adapted example; not claimed as verbatim real-world data.
HI-S0021,"आपदा राहत के लिए ₹10,000 तुरंत इस व्यक्तिगत UPI ID पर भेजें।",scam,charity_scam,hi,Research-backed synthetic multilingual,synthetic_research_backed,"भावनात्मक अपील, निजी भुगतान खाता, तात्कालिकता",संगठन और भुगतान चैनल को स्वतंत्र रूप से सत्यापित करें।,1. संगठन और भुगतान चैनल को स्वतंत्र रूप से सत्यापित करें। 2. आधिकारिक चैनल से स्वतंत्र रूप से सत्यापन करें। 3. संदिग्ध होने पर संदेश/नंबर की रिपोर्ट करें।,Medium,P2,Hindi synthetic/adapted example; not claimed as verbatim real-world data.
HI-S0022,"हमारा ट्रेडिंग प्लेटफॉर्म रोज़ 5,000% लाभ की गारंटी देता है। आज ₹5,000 जमा करें।",scam,investment_scam,hi,Research-backed synthetic multilingual,synthetic_research_backed,"गारंटीड रिटर्न, निवेश दबाव, पैसे जमा कराने का अनुरोध",पैसे जमा न करें और प्लेटफॉर्म की स्वतंत्र जांच करें।,1. पैसे जमा न करें और प्लेटफॉर्म की स्वतंत्र जांच करें। 2. आधिकारिक चैनल से स्वतंत्र रूप से सत्यापन करें। 3. संदिग्ध होने पर संदेश/नंबर की रिपोर्ट करें।,Critical,P1,Hindi synthetic/adapted example; not claimed as verbatim real-world data.
HI-S0023,"CAPTCHA भरकर रोज़ ₹499 कमाएं। अकाउंट सक्रिय करने के लिए ₹4,999 शुल्क दें।",scam,fake_captcha_job,hi,Research-backed synthetic multilingual,synthetic_research_backed,"फर्जी CAPTCHA नौकरी, अग्रिम शुल्क, अवास्तविक कमाई",शुल्क न दें और नौकरी की स्वतंत्र जांच करें।,1. शुल्क न दें और नौकरी की स्वतंत्र जांच करें। 2. आधिकारिक चैनल से स्वतंत्र रूप से सत्यापन करें। 3. संदिग्ध होने पर संदेश/नंबर की रिपोर्ट करें।,High,P1,Hindi synthetic/adapted example; not claimed as verbatim real-world data.
HI-S0024,आपदा राहत के लिए ₹999 तुरंत इस व्यक्तिगत UPI ID पर भेजें।,scam,charity_scam,hi,Research-backed synthetic multilingual,synthetic_research_backed,"भावनात्मक अपील, निजी भुगतान खाता, तात्कालिकता",संगठन और भुगतान चैनल को स्वतंत्र रूप से सत्यापित करें।,1. संगठन और भुगतान चैनल को स्वतंत्र रूप से सत्यापित करें। 2. आधिकारिक चैनल से स्वतंत्र रूप से सत्यापन करें। 3. संदिग्ध होने पर संदेश/नंबर की रिपोर्ट करें।,Medium,P2,Hindi synthetic/adapted example; not claimed as verbatim real-world data.
HI-S0025,आपका ₹199 का इंस्टेंट लोन स्वीकृत है। राशि जारी कराने के लिए ₹199 प्रोसेसिंग शुल्क दें।,scam,loan_scam,hi,Research-backed synthetic multilingual,synthetic_research_backed,"फर्जी लोन, अग्रिम शुल्क, वित्तीय दबाव",शुल्क न दें और ऋणदाता की आधिकारिक जानकारी जांचें।,1. शुल्क न दें और ऋणदाता की आधिकारिक जानकारी जांचें। 2. आधिकारिक चैनल से स्वतंत्र रूप से सत्यापन करें। 3. संदिग्ध होने पर संदेश/नंबर की रिपोर्ट करें।,High,P1,Hindi synthetic/adapted example; not claimed as verbatim real-world data.
HI-S0026,आज रात बिजली कनेक्शन काट दिया जाएगा। बिल भरने के लिए इस लिंक पर तुरंत भुगतान करें।,scam,utility_scam,hi,Research-backed synthetic multilingual,synthetic_research_backed,"यूटिलिटी प्रतिरूपण, कनेक्शन काटने की धमकी, संदिग्ध लिंक",आधिकारिक बिजली पोर्टल पर बिल जांचें।,1. आधिकारिक बिजली पोर्टल पर बिल जांचें। 2. आधिकारिक चैनल से स्वतंत्र रूप से सत्यापन करें। 3. संदिग्ध होने पर संदेश/नंबर की रिपोर्ट करें।,High,P1,Hindi synthetic/adapted example; not claimed as verbatim real-world data.
HI-S0027,"अभी ₹999 भेजें, वरना आपका निजी वीडियो आपके संपर्कों को भेज दिया जाएगा।",scam,sextortion,hi,Research-backed synthetic multilingual,synthetic_research_backed,"ब्लैकमेल, धमकी, जबरन भुगतान","पैसे न दें, सबूत सुरक्षित रखें और घटना की रिपोर्ट करें।","1. पैसे न दें, सबूत सुरक्षित रखें और घटना की रिपोर्ट करें। 2. आधिकारिक चैनल से स्वतंत्र रूप से सत्यापन करें। 3. संदिग्ध होने पर संदेश/नंबर की रिपोर्ट करें।",Critical,P1,Hindi synthetic/adapted example; not claimed as verbatim real-world data.
HI-S0028,₹199 का रिफंड पाने के लिए यह QR कोड स्कैन करें और UPI PIN डालें।,scam,upi_qr,hi,Research-backed synthetic multilingual,synthetic_research_backed,"QR के जरिए भुगतान, UPI PIN अनुरोध, रिफंड बहाना",QR स्कैन न करें और UPI PIN न डालें।,1. QR स्कैन न करें और UPI PIN न डालें। 2. आधिकारिक चैनल से स्वतंत्र रूप से सत्यापन करें। 3. संदिग्ध होने पर संदेश/नंबर की रिपोर्ट करें।,Critical,P1,Hindi synthetic/adapted example; not claimed as verbatim real-world data.
HI-S0029,CAPTCHA भरकर रोज़ ₹499 कमाएं। अकाउंट सक्रिय करने के लिए ₹499 शुल्क दें।,scam,fake_captcha_job,hi,Research-backed synthetic multilingual,synthetic_research_backed,"फर्जी CAPTCHA नौकरी, अग्रिम शुल्क, अवास्तविक कमाई",शुल्क न दें और नौकरी की स्वतंत्र जांच करें।,1. शुल्क न दें और नौकरी की स्वतंत्र जांच करें। 2. आधिकारिक चैनल से स्वतंत्र रूप से सत्यापन करें। 3. संदिग्ध होने पर संदेश/नंबर की रिपोर्ट करें।,High,P1,Hindi synthetic/adapted example; not claimed as verbatim real-world data.
HI-S0030,"आपका पार्सल ₹4,999 कस्टम/री-डिलीवरी शुल्क के कारण रुका है। अभी भुगतान करें।",scam,delivery_scam,hi,Research-backed synthetic multilingual,synthetic_research_backed,"डिलीवरी प्रतिरूपण, छोटा शुल्क, तात्कालिकता",आधिकारिक ट्रैकिंग ऐप/वेबसाइट से स्थिति जांचें।,1. आधिकारिक ट्रैकिंग ऐप/वेबसाइट से स्थिति जांचें। 2. आधिकारिक चैनल से स्वतंत्र रूप से सत्यापन करें। 3. संदिग्ध होने पर संदेश/नंबर की रिपोर्ट करें।,High,P1,Hindi synthetic/adapted example; not claimed as verbatim real-world data.
HI-S0031,"हमारा ट्रेडिंग प्लेटफॉर्म रोज़ 2,499% लाभ की गारंटी देता है। आज ₹2,499 जमा करें।",scam,investment_scam,hi,Research-backed synthetic multilingual,synthetic_research_backed,"गारंटीड रिटर्न, निवेश दबाव, पैसे जमा कराने का अनुरोध",पैसे जमा न करें और प्लेटफॉर्म की स्वतंत्र जांच करें।,1. पैसे जमा न करें और प्लेटफॉर्म की स्वतंत्र जांच करें। 2. आधिकारिक चैनल से स्वतंत्र रूप से सत्यापन करें। 3. संदिग्ध होने पर संदेश/नंबर की रिपोर्ट करें।,Critical,P1,Hindi synthetic/adapted example; not claimed as verbatim real-world data.
HI-S0032,"CAPTCHA भरकर रोज़ ₹999 कमाएं। अकाउंट सक्रिय करने के लिए ₹1,999 शुल्क दें।",scam,fake_captcha_job,hi,Research-backed synthetic multilingual,synthetic_research_backed,"फर्जी CAPTCHA नौकरी, अग्रिम शुल्क, अवास्तविक कमाई",शुल्क न दें और नौकरी की स्वतंत्र जांच करें।,1. शुल्क न दें और नौकरी की स्वतंत्र जांच करें। 2. आधिकारिक चैनल से स्वतंत्र रूप से सत्यापन करें। 3. संदिग्ध होने पर संदेश/नंबर की रिपोर्ट करें।,High,P1,Hindi synthetic/adapted example; not claimed as verbatim real-world data.
HI-S0033,"घर से काम करके रोज़ ₹499 कमाएं। नौकरी शुरू करने से पहले ₹1,999 रजिस्ट्रेशन शुल्क जमा करें।",scam,job_scam,hi,Research-backed synthetic multilingual,synthetic_research_backed,"फर्जी नौकरी, अवास्तविक कमाई, अग्रिम शुल्क",रजिस्ट्रेशन शुल्क न दें और नियोक्ता की स्वतंत्र रूप से जांच करें।,1. रजिस्ट्रेशन शुल्क न दें और नियोक्ता की स्वतंत्र रूप से जांच करें। 2. आधिकारिक चैनल से स्वतंत्र रूप से सत्यापन करें। 3. संदिग्ध होने पर संदेश/नंबर की रिपोर्ट करें।,High,P1,Hindi synthetic/adapted example; not claimed as verbatim real-world data.
HI-S0034,"घर से काम करके रोज़ ₹999 कमाएं। नौकरी शुरू करने से पहले ₹1,999 रजिस्ट्रेशन शुल्क जमा करें।",scam,job_scam,hi,Research-backed synthetic multilingual,synthetic_research_backed,"फर्जी नौकरी, अवास्तविक कमाई, अग्रिम शुल्क",रजिस्ट्रेशन शुल्क न दें और नियोक्ता की स्वतंत्र रूप से जांच करें।,1. रजिस्ट्रेशन शुल्क न दें और नियोक्ता की स्वतंत्र रूप से जांच करें। 2. आधिकारिक चैनल से स्वतंत्र रूप से सत्यापन करें। 3. संदिग्ध होने पर संदेश/नंबर की रिपोर्ट करें।,High,P1,Hindi synthetic/adapted example; not claimed as verbatim real-world data.
HI-S0035,"आपका ₹10,000 रिफंड लंबित है। इसे जारी करने के लिए कार्ड नंबर और OTP भेजें।",scam,fake_refund,hi,Research-backed synthetic multilingual,synthetic_research_backed,"फर्जी रिफंड, कार्ड विवरण, OTP अनुरोध",कार्ड विवरण या OTP साझा न करें।,1. कार्ड विवरण या OTP साझा न करें। 2. आधिकारिक चैनल से स्वतंत्र रूप से सत्यापन करें। 3. संदिग्ध होने पर संदेश/नंबर की रिपोर्ट करें।,Critical,P1,Hindi synthetic/adapted example; not claimed as verbatim real-world data.
HI-S0036,हमारा ट्रेडिंग प्लेटफॉर्म रोज़ 499% लाभ की गारंटी देता है। आज ₹499 जमा करें।,scam,investment_scam,hi,Research-backed synthetic multilingual,synthetic_research_backed,"गारंटीड रिटर्न, निवेश दबाव, पैसे जमा कराने का अनुरोध",पैसे जमा न करें और प्लेटफॉर्म की स्वतंत्र जांच करें।,1. पैसे जमा न करें और प्लेटफॉर्म की स्वतंत्र जांच करें। 2. आधिकारिक चैनल से स्वतंत्र रूप से सत्यापन करें। 3. संदिग्ध होने पर संदेश/नंबर की रिपोर्ट करें।,Critical,P1,Hindi synthetic/adapted example; not claimed as verbatim real-world data.
HI-S0037,"CAPTCHA भरकर रोज़ ₹499 कमाएं। अकाउंट सक्रिय करने के लिए ₹1,999 शुल्क दें।",scam,fake_captcha_job,hi,Research-backed synthetic multilingual,synthetic_research_backed,"फर्जी CAPTCHA नौकरी, अग्रिम शुल्क, अवास्तविक कमाई",शुल्क न दें और नौकरी की स्वतंत्र जांच करें।,1. शुल्क न दें और नौकरी की स्वतंत्र जांच करें। 2. आधिकारिक चैनल से स्वतंत्र रूप से सत्यापन करें। 3. संदिग्ध होने पर संदेश/नंबर की रिपोर्ट करें।,High,P1,Hindi synthetic/adapted example; not claimed as verbatim real-world data.
HI-S0038,आपका इंस्टेंट लोन स्वीकृत है। ऐप डाउनलोड करें और ₹999 देकर लोन जारी करवाएं।,scam,fake_loan_app,hi,Research-backed synthetic multilingual,synthetic_research_backed,"फर्जी लोन ऐप, ऐप इंस्टॉलेशन, अग्रिम शुल्क",अज्ञात ऐप इंस्टॉल न करें और शुल्क न दें।,1. अज्ञात ऐप इंस्टॉल न करें और शुल्क न दें। 2. आधिकारिक चैनल से स्वतंत्र रूप से सत्यापन करें। 3. संदिग्ध होने पर संदेश/नंबर की रिपोर्ट करें।,Critical,P1,Hindi synthetic/adapted example; not claimed as verbatim real-world data.
HI-S0039,"घर से काम करके रोज़ ₹2,499 कमाएं। नौकरी शुरू करने से पहले ₹499 रजिस्ट्रेशन शुल्क जमा करें।",scam,job_scam,hi,Research-backed synthetic multilingual,synthetic_research_backed,"फर्जी नौकरी, अवास्तविक कमाई, अग्रिम शुल्क",रजिस्ट्रेशन शुल्क न दें और नियोक्ता की स्वतंत्र रूप से जांच करें।,1. रजिस्ट्रेशन शुल्क न दें और नियोक्ता की स्वतंत्र रूप से जांच करें। 2. आधिकारिक चैनल से स्वतंत्र रूप से सत्यापन करें। 3. संदिग्ध होने पर संदेश/नंबर की रिपोर्ट करें।,High,P1,Hindi synthetic/adapted example; not claimed as verbatim real-world data.
HI-S0040,आपके SBI खाते का KYC/PAN अपडेट नहीं है। आज खाता बंद हो जाएगा। तुरंत http://verify-account.invalid पर जाकर अपडेट करें।,scam,bank_kyc,hi,Research-backed synthetic multilingual,synthetic_research_backed,"बैंक प्रतिरूपण, तात्कालिकता, संदिग्ध लिंक, KYC अनुरोध",लिंक पर क्लिक न करें और बैंक की आधिकारिक ऐप/वेबसाइट से जांच करें।,1. लिंक पर क्लिक न करें और बैंक की आधिकारिक ऐप/वेबसाइट से जांच करें। 2. आधिकारिक चैनल से स्वतंत्र रूप से सत्यापन करें। 3. संदिग्ध होने पर संदेश/नंबर की रिपोर्ट करें।,High,P1,Hindi synthetic/adapted example; not claimed as verbatim real-world data.
HI-S0041,"CAPTCHA भरकर रोज़ ₹10,000 कमाएं। अकाउंट सक्रिय करने के लिए ₹499 शुल्क दें।",scam,fake_captcha_job,hi,Research-backed synthetic multilingual,synthetic_research_backed,"फर्जी CAPTCHA नौकरी, अग्रिम शुल्क, अवास्तविक कमाई",शुल्क न दें और नौकरी की स्वतंत्र जांच करें।,1. शुल्क न दें और नौकरी की स्वतंत्र जांच करें। 2. आधिकारिक चैनल से स्वतंत्र रूप से सत्यापन करें। 3. संदिग्ध होने पर संदेश/नंबर की रिपोर्ट करें।,High,P1,Hindi synthetic/adapted example; not claimed as verbatim real-world data.
HI-S0042,आपका Microsoft अकाउंट लॉक हो गया है। इसे बंद होने से बचाने के लिए http://verify-account.invalid पर लॉगिन करें।,scam,phishing,hi,Research-backed synthetic multilingual,synthetic_research_backed,"फिशिंग लिंक, अकाउंट लॉक होने की धमकी, लॉगिन विवरण मांगना",लिंक न खोलें; आधिकारिक ऐप से अकाउंट जांचें।,1. लिंक न खोलें; आधिकारिक ऐप से अकाउंट जांचें। 2. आधिकारिक चैनल से स्वतंत्र रूप से सत्यापन करें। 3. संदिग्ध होने पर संदेश/नंबर की रिपोर्ट करें।,High,P1,Hindi synthetic/adapted example; not claimed as verbatim real-world data.
HI-S0043,"घर से काम करके रोज़ ₹2,499 कमाएं। नौकरी शुरू करने से पहले ₹1,999 रजिस्ट्रेशन शुल्क जमा करें।",scam,job_scam,hi,Research-backed synthetic multilingual,synthetic_research_backed,"फर्जी नौकरी, अवास्तविक कमाई, अग्रिम शुल्क",रजिस्ट्रेशन शुल्क न दें और नियोक्ता की स्वतंत्र रूप से जांच करें।,1. रजिस्ट्रेशन शुल्क न दें और नियोक्ता की स्वतंत्र रूप से जांच करें। 2. आधिकारिक चैनल से स्वतंत्र रूप से सत्यापन करें। 3. संदिग्ध होने पर संदेश/नंबर की रिपोर्ट करें।,High,P1,Hindi synthetic/adapted example; not claimed as verbatim real-world data.
HI-S0044,आपका ₹199 रिफंड लंबित है। इसे जारी करने के लिए कार्ड नंबर और OTP भेजें।,scam,fake_refund,hi,Research-backed synthetic multilingual,synthetic_research_backed,"फर्जी रिफंड, कार्ड विवरण, OTP अनुरोध",कार्ड विवरण या OTP साझा न करें।,1. कार्ड विवरण या OTP साझा न करें। 2. आधिकारिक चैनल से स्वतंत्र रूप से सत्यापन करें। 3. संदिग्ध होने पर संदेश/नंबर की रिपोर्ट करें।,Critical,P1,Hindi synthetic/adapted example; not claimed as verbatim real-world data.
HI-S0045,"अभी ₹499 भेजें, वरना आपका निजी वीडियो आपके संपर्कों को भेज दिया जाएगा।",scam,sextortion,hi,Research-backed synthetic multilingual,synthetic_research_backed,"ब्लैकमेल, धमकी, जबरन भुगतान","पैसे न दें, सबूत सुरक्षित रखें और घटना की रिपोर्ट करें।","1. पैसे न दें, सबूत सुरक्षित रखें और घटना की रिपोर्ट करें। 2. आधिकारिक चैनल से स्वतंत्र रूप से सत्यापन करें। 3. संदिग्ध होने पर संदेश/नंबर की रिपोर्ट करें।",Critical,P1,Hindi synthetic/adapted example; not claimed as verbatim real-world data.
HI-S0046,आपके Kotak Bank खाते का KYC/PAN अपडेट नहीं है। आज खाता बंद हो जाएगा। तुरंत http://secure-update.invalid पर जाकर अपडेट करें।,scam,bank_kyc,hi,Research-backed synthetic multilingual,synthetic_research_backed,"बैंक प्रतिरूपण, तात्कालिकता, संदिग्ध लिंक, KYC अनुरोध",लिंक पर क्लिक न करें और बैंक की आधिकारिक ऐप/वेबसाइट से जांच करें।,1. लिंक पर क्लिक न करें और बैंक की आधिकारिक ऐप/वेबसाइट से जांच करें। 2. आधिकारिक चैनल से स्वतंत्र रूप से सत्यापन करें। 3. संदिग्ध होने पर संदेश/नंबर की रिपोर्ट करें।,High,P1,Hindi synthetic/adapted example; not claimed as verbatim real-world data.
HI-S0047,"आपका पार्सल ₹1,999 कस्टम/री-डिलीवरी शुल्क के कारण रुका है। अभी भुगतान करें।",scam,delivery_scam,hi,Research-backed synthetic multilingual,synthetic_research_backed,"डिलीवरी प्रतिरूपण, छोटा शुल्क, तात्कालिकता",आधिकारिक ट्रैकिंग ऐप/वेबसाइट से स्थिति जांचें।,1. आधिकारिक ट्रैकिंग ऐप/वेबसाइट से स्थिति जांचें। 2. आधिकारिक चैनल से स्वतंत्र रूप से सत्यापन करें। 3. संदिग्ध होने पर संदेश/नंबर की रिपोर्ट करें।,High,P1,Hindi synthetic/adapted example; not claimed as verbatim real-world data.
HI-S0048,"अभी ₹1,999 भेजें, वरना आपका निजी वीडियो आपके संपर्कों को भेज दिया जाएगा।",scam,sextortion,hi,Research-backed synthetic multilingual,synthetic_research_backed,"ब्लैकमेल, धमकी, जबरन भुगतान","पैसे न दें, सबूत सुरक्षित रखें और घटना की रिपोर्ट करें।","1. पैसे न दें, सबूत सुरक्षित रखें और घटना की रिपोर्ट करें। 2. आधिकारिक चैनल से स्वतंत्र रूप से सत्यापन करें। 3. संदिग्ध होने पर संदेश/नंबर की रिपोर्ट करें।",Critical,P1,Hindi synthetic/adapted example; not claimed as verbatim real-world data.
HI-S0049,"अभी ₹199 भेजें, वरना आपका निजी वीडियो आपके संपर्कों को भेज दिया जाएगा।",scam,sextortion,hi,Research-backed synthetic multilingual,synthetic_research_backed,"ब्लैकमेल, धमकी, जबरन भुगतान","पैसे न दें, सबूत सुरक्षित रखें और घटना की रिपोर्ट करें।","1. पैसे न दें, सबूत सुरक्षित रखें और घटना की रिपोर्ट करें। 2. आधिकारिक चैनल से स्वतंत्र रूप से सत्यापन करें। 3. संदिग्ध होने पर संदेश/नंबर की रिपोर्ट करें।",Critical,P1,Hindi synthetic/adapted example; not claimed as verbatim real-world data.
HI-S0050,आपका Instagram अकाउंट लॉक हो गया है। इसे बंद होने से बचाने के लिए http://verify-account.invalid पर लॉगिन करें।,scam,phishing,hi,Research-backed synthetic multilingual,synthetic_research_backed,"फिशिंग लिंक, अकाउंट लॉक होने की धमकी, लॉगिन विवरण मांगना",लिंक न खोलें; आधिकारिक ऐप से अकाउंट जांचें।,1. लिंक न खोलें; आधिकारिक ऐप से अकाउंट जांचें। 2. आधिकारिक चैनल से स्वतंत्र रूप से सत्यापन करें। 3. संदिग्ध होने पर संदेश/नंबर की रिपोर्ट करें।,High,P1,Hindi synthetic/adapted example; not claimed as verbatim real-world data.
HI-S0051,"आपका ₹5,000 रिफंड लंबित है। इसे जारी करने के लिए कार्ड नंबर और OTP भेजें।",scam,fake_refund,hi,Research-backed synthetic multilingual,synthetic_research_backed,"फर्जी रिफंड, कार्ड विवरण, OTP अनुरोध",कार्ड विवरण या OTP साझा न करें।,1. कार्ड विवरण या OTP साझा न करें। 2. आधिकारिक चैनल से स्वतंत्र रूप से सत्यापन करें। 3. संदिग्ध होने पर संदेश/नंबर की रिपोर्ट करें।,Critical,P1,Hindi synthetic/adapted example; not claimed as verbatim real-world data.
HI-S0052,"आपका इंस्टेंट लोन स्वीकृत है। ऐप डाउनलोड करें और ₹1,999 देकर लोन जारी करवाएं।",scam,fake_loan_app,hi,Research-backed synthetic multilingual,synthetic_research_backed,"फर्जी लोन ऐप, ऐप इंस्टॉलेशन, अग्रिम शुल्क",अज्ञात ऐप इंस्टॉल न करें और शुल्क न दें।,1. अज्ञात ऐप इंस्टॉल न करें और शुल्क न दें। 2. आधिकारिक चैनल से स्वतंत्र रूप से सत्यापन करें। 3. संदिग्ध होने पर संदेश/नंबर की रिपोर्ट करें।,Critical,P1,Hindi synthetic/adapted example; not claimed as verbatim real-world data.
HI-S0053,आपदा राहत के लिए ₹499 तुरंत इस व्यक्तिगत UPI ID पर भेजें।,scam,charity_scam,hi,Research-backed synthetic multilingual,synthetic_research_backed,"भावनात्मक अपील, निजी भुगतान खाता, तात्कालिकता",संगठन और भुगतान चैनल को स्वतंत्र रूप से सत्यापित करें।,1. संगठन और भुगतान चैनल को स्वतंत्र रूप से सत्यापित करें। 2. आधिकारिक चैनल से स्वतंत्र रूप से सत्यापन करें। 3. संदिग्ध होने पर संदेश/नंबर की रिपोर्ट करें।,Medium,P2,Hindi synthetic/adapted example; not claimed as verbatim real-world data.
HI-S0054,"आपका ₹2,499 रिफंड लंबित है। इसे जारी करने के लिए कार्ड नंबर और OTP भेजें।",scam,fake_refund,hi,Research-backed synthetic multilingual,synthetic_research_backed,"फर्जी रिफंड, कार्ड विवरण, OTP अनुरोध",कार्ड विवरण या OTP साझा न करें।,1. कार्ड विवरण या OTP साझा न करें। 2. आधिकारिक चैनल से स्वतंत्र रूप से सत्यापन करें। 3. संदिग्ध होने पर संदेश/नंबर की रिपोर्ट करें।,Critical,P1,Hindi synthetic/adapted example; not claimed as verbatim real-world data.
HI-S0055,आपके SBI खाते का KYC/PAN अपडेट नहीं है। आज खाता बंद हो जाएगा। तुरंत http://secure-update.invalid पर जाकर अपडेट करें।,scam,bank_kyc,hi,Research-backed synthetic multilingual,synthetic_research_backed,"बैंक प्रतिरूपण, तात्कालिकता, संदिग्ध लिंक, KYC अनुरोध",लिंक पर क्लिक न करें और बैंक की आधिकारिक ऐप/वेबसाइट से जांच करें।,1. लिंक पर क्लिक न करें और बैंक की आधिकारिक ऐप/वेबसाइट से जांच करें। 2. आधिकारिक चैनल से स्वतंत्र रूप से सत्यापन करें। 3. संदिग्ध होने पर संदेश/नंबर की रिपोर्ट करें।,High,P1,Hindi synthetic/adapted example; not claimed as verbatim real-world data.
HI-S0056,घर से काम करके रोज़ ₹499 कमाएं। नौकरी शुरू करने से पहले ₹999 रजिस्ट्रेशन शुल्क जमा करें।,scam,job_scam,hi,Research-backed synthetic multilingual,synthetic_research_backed,"फर्जी नौकरी, अवास्तविक कमाई, अग्रिम शुल्क",रजिस्ट्रेशन शुल्क न दें और नियोक्ता की स्वतंत्र रूप से जांच करें।,1. रजिस्ट्रेशन शुल्क न दें और नियोक्ता की स्वतंत्र रूप से जांच करें। 2. आधिकारिक चैनल से स्वतंत्र रूप से सत्यापन करें। 3. संदिग्ध होने पर संदेश/नंबर की रिपोर्ट करें।,High,P1,Hindi synthetic/adapted example; not claimed as verbatim real-world data.
HI-S0057,"मैं नया नंबर इस्तेमाल कर रहा हूं। बहुत जरूरी है, मुझे ₹10,000 अभी ट्रांसफर कर दो। मुझे कॉल मत करना।",scam,impersonation,hi,Research-backed synthetic multilingual,synthetic_research_backed,"व्यक्ति प्रतिरूपण, पैसे की मांग, सत्यापन रोकना",पैसे भेजने से पहले ज्ञात नंबर पर व्यक्ति की पहचान सत्यापित करें।,1. पैसे भेजने से पहले ज्ञात नंबर पर व्यक्ति की पहचान सत्यापित करें। 2. आधिकारिक चैनल से स्वतंत्र रूप से सत्यापन करें। 3. संदिग्ध होने पर संदेश/नंबर की रिपोर्ट करें।,High,P1,Hindi synthetic/adapted example; not claimed as verbatim real-world data.
HI-S0058,"मैं नया नंबर इस्तेमाल कर रहा हूं। बहुत जरूरी है, मुझे ₹5,000 अभी ट्रांसफर कर दो। मुझे कॉल मत करना।",scam,impersonation,hi,Research-backed synthetic multilingual,synthetic_research_backed,"व्यक्ति प्रतिरूपण, पैसे की मांग, सत्यापन रोकना",पैसे भेजने से पहले ज्ञात नंबर पर व्यक्ति की पहचान सत्यापित करें।,1. पैसे भेजने से पहले ज्ञात नंबर पर व्यक्ति की पहचान सत्यापित करें। 2. आधिकारिक चैनल से स्वतंत्र रूप से सत्यापन करें। 3. संदिग्ध होने पर संदेश/नंबर की रिपोर्ट करें।,High,P1,Hindi synthetic/adapted example; not claimed as verbatim real-world data.
HI-S0059,"आपदा राहत के लिए ₹5,000 तुरंत इस व्यक्तिगत UPI ID पर भेजें।",scam,charity_scam,hi,Research-backed synthetic multilingual,synthetic_research_backed,"भावनात्मक अपील, निजी भुगतान खाता, तात्कालिकता",संगठन और भुगतान चैनल को स्वतंत्र रूप से सत्यापित करें।,1. संगठन और भुगतान चैनल को स्वतंत्र रूप से सत्यापित करें। 2. आधिकारिक चैनल से स्वतंत्र रूप से सत्यापन करें। 3. संदिग्ध होने पर संदेश/नंबर की रिपोर्ट करें।,Medium,P2,Hindi synthetic/adapted example; not claimed as verbatim real-world data.
HI-S0060,आपका ₹199 का इंस्टेंट लोन स्वीकृत है। राशि जारी कराने के लिए ₹999 प्रोसेसिंग शुल्क दें।,scam,loan_scam,hi,Research-backed synthetic multilingual,synthetic_research_backed,"फर्जी लोन, अग्रिम शुल्क, वित्तीय दबाव",शुल्क न दें और ऋणदाता की आधिकारिक जानकारी जांचें।,1. शुल्क न दें और ऋणदाता की आधिकारिक जानकारी जांचें। 2. आधिकारिक चैनल से स्वतंत्र रूप से सत्यापन करें। 3. संदिग्ध होने पर संदेश/नंबर की रिपोर्ट करें।,High,P1,Hindi synthetic/adapted example; not claimed as verbatim real-world data.
HI-S0061,आपके Kotak Bank खाते का KYC/PAN अपडेट नहीं है। आज खाता बंद हो जाएगा। तुरंत http://verify-account.invalid पर जाकर अपडेट करें।,scam,bank_kyc,hi,Research-backed synthetic multilingual,synthetic_research_backed,"बैंक प्रतिरूपण, तात्कालिकता, संदिग्ध लिंक, KYC अनुरोध",लिंक पर क्लिक न करें और बैंक की आधिकारिक ऐप/वेबसाइट से जांच करें।,1. लिंक पर क्लिक न करें और बैंक की आधिकारिक ऐप/वेबसाइट से जांच करें। 2. आधिकारिक चैनल से स्वतंत्र रूप से सत्यापन करें। 3. संदिग्ध होने पर संदेश/नंबर की रिपोर्ट करें।,High,P1,Hindi synthetic/adapted example; not claimed as verbatim real-world data.
HI-S0062,"मैं नया नंबर इस्तेमाल कर रहा हूं। बहुत जरूरी है, मुझे ₹199 अभी ट्रांसफर कर दो। मुझे कॉल मत करना।",scam,impersonation,hi,Research-backed synthetic multilingual,synthetic_research_backed,"व्यक्ति प्रतिरूपण, पैसे की मांग, सत्यापन रोकना",पैसे भेजने से पहले ज्ञात नंबर पर व्यक्ति की पहचान सत्यापित करें।,1. पैसे भेजने से पहले ज्ञात नंबर पर व्यक्ति की पहचान सत्यापित करें। 2. आधिकारिक चैनल से स्वतंत्र रूप से सत्यापन करें। 3. संदिग्ध होने पर संदेश/नंबर की रिपोर्ट करें।,High,P1,Hindi synthetic/adapted example; not claimed as verbatim real-world data.
HI-S0063,आपका WhatsApp अकाउंट लॉक हो गया है। इसे बंद होने से बचाने के लिए http://verify-account.invalid पर लॉगिन करें।,scam,phishing,hi,Research-backed synthetic multilingual,synthetic_research_backed,"फिशिंग लिंक, अकाउंट लॉक होने की धमकी, लॉगिन विवरण मांगना",लिंक न खोलें; आधिकारिक ऐप से अकाउंट जांचें।,1. लिंक न खोलें; आधिकारिक ऐप से अकाउंट जांचें। 2. आधिकारिक चैनल से स्वतंत्र रूप से सत्यापन करें। 3. संदिग्ध होने पर संदेश/नंबर की रिपोर्ट करें।,High,P1,Hindi synthetic/adapted example; not claimed as verbatim real-world data.
HI-S0064,आपका पार्सल ₹999 कस्टम/री-डिलीवरी शुल्क के कारण रुका है। अभी भुगतान करें।,scam,delivery_scam,hi,Research-backed synthetic multilingual,synthetic_research_backed,"डिलीवरी प्रतिरूपण, छोटा शुल्क, तात्कालिकता",आधिकारिक ट्रैकिंग ऐप/वेबसाइट से स्थिति जांचें।,1. आधिकारिक ट्रैकिंग ऐप/वेबसाइट से स्थिति जांचें। 2. आधिकारिक चैनल से स्वतंत्र रूप से सत्यापन करें। 3. संदिग्ध होने पर संदेश/नंबर की रिपोर्ट करें।,High,P1,Hindi synthetic/adapted example; not claimed as verbatim real-world data.
HI-S0065,"घर से काम करके रोज़ ₹199 कमाएं। नौकरी शुरू करने से पहले ₹4,999 रजिस्ट्रेशन शुल्क जमा करें।",scam,job_scam,hi,Research-backed synthetic multilingual,synthetic_research_backed,"फर्जी नौकरी, अवास्तविक कमाई, अग्रिम शुल्क",रजिस्ट्रेशन शुल्क न दें और नियोक्ता की स्वतंत्र रूप से जांच करें।,1. रजिस्ट्रेशन शुल्क न दें और नियोक्ता की स्वतंत्र रूप से जांच करें। 2. आधिकारिक चैनल से स्वतंत्र रूप से सत्यापन करें। 3. संदिग्ध होने पर संदेश/नंबर की रिपोर्ट करें।,High,P1,Hindi synthetic/adapted example; not claimed as verbatim real-world data.
HI-S0066,"हमारा ट्रेडिंग प्लेटफॉर्म रोज़ 10,000% लाभ की गारंटी देता है। आज ₹10,000 जमा करें।",scam,investment_scam,hi,Research-backed synthetic multilingual,synthetic_research_backed,"गारंटीड रिटर्न, निवेश दबाव, पैसे जमा कराने का अनुरोध",पैसे जमा न करें और प्लेटफॉर्म की स्वतंत्र जांच करें।,1. पैसे जमा न करें और प्लेटफॉर्म की स्वतंत्र जांच करें। 2. आधिकारिक चैनल से स्वतंत्र रूप से सत्यापन करें। 3. संदिग्ध होने पर संदेश/नंबर की रिपोर्ट करें।,Critical,P1,Hindi synthetic/adapted example; not claimed as verbatim real-world data.
HI-S0067,"CAPTCHA भरकर रोज़ ₹2,499 कमाएं। अकाउंट सक्रिय करने के लिए ₹999 शुल्क दें।",scam,fake_captcha_job,hi,Research-backed synthetic multilingual,synthetic_research_backed,"फर्जी CAPTCHA नौकरी, अग्रिम शुल्क, अवास्तविक कमाई",शुल्क न दें और नौकरी की स्वतंत्र जांच करें।,1. शुल्क न दें और नौकरी की स्वतंत्र जांच करें। 2. आधिकारिक चैनल से स्वतंत्र रूप से सत्यापन करें। 3. संदिग्ध होने पर संदेश/नंबर की रिपोर्ट करें।,High,P1,Hindi synthetic/adapted example; not claimed as verbatim real-world data.
HI-S0068,"CAPTCHA भरकर रोज़ ₹5,000 कमाएं। अकाउंट सक्रिय करने के लिए ₹999 शुल्क दें।",scam,fake_captcha_job,hi,Research-backed synthetic multilingual,synthetic_research_backed,"फर्जी CAPTCHA नौकरी, अग्रिम शुल्क, अवास्तविक कमाई",शुल्क न दें और नौकरी की स्वतंत्र जांच करें।,1. शुल्क न दें और नौकरी की स्वतंत्र जांच करें। 2. आधिकारिक चैनल से स्वतंत्र रूप से सत्यापन करें। 3. संदिग्ध होने पर संदेश/नंबर की रिपोर्ट करें।,High,P1,Hindi synthetic/adapted example; not claimed as verbatim real-world data.
HI-S0069,"आपदा राहत के लिए ₹2,499 तुरंत इस व्यक्तिगत UPI ID पर भेजें।",scam,charity_scam,hi,Research-backed synthetic multilingual,synthetic_research_backed,"भावनात्मक अपील, निजी भुगतान खाता, तात्कालिकता",संगठन और भुगतान चैनल को स्वतंत्र रूप से सत्यापित करें।,1. संगठन और भुगतान चैनल को स्वतंत्र रूप से सत्यापित करें। 2. आधिकारिक चैनल से स्वतंत्र रूप से सत्यापन करें। 3. संदिग्ध होने पर संदेश/नंबर की रिपोर्ट करें।,Medium,P2,Hindi synthetic/adapted example; not claimed as verbatim real-world data.
HI-S0070,घर से काम करके रोज़ ₹199 कमाएं। नौकरी शुरू करने से पहले ₹499 रजिस्ट्रेशन शुल्क जमा करें।,scam,job_scam,hi,Research-backed synthetic multilingual,synthetic_research_backed,"फर्जी नौकरी, अवास्तविक कमाई, अग्रिम शुल्क",रजिस्ट्रेशन शुल्क न दें और नियोक्ता की स्वतंत्र रूप से जांच करें।,1. रजिस्ट्रेशन शुल्क न दें और नियोक्ता की स्वतंत्र रूप से जांच करें। 2. आधिकारिक चैनल से स्वतंत्र रूप से सत्यापन करें। 3. संदिग्ध होने पर संदेश/नंबर की रिपोर्ट करें।,High,P1,Hindi synthetic/adapted example; not claimed as verbatim real-world data.
HI-S0071,"आपका ₹2,499 का इंस्टेंट लोन स्वीकृत है। राशि जारी कराने के लिए ₹499 प्रोसेसिंग शुल्क दें।",scam,loan_scam,hi,Research-backed synthetic multilingual,synthetic_research_backed,"फर्जी लोन, अग्रिम शुल्क, वित्तीय दबाव",शुल्क न दें और ऋणदाता की आधिकारिक जानकारी जांचें।,1. शुल्क न दें और ऋणदाता की आधिकारिक जानकारी जांचें। 2. आधिकारिक चैनल से स्वतंत्र रूप से सत्यापन करें। 3. संदिग्ध होने पर संदेश/नंबर की रिपोर्ट करें।,High,P1,Hindi synthetic/adapted example; not claimed as verbatim real-world data.
HI-S0072,आपदा राहत के लिए ₹199 तुरंत इस व्यक्तिगत UPI ID पर भेजें।,scam,charity_scam,hi,Research-backed synthetic multilingual,synthetic_research_backed,"भावनात्मक अपील, निजी भुगतान खाता, तात्कालिकता",संगठन और भुगतान चैनल को स्वतंत्र रूप से सत्यापित करें।,1. संगठन और भुगतान चैनल को स्वतंत्र रूप से सत्यापित करें। 2. आधिकारिक चैनल से स्वतंत्र रूप से सत्यापन करें। 3. संदिग्ध होने पर संदेश/नंबर की रिपोर्ट करें।,Medium,P2,Hindi synthetic/adapted example; not claimed as verbatim real-world data.
HI-S0073,"₹10,000 का रिफंड पाने के लिए यह QR कोड स्कैन करें और UPI PIN डालें।",scam,upi_qr,hi,Research-backed synthetic multilingual,synthetic_research_backed,"QR के जरिए भुगतान, UPI PIN अनुरोध, रिफंड बहाना",QR स्कैन न करें और UPI PIN न डालें।,1. QR स्कैन न करें और UPI PIN न डालें। 2. आधिकारिक चैनल से स्वतंत्र रूप से सत्यापन करें। 3. संदिग्ध होने पर संदेश/नंबर की रिपोर्ट करें।,Critical,P1,Hindi synthetic/adapted example; not claimed as verbatim real-world data.
HI-S0074,"CAPTCHA भरकर रोज़ ₹2,499 कमाएं। अकाउंट सक्रिय करने के लिए ₹1,999 शुल्क दें।",scam,fake_captcha_job,hi,Research-backed synthetic multilingual,synthetic_research_backed,"फर्जी CAPTCHA नौकरी, अग्रिम शुल्क, अवास्तविक कमाई",शुल्क न दें और नौकरी की स्वतंत्र जांच करें।,1. शुल्क न दें और नौकरी की स्वतंत्र जांच करें। 2. आधिकारिक चैनल से स्वतंत्र रूप से सत्यापन करें। 3. संदिग्ध होने पर संदेश/नंबर की रिपोर्ट करें।,High,P1,Hindi synthetic/adapted example; not claimed as verbatim real-world data.
HI-S0075,आपका ₹499 रिफंड लंबित है। इसे जारी करने के लिए कार्ड नंबर और OTP भेजें।,scam,fake_refund,hi,Research-backed synthetic multilingual,synthetic_research_backed,"फर्जी रिफंड, कार्ड विवरण, OTP अनुरोध",कार्ड विवरण या OTP साझा न करें।,1. कार्ड विवरण या OTP साझा न करें। 2. आधिकारिक चैनल से स्वतंत्र रूप से सत्यापन करें। 3. संदिग्ध होने पर संदेश/नंबर की रिपोर्ट करें।,Critical,P1,Hindi synthetic/adapted example; not claimed as verbatim real-world data.
HI-S0076,"घर से काम करके रोज़ ₹2,499 कमाएं। नौकरी शुरू करने से पहले ₹4,999 रजिस्ट्रेशन शुल्क जमा करें।",scam,job_scam,hi,Research-backed synthetic multilingual,synthetic_research_backed,"फर्जी नौकरी, अवास्तविक कमाई, अग्रिम शुल्क",रजिस्ट्रेशन शुल्क न दें और नियोक्ता की स्वतंत्र रूप से जांच करें।,1. रजिस्ट्रेशन शुल्क न दें और नियोक्ता की स्वतंत्र रूप से जांच करें। 2. आधिकारिक चैनल से स्वतंत्र रूप से सत्यापन करें। 3. संदिग्ध होने पर संदेश/नंबर की रिपोर्ट करें।,High,P1,Hindi synthetic/adapted example; not claimed as verbatim real-world data.
HI-S0077,आपके ICICI Bank खाते का KYC/PAN अपडेट नहीं है। आज खाता बंद हो जाएगा। तुरंत http://verify-account.invalid पर जाकर अपडेट करें।,scam,bank_kyc,hi,Research-backed synthetic multilingual,synthetic_research_backed,"बैंक प्रतिरूपण, तात्कालिकता, संदिग्ध लिंक, KYC अनुरोध",लिंक पर क्लिक न करें और बैंक की आधिकारिक ऐप/वेबसाइट से जांच करें।,1. लिंक पर क्लिक न करें और बैंक की आधिकारिक ऐप/वेबसाइट से जांच करें। 2. आधिकारिक चैनल से स्वतंत्र रूप से सत्यापन करें। 3. संदिग्ध होने पर संदेश/नंबर की रिपोर्ट करें।,High,P1,Hindi synthetic/adapted example; not claimed as verbatim real-world data.
HI-S0078,"घर से काम करके रोज़ ₹10,000 कमाएं। नौकरी शुरू करने से पहले ₹199 रजिस्ट्रेशन शुल्क जमा करें।",scam,job_scam,hi,Research-backed synthetic multilingual,synthetic_research_backed,"फर्जी नौकरी, अवास्तविक कमाई, अग्रिम शुल्क",रजिस्ट्रेशन शुल्क न दें और नियोक्ता की स्वतंत्र रूप से जांच करें।,1. रजिस्ट्रेशन शुल्क न दें और नियोक्ता की स्वतंत्र रूप से जांच करें। 2. आधिकारिक चैनल से स्वतंत्र रूप से सत्यापन करें। 3. संदिग्ध होने पर संदेश/नंबर की रिपोर्ट करें।,High,P1,Hindi synthetic/adapted example; not claimed as verbatim real-world data.
HI-S0079,"आपका ₹2,499 का इंस्टेंट लोन स्वीकृत है। राशि जारी कराने के लिए ₹4,999 प्रोसेसिंग शुल्क दें।",scam,loan_scam,hi,Research-backed synthetic multilingual,synthetic_research_backed,"फर्जी लोन, अग्रिम शुल्क, वित्तीय दबाव",शुल्क न दें और ऋणदाता की आधिकारिक जानकारी जांचें।,1. शुल्क न दें और ऋणदाता की आधिकारिक जानकारी जांचें। 2. आधिकारिक चैनल से स्वतंत्र रूप से सत्यापन करें। 3. संदिग्ध होने पर संदेश/नंबर की रिपोर्ट करें।,High,P1,Hindi synthetic/adapted example; not claimed as verbatim real-world data.
HI-S0080,आपका पार्सल ₹499 कस्टम/री-डिलीवरी शुल्क के कारण रुका है। अभी भुगतान करें।,scam,delivery_scam,hi,Research-backed synthetic multilingual,synthetic_research_backed,"डिलीवरी प्रतिरूपण, छोटा शुल्क, तात्कालिकता",आधिकारिक ट्रैकिंग ऐप/वेबसाइट से स्थिति जांचें।,1. आधिकारिक ट्रैकिंग ऐप/वेबसाइट से स्थिति जांचें। 2. आधिकारिक चैनल से स्वतंत्र रूप से सत्यापन करें। 3. संदिग्ध होने पर संदेश/नंबर की रिपोर्ट करें।,High,P1,Hindi synthetic/adapted example; not claimed as verbatim real-world data.
HI-S0081,"₹2,499 का रिफंड पाने के लिए यह QR कोड स्कैन करें और UPI PIN डालें।",scam,upi_qr,hi,Research-backed synthetic multilingual,synthetic_research_backed,"QR के जरिए भुगतान, UPI PIN अनुरोध, रिफंड बहाना",QR स्कैन न करें और UPI PIN न डालें।,1. QR स्कैन न करें और UPI PIN न डालें। 2. आधिकारिक चैनल से स्वतंत्र रूप से सत्यापन करें। 3. संदिग्ध होने पर संदेश/नंबर की रिपोर्ट करें।,Critical,P1,Hindi synthetic/adapted example; not claimed as verbatim real-world data.
HI-S0082,₹999 का रिफंड पाने के लिए यह QR कोड स्कैन करें और UPI PIN डालें।,scam,upi_qr,hi,Research-backed synthetic multilingual,synthetic_research_backed,"QR के जरिए भुगतान, UPI PIN अनुरोध, रिफंड बहाना",QR स्कैन न करें और UPI PIN न डालें।,1. QR स्कैन न करें और UPI PIN न डालें। 2. आधिकारिक चैनल से स्वतंत्र रूप से सत्यापन करें। 3. संदिग्ध होने पर संदेश/नंबर की रिपोर्ट करें।,Critical,P1,Hindi synthetic/adapted example; not claimed as verbatim real-world data.
HI-S0083,"आपका ₹199 का इंस्टेंट लोन स्वीकृत है। राशि जारी कराने के लिए ₹1,999 प्रोसेसिंग शुल्क दें।",scam,loan_scam,hi,Research-backed synthetic multilingual,synthetic_research_backed,"फर्जी लोन, अग्रिम शुल्क, वित्तीय दबाव",शुल्क न दें और ऋणदाता की आधिकारिक जानकारी जांचें।,1. शुल्क न दें और ऋणदाता की आधिकारिक जानकारी जांचें। 2. आधिकारिक चैनल से स्वतंत्र रूप से सत्यापन करें। 3. संदिग्ध होने पर संदेश/नंबर की रिपोर्ट करें।,High,P1,Hindi synthetic/adapted example; not claimed as verbatim real-world data.
HI-S0084,"CAPTCHA भरकर रोज़ ₹10,000 कमाएं। अकाउंट सक्रिय करने के लिए ₹4,999 शुल्क दें।",scam,fake_captcha_job,hi,Research-backed synthetic multilingual,synthetic_research_backed,"फर्जी CAPTCHA नौकरी, अग्रिम शुल्क, अवास्तविक कमाई",शुल्क न दें और नौकरी की स्वतंत्र जांच करें।,1. शुल्क न दें और नौकरी की स्वतंत्र जांच करें। 2. आधिकारिक चैनल से स्वतंत्र रूप से सत्यापन करें। 3. संदिग्ध होने पर संदेश/नंबर की रिपोर्ट करें।,High,P1,Hindi synthetic/adapted example; not claimed as verbatim real-world data.
HI-S0085,"आपका ₹499 का इंस्टेंट लोन स्वीकृत है। राशि जारी कराने के लिए ₹4,999 प्रोसेसिंग शुल्क दें।",scam,loan_scam,hi,Research-backed synthetic multilingual,synthetic_research_backed,"फर्जी लोन, अग्रिम शुल्क, वित्तीय दबाव",शुल्क न दें और ऋणदाता की आधिकारिक जानकारी जांचें।,1. शुल्क न दें और ऋणदाता की आधिकारिक जानकारी जांचें। 2. आधिकारिक चैनल से स्वतंत्र रूप से सत्यापन करें। 3. संदिग्ध होने पर संदेश/नंबर की रिपोर्ट करें।,High,P1,Hindi synthetic/adapted example; not claimed as verbatim real-world data.
HI-S0086,आपका Amazon अकाउंट लॉक हो गया है। इसे बंद होने से बचाने के लिए http://secure-update.invalid पर लॉगिन करें।,scam,phishing,hi,Research-backed synthetic multilingual,synthetic_research_backed,"फिशिंग लिंक, अकाउंट लॉक होने की धमकी, लॉगिन विवरण मांगना",लिंक न खोलें; आधिकारिक ऐप से अकाउंट जांचें।,1. लिंक न खोलें; आधिकारिक ऐप से अकाउंट जांचें। 2. आधिकारिक चैनल से स्वतंत्र रूप से सत्यापन करें। 3. संदिग्ध होने पर संदेश/नंबर की रिपोर्ट करें।,High,P1,Hindi synthetic/adapted example; not claimed as verbatim real-world data.
HI-S0087,"घर से काम करके रोज़ ₹2,499 कमाएं। नौकरी शुरू करने से पहले ₹199 रजिस्ट्रेशन शुल्क जमा करें।",scam,job_scam,hi,Research-backed synthetic multilingual,synthetic_research_backed,"फर्जी नौकरी, अवास्तविक कमाई, अग्रिम शुल्क",रजिस्ट्रेशन शुल्क न दें और नियोक्ता की स्वतंत्र रूप से जांच करें।,1. रजिस्ट्रेशन शुल्क न दें और नियोक्ता की स्वतंत्र रूप से जांच करें। 2. आधिकारिक चैनल से स्वतंत्र रूप से सत्यापन करें। 3. संदिग्ध होने पर संदेश/नंबर की रिपोर्ट करें।,High,P1,Hindi synthetic/adapted example; not claimed as verbatim real-world data.
HI-S0088,"CAPTCHA भरकर रोज़ ₹10,000 कमाएं। अकाउंट सक्रिय करने के लिए ₹999 शुल्क दें।",scam,fake_captcha_job,hi,Research-backed synthetic multilingual,synthetic_research_backed,"फर्जी CAPTCHA नौकरी, अग्रिम शुल्क, अवास्तविक कमाई",शुल्क न दें और नौकरी की स्वतंत्र जांच करें।,1. शुल्क न दें और नौकरी की स्वतंत्र जांच करें। 2. आधिकारिक चैनल से स्वतंत्र रूप से सत्यापन करें। 3. संदिग्ध होने पर संदेश/नंबर की रिपोर्ट करें।,High,P1,Hindi synthetic/adapted example; not claimed as verbatim real-world data.
HI-S0089,CAPTCHA भरकर रोज़ ₹199 कमाएं। अकाउंट सक्रिय करने के लिए ₹999 शुल्क दें।,scam,fake_captcha_job,hi,Research-backed synthetic multilingual,synthetic_research_backed,"फर्जी CAPTCHA नौकरी, अग्रिम शुल्क, अवास्तविक कमाई",शुल्क न दें और नौकरी की स्वतंत्र जांच करें।,1. शुल्क न दें और नौकरी की स्वतंत्र जांच करें। 2. आधिकारिक चैनल से स्वतंत्र रूप से सत्यापन करें। 3. संदिग्ध होने पर संदेश/नंबर की रिपोर्ट करें।,High,P1,Hindi synthetic/adapted example; not claimed as verbatim real-world data.
HI-S0090,आपके ICICI Bank खाते का KYC/PAN अपडेट नहीं है। आज खाता बंद हो जाएगा। तुरंत http://secure-update.invalid पर जाकर अपडेट करें।,scam,bank_kyc,hi,Research-backed synthetic multilingual,synthetic_research_backed,"बैंक प्रतिरूपण, तात्कालिकता, संदिग्ध लिंक, KYC अनुरोध",लिंक पर क्लिक न करें और बैंक की आधिकारिक ऐप/वेबसाइट से जांच करें।,1. लिंक पर क्लिक न करें और बैंक की आधिकारिक ऐप/वेबसाइट से जांच करें। 2. आधिकारिक चैनल से स्वतंत्र रूप से सत्यापन करें। 3. संदिग्ध होने पर संदेश/नंबर की रिपोर्ट करें।,High,P1,Hindi synthetic/adapted example; not claimed as verbatim real-world data.
HI-S0091,आपका Instagram अकाउंट लॉक हो गया है। इसे बंद होने से बचाने के लिए http://secure-update.invalid पर लॉगिन करें।,scam,phishing,hi,Research-backed synthetic multilingual,synthetic_research_backed,"फिशिंग लिंक, अकाउंट लॉक होने की धमकी, लॉगिन विवरण मांगना",लिंक न खोलें; आधिकारिक ऐप से अकाउंट जांचें।,1. लिंक न खोलें; आधिकारिक ऐप से अकाउंट जांचें। 2. आधिकारिक चैनल से स्वतंत्र रूप से सत्यापन करें। 3. संदिग्ध होने पर संदेश/नंबर की रिपोर्ट करें।,High,P1,Hindi synthetic/adapted example; not claimed as verbatim real-world data.
HI-S0092,आपके Canara Bank खाते का KYC/PAN अपडेट नहीं है। आज खाता बंद हो जाएगा। तुरंत http://verify-account.invalid पर जाकर अपडेट करें।,scam,bank_kyc,hi,Research-backed synthetic multilingual,synthetic_research_backed,"बैंक प्रतिरूपण, तात्कालिकता, संदिग्ध लिंक, KYC अनुरोध",लिंक पर क्लिक न करें और बैंक की आधिकारिक ऐप/वेबसाइट से जांच करें।,1. लिंक पर क्लिक न करें और बैंक की आधिकारिक ऐप/वेबसाइट से जांच करें। 2. आधिकारिक चैनल से स्वतंत्र रूप से सत्यापन करें। 3. संदिग्ध होने पर संदेश/नंबर की रिपोर्ट करें।,High,P1,Hindi synthetic/adapted example; not claimed as verbatim real-world data.
HI-S0093,आपका Paytm अकाउंट लॉक हो गया है। इसे बंद होने से बचाने के लिए http://secure-update.invalid पर लॉगिन करें।,scam,phishing,hi,Research-backed synthetic multilingual,synthetic_research_backed,"फिशिंग लिंक, अकाउंट लॉक होने की धमकी, लॉगिन विवरण मांगना",लिंक न खोलें; आधिकारिक ऐप से अकाउंट जांचें।,1. लिंक न खोलें; आधिकारिक ऐप से अकाउंट जांचें। 2. आधिकारिक चैनल से स्वतंत्र रूप से सत्यापन करें। 3. संदिग्ध होने पर संदेश/नंबर की रिपोर्ट करें।,High,P1,Hindi synthetic/adapted example; not claimed as verbatim real-world data.
HI-S0094,CAPTCHA भरकर रोज़ ₹999 कमाएं। अकाउंट सक्रिय करने के लिए ₹999 शुल्क दें।,scam,fake_captcha_job,hi,Research-backed synthetic multilingual,synthetic_research_backed,"फर्जी CAPTCHA नौकरी, अग्रिम शुल्क, अवास्तविक कमाई",शुल्क न दें और नौकरी की स्वतंत्र जांच करें।,1. शुल्क न दें और नौकरी की स्वतंत्र जांच करें। 2. आधिकारिक चैनल से स्वतंत्र रूप से सत्यापन करें। 3. संदिग्ध होने पर संदेश/नंबर की रिपोर्ट करें।,High,P1,Hindi synthetic/adapted example; not claimed as verbatim real-world data.
HI-S0095,"घर से काम करके रोज़ ₹5,000 कमाएं। नौकरी शुरू करने से पहले ₹499 रजिस्ट्रेशन शुल्क जमा करें।",scam,job_scam,hi,Research-backed synthetic multilingual,synthetic_research_backed,"फर्जी नौकरी, अवास्तविक कमाई, अग्रिम शुल्क",रजिस्ट्रेशन शुल्क न दें और नियोक्ता की स्वतंत्र रूप से जांच करें।,1. रजिस्ट्रेशन शुल्क न दें और नियोक्ता की स्वतंत्र रूप से जांच करें। 2. आधिकारिक चैनल से स्वतंत्र रूप से सत्यापन करें। 3. संदिग्ध होने पर संदेश/नंबर की रिपोर्ट करें।,High,P1,Hindi synthetic/adapted example; not claimed as verbatim real-world data.
HI-S0096,"CAPTCHA भरकर रोज़ ₹5,000 कमाएं। अकाउंट सक्रिय करने के लिए ₹1,999 शुल्क दें।",scam,fake_captcha_job,hi,Research-backed synthetic multilingual,synthetic_research_backed,"फर्जी CAPTCHA नौकरी, अग्रिम शुल्क, अवास्तविक कमाई",शुल्क न दें और नौकरी की स्वतंत्र जांच करें।,1. शुल्क न दें और नौकरी की स्वतंत्र जांच करें। 2. आधिकारिक चैनल से स्वतंत्र रूप से सत्यापन करें। 3. संदिग्ध होने पर संदेश/नंबर की रिपोर्ट करें।,High,P1,Hindi synthetic/adapted example; not claimed as verbatim real-world data.
HI-S0097,"आपका ₹5,000 का इंस्टेंट लोन स्वीकृत है। राशि जारी कराने के लिए ₹199 प्रोसेसिंग शुल्क दें।",scam,loan_scam,hi,Research-backed synthetic multilingual,synthetic_research_backed,"फर्जी लोन, अग्रिम शुल्क, वित्तीय दबाव",शुल्क न दें और ऋणदाता की आधिकारिक जानकारी जांचें।,1. शुल्क न दें और ऋणदाता की आधिकारिक जानकारी जांचें। 2. आधिकारिक चैनल से स्वतंत्र रूप से सत्यापन करें। 3. संदिग्ध होने पर संदेश/नंबर की रिपोर्ट करें।,High,P1,Hindi synthetic/adapted example; not claimed as verbatim real-world data.
HI-S0098,"आपका ₹2,499 का इंस्टेंट लोन स्वीकृत है। राशि जारी कराने के लिए ₹999 प्रोसेसिंग शुल्क दें।",scam,loan_scam,hi,Research-backed synthetic multilingual,synthetic_research_backed,"फर्जी लोन, अग्रिम शुल्क, वित्तीय दबाव",शुल्क न दें और ऋणदाता की आधिकारिक जानकारी जांचें।,1. शुल्क न दें और ऋणदाता की आधिकारिक जानकारी जांचें। 2. आधिकारिक चैनल से स्वतंत्र रूप से सत्यापन करें। 3. संदिग्ध होने पर संदेश/नंबर की रिपोर्ट करें।,High,P1,Hindi synthetic/adapted example; not claimed as verbatim real-world data.
HI-S0099,"अभी ₹4,999 भेजें, वरना आपका निजी वीडियो आपके संपर्कों को भेज दिया जाएगा।",scam,sextortion,hi,Research-backed synthetic multilingual,synthetic_research_backed,"ब्लैकमेल, धमकी, जबरन भुगतान","पैसे न दें, सबूत सुरक्षित रखें और घटना की रिपोर्ट करें।","1. पैसे न दें, सबूत सुरक्षित रखें और घटना की रिपोर्ट करें। 2. आधिकारिक चैनल से स्वतंत्र रूप से सत्यापन करें। 3. संदिग्ध होने पर संदेश/नंबर की रिपोर्ट करें।",Critical,P1,Hindi synthetic/adapted example; not claimed as verbatim real-world data.
HI-S0100,आपका Microsoft अकाउंट लॉक हो गया है। इसे बंद होने से बचाने के लिए http://secure-update.invalid पर लॉगिन करें।,scam,phishing,hi,Research-backed synthetic multilingual,synthetic_research_backed,"फिशिंग लिंक, अकाउंट लॉक होने की धमकी, लॉगिन विवरण मांगना",लिंक न खोलें; आधिकारिक ऐप से अकाउंट जांचें।,1. लिंक न खोलें; आधिकारिक ऐप से अकाउंट जांचें। 2. आधिकारिक चैनल से स्वतंत्र रूप से सत्यापन करें। 3. संदिग्ध होने पर संदेश/नंबर की रिपोर्ट करें।,High,P1,Hindi synthetic/adapted example; not claimed as verbatim real-world data.
HI-S0101,घर से काम करके रोज़ ₹499 कमाएं। नौकरी शुरू करने से पहले ₹199 रजिस्ट्रेशन शुल्क जमा करें।,scam,job_scam,hi,Research-backed synthetic multilingual,synthetic_research_backed,"फर्जी नौकरी, अवास्तविक कमाई, अग्रिम शुल्क",रजिस्ट्रेशन शुल्क न दें और नियोक्ता की स्वतंत्र रूप से जांच करें।,1. रजिस्ट्रेशन शुल्क न दें और नियोक्ता की स्वतंत्र रूप से जांच करें। 2. आधिकारिक चैनल से स्वतंत्र रूप से सत्यापन करें। 3. संदिग्ध होने पर संदेश/नंबर की रिपोर्ट करें।,High,P1,Hindi synthetic/adapted example; not claimed as verbatim real-world data.
HI-S0102,"आपका ₹999 का इंस्टेंट लोन स्वीकृत है। राशि जारी कराने के लिए ₹4,999 प्रोसेसिंग शुल्क दें।",scam,loan_scam,hi,Research-backed synthetic multilingual,synthetic_research_backed,"फर्जी लोन, अग्रिम शुल्क, वित्तीय दबाव",शुल्क न दें और ऋणदाता की आधिकारिक जानकारी जांचें।,1. शुल्क न दें और ऋणदाता की आधिकारिक जानकारी जांचें। 2. आधिकारिक चैनल से स्वतंत्र रूप से सत्यापन करें। 3. संदिग्ध होने पर संदेश/नंबर की रिपोर्ट करें।,High,P1,Hindi synthetic/adapted example; not claimed as verbatim real-world data.
HI-S0103,"आपका ₹5,000 का इंस्टेंट लोन स्वीकृत है। राशि जारी कराने के लिए ₹999 प्रोसेसिंग शुल्क दें।",scam,loan_scam,hi,Research-backed synthetic multilingual,synthetic_research_backed,"फर्जी लोन, अग्रिम शुल्क, वित्तीय दबाव",शुल्क न दें और ऋणदाता की आधिकारिक जानकारी जांचें।,1. शुल्क न दें और ऋणदाता की आधिकारिक जानकारी जांचें। 2. आधिकारिक चैनल से स्वतंत्र रूप से सत्यापन करें। 3. संदिग्ध होने पर संदेश/नंबर की रिपोर्ट करें।,High,P1,Hindi synthetic/adapted example; not claimed as verbatim real-world data.
HI-S0104,CAPTCHA भरकर रोज़ ₹999 कमाएं। अकाउंट सक्रिय करने के लिए ₹199 शुल्क दें।,scam,fake_captcha_job,hi,Research-backed synthetic multilingual,synthetic_research_backed,"फर्जी CAPTCHA नौकरी, अग्रिम शुल्क, अवास्तविक कमाई",शुल्क न दें और नौकरी की स्वतंत्र जांच करें।,1. शुल्क न दें और नौकरी की स्वतंत्र जांच करें। 2. आधिकारिक चैनल से स्वतंत्र रूप से सत्यापन करें। 3. संदिग्ध होने पर संदेश/नंबर की रिपोर्ट करें।,High,P1,Hindi synthetic/adapted example; not claimed as verbatim real-world data.
HI-S0105,आपके Axis Bank खाते का KYC/PAN अपडेट नहीं है। आज खाता बंद हो जाएगा। तुरंत http://verify-account.invalid पर जाकर अपडेट करें।,scam,bank_kyc,hi,Research-backed synthetic multilingual,synthetic_research_backed,"बैंक प्रतिरूपण, तात्कालिकता, संदिग्ध लिंक, KYC अनुरोध",लिंक पर क्लिक न करें और बैंक की आधिकारिक ऐप/वेबसाइट से जांच करें।,1. लिंक पर क्लिक न करें और बैंक की आधिकारिक ऐप/वेबसाइट से जांच करें। 2. आधिकारिक चैनल से स्वतंत्र रूप से सत्यापन करें। 3. संदिग्ध होने पर संदेश/नंबर की रिपोर्ट करें।,High,P1,Hindi synthetic/adapted example; not claimed as verbatim real-world data.
HI-S0106,"CAPTCHA भरकर रोज़ ₹5,000 कमाएं। अकाउंट सक्रिय करने के लिए ₹4,999 शुल्क दें।",scam,fake_captcha_job,hi,Research-backed synthetic multilingual,synthetic_research_backed,"फर्जी CAPTCHA नौकरी, अग्रिम शुल्क, अवास्तविक कमाई",शुल्क न दें और नौकरी की स्वतंत्र जांच करें।,1. शुल्क न दें और नौकरी की स्वतंत्र जांच करें। 2. आधिकारिक चैनल से स्वतंत्र रूप से सत्यापन करें। 3. संदिग्ध होने पर संदेश/नंबर की रिपोर्ट करें।,High,P1,Hindi synthetic/adapted example; not claimed as verbatim real-world data.
HI-S0107,"आपका ₹10,000 का इंस्टेंट लोन स्वीकृत है। राशि जारी कराने के लिए ₹1,999 प्रोसेसिंग शुल्क दें।",scam,loan_scam,hi,Research-backed synthetic multilingual,synthetic_research_backed,"फर्जी लोन, अग्रिम शुल्क, वित्तीय दबाव",शुल्क न दें और ऋणदाता की आधिकारिक जानकारी जांचें।,1. शुल्क न दें और ऋणदाता की आधिकारिक जानकारी जांचें। 2. आधिकारिक चैनल से स्वतंत्र रूप से सत्यापन करें। 3. संदिग्ध होने पर संदेश/नंबर की रिपोर्ट करें।,High,P1,Hindi synthetic/adapted example; not claimed as verbatim real-world data.
HI-S0108,आपके Axis Bank खाते का KYC/PAN अपडेट नहीं है। आज खाता बंद हो जाएगा। तुरंत http://secure-update.invalid पर जाकर अपडेट करें।,scam,bank_kyc,hi,Research-backed synthetic multilingual,synthetic_research_backed,"बैंक प्रतिरूपण, तात्कालिकता, संदिग्ध लिंक, KYC अनुरोध",लिंक पर क्लिक न करें और बैंक की आधिकारिक ऐप/वेबसाइट से जांच करें।,1. लिंक पर क्लिक न करें और बैंक की आधिकारिक ऐप/वेबसाइट से जांच करें। 2. आधिकारिक चैनल से स्वतंत्र रूप से सत्यापन करें। 3. संदिग्ध होने पर संदेश/नंबर की रिपोर्ट करें।,High,P1,Hindi synthetic/adapted example; not claimed as verbatim real-world data.
HI-S0109,"आपका ₹10,000 का इंस्टेंट लोन स्वीकृत है। राशि जारी कराने के लिए ₹199 प्रोसेसिंग शुल्क दें।",scam,loan_scam,hi,Research-backed synthetic multilingual,synthetic_research_backed,"फर्जी लोन, अग्रिम शुल्क, वित्तीय दबाव",शुल्क न दें और ऋणदाता की आधिकारिक जानकारी जांचें।,1. शुल्क न दें और ऋणदाता की आधिकारिक जानकारी जांचें। 2. आधिकारिक चैनल से स्वतंत्र रूप से सत्यापन करें। 3. संदिग्ध होने पर संदेश/नंबर की रिपोर्ट करें।,High,P1,Hindi synthetic/adapted example; not claimed as verbatim real-world data.
HI-S0110,"मैं नया नंबर इस्तेमाल कर रहा हूं। बहुत जरूरी है, मुझे ₹999 अभी ट्रांसफर कर दो। मुझे कॉल मत करना।",scam,impersonation,hi,Research-backed synthetic multilingual,synthetic_research_backed,"व्यक्ति प्रतिरूपण, पैसे की मांग, सत्यापन रोकना",पैसे भेजने से पहले ज्ञात नंबर पर व्यक्ति की पहचान सत्यापित करें।,1. पैसे भेजने से पहले ज्ञात नंबर पर व्यक्ति की पहचान सत्यापित करें। 2. आधिकारिक चैनल से स्वतंत्र रूप से सत्यापन करें। 3. संदिग्ध होने पर संदेश/नंबर की रिपोर्ट करें।,High,P1,Hindi synthetic/adapted example; not claimed as verbatim real-world data.
HI-S0111,"घर से काम करके रोज़ ₹10,000 कमाएं। नौकरी शुरू करने से पहले ₹499 रजिस्ट्रेशन शुल्क जमा करें।",scam,job_scam,hi,Research-backed synthetic multilingual,synthetic_research_backed,"फर्जी नौकरी, अवास्तविक कमाई, अग्रिम शुल्क",रजिस्ट्रेशन शुल्क न दें और नियोक्ता की स्वतंत्र रूप से जांच करें।,1. रजिस्ट्रेशन शुल्क न दें और नियोक्ता की स्वतंत्र रूप से जांच करें। 2. आधिकारिक चैनल से स्वतंत्र रूप से सत्यापन करें। 3. संदिग्ध होने पर संदेश/नंबर की रिपोर्ट करें।,High,P1,Hindi synthetic/adapted example; not claimed as verbatim real-world data.
HI-S0112,आपका Google अकाउंट लॉक हो गया है। इसे बंद होने से बचाने के लिए http://secure-update.invalid पर लॉगिन करें।,scam,phishing,hi,Research-backed synthetic multilingual,synthetic_research_backed,"फिशिंग लिंक, अकाउंट लॉक होने की धमकी, लॉगिन विवरण मांगना",लिंक न खोलें; आधिकारिक ऐप से अकाउंट जांचें।,1. लिंक न खोलें; आधिकारिक ऐप से अकाउंट जांचें। 2. आधिकारिक चैनल से स्वतंत्र रूप से सत्यापन करें। 3. संदिग्ध होने पर संदेश/नंबर की रिपोर्ट करें।,High,P1,Hindi synthetic/adapted example; not claimed as verbatim real-world data.
HI-S0113,"CAPTCHA भरकर रोज़ ₹2,499 कमाएं। अकाउंट सक्रिय करने के लिए ₹499 शुल्क दें।",scam,fake_captcha_job,hi,Research-backed synthetic multilingual,synthetic_research_backed,"फर्जी CAPTCHA नौकरी, अग्रिम शुल्क, अवास्तविक कमाई",शुल्क न दें और नौकरी की स्वतंत्र जांच करें।,1. शुल्क न दें और नौकरी की स्वतंत्र जांच करें। 2. आधिकारिक चैनल से स्वतंत्र रूप से सत्यापन करें। 3. संदिग्ध होने पर संदेश/नंबर की रिपोर्ट करें।,High,P1,Hindi synthetic/adapted example; not claimed as verbatim real-world data.
HI-S0114,"घर से काम करके रोज़ ₹499 कमाएं। नौकरी शुरू करने से पहले ₹4,999 रजिस्ट्रेशन शुल्क जमा करें।",scam,job_scam,hi,Research-backed synthetic multilingual,synthetic_research_backed,"फर्जी नौकरी, अवास्तविक कमाई, अग्रिम शुल्क",रजिस्ट्रेशन शुल्क न दें और नियोक्ता की स्वतंत्र रूप से जांच करें।,1. रजिस्ट्रेशन शुल्क न दें और नियोक्ता की स्वतंत्र रूप से जांच करें। 2. आधिकारिक चैनल से स्वतंत्र रूप से सत्यापन करें। 3. संदिग्ध होने पर संदेश/नंबर की रिपोर्ट करें।,High,P1,Hindi synthetic/adapted example; not claimed as verbatim real-world data.
HI-S0115,हमारा ट्रेडिंग प्लेटफॉर्म रोज़ 999% लाभ की गारंटी देता है। आज ₹999 जमा करें।,scam,investment_scam,hi,Research-backed synthetic multilingual,synthetic_research_backed,"गारंटीड रिटर्न, निवेश दबाव, पैसे जमा कराने का अनुरोध",पैसे जमा न करें और प्लेटफॉर्म की स्वतंत्र जांच करें।,1. पैसे जमा न करें और प्लेटफॉर्म की स्वतंत्र जांच करें। 2. आधिकारिक चैनल से स्वतंत्र रूप से सत्यापन करें। 3. संदिग्ध होने पर संदेश/नंबर की रिपोर्ट करें।,Critical,P1,Hindi synthetic/adapted example; not claimed as verbatim real-world data.
HI-S0116,आपके Canara Bank खाते का KYC/PAN अपडेट नहीं है। आज खाता बंद हो जाएगा। तुरंत http://secure-update.invalid पर जाकर अपडेट करें।,scam,bank_kyc,hi,Research-backed synthetic multilingual,synthetic_research_backed,"बैंक प्रतिरूपण, तात्कालिकता, संदिग्ध लिंक, KYC अनुरोध",लिंक पर क्लिक न करें और बैंक की आधिकारिक ऐप/वेबसाइट से जांच करें।,1. लिंक पर क्लिक न करें और बैंक की आधिकारिक ऐप/वेबसाइट से जांच करें। 2. आधिकारिक चैनल से स्वतंत्र रूप से सत्यापन करें। 3. संदिग्ध होने पर संदेश/नंबर की रिपोर्ट करें।,High,P1,Hindi synthetic/adapted example; not claimed as verbatim real-world data.
HI-S0117,घर से काम करके रोज़ ₹199 कमाएं। नौकरी शुरू करने से पहले ₹999 रजिस्ट्रेशन शुल्क जमा करें।,scam,job_scam,hi,Research-backed synthetic multilingual,synthetic_research_backed,"फर्जी नौकरी, अवास्तविक कमाई, अग्रिम शुल्क",रजिस्ट्रेशन शुल्क न दें और नियोक्ता की स्वतंत्र रूप से जांच करें।,1. रजिस्ट्रेशन शुल्क न दें और नियोक्ता की स्वतंत्र रूप से जांच करें। 2. आधिकारिक चैनल से स्वतंत्र रूप से सत्यापन करें। 3. संदिग्ध होने पर संदेश/नंबर की रिपोर्ट करें।,High,P1,Hindi synthetic/adapted example; not claimed as verbatim real-world data.
HI-S0118,"आपका ₹499 का इंस्टेंट लोन स्वीकृत है। राशि जारी कराने के लिए ₹1,999 प्रोसेसिंग शुल्क दें।",scam,loan_scam,hi,Research-backed synthetic multilingual,synthetic_research_backed,"फर्जी लोन, अग्रिम शुल्क, वित्तीय दबाव",शुल्क न दें और ऋणदाता की आधिकारिक जानकारी जांचें।,1. शुल्क न दें और ऋणदाता की आधिकारिक जानकारी जांचें। 2. आधिकारिक चैनल से स्वतंत्र रूप से सत्यापन करें। 3. संदिग्ध होने पर संदेश/नंबर की रिपोर्ट करें।,High,P1,Hindi synthetic/adapted example; not claimed as verbatim real-world data.
HI-S0119,आपका Amazon अकाउंट लॉक हो गया है। इसे बंद होने से बचाने के लिए http://verify-account.invalid पर लॉगिन करें।,scam,phishing,hi,Research-backed synthetic multilingual,synthetic_research_backed,"फिशिंग लिंक, अकाउंट लॉक होने की धमकी, लॉगिन विवरण मांगना",लिंक न खोलें; आधिकारिक ऐप से अकाउंट जांचें।,1. लिंक न खोलें; आधिकारिक ऐप से अकाउंट जांचें। 2. आधिकारिक चैनल से स्वतंत्र रूप से सत्यापन करें। 3. संदिग्ध होने पर संदेश/नंबर की रिपोर्ट करें।,High,P1,Hindi synthetic/adapted example; not claimed as verbatim real-world data.
HI-S0120,घर से काम करके रोज़ ₹199 कमाएं। नौकरी शुरू करने से पहले ₹199 रजिस्ट्रेशन शुल्क जमा करें।,scam,job_scam,hi,Research-backed synthetic multilingual,synthetic_research_backed,"फर्जी नौकरी, अवास्तविक कमाई, अग्रिम शुल्क",रजिस्ट्रेशन शुल्क न दें और नियोक्ता की स्वतंत्र रूप से जांच करें।,1. रजिस्ट्रेशन शुल्क न दें और नियोक्ता की स्वतंत्र रूप से जांच करें। 2. आधिकारिक चैनल से स्वतंत्र रूप से सत्यापन करें। 3. संदिग्ध होने पर संदेश/नंबर की रिपोर्ट करें।,High,P1,Hindi synthetic/adapted example; not claimed as verbatim real-world data.
HI-S0121,"घर से काम करके रोज़ ₹5,000 कमाएं। नौकरी शुरू करने से पहले ₹4,999 रजिस्ट्रेशन शुल्क जमा करें।",scam,job_scam,hi,Research-backed synthetic multilingual,synthetic_research_backed,"फर्जी नौकरी, अवास्तविक कमाई, अग्रिम शुल्क",रजिस्ट्रेशन शुल्क न दें और नियोक्ता की स्वतंत्र रूप से जांच करें।,1. रजिस्ट्रेशन शुल्क न दें और नियोक्ता की स्वतंत्र रूप से जांच करें। 2. आधिकारिक चैनल से स्वतंत्र रूप से सत्यापन करें। 3. संदिग्ध होने पर संदेश/नंबर की रिपोर्ट करें।,High,P1,Hindi synthetic/adapted example; not claimed as verbatim real-world data.
HI-S0122,घर से काम करके रोज़ ₹999 कमाएं। नौकरी शुरू करने से पहले ₹199 रजिस्ट्रेशन शुल्क जमा करें।,scam,job_scam,hi,Research-backed synthetic multilingual,synthetic_research_backed,"फर्जी नौकरी, अवास्तविक कमाई, अग्रिम शुल्क",रजिस्ट्रेशन शुल्क न दें और नियोक्ता की स्वतंत्र रूप से जांच करें।,1. रजिस्ट्रेशन शुल्क न दें और नियोक्ता की स्वतंत्र रूप से जांच करें। 2. आधिकारिक चैनल से स्वतंत्र रूप से सत्यापन करें। 3. संदिग्ध होने पर संदेश/नंबर की रिपोर्ट करें।,High,P1,Hindi synthetic/adapted example; not claimed as verbatim real-world data.
HI-S0123,CAPTCHA भरकर रोज़ ₹199 कमाएं। अकाउंट सक्रिय करने के लिए ₹499 शुल्क दें।,scam,fake_captcha_job,hi,Research-backed synthetic multilingual,synthetic_research_backed,"फर्जी CAPTCHA नौकरी, अग्रिम शुल्क, अवास्तविक कमाई",शुल्क न दें और नौकरी की स्वतंत्र जांच करें।,1. शुल्क न दें और नौकरी की स्वतंत्र जांच करें। 2. आधिकारिक चैनल से स्वतंत्र रूप से सत्यापन करें। 3. संदिग्ध होने पर संदेश/नंबर की रिपोर्ट करें।,High,P1,Hindi synthetic/adapted example; not claimed as verbatim real-world data.
HI-S0124,"आपका ₹10,000 का इंस्टेंट लोन स्वीकृत है। राशि जारी कराने के लिए ₹4,999 प्रोसेसिंग शुल्क दें।",scam,loan_scam,hi,Research-backed synthetic multilingual,synthetic_research_backed,"फर्जी लोन, अग्रिम शुल्क, वित्तीय दबाव",शुल्क न दें और ऋणदाता की आधिकारिक जानकारी जांचें।,1. शुल्क न दें और ऋणदाता की आधिकारिक जानकारी जांचें। 2. आधिकारिक चैनल से स्वतंत्र रूप से सत्यापन करें। 3. संदिग्ध होने पर संदेश/नंबर की रिपोर्ट करें।,High,P1,Hindi synthetic/adapted example; not claimed as verbatim real-world data.
HI-S0125,"CAPTCHA भरकर रोज़ ₹199 कमाएं। अकाउंट सक्रिय करने के लिए ₹4,999 शुल्क दें।",scam,fake_captcha_job,hi,Research-backed synthetic multilingual,synthetic_research_backed,"फर्जी CAPTCHA नौकरी, अग्रिम शुल्क, अवास्तविक कमाई",शुल्क न दें और नौकरी की स्वतंत्र जांच करें।,1. शुल्क न दें और नौकरी की स्वतंत्र जांच करें। 2. आधिकारिक चैनल से स्वतंत्र रूप से सत्यापन करें। 3. संदिग्ध होने पर संदेश/नंबर की रिपोर्ट करें।,High,P1,Hindi synthetic/adapted example; not claimed as verbatim real-world data.
HI-G0001,आपके खाते के अंतिम चार अंक 2481 वाले बैंक स्टेटमेंट की कॉपी ऑनलाइन बैंकिंग में उपलब्ध है।,genuine,banking_genuine,hi,Research-backed synthetic multilingual,synthetic_research_backed,सामान्य बैंकिंग सूचना,बैंक की आधिकारिक ऐप/वेबसाइट खोलें।,1. बैंक की आधिकारिक ऐप/वेबसाइट खोलें। 2. आधिकारिक चैनल से स्वतंत्र रूप से सत्यापन करें। 3. संदिग्ध होने पर संदेश/नंबर की रिपोर्ट करें।,Low,P4,Hindi synthetic/adapted example; not claimed as verbatim real-world data.
HI-G0002,कृपया कल की टीम मीटिंग से पहले नवीनतम प्रोजेक्ट बिल्ड की समीक्षा करें।,genuine,work,hi,Research-backed synthetic multilingual,synthetic_research_backed,सामान्य कार्यस्थल संदेश,ज्ञात प्रोजेक्ट वर्कस्पेस में समीक्षा करें।,1. ज्ञात प्रोजेक्ट वर्कस्पेस में समीक्षा करें। 2. आधिकारिक चैनल से स्वतंत्र रूप से सत्यापन करें। 3. संदिग्ध होने पर संदेश/नंबर की रिपोर्ट करें।,Low,P4,Hindi synthetic/adapted example; not claimed as verbatim real-world data.
HI-G0003,याद दिलाया जाता है कि आपकी अपॉइंटमेंट 5 अक्टूबर को 10:00 बजे बजे है।,genuine,appointment,hi,Research-backed synthetic multilingual,synthetic_research_backed,सामान्य अपॉइंटमेंट रिमाइंडर,आधिकारिक प्रदाता के माध्यम से पुष्टि/रीशेड्यूल करें।,1. आधिकारिक प्रदाता के माध्यम से पुष्टि/रीशेड्यूल करें। 2. आधिकारिक चैनल से स्वतंत्र रूप से सत्यापन करें। 3. संदिग्ध होने पर संदेश/नंबर की रिपोर्ट करें।,Low,P4,Hindi synthetic/adapted example; not claimed as verbatim real-world data.
HI-G0004,सेमेस्टर परीक्षा की समय-सारणी कॉलेज पोर्टल पर प्रकाशित कर दी गई है।,genuine,education,hi,Research-backed synthetic multilingual,synthetic_research_backed,सामान्य शैक्षणिक सूचना,आधिकारिक कॉलेज पोर्टल पर समय-सारणी जांचें।,1. आधिकारिक कॉलेज पोर्टल पर समय-सारणी जांचें। 2. आधिकारिक चैनल से स्वतंत्र रूप से सत्यापन करें। 3. संदिग्ध होने पर संदेश/नंबर की रिपोर्ट करें।,Low,P4,Hindi synthetic/adapted example; not claimed as verbatim real-world data.
HI-G0005,आपकी क्लिनिक अपॉइंटमेंट 15 अक्टूबर को 6:00 बजे बजे निर्धारित है।,genuine,healthcare,hi,Research-backed synthetic multilingual,synthetic_research_backed,सामान्य स्वास्थ्य रिमाइंडर,आधिकारिक क्लिनिक चैनल से विवरण सत्यापित करें।,1. आधिकारिक क्लिनिक चैनल से विवरण सत्यापित करें। 2. आधिकारिक चैनल से स्वतंत्र रूप से सत्यापन करें। 3. संदिग्ध होने पर संदेश/नंबर की रिपोर्ट करें।,Low,P4,Hindi synthetic/adapted example; not claimed as verbatim real-world data.
HI-G0006,"आपके Netflix का ₹10,000 भुगतान सफलतापूर्वक प्रोसेस हो गया है।",genuine,transaction,hi,Research-backed synthetic multilingual,synthetic_research_backed,सामान्य लेनदेन सूचना,आधिकारिक ऐप में लेनदेन सत्यापित करें।,1. आधिकारिक ऐप में लेनदेन सत्यापित करें। 2. आधिकारिक चैनल से स्वतंत्र रूप से सत्यापन करें। 3. संदिग्ध होने पर संदेश/नंबर की रिपोर्ट करें।,Low,P4,Hindi synthetic/adapted example; not claimed as verbatim real-world data.
HI-G0007,आपके खाते के अंतिम चार अंक 5730 वाले बैंक स्टेटमेंट की कॉपी ऑनलाइन बैंकिंग में उपलब्ध है।,genuine,banking_genuine,hi,Research-backed synthetic multilingual,synthetic_research_backed,सामान्य बैंकिंग सूचना,बैंक की आधिकारिक ऐप/वेबसाइट खोलें।,1. बैंक की आधिकारिक ऐप/वेबसाइट खोलें। 2. आधिकारिक चैनल से स्वतंत्र रूप से सत्यापन करें। 3. संदिग्ध होने पर संदेश/नंबर की रिपोर्ट करें।,Low,P4,Hindi synthetic/adapted example; not claimed as verbatim real-world data.
HI-G0008,क्या हम आज 2:00 बजे बजे कॉलेज कैंटीन में मिल रहे हैं?,genuine,personal,hi,Research-backed synthetic multilingual,synthetic_research_backed,सामान्य व्यक्तिगत संदेश,सामान्य रूप से उत्तर दें।,1. सामान्य रूप से उत्तर दें। 2. आधिकारिक चैनल से स्वतंत्र रूप से सत्यापन करें। 3. संदिग्ध होने पर संदेश/नंबर की रिपोर्ट करें।,Low,P4,Hindi synthetic/adapted example; not claimed as verbatim real-world data.
HI-G0009,याद दिलाया जाता है कि आपकी अपॉइंटमेंट 30 सितंबर को 4:30 बजे बजे है।,genuine,appointment,hi,Research-backed synthetic multilingual,synthetic_research_backed,सामान्य अपॉइंटमेंट रिमाइंडर,आधिकारिक प्रदाता के माध्यम से पुष्टि/रीशेड्यूल करें।,1. आधिकारिक प्रदाता के माध्यम से पुष्टि/रीशेड्यूल करें। 2. आधिकारिक चैनल से स्वतंत्र रूप से सत्यापन करें। 3. संदिग्ध होने पर संदेश/नंबर की रिपोर्ट करें।,Low,P4,Hindi synthetic/adapted example; not claimed as verbatim real-world data.
HI-G0010,आपके खाते के अंतिम चार अंक 8842 वाले बैंक स्टेटमेंट की कॉपी ऑनलाइन बैंकिंग में उपलब्ध है।,genuine,banking_genuine,hi,Research-backed synthetic multilingual,synthetic_research_backed,सामान्य बैंकिंग सूचना,बैंक की आधिकारिक ऐप/वेबसाइट खोलें।,1. बैंक की आधिकारिक ऐप/वेबसाइट खोलें। 2. आधिकारिक चैनल से स्वतंत्र रूप से सत्यापन करें। 3. संदिग्ध होने पर संदेश/नंबर की रिपोर्ट करें।,Low,P4,Hindi synthetic/adapted example; not claimed as verbatim real-world data.
HI-G0011,आपकी क्लिनिक अपॉइंटमेंट 30 सितंबर को 4:30 बजे बजे निर्धारित है।,genuine,healthcare,hi,Research-backed synthetic multilingual,synthetic_research_backed,सामान्य स्वास्थ्य रिमाइंडर,आधिकारिक क्लिनिक चैनल से विवरण सत्यापित करें।,1. आधिकारिक क्लिनिक चैनल से विवरण सत्यापित करें। 2. आधिकारिक चैनल से स्वतंत्र रूप से सत्यापन करें। 3. संदिग्ध होने पर संदेश/नंबर की रिपोर्ट करें।,Low,P4,Hindi synthetic/adapted example; not claimed as verbatim real-world data.
HI-G0012,आपके मोबाइल प्लान में 2.8 GB डेटा शेष है और यह 30 सितंबर तक वैध है।,genuine,telecom_genuine,hi,Research-backed synthetic multilingual,synthetic_research_backed,सामान्य टेलीकॉम सूचना,आधिकारिक टेलीकॉम ऐप में उपयोग जांचें।,1. आधिकारिक टेलीकॉम ऐप में उपयोग जांचें। 2. आधिकारिक चैनल से स्वतंत्र रूप से सत्यापन करें। 3. संदिग्ध होने पर संदेश/नंबर की रिपोर्ट करें।,Low,P4,Hindi synthetic/adapted example; not claimed as verbatim real-world data.
HI-G0013,आपका Microsoft सत्यापन कोड A-739214 है। इसे किसी के साथ साझा न करें।,genuine,otp,hi,Research-backed synthetic multilingual,synthetic_research_backed,वैध OTP सूचना,केवल आपके द्वारा शुरू किए गए सत्यापन में कोड का उपयोग करें।,1. केवल आपके द्वारा शुरू किए गए सत्यापन में कोड का उपयोग करें। 2. आधिकारिक चैनल से स्वतंत्र रूप से सत्यापन करें। 3. संदिग्ध होने पर संदेश/नंबर की रिपोर्ट करें।,Low,P4,Hindi synthetic/adapted example; not claimed as verbatim real-world data.
HI-G0014,आपकी सदस्यता 30 सितंबर को ₹999 में नवीनीकृत होगी।,genuine,subscription,hi,Research-backed synthetic multilingual,synthetic_research_backed,सामान्य सदस्यता सूचना,आधिकारिक अकाउंट सेटिंग्स में विवरण जांचें।,1. आधिकारिक अकाउंट सेटिंग्स में विवरण जांचें। 2. आधिकारिक चैनल से स्वतंत्र रूप से सत्यापन करें। 3. संदिग्ध होने पर संदेश/नंबर की रिपोर्ट करें।,Low,P4,Hindi synthetic/adapted example; not claimed as verbatim real-world data.
HI-G0015,आपकी यात्रा बुकिंग Q4M8LX 5 अक्टूबर के लिए कन्फर्म है।,genuine,travel,hi,Research-backed synthetic multilingual,synthetic_research_backed,सामान्य यात्रा पुष्टि,आधिकारिक एयरलाइन/ट्रैवल ऐप में बुकिंग जांचें।,1. आधिकारिक एयरलाइन/ट्रैवल ऐप में बुकिंग जांचें। 2. आधिकारिक चैनल से स्वतंत्र रूप से सत्यापन करें। 3. संदिग्ध होने पर संदेश/नंबर की रिपोर्ट करें।,Low,P4,Hindi synthetic/adapted example; not claimed as verbatim real-world data.
HI-G0016,क्या हम आज 6:00 बजे बजे कॉलेज कैंटीन में मिल रहे हैं?,genuine,personal,hi,Research-backed synthetic multilingual,synthetic_research_backed,सामान्य व्यक्तिगत संदेश,सामान्य रूप से उत्तर दें।,1. सामान्य रूप से उत्तर दें। 2. आधिकारिक चैनल से स्वतंत्र रूप से सत्यापन करें। 3. संदिग्ध होने पर संदेश/नंबर की रिपोर्ट करें।,Low,P4,Hindi synthetic/adapted example; not claimed as verbatim real-world data.
HI-G0017,याद दिलाया जाता है कि आपकी अपॉइंटमेंट 15 अक्टूबर को 10:00 बजे बजे है।,genuine,appointment,hi,Research-backed synthetic multilingual,synthetic_research_backed,सामान्य अपॉइंटमेंट रिमाइंडर,आधिकारिक प्रदाता के माध्यम से पुष्टि/रीशेड्यूल करें।,1. आधिकारिक प्रदाता के माध्यम से पुष्टि/रीशेड्यूल करें। 2. आधिकारिक चैनल से स्वतंत्र रूप से सत्यापन करें। 3. संदिग्ध होने पर संदेश/नंबर की रिपोर्ट करें।,Low,P4,Hindi synthetic/adapted example; not claimed as verbatim real-world data.
HI-G0018,आपका Frontend Developer आवेदन अगले चरण के लिए चयनित हुआ है। आधिकारिक करियर पोर्टल देखें।,genuine,job_genuine,hi,Research-backed synthetic multilingual,synthetic_research_backed,सामान्य भर्ती सूचना,कंपनी के आधिकारिक करियर पोर्टल से आवेदन स्थिति जांचें।,1. कंपनी के आधिकारिक करियर पोर्टल से आवेदन स्थिति जांचें। 2. आधिकारिक चैनल से स्वतंत्र रूप से सत्यापन करें। 3. संदिग्ध होने पर संदेश/नंबर की रिपोर्ट करें।,Low,P4,Hindi synthetic/adapted example; not claimed as verbatim real-world data.
HI-G0019,आपके मोबाइल प्लान में 5 GB डेटा शेष है और यह 15 अक्टूबर तक वैध है।,genuine,telecom_genuine,hi,Research-backed synthetic multilingual,synthetic_research_backed,सामान्य टेलीकॉम सूचना,आधिकारिक टेलीकॉम ऐप में उपयोग जांचें।,1. आधिकारिक टेलीकॉम ऐप में उपयोग जांचें। 2. आधिकारिक चैनल से स्वतंत्र रूप से सत्यापन करें। 3. संदिग्ध होने पर संदेश/नंबर की रिपोर्ट करें।,Low,P4,Hindi synthetic/adapted example; not claimed as verbatim real-world data.
HI-G0020,"आपकी सदस्यता 15 अक्टूबर को ₹2,499 में नवीनीकृत होगी।",genuine,subscription,hi,Research-backed synthetic multilingual,synthetic_research_backed,सामान्य सदस्यता सूचना,आधिकारिक अकाउंट सेटिंग्स में विवरण जांचें।,1. आधिकारिक अकाउंट सेटिंग्स में विवरण जांचें। 2. आधिकारिक चैनल से स्वतंत्र रूप से सत्यापन करें। 3. संदिग्ध होने पर संदेश/नंबर की रिपोर्ट करें।,Low,P4,Hindi synthetic/adapted example; not claimed as verbatim real-world data.
HI-G0021,आपकी यात्रा बुकिंग Q4M8LX 10 अक्टूबर के लिए कन्फर्म है।,genuine,travel,hi,Research-backed synthetic multilingual,synthetic_research_backed,सामान्य यात्रा पुष्टि,आधिकारिक एयरलाइन/ट्रैवल ऐप में बुकिंग जांचें।,1. आधिकारिक एयरलाइन/ट्रैवल ऐप में बुकिंग जांचें। 2. आधिकारिक चैनल से स्वतंत्र रूप से सत्यापन करें। 3. संदिग्ध होने पर संदेश/नंबर की रिपोर्ट करें।,Low,P4,Hindi synthetic/adapted example; not claimed as verbatim real-world data.
HI-G0022,आपका ऑर्डर #403-5820147 भेज दिया गया है और 15 अक्टूबर तक पहुंचने की उम्मीद है।,genuine,delivery,hi,Research-backed synthetic multilingual,synthetic_research_backed,सामान्य डिलीवरी अपडेट,आधिकारिक ऐप/वेबसाइट से ट्रैक करें।,1. आधिकारिक ऐप/वेबसाइट से ट्रैक करें। 2. आधिकारिक चैनल से स्वतंत्र रूप से सत्यापन करें। 3. संदिग्ध होने पर संदेश/नंबर की रिपोर्ट करें।,Low,P4,Hindi synthetic/adapted example; not claimed as verbatim real-world data.
HI-G0023,आपका Paytm सत्यापन कोड G-481205 है। इसे किसी के साथ साझा न करें।,genuine,otp,hi,Research-backed synthetic multilingual,synthetic_research_backed,वैध OTP सूचना,केवल आपके द्वारा शुरू किए गए सत्यापन में कोड का उपयोग करें।,1. केवल आपके द्वारा शुरू किए गए सत्यापन में कोड का उपयोग करें। 2. आधिकारिक चैनल से स्वतंत्र रूप से सत्यापन करें। 3. संदिग्ध होने पर संदेश/नंबर की रिपोर्ट करें।,Low,P4,Hindi synthetic/adapted example; not claimed as verbatim real-world data.
HI-G0024,आपकी क्लिनिक अपॉइंटमेंट 2 अक्टूबर को 9:30 बजे बजे निर्धारित है।,genuine,healthcare,hi,Research-backed synthetic multilingual,synthetic_research_backed,सामान्य स्वास्थ्य रिमाइंडर,आधिकारिक क्लिनिक चैनल से विवरण सत्यापित करें।,1. आधिकारिक क्लिनिक चैनल से विवरण सत्यापित करें। 2. आधिकारिक चैनल से स्वतंत्र रूप से सत्यापन करें। 3. संदिग्ध होने पर संदेश/नंबर की रिपोर्ट करें।,Low,P4,Hindi synthetic/adapted example; not claimed as verbatim real-world data.
HI-G0025,आपका Google सत्यापन कोड A-739214 है। इसे किसी के साथ साझा न करें।,genuine,otp,hi,Research-backed synthetic multilingual,synthetic_research_backed,वैध OTP सूचना,केवल आपके द्वारा शुरू किए गए सत्यापन में कोड का उपयोग करें।,1. केवल आपके द्वारा शुरू किए गए सत्यापन में कोड का उपयोग करें। 2. आधिकारिक चैनल से स्वतंत्र रूप से सत्यापन करें। 3. संदिग्ध होने पर संदेश/नंबर की रिपोर्ट करें।,Low,P4,Hindi synthetic/adapted example; not claimed as verbatim real-world data.
HI-G0026,आपकी यात्रा बुकिंग AI7K2P 2 अक्टूबर के लिए कन्फर्म है।,genuine,travel,hi,Research-backed synthetic multilingual,synthetic_research_backed,सामान्य यात्रा पुष्टि,आधिकारिक एयरलाइन/ट्रैवल ऐप में बुकिंग जांचें।,1. आधिकारिक एयरलाइन/ट्रैवल ऐप में बुकिंग जांचें। 2. आधिकारिक चैनल से स्वतंत्र रूप से सत्यापन करें। 3. संदिग्ध होने पर संदेश/नंबर की रिपोर्ट करें।,Low,P4,Hindi synthetic/adapted example; not claimed as verbatim real-world data.
HI-G0027,आपके सपोर्ट टिकट SS-10482 में अपडेट है। विवरण देखने के लिए आधिकारिक सपोर्ट पोर्टल में साइन इन करें।,genuine,support_genuine,hi,Research-backed synthetic multilingual,synthetic_research_backed,सामान्य सपोर्ट सूचना,ज्ञात सपोर्ट पोर्टल सीधे खोलें।,1. ज्ञात सपोर्ट पोर्टल सीधे खोलें। 2. आधिकारिक चैनल से स्वतंत्र रूप से सत्यापन करें। 3. संदिग्ध होने पर संदेश/नंबर की रिपोर्ट करें।,Low,P4,Hindi synthetic/adapted example; not claimed as verbatim real-world data.
HI-G0028,आपका ऑर्डर #401-8246152 भेज दिया गया है और 2 अक्टूबर तक पहुंचने की उम्मीद है।,genuine,delivery,hi,Research-backed synthetic multilingual,synthetic_research_backed,सामान्य डिलीवरी अपडेट,आधिकारिक ऐप/वेबसाइट से ट्रैक करें।,1. आधिकारिक ऐप/वेबसाइट से ट्रैक करें। 2. आधिकारिक चैनल से स्वतंत्र रूप से सत्यापन करें। 3. संदिग्ध होने पर संदेश/नंबर की रिपोर्ट करें।,Low,P4,Hindi synthetic/adapted example; not claimed as verbatim real-world data.
HI-G0029,आपके Uber का ₹199 भुगतान सफलतापूर्वक प्रोसेस हो गया है।,genuine,transaction,hi,Research-backed synthetic multilingual,synthetic_research_backed,सामान्य लेनदेन सूचना,आधिकारिक ऐप में लेनदेन सत्यापित करें।,1. आधिकारिक ऐप में लेनदेन सत्यापित करें। 2. आधिकारिक चैनल से स्वतंत्र रूप से सत्यापन करें। 3. संदिग्ध होने पर संदेश/नंबर की रिपोर्ट करें।,Low,P4,Hindi synthetic/adapted example; not claimed as verbatim real-world data.
HI-G0030,आपका Software Intern आवेदन अगले चरण के लिए चयनित हुआ है। आधिकारिक करियर पोर्टल देखें।,genuine,job_genuine,hi,Research-backed synthetic multilingual,synthetic_research_backed,सामान्य भर्ती सूचना,कंपनी के आधिकारिक करियर पोर्टल से आवेदन स्थिति जांचें।,1. कंपनी के आधिकारिक करियर पोर्टल से आवेदन स्थिति जांचें। 2. आधिकारिक चैनल से स्वतंत्र रूप से सत्यापन करें। 3. संदिग्ध होने पर संदेश/नंबर की रिपोर्ट करें।,Low,P4,Hindi synthetic/adapted example; not claimed as verbatim real-world data.
HI-G0031,आपका Paytm सत्यापन कोड Q-183640 है। इसे किसी के साथ साझा न करें।,genuine,otp,hi,Research-backed synthetic multilingual,synthetic_research_backed,वैध OTP सूचना,केवल आपके द्वारा शुरू किए गए सत्यापन में कोड का उपयोग करें।,1. केवल आपके द्वारा शुरू किए गए सत्यापन में कोड का उपयोग करें। 2. आधिकारिक चैनल से स्वतंत्र रूप से सत्यापन करें। 3. संदिग्ध होने पर संदेश/नंबर की रिपोर्ट करें।,Low,P4,Hindi synthetic/adapted example; not claimed as verbatim real-world data.
HI-G0032,आपका ₹999 बिजली बिल 15 अक्टूबर को देय है।,genuine,utility_genuine,hi,Research-backed synthetic multilingual,synthetic_research_backed,सामान्य यूटिलिटी रिमाइंडर,आधिकारिक बिजली पोर्टल पर बिल जांचें।,1. आधिकारिक बिजली पोर्टल पर बिल जांचें। 2. आधिकारिक चैनल से स्वतंत्र रूप से सत्यापन करें। 3. संदिग्ध होने पर संदेश/नंबर की रिपोर्ट करें।,Low,P4,Hindi synthetic/adapted example; not claimed as verbatim real-world data.
HI-G0033,आपका ऑर्डर #401-8246152 भेज दिया गया है और 5 अक्टूबर तक पहुंचने की उम्मीद है।,genuine,delivery,hi,Research-backed synthetic multilingual,synthetic_research_backed,सामान्य डिलीवरी अपडेट,आधिकारिक ऐप/वेबसाइट से ट्रैक करें।,1. आधिकारिक ऐप/वेबसाइट से ट्रैक करें। 2. आधिकारिक चैनल से स्वतंत्र रूप से सत्यापन करें। 3. संदिग्ध होने पर संदेश/नंबर की रिपोर्ट करें।,Low,P4,Hindi synthetic/adapted example; not claimed as verbatim real-world data.
HI-G0034,आपके सपोर्ट टिकट SUP-23817 में अपडेट है। विवरण देखने के लिए आधिकारिक सपोर्ट पोर्टल में साइन इन करें।,genuine,support_genuine,hi,Research-backed synthetic multilingual,synthetic_research_backed,सामान्य सपोर्ट सूचना,ज्ञात सपोर्ट पोर्टल सीधे खोलें।,1. ज्ञात सपोर्ट पोर्टल सीधे खोलें। 2. आधिकारिक चैनल से स्वतंत्र रूप से सत्यापन करें। 3. संदिग्ध होने पर संदेश/नंबर की रिपोर्ट करें।,Low,P4,Hindi synthetic/adapted example; not claimed as verbatim real-world data.
HI-G0035,आपके Swiggy का ₹499 भुगतान सफलतापूर्वक प्रोसेस हो गया है।,genuine,transaction,hi,Research-backed synthetic multilingual,synthetic_research_backed,सामान्य लेनदेन सूचना,आधिकारिक ऐप में लेनदेन सत्यापित करें।,1. आधिकारिक ऐप में लेनदेन सत्यापित करें। 2. आधिकारिक चैनल से स्वतंत्र रूप से सत्यापन करें। 3. संदिग्ध होने पर संदेश/नंबर की रिपोर्ट करें।,Low,P4,Hindi synthetic/adapted example; not claimed as verbatim real-world data.
HI-G0036,आपकी यात्रा बुकिंग Q4M8LX 15 अक्टूबर के लिए कन्फर्म है।,genuine,travel,hi,Research-backed synthetic multilingual,synthetic_research_backed,सामान्य यात्रा पुष्टि,आधिकारिक एयरलाइन/ट्रैवल ऐप में बुकिंग जांचें।,1. आधिकारिक एयरलाइन/ट्रैवल ऐप में बुकिंग जांचें। 2. आधिकारिक चैनल से स्वतंत्र रूप से सत्यापन करें। 3. संदिग्ध होने पर संदेश/नंबर की रिपोर्ट करें।,Low,P4,Hindi synthetic/adapted example; not claimed as verbatim real-world data.
HI-G0037,याद दिलाया जाता है कि आपकी अपॉइंटमेंट 5 अक्टूबर को 9:30 बजे बजे है।,genuine,appointment,hi,Research-backed synthetic multilingual,synthetic_research_backed,सामान्य अपॉइंटमेंट रिमाइंडर,आधिकारिक प्रदाता के माध्यम से पुष्टि/रीशेड्यूल करें।,1. आधिकारिक प्रदाता के माध्यम से पुष्टि/रीशेड्यूल करें। 2. आधिकारिक चैनल से स्वतंत्र रूप से सत्यापन करें। 3. संदिग्ध होने पर संदेश/नंबर की रिपोर्ट करें।,Low,P4,Hindi synthetic/adapted example; not claimed as verbatim real-world data.
HI-G0038,आपकी क्लिनिक अपॉइंटमेंट 2 अक्टूबर को 2:00 बजे बजे निर्धारित है।,genuine,healthcare,hi,Research-backed synthetic multilingual,synthetic_research_backed,सामान्य स्वास्थ्य रिमाइंडर,आधिकारिक क्लिनिक चैनल से विवरण सत्यापित करें।,1. आधिकारिक क्लिनिक चैनल से विवरण सत्यापित करें। 2. आधिकारिक चैनल से स्वतंत्र रूप से सत्यापन करें। 3. संदिग्ध होने पर संदेश/नंबर की रिपोर्ट करें।,Low,P4,Hindi synthetic/adapted example; not claimed as verbatim real-world data.
HI-G0039,आपकी क्लिनिक अपॉइंटमेंट 15 अक्टूबर को 10:00 बजे बजे निर्धारित है।,genuine,healthcare,hi,Research-backed synthetic multilingual,synthetic_research_backed,सामान्य स्वास्थ्य रिमाइंडर,आधिकारिक क्लिनिक चैनल से विवरण सत्यापित करें।,1. आधिकारिक क्लिनिक चैनल से विवरण सत्यापित करें। 2. आधिकारिक चैनल से स्वतंत्र रूप से सत्यापन करें। 3. संदिग्ध होने पर संदेश/नंबर की रिपोर्ट करें।,Low,P4,Hindi synthetic/adapted example; not claimed as verbatim real-world data.
HI-G0040,आपके Amazon का ₹999 भुगतान सफलतापूर्वक प्रोसेस हो गया है।,genuine,transaction,hi,Research-backed synthetic multilingual,synthetic_research_backed,सामान्य लेनदेन सूचना,आधिकारिक ऐप में लेनदेन सत्यापित करें।,1. आधिकारिक ऐप में लेनदेन सत्यापित करें। 2. आधिकारिक चैनल से स्वतंत्र रूप से सत्यापन करें। 3. संदिग्ध होने पर संदेश/नंबर की रिपोर्ट करें।,Low,P4,Hindi synthetic/adapted example; not claimed as verbatim real-world data.
HI-G0041,"आपकी सदस्यता 10 अक्टूबर को ₹10,000 में नवीनीकृत होगी।",genuine,subscription,hi,Research-backed synthetic multilingual,synthetic_research_backed,सामान्य सदस्यता सूचना,आधिकारिक अकाउंट सेटिंग्स में विवरण जांचें।,1. आधिकारिक अकाउंट सेटिंग्स में विवरण जांचें। 2. आधिकारिक चैनल से स्वतंत्र रूप से सत्यापन करें। 3. संदिग्ध होने पर संदेश/नंबर की रिपोर्ट करें।,Low,P4,Hindi synthetic/adapted example; not claimed as verbatim real-world data.
HI-G0042,"आपका ₹2,499 बिजली बिल 10 अक्टूबर को देय है।",genuine,utility_genuine,hi,Research-backed synthetic multilingual,synthetic_research_backed,सामान्य यूटिलिटी रिमाइंडर,आधिकारिक बिजली पोर्टल पर बिल जांचें।,1. आधिकारिक बिजली पोर्टल पर बिल जांचें। 2. आधिकारिक चैनल से स्वतंत्र रूप से सत्यापन करें। 3. संदिग्ध होने पर संदेश/नंबर की रिपोर्ट करें।,Low,P4,Hindi synthetic/adapted example; not claimed as verbatim real-world data.
HI-G0043,क्या हम आज 9:30 बजे बजे कॉलेज कैंटीन में मिल रहे हैं?,genuine,personal,hi,Research-backed synthetic multilingual,synthetic_research_backed,सामान्य व्यक्तिगत संदेश,सामान्य रूप से उत्तर दें।,1. सामान्य रूप से उत्तर दें। 2. आधिकारिक चैनल से स्वतंत्र रूप से सत्यापन करें। 3. संदिग्ध होने पर संदेश/नंबर की रिपोर्ट करें।,Low,P4,Hindi synthetic/adapted example; not claimed as verbatim real-world data.
HI-G0044,आपकी सदस्यता 15 अक्टूबर को ₹199 में नवीनीकृत होगी।,genuine,subscription,hi,Research-backed synthetic multilingual,synthetic_research_backed,सामान्य सदस्यता सूचना,आधिकारिक अकाउंट सेटिंग्स में विवरण जांचें।,1. आधिकारिक अकाउंट सेटिंग्स में विवरण जांचें। 2. आधिकारिक चैनल से स्वतंत्र रूप से सत्यापन करें। 3. संदिग्ध होने पर संदेश/नंबर की रिपोर्ट करें।,Low,P4,Hindi synthetic/adapted example; not claimed as verbatim real-world data.
HI-G0045,आपके खाते के अंतिम चार अंक 1024 वाले बैंक स्टेटमेंट की कॉपी ऑनलाइन बैंकिंग में उपलब्ध है।,genuine,banking_genuine,hi,Research-backed synthetic multilingual,synthetic_research_backed,सामान्य बैंकिंग सूचना,बैंक की आधिकारिक ऐप/वेबसाइट खोलें।,1. बैंक की आधिकारिक ऐप/वेबसाइट खोलें। 2. आधिकारिक चैनल से स्वतंत्र रूप से सत्यापन करें। 3. संदिग्ध होने पर संदेश/नंबर की रिपोर्ट करें।,Low,P4,Hindi synthetic/adapted example; not claimed as verbatim real-world data.
HI-G0046,आपका Microsoft सत्यापन कोड G-481205 है। इसे किसी के साथ साझा न करें।,genuine,otp,hi,Research-backed synthetic multilingual,synthetic_research_backed,वैध OTP सूचना,केवल आपके द्वारा शुरू किए गए सत्यापन में कोड का उपयोग करें।,1. केवल आपके द्वारा शुरू किए गए सत्यापन में कोड का उपयोग करें। 2. आधिकारिक चैनल से स्वतंत्र रूप से सत्यापन करें। 3. संदिग्ध होने पर संदेश/नंबर की रिपोर्ट करें।,Low,P4,Hindi synthetic/adapted example; not claimed as verbatim real-world data.
HI-G0047,आपका Python Developer आवेदन अगले चरण के लिए चयनित हुआ है। आधिकारिक करियर पोर्टल देखें।,genuine,job_genuine,hi,Research-backed synthetic multilingual,synthetic_research_backed,सामान्य भर्ती सूचना,कंपनी के आधिकारिक करियर पोर्टल से आवेदन स्थिति जांचें।,1. कंपनी के आधिकारिक करियर पोर्टल से आवेदन स्थिति जांचें। 2. आधिकारिक चैनल से स्वतंत्र रूप से सत्यापन करें। 3. संदिग्ध होने पर संदेश/नंबर की रिपोर्ट करें।,Low,P4,Hindi synthetic/adapted example; not claimed as verbatim real-world data.
HI-G0048,आपकी क्लिनिक अपॉइंटमेंट 30 सितंबर को 9:30 बजे बजे निर्धारित है।,genuine,healthcare,hi,Research-backed synthetic multilingual,synthetic_research_backed,सामान्य स्वास्थ्य रिमाइंडर,आधिकारिक क्लिनिक चैनल से विवरण सत्यापित करें।,1. आधिकारिक क्लिनिक चैनल से विवरण सत्यापित करें। 2. आधिकारिक चैनल से स्वतंत्र रूप से सत्यापन करें। 3. संदिग्ध होने पर संदेश/नंबर की रिपोर्ट करें।,Low,P4,Hindi synthetic/adapted example; not claimed as verbatim real-world data.
HI-G0049,आपका ऑर्डर #403-5820147 भेज दिया गया है और 2 अक्टूबर तक पहुंचने की उम्मीद है।,genuine,delivery,hi,Research-backed synthetic multilingual,synthetic_research_backed,सामान्य डिलीवरी अपडेट,आधिकारिक ऐप/वेबसाइट से ट्रैक करें।,1. आधिकारिक ऐप/वेबसाइट से ट्रैक करें। 2. आधिकारिक चैनल से स्वतंत्र रूप से सत्यापन करें। 3. संदिग्ध होने पर संदेश/नंबर की रिपोर्ट करें।,Low,P4,Hindi synthetic/adapted example; not claimed as verbatim real-world data.
HI-G0050,आपकी क्लिनिक अपॉइंटमेंट 2 अक्टूबर को 6:00 बजे बजे निर्धारित है।,genuine,healthcare,hi,Research-backed synthetic multilingual,synthetic_research_backed,सामान्य स्वास्थ्य रिमाइंडर,आधिकारिक क्लिनिक चैनल से विवरण सत्यापित करें।,1. आधिकारिक क्लिनिक चैनल से विवरण सत्यापित करें। 2. आधिकारिक चैनल से स्वतंत्र रूप से सत्यापन करें। 3. संदिग्ध होने पर संदेश/नंबर की रिपोर्ट करें।,Low,P4,Hindi synthetic/adapted example; not claimed as verbatim real-world data.
HI-G0051,आपकी यात्रा बुकिंग Q4M8LX 30 सितंबर के लिए कन्फर्म है।,genuine,travel,hi,Research-backed synthetic multilingual,synthetic_research_backed,सामान्य यात्रा पुष्टि,आधिकारिक एयरलाइन/ट्रैवल ऐप में बुकिंग जांचें।,1. आधिकारिक एयरलाइन/ट्रैवल ऐप में बुकिंग जांचें। 2. आधिकारिक चैनल से स्वतंत्र रूप से सत्यापन करें। 3. संदिग्ध होने पर संदेश/नंबर की रिपोर्ट करें।,Low,P4,Hindi synthetic/adapted example; not claimed as verbatim real-world data.
HI-G0052,आपकी क्लिनिक अपॉइंटमेंट 10 अक्टूबर को 6:00 बजे बजे निर्धारित है।,genuine,healthcare,hi,Research-backed synthetic multilingual,synthetic_research_backed,सामान्य स्वास्थ्य रिमाइंडर,आधिकारिक क्लिनिक चैनल से विवरण सत्यापित करें।,1. आधिकारिक क्लिनिक चैनल से विवरण सत्यापित करें। 2. आधिकारिक चैनल से स्वतंत्र रूप से सत्यापन करें। 3. संदिग्ध होने पर संदेश/नंबर की रिपोर्ट करें।,Low,P4,Hindi synthetic/adapted example; not claimed as verbatim real-world data.
HI-G0053,आपका Microsoft सत्यापन कोड Q-183640 है। इसे किसी के साथ साझा न करें।,genuine,otp,hi,Research-backed synthetic multilingual,synthetic_research_backed,वैध OTP सूचना,केवल आपके द्वारा शुरू किए गए सत्यापन में कोड का उपयोग करें।,1. केवल आपके द्वारा शुरू किए गए सत्यापन में कोड का उपयोग करें। 2. आधिकारिक चैनल से स्वतंत्र रूप से सत्यापन करें। 3. संदिग्ध होने पर संदेश/नंबर की रिपोर्ट करें।,Low,P4,Hindi synthetic/adapted example; not claimed as verbatim real-world data.
HI-G0054,आपका ऑर्डर #403-5820147 भेज दिया गया है और 5 अक्टूबर तक पहुंचने की उम्मीद है।,genuine,delivery,hi,Research-backed synthetic multilingual,synthetic_research_backed,सामान्य डिलीवरी अपडेट,आधिकारिक ऐप/वेबसाइट से ट्रैक करें।,1. आधिकारिक ऐप/वेबसाइट से ट्रैक करें। 2. आधिकारिक चैनल से स्वतंत्र रूप से सत्यापन करें। 3. संदिग्ध होने पर संदेश/नंबर की रिपोर्ट करें।,Low,P4,Hindi synthetic/adapted example; not claimed as verbatim real-world data.
HI-G0055,"आपके Netflix का ₹2,499 भुगतान सफलतापूर्वक प्रोसेस हो गया है।",genuine,transaction,hi,Research-backed synthetic multilingual,synthetic_research_backed,सामान्य लेनदेन सूचना,आधिकारिक ऐप में लेनदेन सत्यापित करें।,1. आधिकारिक ऐप में लेनदेन सत्यापित करें। 2. आधिकारिक चैनल से स्वतंत्र रूप से सत्यापन करें। 3. संदिग्ध होने पर संदेश/नंबर की रिपोर्ट करें।,Low,P4,Hindi synthetic/adapted example; not claimed as verbatim real-world data.
HI-G0056,आपका ऑर्डर #402-1937460 भेज दिया गया है और 30 सितंबर तक पहुंचने की उम्मीद है।,genuine,delivery,hi,Research-backed synthetic multilingual,synthetic_research_backed,सामान्य डिलीवरी अपडेट,आधिकारिक ऐप/वेबसाइट से ट्रैक करें।,1. आधिकारिक ऐप/वेबसाइट से ट्रैक करें। 2. आधिकारिक चैनल से स्वतंत्र रूप से सत्यापन करें। 3. संदिग्ध होने पर संदेश/नंबर की रिपोर्ट करें।,Low,P4,Hindi synthetic/adapted example; not claimed as verbatim real-world data.
HI-G0057,याद दिलाया जाता है कि आपकी अपॉइंटमेंट 15 अक्टूबर को 4:30 बजे बजे है।,genuine,appointment,hi,Research-backed synthetic multilingual,synthetic_research_backed,सामान्य अपॉइंटमेंट रिमाइंडर,आधिकारिक प्रदाता के माध्यम से पुष्टि/रीशेड्यूल करें।,1. आधिकारिक प्रदाता के माध्यम से पुष्टि/रीशेड्यूल करें। 2. आधिकारिक चैनल से स्वतंत्र रूप से सत्यापन करें। 3. संदिग्ध होने पर संदेश/नंबर की रिपोर्ट करें।,Low,P4,Hindi synthetic/adapted example; not claimed as verbatim real-world data.
HI-G0058,आपके मोबाइल प्लान में 5 GB डेटा शेष है और यह 30 सितंबर तक वैध है।,genuine,telecom_genuine,hi,Research-backed synthetic multilingual,synthetic_research_backed,सामान्य टेलीकॉम सूचना,आधिकारिक टेलीकॉम ऐप में उपयोग जांचें।,1. आधिकारिक टेलीकॉम ऐप में उपयोग जांचें। 2. आधिकारिक चैनल से स्वतंत्र रूप से सत्यापन करें। 3. संदिग्ध होने पर संदेश/नंबर की रिपोर्ट करें।,Low,P4,Hindi synthetic/adapted example; not claimed as verbatim real-world data.
HI-G0059,क्या हम आज 4:30 बजे बजे कॉलेज कैंटीन में मिल रहे हैं?,genuine,personal,hi,Research-backed synthetic multilingual,synthetic_research_backed,सामान्य व्यक्तिगत संदेश,सामान्य रूप से उत्तर दें।,1. सामान्य रूप से उत्तर दें। 2. आधिकारिक चैनल से स्वतंत्र रूप से सत्यापन करें। 3. संदिग्ध होने पर संदेश/नंबर की रिपोर्ट करें।,Low,P4,Hindi synthetic/adapted example; not claimed as verbatim real-world data.
HI-G0060,आपका ऑर्डर #402-1937460 भेज दिया गया है और 10 अक्टूबर तक पहुंचने की उम्मीद है।,genuine,delivery,hi,Research-backed synthetic multilingual,synthetic_research_backed,सामान्य डिलीवरी अपडेट,आधिकारिक ऐप/वेबसाइट से ट्रैक करें।,1. आधिकारिक ऐप/वेबसाइट से ट्रैक करें। 2. आधिकारिक चैनल से स्वतंत्र रूप से सत्यापन करें। 3. संदिग्ध होने पर संदेश/नंबर की रिपोर्ट करें।,Low,P4,Hindi synthetic/adapted example; not claimed as verbatim real-world data.
HI-G0061,आपके Spotify का ₹499 भुगतान सफलतापूर्वक प्रोसेस हो गया है।,genuine,transaction,hi,Research-backed synthetic multilingual,synthetic_research_backed,सामान्य लेनदेन सूचना,आधिकारिक ऐप में लेनदेन सत्यापित करें।,1. आधिकारिक ऐप में लेनदेन सत्यापित करें। 2. आधिकारिक चैनल से स्वतंत्र रूप से सत्यापन करें। 3. संदिग्ध होने पर संदेश/नंबर की रिपोर्ट करें।,Low,P4,Hindi synthetic/adapted example; not claimed as verbatim real-world data.
HI-G0062,"आपका ₹10,000 बिजली बिल 15 अक्टूबर को देय है।",genuine,utility_genuine,hi,Research-backed synthetic multilingual,synthetic_research_backed,सामान्य यूटिलिटी रिमाइंडर,आधिकारिक बिजली पोर्टल पर बिल जांचें।,1. आधिकारिक बिजली पोर्टल पर बिल जांचें। 2. आधिकारिक चैनल से स्वतंत्र रूप से सत्यापन करें। 3. संदिग्ध होने पर संदेश/नंबर की रिपोर्ट करें।,Low,P4,Hindi synthetic/adapted example; not claimed as verbatim real-world data.
HI-G0063,आपकी यात्रा बुकिंग AI7K2P 15 अक्टूबर के लिए कन्फर्म है।,genuine,travel,hi,Research-backed synthetic multilingual,synthetic_research_backed,सामान्य यात्रा पुष्टि,आधिकारिक एयरलाइन/ट्रैवल ऐप में बुकिंग जांचें।,1. आधिकारिक एयरलाइन/ट्रैवल ऐप में बुकिंग जांचें। 2. आधिकारिक चैनल से स्वतंत्र रूप से सत्यापन करें। 3. संदिग्ध होने पर संदेश/नंबर की रिपोर्ट करें।,Low,P4,Hindi synthetic/adapted example; not claimed as verbatim real-world data.
HI-G0064,आपका Flipkart सत्यापन कोड Q-183640 है। इसे किसी के साथ साझा न करें।,genuine,otp,hi,Research-backed synthetic multilingual,synthetic_research_backed,वैध OTP सूचना,केवल आपके द्वारा शुरू किए गए सत्यापन में कोड का उपयोग करें।,1. केवल आपके द्वारा शुरू किए गए सत्यापन में कोड का उपयोग करें। 2. आधिकारिक चैनल से स्वतंत्र रूप से सत्यापन करें। 3. संदिग्ध होने पर संदेश/नंबर की रिपोर्ट करें।,Low,P4,Hindi synthetic/adapted example; not claimed as verbatim real-world data.
HI-G0065,आपके मोबाइल प्लान में 1.2 GB डेटा शेष है और यह 30 सितंबर तक वैध है।,genuine,telecom_genuine,hi,Research-backed synthetic multilingual,synthetic_research_backed,सामान्य टेलीकॉम सूचना,आधिकारिक टेलीकॉम ऐप में उपयोग जांचें।,1. आधिकारिक टेलीकॉम ऐप में उपयोग जांचें। 2. आधिकारिक चैनल से स्वतंत्र रूप से सत्यापन करें। 3. संदिग्ध होने पर संदेश/नंबर की रिपोर्ट करें।,Low,P4,Hindi synthetic/adapted example; not claimed as verbatim real-world data.
HI-G0066,आपके मोबाइल प्लान में 800 MB डेटा शेष है और यह 2 अक्टूबर तक वैध है।,genuine,telecom_genuine,hi,Research-backed synthetic multilingual,synthetic_research_backed,सामान्य टेलीकॉम सूचना,आधिकारिक टेलीकॉम ऐप में उपयोग जांचें।,1. आधिकारिक टेलीकॉम ऐप में उपयोग जांचें। 2. आधिकारिक चैनल से स्वतंत्र रूप से सत्यापन करें। 3. संदिग्ध होने पर संदेश/नंबर की रिपोर्ट करें।,Low,P4,Hindi synthetic/adapted example; not claimed as verbatim real-world data.
HI-G0067,आपके सपोर्ट टिकट REQ-51942 में अपडेट है। विवरण देखने के लिए आधिकारिक सपोर्ट पोर्टल में साइन इन करें।,genuine,support_genuine,hi,Research-backed synthetic multilingual,synthetic_research_backed,सामान्य सपोर्ट सूचना,ज्ञात सपोर्ट पोर्टल सीधे खोलें।,1. ज्ञात सपोर्ट पोर्टल सीधे खोलें। 2. आधिकारिक चैनल से स्वतंत्र रूप से सत्यापन करें। 3. संदिग्ध होने पर संदेश/नंबर की रिपोर्ट करें।,Low,P4,Hindi synthetic/adapted example; not claimed as verbatim real-world data.
HI-G0068,आपकी यात्रा बुकिंग R2N6VT 15 अक्टूबर के लिए कन्फर्म है।,genuine,travel,hi,Research-backed synthetic multilingual,synthetic_research_backed,सामान्य यात्रा पुष्टि,आधिकारिक एयरलाइन/ट्रैवल ऐप में बुकिंग जांचें।,1. आधिकारिक एयरलाइन/ट्रैवल ऐप में बुकिंग जांचें। 2. आधिकारिक चैनल से स्वतंत्र रूप से सत्यापन करें। 3. संदिग्ध होने पर संदेश/नंबर की रिपोर्ट करें।,Low,P4,Hindi synthetic/adapted example; not claimed as verbatim real-world data.
HI-G0069,आपका Java Developer आवेदन अगले चरण के लिए चयनित हुआ है। आधिकारिक करियर पोर्टल देखें।,genuine,job_genuine,hi,Research-backed synthetic multilingual,synthetic_research_backed,सामान्य भर्ती सूचना,कंपनी के आधिकारिक करियर पोर्टल से आवेदन स्थिति जांचें।,1. कंपनी के आधिकारिक करियर पोर्टल से आवेदन स्थिति जांचें। 2. आधिकारिक चैनल से स्वतंत्र रूप से सत्यापन करें। 3. संदिग्ध होने पर संदेश/नंबर की रिपोर्ट करें।,Low,P4,Hindi synthetic/adapted example; not claimed as verbatim real-world data.
HI-G0070,आपके मोबाइल प्लान में 2.8 GB डेटा शेष है और यह 10 अक्टूबर तक वैध है।,genuine,telecom_genuine,hi,Research-backed synthetic multilingual,synthetic_research_backed,सामान्य टेलीकॉम सूचना,आधिकारिक टेलीकॉम ऐप में उपयोग जांचें।,1. आधिकारिक टेलीकॉम ऐप में उपयोग जांचें। 2. आधिकारिक चैनल से स्वतंत्र रूप से सत्यापन करें। 3. संदिग्ध होने पर संदेश/नंबर की रिपोर्ट करें।,Low,P4,Hindi synthetic/adapted example; not claimed as verbatim real-world data.
HI-G0071,"आपकी सदस्यता 5 अक्टूबर को ₹2,499 में नवीनीकृत होगी।",genuine,subscription,hi,Research-backed synthetic multilingual,synthetic_research_backed,सामान्य सदस्यता सूचना,आधिकारिक अकाउंट सेटिंग्स में विवरण जांचें।,1. आधिकारिक अकाउंट सेटिंग्स में विवरण जांचें। 2. आधिकारिक चैनल से स्वतंत्र रूप से सत्यापन करें। 3. संदिग्ध होने पर संदेश/नंबर की रिपोर्ट करें।,Low,P4,Hindi synthetic/adapted example; not claimed as verbatim real-world data.
HI-G0072,"आपका ₹2,499 बिजली बिल 30 सितंबर को देय है।",genuine,utility_genuine,hi,Research-backed synthetic multilingual,synthetic_research_backed,सामान्य यूटिलिटी रिमाइंडर,आधिकारिक बिजली पोर्टल पर बिल जांचें।,1. आधिकारिक बिजली पोर्टल पर बिल जांचें। 2. आधिकारिक चैनल से स्वतंत्र रूप से सत्यापन करें। 3. संदिग्ध होने पर संदेश/नंबर की रिपोर्ट करें।,Low,P4,Hindi synthetic/adapted example; not claimed as verbatim real-world data.
HI-G0073,आपका Flipkart सत्यापन कोड G-481205 है। इसे किसी के साथ साझा न करें।,genuine,otp,hi,Research-backed synthetic multilingual,synthetic_research_backed,वैध OTP सूचना,केवल आपके द्वारा शुरू किए गए सत्यापन में कोड का उपयोग करें।,1. केवल आपके द्वारा शुरू किए गए सत्यापन में कोड का उपयोग करें। 2. आधिकारिक चैनल से स्वतंत्र रूप से सत्यापन करें। 3. संदिग्ध होने पर संदेश/नंबर की रिपोर्ट करें।,Low,P4,Hindi synthetic/adapted example; not claimed as verbatim real-world data.
HI-G0074,आपकी क्लिनिक अपॉइंटमेंट 15 अक्टूबर को 4:30 बजे बजे निर्धारित है।,genuine,healthcare,hi,Research-backed synthetic multilingual,synthetic_research_backed,सामान्य स्वास्थ्य रिमाइंडर,आधिकारिक क्लिनिक चैनल से विवरण सत्यापित करें।,1. आधिकारिक क्लिनिक चैनल से विवरण सत्यापित करें। 2. आधिकारिक चैनल से स्वतंत्र रूप से सत्यापन करें। 3. संदिग्ध होने पर संदेश/नंबर की रिपोर्ट करें।,Low,P4,Hindi synthetic/adapted example; not claimed as verbatim real-world data.
HI-G0075,आपका ₹999 बिजली बिल 10 अक्टूबर को देय है।,genuine,utility_genuine,hi,Research-backed synthetic multilingual,synthetic_research_backed,सामान्य यूटिलिटी रिमाइंडर,आधिकारिक बिजली पोर्टल पर बिल जांचें।,1. आधिकारिक बिजली पोर्टल पर बिल जांचें। 2. आधिकारिक चैनल से स्वतंत्र रूप से सत्यापन करें। 3. संदिग्ध होने पर संदेश/नंबर की रिपोर्ट करें।,Low,P4,Hindi synthetic/adapted example; not claimed as verbatim real-world data.
HI-G0076,"आपका ₹2,499 बिजली बिल 15 अक्टूबर को देय है।",genuine,utility_genuine,hi,Research-backed synthetic multilingual,synthetic_research_backed,सामान्य यूटिलिटी रिमाइंडर,आधिकारिक बिजली पोर्टल पर बिल जांचें।,1. आधिकारिक बिजली पोर्टल पर बिल जांचें। 2. आधिकारिक चैनल से स्वतंत्र रूप से सत्यापन करें। 3. संदिग्ध होने पर संदेश/नंबर की रिपोर्ट करें।,Low,P4,Hindi synthetic/adapted example; not claimed as verbatim real-world data.
HI-G0077,"आपका ₹5,000 बिजली बिल 5 अक्टूबर को देय है।",genuine,utility_genuine,hi,Research-backed synthetic multilingual,synthetic_research_backed,सामान्य यूटिलिटी रिमाइंडर,आधिकारिक बिजली पोर्टल पर बिल जांचें।,1. आधिकारिक बिजली पोर्टल पर बिल जांचें। 2. आधिकारिक चैनल से स्वतंत्र रूप से सत्यापन करें। 3. संदिग्ध होने पर संदेश/नंबर की रिपोर्ट करें।,Low,P4,Hindi synthetic/adapted example; not claimed as verbatim real-world data.
HI-G0078,आपका WhatsApp सत्यापन कोड Q-183640 है। इसे किसी के साथ साझा न करें।,genuine,otp,hi,Research-backed synthetic multilingual,synthetic_research_backed,वैध OTP सूचना,केवल आपके द्वारा शुरू किए गए सत्यापन में कोड का उपयोग करें।,1. केवल आपके द्वारा शुरू किए गए सत्यापन में कोड का उपयोग करें। 2. आधिकारिक चैनल से स्वतंत्र रूप से सत्यापन करें। 3. संदिग्ध होने पर संदेश/नंबर की रिपोर्ट करें।,Low,P4,Hindi synthetic/adapted example; not claimed as verbatim real-world data.
HI-G0079,आपकी क्लिनिक अपॉइंटमेंट 30 सितंबर को 2:00 बजे बजे निर्धारित है।,genuine,healthcare,hi,Research-backed synthetic multilingual,synthetic_research_backed,सामान्य स्वास्थ्य रिमाइंडर,आधिकारिक क्लिनिक चैनल से विवरण सत्यापित करें।,1. आधिकारिक क्लिनिक चैनल से विवरण सत्यापित करें। 2. आधिकारिक चैनल से स्वतंत्र रूप से सत्यापन करें। 3. संदिग्ध होने पर संदेश/नंबर की रिपोर्ट करें।,Low,P4,Hindi synthetic/adapted example; not claimed as verbatim real-world data.
HI-G0080,आपका Instagram सत्यापन कोड Q-183640 है। इसे किसी के साथ साझा न करें।,genuine,otp,hi,Research-backed synthetic multilingual,synthetic_research_backed,वैध OTP सूचना,केवल आपके द्वारा शुरू किए गए सत्यापन में कोड का उपयोग करें।,1. केवल आपके द्वारा शुरू किए गए सत्यापन में कोड का उपयोग करें। 2. आधिकारिक चैनल से स्वतंत्र रूप से सत्यापन करें। 3. संदिग्ध होने पर संदेश/नंबर की रिपोर्ट करें।,Low,P4,Hindi synthetic/adapted example; not claimed as verbatim real-world data.
HI-G0081,आपका Data Analyst आवेदन अगले चरण के लिए चयनित हुआ है। आधिकारिक करियर पोर्टल देखें।,genuine,job_genuine,hi,Research-backed synthetic multilingual,synthetic_research_backed,सामान्य भर्ती सूचना,कंपनी के आधिकारिक करियर पोर्टल से आवेदन स्थिति जांचें।,1. कंपनी के आधिकारिक करियर पोर्टल से आवेदन स्थिति जांचें। 2. आधिकारिक चैनल से स्वतंत्र रूप से सत्यापन करें। 3. संदिग्ध होने पर संदेश/नंबर की रिपोर्ट करें।,Low,P4,Hindi synthetic/adapted example; not claimed as verbatim real-world data.
HI-G0082,आपका Amazon सत्यापन कोड Q-183640 है। इसे किसी के साथ साझा न करें।,genuine,otp,hi,Research-backed synthetic multilingual,synthetic_research_backed,वैध OTP सूचना,केवल आपके द्वारा शुरू किए गए सत्यापन में कोड का उपयोग करें।,1. केवल आपके द्वारा शुरू किए गए सत्यापन में कोड का उपयोग करें। 2. आधिकारिक चैनल से स्वतंत्र रूप से सत्यापन करें। 3. संदिग्ध होने पर संदेश/नंबर की रिपोर्ट करें।,Low,P4,Hindi synthetic/adapted example; not claimed as verbatim real-world data.
HI-G0083,आपका ऑर्डर #403-5820147 भेज दिया गया है और 30 सितंबर तक पहुंचने की उम्मीद है।,genuine,delivery,hi,Research-backed synthetic multilingual,synthetic_research_backed,सामान्य डिलीवरी अपडेट,आधिकारिक ऐप/वेबसाइट से ट्रैक करें।,1. आधिकारिक ऐप/वेबसाइट से ट्रैक करें। 2. आधिकारिक चैनल से स्वतंत्र रूप से सत्यापन करें। 3. संदिग्ध होने पर संदेश/नंबर की रिपोर्ट करें।,Low,P4,Hindi synthetic/adapted example; not claimed as verbatim real-world data.
HI-G0084,आपका ₹199 बिजली बिल 2 अक्टूबर को देय है।,genuine,utility_genuine,hi,Research-backed synthetic multilingual,synthetic_research_backed,सामान्य यूटिलिटी रिमाइंडर,आधिकारिक बिजली पोर्टल पर बिल जांचें।,1. आधिकारिक बिजली पोर्टल पर बिल जांचें। 2. आधिकारिक चैनल से स्वतंत्र रूप से सत्यापन करें। 3. संदिग्ध होने पर संदेश/नंबर की रिपोर्ट करें।,Low,P4,Hindi synthetic/adapted example; not claimed as verbatim real-world data.
HI-G0085,याद दिलाया जाता है कि आपकी अपॉइंटमेंट 2 अक्टूबर को 6:00 बजे बजे है।,genuine,appointment,hi,Research-backed synthetic multilingual,synthetic_research_backed,सामान्य अपॉइंटमेंट रिमाइंडर,आधिकारिक प्रदाता के माध्यम से पुष्टि/रीशेड्यूल करें।,1. आधिकारिक प्रदाता के माध्यम से पुष्टि/रीशेड्यूल करें। 2. आधिकारिक चैनल से स्वतंत्र रूप से सत्यापन करें। 3. संदिग्ध होने पर संदेश/नंबर की रिपोर्ट करें।,Low,P4,Hindi synthetic/adapted example; not claimed as verbatim real-world data.
HI-G0086,आपकी क्लिनिक अपॉइंटमेंट 2 अक्टूबर को 10:00 बजे बजे निर्धारित है।,genuine,healthcare,hi,Research-backed synthetic multilingual,synthetic_research_backed,सामान्य स्वास्थ्य रिमाइंडर,आधिकारिक क्लिनिक चैनल से विवरण सत्यापित करें।,1. आधिकारिक क्लिनिक चैनल से विवरण सत्यापित करें। 2. आधिकारिक चैनल से स्वतंत्र रूप से सत्यापन करें। 3. संदिग्ध होने पर संदेश/नंबर की रिपोर्ट करें।,Low,P4,Hindi synthetic/adapted example; not claimed as verbatim real-world data.
HI-G0087,आपके मोबाइल प्लान में 2.8 GB डेटा शेष है और यह 5 अक्टूबर तक वैध है।,genuine,telecom_genuine,hi,Research-backed synthetic multilingual,synthetic_research_backed,सामान्य टेलीकॉम सूचना,आधिकारिक टेलीकॉम ऐप में उपयोग जांचें।,1. आधिकारिक टेलीकॉम ऐप में उपयोग जांचें। 2. आधिकारिक चैनल से स्वतंत्र रूप से सत्यापन करें। 3. संदिग्ध होने पर संदेश/नंबर की रिपोर्ट करें।,Low,P4,Hindi synthetic/adapted example; not claimed as verbatim real-world data.
HI-G0088,"आपके Amazon का ₹10,000 भुगतान सफलतापूर्वक प्रोसेस हो गया है।",genuine,transaction,hi,Research-backed synthetic multilingual,synthetic_research_backed,सामान्य लेनदेन सूचना,आधिकारिक ऐप में लेनदेन सत्यापित करें।,1. आधिकारिक ऐप में लेनदेन सत्यापित करें। 2. आधिकारिक चैनल से स्वतंत्र रूप से सत्यापन करें। 3. संदिग्ध होने पर संदेश/नंबर की रिपोर्ट करें।,Low,P4,Hindi synthetic/adapted example; not claimed as verbatim real-world data.
HI-G0089,"आपका ₹5,000 बिजली बिल 10 अक्टूबर को देय है।",genuine,utility_genuine,hi,Research-backed synthetic multilingual,synthetic_research_backed,सामान्य यूटिलिटी रिमाइंडर,आधिकारिक बिजली पोर्टल पर बिल जांचें।,1. आधिकारिक बिजली पोर्टल पर बिल जांचें। 2. आधिकारिक चैनल से स्वतंत्र रूप से सत्यापन करें। 3. संदिग्ध होने पर संदेश/नंबर की रिपोर्ट करें।,Low,P4,Hindi synthetic/adapted example; not claimed as verbatim real-world data.
HI-G0090,आपके मोबाइल प्लान में 800 MB डेटा शेष है और यह 30 सितंबर तक वैध है।,genuine,telecom_genuine,hi,Research-backed synthetic multilingual,synthetic_research_backed,सामान्य टेलीकॉम सूचना,आधिकारिक टेलीकॉम ऐप में उपयोग जांचें।,1. आधिकारिक टेलीकॉम ऐप में उपयोग जांचें। 2. आधिकारिक चैनल से स्वतंत्र रूप से सत्यापन करें। 3. संदिग्ध होने पर संदेश/नंबर की रिपोर्ट करें।,Low,P4,Hindi synthetic/adapted example; not claimed as verbatim real-world data.
HI-G0091,"आपके Zomato का ₹2,499 भुगतान सफलतापूर्वक प्रोसेस हो गया है।",genuine,transaction,hi,Research-backed synthetic multilingual,synthetic_research_backed,सामान्य लेनदेन सूचना,आधिकारिक ऐप में लेनदेन सत्यापित करें।,1. आधिकारिक ऐप में लेनदेन सत्यापित करें। 2. आधिकारिक चैनल से स्वतंत्र रूप से सत्यापन करें। 3. संदिग्ध होने पर संदेश/नंबर की रिपोर्ट करें।,Low,P4,Hindi synthetic/adapted example; not claimed as verbatim real-world data.
HI-G0092,आपकी सदस्यता 30 सितंबर को ₹499 में नवीनीकृत होगी।,genuine,subscription,hi,Research-backed synthetic multilingual,synthetic_research_backed,सामान्य सदस्यता सूचना,आधिकारिक अकाउंट सेटिंग्स में विवरण जांचें।,1. आधिकारिक अकाउंट सेटिंग्स में विवरण जांचें। 2. आधिकारिक चैनल से स्वतंत्र रूप से सत्यापन करें। 3. संदिग्ध होने पर संदेश/नंबर की रिपोर्ट करें।,Low,P4,Hindi synthetic/adapted example; not claimed as verbatim real-world data.
HI-G0093,"आपकी सदस्यता 15 अक्टूबर को ₹10,000 में नवीनीकृत होगी।",genuine,subscription,hi,Research-backed synthetic multilingual,synthetic_research_backed,सामान्य सदस्यता सूचना,आधिकारिक अकाउंट सेटिंग्स में विवरण जांचें।,1. आधिकारिक अकाउंट सेटिंग्स में विवरण जांचें। 2. आधिकारिक चैनल से स्वतंत्र रूप से सत्यापन करें। 3. संदिग्ध होने पर संदेश/नंबर की रिपोर्ट करें।,Low,P4,Hindi synthetic/adapted example; not claimed as verbatim real-world data.
HI-G0094,आपकी क्लिनिक अपॉइंटमेंट 30 सितंबर को 6:00 बजे बजे निर्धारित है।,genuine,healthcare,hi,Research-backed synthetic multilingual,synthetic_research_backed,सामान्य स्वास्थ्य रिमाइंडर,आधिकारिक क्लिनिक चैनल से विवरण सत्यापित करें।,1. आधिकारिक क्लिनिक चैनल से विवरण सत्यापित करें। 2. आधिकारिक चैनल से स्वतंत्र रूप से सत्यापन करें। 3. संदिग्ध होने पर संदेश/नंबर की रिपोर्ट करें।,Low,P4,Hindi synthetic/adapted example; not claimed as verbatim real-world data.
HI-G0095,आपके मोबाइल प्लान में 1.2 GB डेटा शेष है और यह 10 अक्टूबर तक वैध है।,genuine,telecom_genuine,hi,Research-backed synthetic multilingual,synthetic_research_backed,सामान्य टेलीकॉम सूचना,आधिकारिक टेलीकॉम ऐप में उपयोग जांचें।,1. आधिकारिक टेलीकॉम ऐप में उपयोग जांचें। 2. आधिकारिक चैनल से स्वतंत्र रूप से सत्यापन करें। 3. संदिग्ध होने पर संदेश/नंबर की रिपोर्ट करें।,Low,P4,Hindi synthetic/adapted example; not claimed as verbatim real-world data.
HI-G0096,आपका WhatsApp सत्यापन कोड G-481205 है। इसे किसी के साथ साझा न करें।,genuine,otp,hi,Research-backed synthetic multilingual,synthetic_research_backed,वैध OTP सूचना,केवल आपके द्वारा शुरू किए गए सत्यापन में कोड का उपयोग करें।,1. केवल आपके द्वारा शुरू किए गए सत्यापन में कोड का उपयोग करें। 2. आधिकारिक चैनल से स्वतंत्र रूप से सत्यापन करें। 3. संदिग्ध होने पर संदेश/नंबर की रिपोर्ट करें।,Low,P4,Hindi synthetic/adapted example; not claimed as verbatim real-world data.
HI-G0097,आपका ऑर्डर #402-1937460 भेज दिया गया है और 15 अक्टूबर तक पहुंचने की उम्मीद है।,genuine,delivery,hi,Research-backed synthetic multilingual,synthetic_research_backed,सामान्य डिलीवरी अपडेट,आधिकारिक ऐप/वेबसाइट से ट्रैक करें।,1. आधिकारिक ऐप/वेबसाइट से ट्रैक करें। 2. आधिकारिक चैनल से स्वतंत्र रूप से सत्यापन करें। 3. संदिग्ध होने पर संदेश/नंबर की रिपोर्ट करें।,Low,P4,Hindi synthetic/adapted example; not claimed as verbatim real-world data.
HI-G0098,याद दिलाया जाता है कि आपकी अपॉइंटमेंट 10 अक्टूबर को 10:00 बजे बजे है।,genuine,appointment,hi,Research-backed synthetic multilingual,synthetic_research_backed,सामान्य अपॉइंटमेंट रिमाइंडर,आधिकारिक प्रदाता के माध्यम से पुष्टि/रीशेड्यूल करें।,1. आधिकारिक प्रदाता के माध्यम से पुष्टि/रीशेड्यूल करें। 2. आधिकारिक चैनल से स्वतंत्र रूप से सत्यापन करें। 3. संदिग्ध होने पर संदेश/नंबर की रिपोर्ट करें।,Low,P4,Hindi synthetic/adapted example; not claimed as verbatim real-world data.
HI-G0099,आपका ₹199 बिजली बिल 10 अक्टूबर को देय है।,genuine,utility_genuine,hi,Research-backed synthetic multilingual,synthetic_research_backed,सामान्य यूटिलिटी रिमाइंडर,आधिकारिक बिजली पोर्टल पर बिल जांचें।,1. आधिकारिक बिजली पोर्टल पर बिल जांचें। 2. आधिकारिक चैनल से स्वतंत्र रूप से सत्यापन करें। 3. संदिग्ध होने पर संदेश/नंबर की रिपोर्ट करें।,Low,P4,Hindi synthetic/adapted example; not claimed as verbatim real-world data.
HI-G0100,आपकी यात्रा बुकिंग AI7K2P 30 सितंबर के लिए कन्फर्म है।,genuine,travel,hi,Research-backed synthetic multilingual,synthetic_research_backed,सामान्य यात्रा पुष्टि,आधिकारिक एयरलाइन/ट्रैवल ऐप में बुकिंग जांचें।,1. आधिकारिक एयरलाइन/ट्रैवल ऐप में बुकिंग जांचें। 2. आधिकारिक चैनल से स्वतंत्र रूप से सत्यापन करें। 3. संदिग्ध होने पर संदेश/नंबर की रिपोर्ट करें।,Low,P4,Hindi synthetic/adapted example; not claimed as verbatim real-world data.
HI-G0101,आपका ₹499 बिजली बिल 5 अक्टूबर को देय है।,genuine,utility_genuine,hi,Research-backed synthetic multilingual,synthetic_research_backed,सामान्य यूटिलिटी रिमाइंडर,आधिकारिक बिजली पोर्टल पर बिल जांचें।,1. आधिकारिक बिजली पोर्टल पर बिल जांचें। 2. आधिकारिक चैनल से स्वतंत्र रूप से सत्यापन करें। 3. संदिग्ध होने पर संदेश/नंबर की रिपोर्ट करें।,Low,P4,Hindi synthetic/adapted example; not claimed as verbatim real-world data.
HI-G0102,आपकी क्लिनिक अपॉइंटमेंट 5 अक्टूबर को 9:30 बजे बजे निर्धारित है।,genuine,healthcare,hi,Research-backed synthetic multilingual,synthetic_research_backed,सामान्य स्वास्थ्य रिमाइंडर,आधिकारिक क्लिनिक चैनल से विवरण सत्यापित करें।,1. आधिकारिक क्लिनिक चैनल से विवरण सत्यापित करें। 2. आधिकारिक चैनल से स्वतंत्र रूप से सत्यापन करें। 3. संदिग्ध होने पर संदेश/नंबर की रिपोर्ट करें।,Low,P4,Hindi synthetic/adapted example; not claimed as verbatim real-world data.
HI-G0103,आपके Uber का ₹999 भुगतान सफलतापूर्वक प्रोसेस हो गया है।,genuine,transaction,hi,Research-backed synthetic multilingual,synthetic_research_backed,सामान्य लेनदेन सूचना,आधिकारिक ऐप में लेनदेन सत्यापित करें।,1. आधिकारिक ऐप में लेनदेन सत्यापित करें। 2. आधिकारिक चैनल से स्वतंत्र रूप से सत्यापन करें। 3. संदिग्ध होने पर संदेश/नंबर की रिपोर्ट करें।,Low,P4,Hindi synthetic/adapted example; not claimed as verbatim real-world data.
HI-G0104,आपके मोबाइल प्लान में 1.2 GB डेटा शेष है और यह 5 अक्टूबर तक वैध है।,genuine,telecom_genuine,hi,Research-backed synthetic multilingual,synthetic_research_backed,सामान्य टेलीकॉम सूचना,आधिकारिक टेलीकॉम ऐप में उपयोग जांचें।,1. आधिकारिक टेलीकॉम ऐप में उपयोग जांचें। 2. आधिकारिक चैनल से स्वतंत्र रूप से सत्यापन करें। 3. संदिग्ध होने पर संदेश/नंबर की रिपोर्ट करें।,Low,P4,Hindi synthetic/adapted example; not claimed as verbatim real-world data.
HI-G0105,आपकी सदस्यता 2 अक्टूबर को ₹499 में नवीनीकृत होगी।,genuine,subscription,hi,Research-backed synthetic multilingual,synthetic_research_backed,सामान्य सदस्यता सूचना,आधिकारिक अकाउंट सेटिंग्स में विवरण जांचें।,1. आधिकारिक अकाउंट सेटिंग्स में विवरण जांचें। 2. आधिकारिक चैनल से स्वतंत्र रूप से सत्यापन करें। 3. संदिग्ध होने पर संदेश/नंबर की रिपोर्ट करें।,Low,P4,Hindi synthetic/adapted example; not claimed as verbatim real-world data.
HI-G0106,आपका Google सत्यापन कोड Q-183640 है। इसे किसी के साथ साझा न करें।,genuine,otp,hi,Research-backed synthetic multilingual,synthetic_research_backed,वैध OTP सूचना,केवल आपके द्वारा शुरू किए गए सत्यापन में कोड का उपयोग करें।,1. केवल आपके द्वारा शुरू किए गए सत्यापन में कोड का उपयोग करें। 2. आधिकारिक चैनल से स्वतंत्र रूप से सत्यापन करें। 3. संदिग्ध होने पर संदेश/नंबर की रिपोर्ट करें।,Low,P4,Hindi synthetic/adapted example; not claimed as verbatim real-world data.
HI-G0107,आपका ₹499 बिजली बिल 2 अक्टूबर को देय है।,genuine,utility_genuine,hi,Research-backed synthetic multilingual,synthetic_research_backed,सामान्य यूटिलिटी रिमाइंडर,आधिकारिक बिजली पोर्टल पर बिल जांचें।,1. आधिकारिक बिजली पोर्टल पर बिल जांचें। 2. आधिकारिक चैनल से स्वतंत्र रूप से सत्यापन करें। 3. संदिग्ध होने पर संदेश/नंबर की रिपोर्ट करें।,Low,P4,Hindi synthetic/adapted example; not claimed as verbatim real-world data.
HI-G0108,"आपका ₹10,000 बिजली बिल 30 सितंबर को देय है।",genuine,utility_genuine,hi,Research-backed synthetic multilingual,synthetic_research_backed,सामान्य यूटिलिटी रिमाइंडर,आधिकारिक बिजली पोर्टल पर बिल जांचें।,1. आधिकारिक बिजली पोर्टल पर बिल जांचें। 2. आधिकारिक चैनल से स्वतंत्र रूप से सत्यापन करें। 3. संदिग्ध होने पर संदेश/नंबर की रिपोर्ट करें।,Low,P4,Hindi synthetic/adapted example; not claimed as verbatim real-world data.
HI-G0109,आपकी सदस्यता 5 अक्टूबर को ₹999 में नवीनीकृत होगी।,genuine,subscription,hi,Research-backed synthetic multilingual,synthetic_research_backed,सामान्य सदस्यता सूचना,आधिकारिक अकाउंट सेटिंग्स में विवरण जांचें।,1. आधिकारिक अकाउंट सेटिंग्स में विवरण जांचें। 2. आधिकारिक चैनल से स्वतंत्र रूप से सत्यापन करें। 3. संदिग्ध होने पर संदेश/नंबर की रिपोर्ट करें।,Low,P4,Hindi synthetic/adapted example; not claimed as verbatim real-world data.
HI-G0110,आपकी सदस्यता 10 अक्टूबर को ₹999 में नवीनीकृत होगी।,genuine,subscription,hi,Research-backed synthetic multilingual,synthetic_research_backed,सामान्य सदस्यता सूचना,आधिकारिक अकाउंट सेटिंग्स में विवरण जांचें।,1. आधिकारिक अकाउंट सेटिंग्स में विवरण जांचें। 2. आधिकारिक चैनल से स्वतंत्र रूप से सत्यापन करें। 3. संदिग्ध होने पर संदेश/नंबर की रिपोर्ट करें।,Low,P4,Hindi synthetic/adapted example; not claimed as verbatim real-world data.
HI-G0111,आपका Instagram सत्यापन कोड G-481205 है। इसे किसी के साथ साझा न करें।,genuine,otp,hi,Research-backed synthetic multilingual,synthetic_research_backed,वैध OTP सूचना,केवल आपके द्वारा शुरू किए गए सत्यापन में कोड का उपयोग करें।,1. केवल आपके द्वारा शुरू किए गए सत्यापन में कोड का उपयोग करें। 2. आधिकारिक चैनल से स्वतंत्र रूप से सत्यापन करें। 3. संदिग्ध होने पर संदेश/नंबर की रिपोर्ट करें।,Low,P4,Hindi synthetic/adapted example; not claimed as verbatim real-world data.
HI-G0112,आपका ₹999 बिजली बिल 5 अक्टूबर को देय है।,genuine,utility_genuine,hi,Research-backed synthetic multilingual,synthetic_research_backed,सामान्य यूटिलिटी रिमाइंडर,आधिकारिक बिजली पोर्टल पर बिल जांचें।,1. आधिकारिक बिजली पोर्टल पर बिल जांचें। 2. आधिकारिक चैनल से स्वतंत्र रूप से सत्यापन करें। 3. संदिग्ध होने पर संदेश/नंबर की रिपोर्ट करें।,Low,P4,Hindi synthetic/adapted example; not claimed as verbatim real-world data.
HI-G0113,"आपकी सदस्यता 30 सितंबर को ₹5,000 में नवीनीकृत होगी।",genuine,subscription,hi,Research-backed synthetic multilingual,synthetic_research_backed,सामान्य सदस्यता सूचना,आधिकारिक अकाउंट सेटिंग्स में विवरण जांचें।,1. आधिकारिक अकाउंट सेटिंग्स में विवरण जांचें। 2. आधिकारिक चैनल से स्वतंत्र रूप से सत्यापन करें। 3. संदिग्ध होने पर संदेश/नंबर की रिपोर्ट करें।,Low,P4,Hindi synthetic/adapted example; not claimed as verbatim real-world data.
HI-G0114,याद दिलाया जाता है कि आपकी अपॉइंटमेंट 15 अक्टूबर को 2:00 बजे बजे है।,genuine,appointment,hi,Research-backed synthetic multilingual,synthetic_research_backed,सामान्य अपॉइंटमेंट रिमाइंडर,आधिकारिक प्रदाता के माध्यम से पुष्टि/रीशेड्यूल करें।,1. आधिकारिक प्रदाता के माध्यम से पुष्टि/रीशेड्यूल करें। 2. आधिकारिक चैनल से स्वतंत्र रूप से सत्यापन करें। 3. संदिग्ध होने पर संदेश/नंबर की रिपोर्ट करें।,Low,P4,Hindi synthetic/adapted example; not claimed as verbatim real-world data.
HI-G0115,आपका ₹499 बिजली बिल 30 सितंबर को देय है।,genuine,utility_genuine,hi,Research-backed synthetic multilingual,synthetic_research_backed,सामान्य यूटिलिटी रिमाइंडर,आधिकारिक बिजली पोर्टल पर बिल जांचें।,1. आधिकारिक बिजली पोर्टल पर बिल जांचें। 2. आधिकारिक चैनल से स्वतंत्र रूप से सत्यापन करें। 3. संदिग्ध होने पर संदेश/नंबर की रिपोर्ट करें।,Low,P4,Hindi synthetic/adapted example; not claimed as verbatim real-world data.
HI-G0116,आपकी क्लिनिक अपॉइंटमेंट 10 अक्टूबर को 2:00 बजे बजे निर्धारित है।,genuine,healthcare,hi,Research-backed synthetic multilingual,synthetic_research_backed,सामान्य स्वास्थ्य रिमाइंडर,आधिकारिक क्लिनिक चैनल से विवरण सत्यापित करें।,1. आधिकारिक क्लिनिक चैनल से विवरण सत्यापित करें। 2. आधिकारिक चैनल से स्वतंत्र रूप से सत्यापन करें। 3. संदिग्ध होने पर संदेश/नंबर की रिपोर्ट करें।,Low,P4,Hindi synthetic/adapted example; not claimed as verbatim real-world data.
HI-G0117,आपके मोबाइल प्लान में 800 MB डेटा शेष है और यह 10 अक्टूबर तक वैध है।,genuine,telecom_genuine,hi,Research-backed synthetic multilingual,synthetic_research_backed,सामान्य टेलीकॉम सूचना,आधिकारिक टेलीकॉम ऐप में उपयोग जांचें।,1. आधिकारिक टेलीकॉम ऐप में उपयोग जांचें। 2. आधिकारिक चैनल से स्वतंत्र रूप से सत्यापन करें। 3. संदिग्ध होने पर संदेश/नंबर की रिपोर्ट करें।,Low,P4,Hindi synthetic/adapted example; not claimed as verbatim real-world data.
HI-G0118,क्या हम आज 10:00 बजे बजे कॉलेज कैंटीन में मिल रहे हैं?,genuine,personal,hi,Research-backed synthetic multilingual,synthetic_research_backed,सामान्य व्यक्तिगत संदेश,सामान्य रूप से उत्तर दें।,1. सामान्य रूप से उत्तर दें। 2. आधिकारिक चैनल से स्वतंत्र रूप से सत्यापन करें। 3. संदिग्ध होने पर संदेश/नंबर की रिपोर्ट करें।,Low,P4,Hindi synthetic/adapted example; not claimed as verbatim real-world data.
HI-G0119,आपका ₹999 बिजली बिल 30 सितंबर को देय है।,genuine,utility_genuine,hi,Research-backed synthetic multilingual,synthetic_research_backed,सामान्य यूटिलिटी रिमाइंडर,आधिकारिक बिजली पोर्टल पर बिल जांचें।,1. आधिकारिक बिजली पोर्टल पर बिल जांचें। 2. आधिकारिक चैनल से स्वतंत्र रूप से सत्यापन करें। 3. संदिग्ध होने पर संदेश/नंबर की रिपोर्ट करें।,Low,P4,Hindi synthetic/adapted example; not claimed as verbatim real-world data.
HI-G0120,याद दिलाया जाता है कि आपकी अपॉइंटमेंट 2 अक्टूबर को 4:30 बजे बजे है।,genuine,appointment,hi,Research-backed synthetic multilingual,synthetic_research_backed,सामान्य अपॉइंटमेंट रिमाइंडर,आधिकारिक प्रदाता के माध्यम से पुष्टि/रीशेड्यूल करें।,1. आधिकारिक प्रदाता के माध्यम से पुष्टि/रीशेड्यूल करें। 2. आधिकारिक चैनल से स्वतंत्र रूप से सत्यापन करें। 3. संदिग्ध होने पर संदेश/नंबर की रिपोर्ट करें।,Low,P4,Hindi synthetic/adapted example; not claimed as verbatim real-world data.
HI-G0121,आपके मोबाइल प्लान में 5 GB डेटा शेष है और यह 10 अक्टूबर तक वैध है।,genuine,telecom_genuine,hi,Research-backed synthetic multilingual,synthetic_research_backed,सामान्य टेलीकॉम सूचना,आधिकारिक टेलीकॉम ऐप में उपयोग जांचें।,1. आधिकारिक टेलीकॉम ऐप में उपयोग जांचें। 2. आधिकारिक चैनल से स्वतंत्र रूप से सत्यापन करें। 3. संदिग्ध होने पर संदेश/नंबर की रिपोर्ट करें।,Low,P4,Hindi synthetic/adapted example; not claimed as verbatim real-world data.
HI-G0122,"आपका ₹10,000 बिजली बिल 2 अक्टूबर को देय है।",genuine,utility_genuine,hi,Research-backed synthetic multilingual,synthetic_research_backed,सामान्य यूटिलिटी रिमाइंडर,आधिकारिक बिजली पोर्टल पर बिल जांचें।,1. आधिकारिक बिजली पोर्टल पर बिल जांचें। 2. आधिकारिक चैनल से स्वतंत्र रूप से सत्यापन करें। 3. संदिग्ध होने पर संदेश/नंबर की रिपोर्ट करें।,Low,P4,Hindi synthetic/adapted example; not claimed as verbatim real-world data.
HI-G0123,आपके Zomato का ₹499 भुगतान सफलतापूर्वक प्रोसेस हो गया है।,genuine,transaction,hi,Research-backed synthetic multilingual,synthetic_research_backed,सामान्य लेनदेन सूचना,आधिकारिक ऐप में लेनदेन सत्यापित करें।,1. आधिकारिक ऐप में लेनदेन सत्यापित करें। 2. आधिकारिक चैनल से स्वतंत्र रूप से सत्यापन करें। 3. संदिग्ध होने पर संदेश/नंबर की रिपोर्ट करें।,Low,P4,Hindi synthetic/adapted example; not claimed as verbatim real-world data.
HI-G0124,याद दिलाया जाता है कि आपकी अपॉइंटमेंट 10 अक्टूबर को 4:30 बजे बजे है।,genuine,appointment,hi,Research-backed synthetic multilingual,synthetic_research_backed,सामान्य अपॉइंटमेंट रिमाइंडर,आधिकारिक प्रदाता के माध्यम से पुष्टि/रीशेड्यूल करें।,1. आधिकारिक प्रदाता के माध्यम से पुष्टि/रीशेड्यूल करें। 2. आधिकारिक चैनल से स्वतंत्र रूप से सत्यापन करें। 3. संदिग्ध होने पर संदेश/नंबर की रिपोर्ट करें।,Low,P4,Hindi synthetic/adapted example; not claimed as verbatim real-world data.
HI-G0125,आपके मोबाइल प्लान में 800 MB डेटा शेष है और यह 5 अक्टूबर तक वैध है।,genuine,telecom_genuine,hi,Research-backed synthetic multilingual,synthetic_research_backed,सामान्य टेलीकॉम सूचना,आधिकारिक टेलीकॉम ऐप में उपयोग जांचें।,1. आधिकारिक टेलीकॉम ऐप में उपयोग जांचें। 2. आधिकारिक चैनल से स्वतंत्र रूप से सत्यापन करें। 3. संदिग्ध होने पर संदेश/नंबर की रिपोर्ट करें।,Low,P4,Hindi synthetic/adapted example; not claimed as verbatim real-world data.
TE-S0001,మీ SIM అప్‌గ్రేడ్ పెండింగ్‌లో ఉంది. నంబర్ డిస్కనెక్ట్ కాకుండా OTP పంపండి.,scam,sim_swap,te,Research-backed synthetic multilingual,synthetic_research_backed,"SIM swap నెపం, OTP అభ్యర్థన",OTP షేర్ చేయకండి; టెలికాం సంస్థ అధికారిక ఛానల్‌ను సంప్రదించండి.,1. OTP షేర్ చేయకండి; టెలికాం సంస్థ అధికారిక ఛానల్‌ను సంప్రదించండి. 2. అధికారిక ఛానల్ ద్వారా స్వతంత్రంగా వెరిఫై చేయండి. 3. ఆధారాలను సేవ్ చేసి అవసరమైతే రిపోర్ట్ చేయండి.,Critical,P1,Telugu synthetic/adapted example; not claimed as verbatim real-world data.
TE-S0002,"ఇంటినుంచి పని చేసి రోజుకు ₹5,000 సంపాదించండి. ఉద్యోగం ప్రారంభించడానికి ₹499 రిజిస్ట్రేషన్ ఫీజు చెల్లించండి.",scam,job_scam,te,Research-backed synthetic multilingual,synthetic_research_backed,"ఫేక్ ఉద్యోగం, ముందస్తు ఫీజు, అవాస్తవ ఆదాయం",ఫీజు చెల్లించకండి; ఉద్యోగదాతను స్వతంత్రంగా వెరిఫై చేయండి.,1. ఫీజు చెల్లించకండి; ఉద్యోగదాతను స్వతంత్రంగా వెరిఫై చేయండి. 2. అధికారిక ఛానల్ ద్వారా స్వతంత్రంగా వెరిఫై చేయండి. 3. ఆధారాలను సేవ్ చేసి అవసరమైతే రిపోర్ట్ చేయండి.,High,P1,Telugu synthetic/adapted example; not claimed as verbatim real-world data.
TE-S0003,మీ SBI బ్యాంక్ ఖాతా KYC/PAN అప్డేట్ కాలేదు. ఈరోజే ఖాతా బ్లాక్ అవుతుంది. వెంటనే http://secure-update.invalid ఓపెన్ చేసి అప్డేట్ చేయండి.,scam,bank_kyc,te,Research-backed synthetic multilingual,synthetic_research_backed,"బ్యాంక్ ఇంపర్సనేషన్, అత్యవసరం, అనుమానాస్పద లింక్",లింక్ క్లిక్ చేయకండి; అధికారిక బ్యాంక్ యాప్ ద్వారా చెక్ చేయండి.,1. లింక్ క్లిక్ చేయకండి; అధికారిక బ్యాంక్ యాప్ ద్వారా చెక్ చేయండి. 2. అధికారిక ఛానల్ ద్వారా స్వతంత్రంగా వెరిఫై చేయండి. 3. ఆధారాలను సేవ్ చేసి అవసరమైతే రిపోర్ట్ చేయండి.,High,P1,Telugu synthetic/adapted example; not claimed as verbatim real-world data.
TE-S0004,ఈ రాత్రి మీ విద్యుత్ కనెక్షన్ కట్ అవుతుంది. బిల్లు చెల్లించడానికి ఈ లింక్ ద్వారా వెంటనే చెల్లించండి.,scam,utility_scam,te,Research-backed synthetic multilingual,synthetic_research_backed,"యుటిలిటీ ఇంపర్సనేషన్, డిస్కనెక్షన్ బెదిరింపు, అనుమానాస్పద లింక్",అధికారిక విద్యుత్ పోర్టల్‌లో బిల్లు చెక్ చేయండి.,1. అధికారిక విద్యుత్ పోర్టల్‌లో బిల్లు చెక్ చేయండి. 2. అధికారిక ఛానల్ ద్వారా స్వతంత్రంగా వెరిఫై చేయండి. 3. ఆధారాలను సేవ్ చేసి అవసరమైతే రిపోర్ట్ చేయండి.,High,P1,Telugu synthetic/adapted example; not claimed as verbatim real-world data.
TE-S0005,మీ ఆధార్ అక్రమ కార్యకలాపాలతో లింక్ అయింది. పోలీస్ విచారణ జరుగుతోంది. కాల్ కట్ చేస్తే డిజిటల్ అరెస్ట్ చేస్తాం.,scam,digital_arrest,te,Research-backed synthetic multilingual,synthetic_research_backed,"చట్ట అమలు సంస్థల ఇంపర్సనేషన్, బెదిరింపు, భయం",కాల్ కట్ చేసి అధికారిక నంబర్ ద్వారా వెరిఫై చేయండి.,1. కాల్ కట్ చేసి అధికారిక నంబర్ ద్వారా వెరిఫై చేయండి. 2. అధికారిక ఛానల్ ద్వారా స్వతంత్రంగా వెరిఫై చేయండి. 3. ఆధారాలను సేవ్ చేసి అవసరమైతే రిపోర్ట్ చేయండి.,Critical,P1,Telugu synthetic/adapted example; not claimed as verbatim real-world data.
TE-S0006,"CAPTCHAలు పూర్తి చేసి రోజుకు ₹2,499 సంపాదించండి. అకౌంట్ యాక్టివేట్ చేయడానికి ₹199 ఫీజు చెల్లించండి.",scam,fake_captcha_job,te,Research-backed synthetic multilingual,synthetic_research_backed,"ఫేక్ CAPTCHA ఉద్యోగం, ముందస్తు ఫీజు",ఫీజు చెల్లించకండి; ఉద్యోగాన్ని వెరిఫై చేయండి.,1. ఫీజు చెల్లించకండి; ఉద్యోగాన్ని వెరిఫై చేయండి. 2. అధికారిక ఛానల్ ద్వారా స్వతంత్రంగా వెరిఫై చేయండి. 3. ఆధారాలను సేవ్ చేసి అవసరమైతే రిపోర్ట్ చేయండి.,High,P1,Telugu synthetic/adapted example; not claimed as verbatim real-world data.
TE-S0007,"మీ ₹2,499 ఇన్‌స్టంట్ లోన్ ఆమోదించబడింది. డబ్బు విడుదలకు ₹499 ప్రాసెసింగ్ ఫీజు చెల్లించండి.",scam,loan_scam,te,Research-backed synthetic multilingual,synthetic_research_backed,"ఫేక్ లోన్, ముందస్తు ఫీజు, ఆర్థిక ఒత్తిడి",ఫీజు చెల్లించకండి; లెండర్ వివరాలు వెరిఫై చేయండి.,1. ఫీజు చెల్లించకండి; లెండర్ వివరాలు వెరిఫై చేయండి. 2. అధికారిక ఛానల్ ద్వారా స్వతంత్రంగా వెరిఫై చేయండి. 3. ఆధారాలను సేవ్ చేసి అవసరమైతే రిపోర్ట్ చేయండి.,High,P1,Telugu synthetic/adapted example; not claimed as verbatim real-world data.
TE-S0008,నేను మీ బ్యాంక్ సెక్యూరిటీ టీమ్ నుంచి మాట్లాడుతున్నాను. అనుమానాస్పద ట్రాన్సాక్షన్ ఆపడానికి PIN మరియు OTP చెప్పండి.,scam,vishing,te,Research-backed synthetic multilingual,synthetic_research_backed,"ఫోన్ ఇంపర్సనేషన్, PIN/OTP అభ్యర్థన",కాల్ ముగించి బ్యాంక్ అధికారిక నంబర్‌కు స్వయంగా కాల్ చేయండి.,1. కాల్ ముగించి బ్యాంక్ అధికారిక నంబర్‌కు స్వయంగా కాల్ చేయండి. 2. అధికారిక ఛానల్ ద్వారా స్వతంత్రంగా వెరిఫై చేయండి. 3. ఆధారాలను సేవ్ చేసి అవసరమైతే రిపోర్ట్ చేయండి.,Critical,P1,Telugu synthetic/adapted example; not claimed as verbatim real-world data.
TE-S0009,మీ Google అకౌంట్ లాక్ అయింది. మూసివేయకుండా ఉండేందుకు http://secure-update.invalidలో లాగిన్ అవ్వండి.,scam,phishing,te,Research-backed synthetic multilingual,synthetic_research_backed,"ఫిషింగ్ లింక్, అకౌంట్ బెదిరింపు, క్రెడెన్షియల్ అభ్యర్థన",లింక్ ఓపెన్ చేయకండి; అధికారిక యాప్‌లో చెక్ చేయండి.,1. లింక్ ఓపెన్ చేయకండి; అధికారిక యాప్‌లో చెక్ చేయండి. 2. అధికారిక ఛానల్ ద్వారా స్వతంత్రంగా వెరిఫై చేయండి. 3. ఆధారాలను సేవ్ చేసి అవసరమైతే రిపోర్ట్ చేయండి.,High,P1,Telugu synthetic/adapted example; not claimed as verbatim real-world data.
TE-S0010,₹499 రీఫండ్ పొందడానికి ఈ QR కోడ్ స్కాన్ చేసి UPI PIN నమోదు చేయండి.,scam,upi_qr,te,Research-backed synthetic multilingual,synthetic_research_backed,"QR మోసం, UPI PIN అభ్యర్థన, రీఫండ్ నెపం",QR స్కాన్ చేయకండి; UPI PIN ఇవ్వకండి.,1. QR స్కాన్ చేయకండి; UPI PIN ఇవ్వకండి. 2. అధికారిక ఛానల్ ద్వారా స్వతంత్రంగా వెరిఫై చేయండి. 3. ఆధారాలను సేవ్ చేసి అవసరమైతే రిపోర్ట్ చేయండి.,Critical,P1,Telugu synthetic/adapted example; not claimed as verbatim real-world data.
TE-S0011,మీ ఖాతా వెంటనే బ్లాక్ అవుతుంది. వెరిఫికేషన్ కోసం మీకు వచ్చిన OTPని మాకు పంపండి.,scam,otp,te,Research-backed synthetic multilingual,synthetic_research_backed,"OTP అభ్యర్థన, అత్యవసరం, బెదిరింపు",OTP ఎవరితోనూ షేర్ చేయకండి.,1. OTP ఎవరితోనూ షేర్ చేయకండి. 2. అధికారిక ఛానల్ ద్వారా స్వతంత్రంగా వెరిఫై చేయండి. 3. ఆధారాలను సేవ్ చేసి అవసరమైతే రిపోర్ట్ చేయండి.,Critical,P1,Telugu synthetic/adapted example; not claimed as verbatim real-world data.
TE-S0012,మీ Kotak Bank బ్యాంక్ ఖాతా KYC/PAN అప్డేట్ కాలేదు. ఈరోజే ఖాతా బ్లాక్ అవుతుంది. వెంటనే http://secure-update.invalid ఓపెన్ చేసి అప్డేట్ చేయండి.,scam,bank_kyc,te,Research-backed synthetic multilingual,synthetic_research_backed,"బ్యాంక్ ఇంపర్సనేషన్, అత్యవసరం, అనుమానాస్పద లింక్",లింక్ క్లిక్ చేయకండి; అధికారిక బ్యాంక్ యాప్ ద్వారా చెక్ చేయండి.,1. లింక్ క్లిక్ చేయకండి; అధికారిక బ్యాంక్ యాప్ ద్వారా చెక్ చేయండి. 2. అధికారిక ఛానల్ ద్వారా స్వతంత్రంగా వెరిఫై చేయండి. 3. ఆధారాలను సేవ్ చేసి అవసరమైతే రిపోర్ట్ చేయండి.,High,P1,Telugu synthetic/adapted example; not claimed as verbatim real-world data.
TE-S0013,మీ పార్సెల్ ₹199 కస్టమ్స్/రీ-డెలివరీ ఫీజు కారణంగా ఆగిపోయింది. వెంటనే చెల్లించండి.,scam,delivery_scam,te,Research-backed synthetic multilingual,synthetic_research_backed,"డెలివరీ ఇంపర్సనేషన్, చిన్న ఫీజు, అత్యవసరం",అధికారిక ట్రాకింగ్ ద్వారా మాత్రమే చెక్ చేయండి.,1. అధికారిక ట్రాకింగ్ ద్వారా మాత్రమే చెక్ చేయండి. 2. అధికారిక ఛానల్ ద్వారా స్వతంత్రంగా వెరిఫై చేయండి. 3. ఆధారాలను సేవ్ చేసి అవసరమైతే రిపోర్ట్ చేయండి.,High,P1,Telugu synthetic/adapted example; not claimed as verbatim real-world data.
TE-S0014,మా ట్రేడింగ్ ప్లాట్‌ఫారమ్ రోజూ 199% లాభం గ్యారంటీ చేస్తుంది. వెంటనే ₹199 డిపాజిట్ చేయండి.,scam,investment_scam,te,Research-backed synthetic multilingual,synthetic_research_backed,"గ్యారంటీడ్ రిటర్న్స్, పెట్టుబడి ఒత్తిడి",డబ్బు పంపకండి; ప్లాట్‌ఫారమ్‌ను స్వతంత్రంగా వెరిఫై చేయండి.,1. డబ్బు పంపకండి; ప్లాట్‌ఫారమ్‌ను స్వతంత్రంగా వెరిఫై చేయండి. 2. అధికారిక ఛానల్ ద్వారా స్వతంత్రంగా వెరిఫై చేయండి. 3. ఆధారాలను సేవ్ చేసి అవసరమైతే రిపోర్ట్ చేయండి.,Critical,P1,Telugu synthetic/adapted example; not claimed as verbatim real-world data.
TE-S0015,మీ Axis Bank బ్యాంక్ ఖాతా KYC/PAN అప్డేట్ కాలేదు. ఈరోజే ఖాతా బ్లాక్ అవుతుంది. వెంటనే http://secure-update.invalid ఓపెన్ చేసి అప్డేట్ చేయండి.,scam,bank_kyc,te,Research-backed synthetic multilingual,synthetic_research_backed,"బ్యాంక్ ఇంపర్సనేషన్, అత్యవసరం, అనుమానాస్పద లింక్",లింక్ క్లిక్ చేయకండి; అధికారిక బ్యాంక్ యాప్ ద్వారా చెక్ చేయండి.,1. లింక్ క్లిక్ చేయకండి; అధికారిక బ్యాంక్ యాప్ ద్వారా చెక్ చేయండి. 2. అధికారిక ఛానల్ ద్వారా స్వతంత్రంగా వెరిఫై చేయండి. 3. ఆధారాలను సేవ్ చేసి అవసరమైతే రిపోర్ట్ చేయండి.,High,P1,Telugu synthetic/adapted example; not claimed as verbatim real-world data.
TE-S0016,"మీ ఇన్‌స్టంట్ లోన్ ఆమోదించబడింది. ఈ APK డౌన్‌లోడ్ చేసి ₹1,999 చెల్లించండి.",scam,fake_loan_app,te,Research-backed synthetic multilingual,synthetic_research_backed,"ఫేక్ లోన్ యాప్, APK, ముందస్తు ఫీజు",తెలియని APK ఇన్‌స్టాల్ చేయకండి.,1. తెలియని APK ఇన్‌స్టాల్ చేయకండి. 2. అధికారిక ఛానల్ ద్వారా స్వతంత్రంగా వెరిఫై చేయండి. 3. ఆధారాలను సేవ్ చేసి అవసరమైతే రిపోర్ట్ చేయండి.,Critical,P1,Telugu synthetic/adapted example; not claimed as verbatim real-world data.
TE-S0017,మీ Paytm అకౌంట్ లాక్ అయింది. మూసివేయకుండా ఉండేందుకు http://secure-update.invalidలో లాగిన్ అవ్వండి.,scam,phishing,te,Research-backed synthetic multilingual,synthetic_research_backed,"ఫిషింగ్ లింక్, అకౌంట్ బెదిరింపు, క్రెడెన్షియల్ అభ్యర్థన",లింక్ ఓపెన్ చేయకండి; అధికారిక యాప్‌లో చెక్ చేయండి.,1. లింక్ ఓపెన్ చేయకండి; అధికారిక యాప్‌లో చెక్ చేయండి. 2. అధికారిక ఛానల్ ద్వారా స్వతంత్రంగా వెరిఫై చేయండి. 3. ఆధారాలను సేవ్ చేసి అవసరమైతే రిపోర్ట్ చేయండి.,High,P1,Telugu synthetic/adapted example; not claimed as verbatim real-world data.
TE-S0018,మీ పార్సెల్ ₹999 కస్టమ్స్/రీ-డెలివరీ ఫీజు కారణంగా ఆగిపోయింది. వెంటనే చెల్లించండి.,scam,delivery_scam,te,Research-backed synthetic multilingual,synthetic_research_backed,"డెలివరీ ఇంపర్సనేషన్, చిన్న ఫీజు, అత్యవసరం",అధికారిక ట్రాకింగ్ ద్వారా మాత్రమే చెక్ చేయండి.,1. అధికారిక ట్రాకింగ్ ద్వారా మాత్రమే చెక్ చేయండి. 2. అధికారిక ఛానల్ ద్వారా స్వతంత్రంగా వెరిఫై చేయండి. 3. ఆధారాలను సేవ్ చేసి అవసరమైతే రిపోర్ట్ చేయండి.,High,P1,Telugu synthetic/adapted example; not claimed as verbatim real-world data.
TE-S0019,"మీ పార్సెల్ ₹1,999 కస్టమ్స్/రీ-డెలివరీ ఫీజు కారణంగా ఆగిపోయింది. వెంటనే చెల్లించండి.",scam,delivery_scam,te,Research-backed synthetic multilingual,synthetic_research_backed,"డెలివరీ ఇంపర్సనేషన్, చిన్న ఫీజు, అత్యవసరం",అధికారిక ట్రాకింగ్ ద్వారా మాత్రమే చెక్ చేయండి.,1. అధికారిక ట్రాకింగ్ ద్వారా మాత్రమే చెక్ చేయండి. 2. అధికారిక ఛానల్ ద్వారా స్వతంత్రంగా వెరిఫై చేయండి. 3. ఆధారాలను సేవ్ చేసి అవసరమైతే రిపోర్ట్ చేయండి.,High,P1,Telugu synthetic/adapted example; not claimed as verbatim real-world data.
TE-S0020,మీరు సోషల్ మీడియా క్రియేటర్ రివార్డ్ గెలిచారు. డబ్బు పొందడానికి వెరిఫికేషన్ కోడ్ పంపండి.,scam,social_media_fraud,te,Research-backed synthetic multilingual,synthetic_research_backed,"ఫేక్ రివార్డ్, కోడ్ అభ్యర్థన, సోషల్ మీడియా ఇంపర్సనేషన్",వెరిఫికేషన్ కోడ్ షేర్ చేయకండి.,1. వెరిఫికేషన్ కోడ్ షేర్ చేయకండి. 2. అధికారిక ఛానల్ ద్వారా స్వతంత్రంగా వెరిఫై చేయండి. 3. ఆధారాలను సేవ్ చేసి అవసరమైతే రిపోర్ట్ చేయండి.,High,P1,Telugu synthetic/adapted example; not claimed as verbatim real-world data.
TE-S0021,"మీ ₹2,499 రీఫండ్ పెండింగ్‌లో ఉంది. రీఫండ్ కోసం కార్డ్ నంబర్ మరియు OTP పంపండి.",scam,fake_refund,te,Research-backed synthetic multilingual,synthetic_research_backed,"ఫేక్ రీఫండ్, కార్డ్ వివరాలు, OTP",కార్డ్ వివరాలు లేదా OTP షేర్ చేయకండి.,1. కార్డ్ వివరాలు లేదా OTP షేర్ చేయకండి. 2. అధికారిక ఛానల్ ద్వారా స్వతంత్రంగా వెరిఫై చేయండి. 3. ఆధారాలను సేవ్ చేసి అవసరమైతే రిపోర్ట్ చేయండి.,Critical,P1,Telugu synthetic/adapted example; not claimed as verbatim real-world data.
TE-S0022,ఇప్పుడే ₹999 పంపండి. లేకపోతే మీ ప్రైవేట్ వీడియోను మీ కాంటాక్ట్స్‌కు పంపిస్తాం.,scam,sextortion,te,Research-backed synthetic multilingual,synthetic_research_backed,"బ్లాక్‌మెయిల్, బెదిరింపు, డబ్బు డిమాండ్",డబ్బు పంపకండి; ఆధారాలను భద్రపరచి రిపోర్ట్ చేయండి.,1. డబ్బు పంపకండి; ఆధారాలను భద్రపరచి రిపోర్ట్ చేయండి. 2. అధికారిక ఛానల్ ద్వారా స్వతంత్రంగా వెరిఫై చేయండి. 3. ఆధారాలను సేవ్ చేసి అవసరమైతే రిపోర్ట్ చేయండి.,Critical,P1,Telugu synthetic/adapted example; not claimed as verbatim real-world data.
TE-S0023,మీ Microsoft అకౌంట్ లాక్ అయింది. మూసివేయకుండా ఉండేందుకు http://verify-account.invalidలో లాగిన్ అవ్వండి.,scam,phishing,te,Research-backed synthetic multilingual,synthetic_research_backed,"ఫిషింగ్ లింక్, అకౌంట్ బెదిరింపు, క్రెడెన్షియల్ అభ్యర్థన",లింక్ ఓపెన్ చేయకండి; అధికారిక యాప్‌లో చెక్ చేయండి.,1. లింక్ ఓపెన్ చేయకండి; అధికారిక యాప్‌లో చెక్ చేయండి. 2. అధికారిక ఛానల్ ద్వారా స్వతంత్రంగా వెరిఫై చేయండి. 3. ఆధారాలను సేవ్ చేసి అవసరమైతే రిపోర్ట్ చేయండి.,High,P1,Telugu synthetic/adapted example; not claimed as verbatim real-world data.
TE-S0024,మీ ఇన్‌స్టంట్ లోన్ ఆమోదించబడింది. ఈ APK డౌన్‌లోడ్ చేసి ₹499 చెల్లించండి.,scam,fake_loan_app,te,Research-backed synthetic multilingual,synthetic_research_backed,"ఫేక్ లోన్ యాప్, APK, ముందస్తు ఫీజు",తెలియని APK ఇన్‌స్టాల్ చేయకండి.,1. తెలియని APK ఇన్‌స్టాల్ చేయకండి. 2. అధికారిక ఛానల్ ద్వారా స్వతంత్రంగా వెరిఫై చేయండి. 3. ఆధారాలను సేవ్ చేసి అవసరమైతే రిపోర్ట్ చేయండి.,Critical,P1,Telugu synthetic/adapted example; not claimed as verbatim real-world data.
TE-S0025,"CAPTCHAలు పూర్తి చేసి రోజుకు ₹2,499 సంపాదించండి. అకౌంట్ యాక్టివేట్ చేయడానికి ₹4,999 ఫీజు చెల్లించండి.",scam,fake_captcha_job,te,Research-backed synthetic multilingual,synthetic_research_backed,"ఫేక్ CAPTCHA ఉద్యోగం, ముందస్తు ఫీజు",ఫీజు చెల్లించకండి; ఉద్యోగాన్ని వెరిఫై చేయండి.,1. ఫీజు చెల్లించకండి; ఉద్యోగాన్ని వెరిఫై చేయండి. 2. అధికారిక ఛానల్ ద్వారా స్వతంత్రంగా వెరిఫై చేయండి. 3. ఆధారాలను సేవ్ చేసి అవసరమైతే రిపోర్ట్ చేయండి.,High,P1,Telugu synthetic/adapted example; not claimed as verbatim real-world data.
TE-S0026,విపత్తు సహాయం కోసం ₹999 వెంటనే ఈ వ్యక్తిగత UPI IDకి పంపండి.,scam,charity_scam,te,Research-backed synthetic multilingual,synthetic_research_backed,"భావోద్వేగ అప్పీల్, వ్యక్తిగత UPI, అత్యవసరం",సంస్థను మరియు చెల్లింపు ఛానల్‌ను వెరిఫై చేయండి.,1. సంస్థను మరియు చెల్లింపు ఛానల్‌ను వెరిఫై చేయండి. 2. అధికారిక ఛానల్ ద్వారా స్వతంత్రంగా వెరిఫై చేయండి. 3. ఆధారాలను సేవ్ చేసి అవసరమైతే రిపోర్ట్ చేయండి.,Medium,P2,Telugu synthetic/adapted example; not claimed as verbatim real-world data.
TE-S0027,CAPTCHAలు పూర్తి చేసి రోజుకు ₹999 సంపాదించండి. అకౌంట్ యాక్టివేట్ చేయడానికి ₹199 ఫీజు చెల్లించండి.,scam,fake_captcha_job,te,Research-backed synthetic multilingual,synthetic_research_backed,"ఫేక్ CAPTCHA ఉద్యోగం, ముందస్తు ఫీజు",ఫీజు చెల్లించకండి; ఉద్యోగాన్ని వెరిఫై చేయండి.,1. ఫీజు చెల్లించకండి; ఉద్యోగాన్ని వెరిఫై చేయండి. 2. అధికారిక ఛానల్ ద్వారా స్వతంత్రంగా వెరిఫై చేయండి. 3. ఆధారాలను సేవ్ చేసి అవసరమైతే రిపోర్ట్ చేయండి.,High,P1,Telugu synthetic/adapted example; not claimed as verbatim real-world data.
TE-S0028,"నేను కొత్త నంబర్ ఉపయోగిస్తున్నాను. చాలా అత్యవసరం, నాకు ₹499 వెంటనే ట్రాన్స్‌ఫర్ చేయండి. నాకు కాల్ చేయకండి.",scam,impersonation,te,Research-backed synthetic multilingual,synthetic_research_backed,"వ్యక్తి ఇంపర్సనేషన్, డబ్బు డిమాండ్, వెరిఫికేషన్ నిరోధం",తెలిసిన నంబర్ ద్వారా వ్యక్తిని ధృవీకరించకుండా డబ్బు పంపకండి.,1. తెలిసిన నంబర్ ద్వారా వ్యక్తిని ధృవీకరించకుండా డబ్బు పంపకండి. 2. అధికారిక ఛానల్ ద్వారా స్వతంత్రంగా వెరిఫై చేయండి. 3. ఆధారాలను సేవ్ చేసి అవసరమైతే రిపోర్ట్ చేయండి.,High,P1,Telugu synthetic/adapted example; not claimed as verbatim real-world data.
TE-S0029,"విపత్తు సహాయం కోసం ₹10,000 వెంటనే ఈ వ్యక్తిగత UPI IDకి పంపండి.",scam,charity_scam,te,Research-backed synthetic multilingual,synthetic_research_backed,"భావోద్వేగ అప్పీల్, వ్యక్తిగత UPI, అత్యవసరం",సంస్థను మరియు చెల్లింపు ఛానల్‌ను వెరిఫై చేయండి.,1. సంస్థను మరియు చెల్లింపు ఛానల్‌ను వెరిఫై చేయండి. 2. అధికారిక ఛానల్ ద్వారా స్వతంత్రంగా వెరిఫై చేయండి. 3. ఆధారాలను సేవ్ చేసి అవసరమైతే రిపోర్ట్ చేయండి.,Medium,P2,Telugu synthetic/adapted example; not claimed as verbatim real-world data.
TE-S0030,"₹2,499 రీఫండ్ పొందడానికి ఈ QR కోడ్ స్కాన్ చేసి UPI PIN నమోదు చేయండి.",scam,upi_qr,te,Research-backed synthetic multilingual,synthetic_research_backed,"QR మోసం, UPI PIN అభ్యర్థన, రీఫండ్ నెపం",QR స్కాన్ చేయకండి; UPI PIN ఇవ్వకండి.,1. QR స్కాన్ చేయకండి; UPI PIN ఇవ్వకండి. 2. అధికారిక ఛానల్ ద్వారా స్వతంత్రంగా వెరిఫై చేయండి. 3. ఆధారాలను సేవ్ చేసి అవసరమైతే రిపోర్ట్ చేయండి.,Critical,P1,Telugu synthetic/adapted example; not claimed as verbatim real-world data.
TE-S0031,CAPTCHAలు పూర్తి చేసి రోజుకు ₹199 సంపాదించండి. అకౌంట్ యాక్టివేట్ చేయడానికి ₹999 ఫీజు చెల్లించండి.,scam,fake_captcha_job,te,Research-backed synthetic multilingual,synthetic_research_backed,"ఫేక్ CAPTCHA ఉద్యోగం, ముందస్తు ఫీజు",ఫీజు చెల్లించకండి; ఉద్యోగాన్ని వెరిఫై చేయండి.,1. ఫీజు చెల్లించకండి; ఉద్యోగాన్ని వెరిఫై చేయండి. 2. అధికారిక ఛానల్ ద్వారా స్వతంత్రంగా వెరిఫై చేయండి. 3. ఆధారాలను సేవ్ చేసి అవసరమైతే రిపోర్ట్ చేయండి.,High,P1,Telugu synthetic/adapted example; not claimed as verbatim real-world data.
TE-S0032,మా ట్రేడింగ్ ప్లాట్‌ఫారమ్ రోజూ 499% లాభం గ్యారంటీ చేస్తుంది. వెంటనే ₹499 డిపాజిట్ చేయండి.,scam,investment_scam,te,Research-backed synthetic multilingual,synthetic_research_backed,"గ్యారంటీడ్ రిటర్న్స్, పెట్టుబడి ఒత్తిడి",డబ్బు పంపకండి; ప్లాట్‌ఫారమ్‌ను స్వతంత్రంగా వెరిఫై చేయండి.,1. డబ్బు పంపకండి; ప్లాట్‌ఫారమ్‌ను స్వతంత్రంగా వెరిఫై చేయండి. 2. అధికారిక ఛానల్ ద్వారా స్వతంత్రంగా వెరిఫై చేయండి. 3. ఆధారాలను సేవ్ చేసి అవసరమైతే రిపోర్ట్ చేయండి.,Critical,P1,Telugu synthetic/adapted example; not claimed as verbatim real-world data.
TE-S0033,మీ Instagram అకౌంట్ లాక్ అయింది. మూసివేయకుండా ఉండేందుకు http://secure-update.invalidలో లాగిన్ అవ్వండి.,scam,phishing,te,Research-backed synthetic multilingual,synthetic_research_backed,"ఫిషింగ్ లింక్, అకౌంట్ బెదిరింపు, క్రెడెన్షియల్ అభ్యర్థన",లింక్ ఓపెన్ చేయకండి; అధికారిక యాప్‌లో చెక్ చేయండి.,1. లింక్ ఓపెన్ చేయకండి; అధికారిక యాప్‌లో చెక్ చేయండి. 2. అధికారిక ఛానల్ ద్వారా స్వతంత్రంగా వెరిఫై చేయండి. 3. ఆధారాలను సేవ్ చేసి అవసరమైతే రిపోర్ట్ చేయండి.,High,P1,Telugu synthetic/adapted example; not claimed as verbatim real-world data.
TE-S0034,"నేను కొత్త నంబర్ ఉపయోగిస్తున్నాను. చాలా అత్యవసరం, నాకు ₹999 వెంటనే ట్రాన్స్‌ఫర్ చేయండి. నాకు కాల్ చేయకండి.",scam,impersonation,te,Research-backed synthetic multilingual,synthetic_research_backed,"వ్యక్తి ఇంపర్సనేషన్, డబ్బు డిమాండ్, వెరిఫికేషన్ నిరోధం",తెలిసిన నంబర్ ద్వారా వ్యక్తిని ధృవీకరించకుండా డబ్బు పంపకండి.,1. తెలిసిన నంబర్ ద్వారా వ్యక్తిని ధృవీకరించకుండా డబ్బు పంపకండి. 2. అధికారిక ఛానల్ ద్వారా స్వతంత్రంగా వెరిఫై చేయండి. 3. ఆధారాలను సేవ్ చేసి అవసరమైతే రిపోర్ట్ చేయండి.,High,P1,Telugu synthetic/adapted example; not claimed as verbatim real-world data.
TE-S0035,"నేను కొత్త నంబర్ ఉపయోగిస్తున్నాను. చాలా అత్యవసరం, నాకు ₹5,000 వెంటనే ట్రాన్స్‌ఫర్ చేయండి. నాకు కాల్ చేయకండి.",scam,impersonation,te,Research-backed synthetic multilingual,synthetic_research_backed,"వ్యక్తి ఇంపర్సనేషన్, డబ్బు డిమాండ్, వెరిఫికేషన్ నిరోధం",తెలిసిన నంబర్ ద్వారా వ్యక్తిని ధృవీకరించకుండా డబ్బు పంపకండి.,1. తెలిసిన నంబర్ ద్వారా వ్యక్తిని ధృవీకరించకుండా డబ్బు పంపకండి. 2. అధికారిక ఛానల్ ద్వారా స్వతంత్రంగా వెరిఫై చేయండి. 3. ఆధారాలను సేవ్ చేసి అవసరమైతే రిపోర్ట్ చేయండి.,High,P1,Telugu synthetic/adapted example; not claimed as verbatim real-world data.
TE-S0036,మీ WhatsApp అకౌంట్ లాక్ అయింది. మూసివేయకుండా ఉండేందుకు http://secure-update.invalidలో లాగిన్ అవ్వండి.,scam,phishing,te,Research-backed synthetic multilingual,synthetic_research_backed,"ఫిషింగ్ లింక్, అకౌంట్ బెదిరింపు, క్రెడెన్షియల్ అభ్యర్థన",లింక్ ఓపెన్ చేయకండి; అధికారిక యాప్‌లో చెక్ చేయండి.,1. లింక్ ఓపెన్ చేయకండి; అధికారిక యాప్‌లో చెక్ చేయండి. 2. అధికారిక ఛానల్ ద్వారా స్వతంత్రంగా వెరిఫై చేయండి. 3. ఆధారాలను సేవ్ చేసి అవసరమైతే రిపోర్ట్ చేయండి.,High,P1,Telugu synthetic/adapted example; not claimed as verbatim real-world data.
TE-S0037,"మీ ₹10,000 రీఫండ్ పెండింగ్‌లో ఉంది. రీఫండ్ కోసం కార్డ్ నంబర్ మరియు OTP పంపండి.",scam,fake_refund,te,Research-backed synthetic multilingual,synthetic_research_backed,"ఫేక్ రీఫండ్, కార్డ్ వివరాలు, OTP",కార్డ్ వివరాలు లేదా OTP షేర్ చేయకండి.,1. కార్డ్ వివరాలు లేదా OTP షేర్ చేయకండి. 2. అధికారిక ఛానల్ ద్వారా స్వతంత్రంగా వెరిఫై చేయండి. 3. ఆధారాలను సేవ్ చేసి అవసరమైతే రిపోర్ట్ చేయండి.,Critical,P1,Telugu synthetic/adapted example; not claimed as verbatim real-world data.
TE-S0038,మీ Microsoft అకౌంట్ లాక్ అయింది. మూసివేయకుండా ఉండేందుకు http://secure-update.invalidలో లాగిన్ అవ్వండి.,scam,phishing,te,Research-backed synthetic multilingual,synthetic_research_backed,"ఫిషింగ్ లింక్, అకౌంట్ బెదిరింపు, క్రెడెన్షియల్ అభ్యర్థన",లింక్ ఓపెన్ చేయకండి; అధికారిక యాప్‌లో చెక్ చేయండి.,1. లింక్ ఓపెన్ చేయకండి; అధికారిక యాప్‌లో చెక్ చేయండి. 2. అధికారిక ఛానల్ ద్వారా స్వతంత్రంగా వెరిఫై చేయండి. 3. ఆధారాలను సేవ్ చేసి అవసరమైతే రిపోర్ట్ చేయండి.,High,P1,Telugu synthetic/adapted example; not claimed as verbatim real-world data.
TE-S0039,"ఇప్పుడే ₹4,999 పంపండి. లేకపోతే మీ ప్రైవేట్ వీడియోను మీ కాంటాక్ట్స్‌కు పంపిస్తాం.",scam,sextortion,te,Research-backed synthetic multilingual,synthetic_research_backed,"బ్లాక్‌మెయిల్, బెదిరింపు, డబ్బు డిమాండ్",డబ్బు పంపకండి; ఆధారాలను భద్రపరచి రిపోర్ట్ చేయండి.,1. డబ్బు పంపకండి; ఆధారాలను భద్రపరచి రిపోర్ట్ చేయండి. 2. అధికారిక ఛానల్ ద్వారా స్వతంత్రంగా వెరిఫై చేయండి. 3. ఆధారాలను సేవ్ చేసి అవసరమైతే రిపోర్ట్ చేయండి.,Critical,P1,Telugu synthetic/adapted example; not claimed as verbatim real-world data.
TE-S0040,"మా ట్రేడింగ్ ప్లాట్‌ఫారమ్ రోజూ 5,000% లాభం గ్యారంటీ చేస్తుంది. వెంటనే ₹5,000 డిపాజిట్ చేయండి.",scam,investment_scam,te,Research-backed synthetic multilingual,synthetic_research_backed,"గ్యారంటీడ్ రిటర్న్స్, పెట్టుబడి ఒత్తిడి",డబ్బు పంపకండి; ప్లాట్‌ఫారమ్‌ను స్వతంత్రంగా వెరిఫై చేయండి.,1. డబ్బు పంపకండి; ప్లాట్‌ఫారమ్‌ను స్వతంత్రంగా వెరిఫై చేయండి. 2. అధికారిక ఛానల్ ద్వారా స్వతంత్రంగా వెరిఫై చేయండి. 3. ఆధారాలను సేవ్ చేసి అవసరమైతే రిపోర్ట్ చేయండి.,Critical,P1,Telugu synthetic/adapted example; not claimed as verbatim real-world data.
TE-S0041,మీ ₹199 ఇన్‌స్టంట్ లోన్ ఆమోదించబడింది. డబ్బు విడుదలకు ₹199 ప్రాసెసింగ్ ఫీజు చెల్లించండి.,scam,loan_scam,te,Research-backed synthetic multilingual,synthetic_research_backed,"ఫేక్ లోన్, ముందస్తు ఫీజు, ఆర్థిక ఒత్తిడి",ఫీజు చెల్లించకండి; లెండర్ వివరాలు వెరిఫై చేయండి.,1. ఫీజు చెల్లించకండి; లెండర్ వివరాలు వెరిఫై చేయండి. 2. అధికారిక ఛానల్ ద్వారా స్వతంత్రంగా వెరిఫై చేయండి. 3. ఆధారాలను సేవ్ చేసి అవసరమైతే రిపోర్ట్ చేయండి.,High,P1,Telugu synthetic/adapted example; not claimed as verbatim real-world data.
TE-S0042,"CAPTCHAలు పూర్తి చేసి రోజుకు ₹5,000 సంపాదించండి. అకౌంట్ యాక్టివేట్ చేయడానికి ₹4,999 ఫీజు చెల్లించండి.",scam,fake_captcha_job,te,Research-backed synthetic multilingual,synthetic_research_backed,"ఫేక్ CAPTCHA ఉద్యోగం, ముందస్తు ఫీజు",ఫీజు చెల్లించకండి; ఉద్యోగాన్ని వెరిఫై చేయండి.,1. ఫీజు చెల్లించకండి; ఉద్యోగాన్ని వెరిఫై చేయండి. 2. అధికారిక ఛానల్ ద్వారా స్వతంత్రంగా వెరిఫై చేయండి. 3. ఆధారాలను సేవ్ చేసి అవసరమైతే రిపోర్ట్ చేయండి.,High,P1,Telugu synthetic/adapted example; not claimed as verbatim real-world data.
TE-S0043,మీ పార్సెల్ ₹499 కస్టమ్స్/రీ-డెలివరీ ఫీజు కారణంగా ఆగిపోయింది. వెంటనే చెల్లించండి.,scam,delivery_scam,te,Research-backed synthetic multilingual,synthetic_research_backed,"డెలివరీ ఇంపర్సనేషన్, చిన్న ఫీజు, అత్యవసరం",అధికారిక ట్రాకింగ్ ద్వారా మాత్రమే చెక్ చేయండి.,1. అధికారిక ట్రాకింగ్ ద్వారా మాత్రమే చెక్ చేయండి. 2. అధికారిక ఛానల్ ద్వారా స్వతంత్రంగా వెరిఫై చేయండి. 3. ఆధారాలను సేవ్ చేసి అవసరమైతే రిపోర్ట్ చేయండి.,High,P1,Telugu synthetic/adapted example; not claimed as verbatim real-world data.
TE-S0044,"విపత్తు సహాయం కోసం ₹5,000 వెంటనే ఈ వ్యక్తిగత UPI IDకి పంపండి.",scam,charity_scam,te,Research-backed synthetic multilingual,synthetic_research_backed,"భావోద్వేగ అప్పీల్, వ్యక్తిగత UPI, అత్యవసరం",సంస్థను మరియు చెల్లింపు ఛానల్‌ను వెరిఫై చేయండి.,1. సంస్థను మరియు చెల్లింపు ఛానల్‌ను వెరిఫై చేయండి. 2. అధికారిక ఛానల్ ద్వారా స్వతంత్రంగా వెరిఫై చేయండి. 3. ఆధారాలను సేవ్ చేసి అవసరమైతే రిపోర్ట్ చేయండి.,Medium,P2,Telugu synthetic/adapted example; not claimed as verbatim real-world data.
TE-S0045,మీ ₹499 రీఫండ్ పెండింగ్‌లో ఉంది. రీఫండ్ కోసం కార్డ్ నంబర్ మరియు OTP పంపండి.,scam,fake_refund,te,Research-backed synthetic multilingual,synthetic_research_backed,"ఫేక్ రీఫండ్, కార్డ్ వివరాలు, OTP",కార్డ్ వివరాలు లేదా OTP షేర్ చేయకండి.,1. కార్డ్ వివరాలు లేదా OTP షేర్ చేయకండి. 2. అధికారిక ఛానల్ ద్వారా స్వతంత్రంగా వెరిఫై చేయండి. 3. ఆధారాలను సేవ్ చేసి అవసరమైతే రిపోర్ట్ చేయండి.,Critical,P1,Telugu synthetic/adapted example; not claimed as verbatim real-world data.
TE-S0046,ఇంటినుంచి పని చేసి రోజుకు ₹999 సంపాదించండి. ఉద్యోగం ప్రారంభించడానికి ₹999 రిజిస్ట్రేషన్ ఫీజు చెల్లించండి.,scam,job_scam,te,Research-backed synthetic multilingual,synthetic_research_backed,"ఫేక్ ఉద్యోగం, ముందస్తు ఫీజు, అవాస్తవ ఆదాయం",ఫీజు చెల్లించకండి; ఉద్యోగదాతను స్వతంత్రంగా వెరిఫై చేయండి.,1. ఫీజు చెల్లించకండి; ఉద్యోగదాతను స్వతంత్రంగా వెరిఫై చేయండి. 2. అధికారిక ఛానల్ ద్వారా స్వతంత్రంగా వెరిఫై చేయండి. 3. ఆధారాలను సేవ్ చేసి అవసరమైతే రిపోర్ట్ చేయండి.,High,P1,Telugu synthetic/adapted example; not claimed as verbatim real-world data.
TE-S0047,మీ ₹199 ఇన్‌స్టంట్ లోన్ ఆమోదించబడింది. డబ్బు విడుదలకు ₹999 ప్రాసెసింగ్ ఫీజు చెల్లించండి.,scam,loan_scam,te,Research-backed synthetic multilingual,synthetic_research_backed,"ఫేక్ లోన్, ముందస్తు ఫీజు, ఆర్థిక ఒత్తిడి",ఫీజు చెల్లించకండి; లెండర్ వివరాలు వెరిఫై చేయండి.,1. ఫీజు చెల్లించకండి; లెండర్ వివరాలు వెరిఫై చేయండి. 2. అధికారిక ఛానల్ ద్వారా స్వతంత్రంగా వెరిఫై చేయండి. 3. ఆధారాలను సేవ్ చేసి అవసరమైతే రిపోర్ట్ చేయండి.,High,P1,Telugu synthetic/adapted example; not claimed as verbatim real-world data.
TE-S0048,₹199 రీఫండ్ పొందడానికి ఈ QR కోడ్ స్కాన్ చేసి UPI PIN నమోదు చేయండి.,scam,upi_qr,te,Research-backed synthetic multilingual,synthetic_research_backed,"QR మోసం, UPI PIN అభ్యర్థన, రీఫండ్ నెపం",QR స్కాన్ చేయకండి; UPI PIN ఇవ్వకండి.,1. QR స్కాన్ చేయకండి; UPI PIN ఇవ్వకండి. 2. అధికారిక ఛానల్ ద్వారా స్వతంత్రంగా వెరిఫై చేయండి. 3. ఆధారాలను సేవ్ చేసి అవసరమైతే రిపోర్ట్ చేయండి.,Critical,P1,Telugu synthetic/adapted example; not claimed as verbatim real-world data.
TE-S0049,"CAPTCHAలు పూర్తి చేసి రోజుకు ₹999 సంపాదించండి. అకౌంట్ యాక్టివేట్ చేయడానికి ₹4,999 ఫీజు చెల్లించండి.",scam,fake_captcha_job,te,Research-backed synthetic multilingual,synthetic_research_backed,"ఫేక్ CAPTCHA ఉద్యోగం, ముందస్తు ఫీజు",ఫీజు చెల్లించకండి; ఉద్యోగాన్ని వెరిఫై చేయండి.,1. ఫీజు చెల్లించకండి; ఉద్యోగాన్ని వెరిఫై చేయండి. 2. అధికారిక ఛానల్ ద్వారా స్వతంత్రంగా వెరిఫై చేయండి. 3. ఆధారాలను సేవ్ చేసి అవసరమైతే రిపోర్ట్ చేయండి.,High,P1,Telugu synthetic/adapted example; not claimed as verbatim real-world data.
TE-S0050,"మీ ఇన్‌స్టంట్ లోన్ ఆమోదించబడింది. ఈ APK డౌన్‌లోడ్ చేసి ₹4,999 చెల్లించండి.",scam,fake_loan_app,te,Research-backed synthetic multilingual,synthetic_research_backed,"ఫేక్ లోన్ యాప్, APK, ముందస్తు ఫీజు",తెలియని APK ఇన్‌స్టాల్ చేయకండి.,1. తెలియని APK ఇన్‌స్టాల్ చేయకండి. 2. అధికారిక ఛానల్ ద్వారా స్వతంత్రంగా వెరిఫై చేయండి. 3. ఆధారాలను సేవ్ చేసి అవసరమైతే రిపోర్ట్ చేయండి.,Critical,P1,Telugu synthetic/adapted example; not claimed as verbatim real-world data.
TE-S0051,"నేను కొత్త నంబర్ ఉపయోగిస్తున్నాను. చాలా అత్యవసరం, నాకు ₹2,499 వెంటనే ట్రాన్స్‌ఫర్ చేయండి. నాకు కాల్ చేయకండి.",scam,impersonation,te,Research-backed synthetic multilingual,synthetic_research_backed,"వ్యక్తి ఇంపర్సనేషన్, డబ్బు డిమాండ్, వెరిఫికేషన్ నిరోధం",తెలిసిన నంబర్ ద్వారా వ్యక్తిని ధృవీకరించకుండా డబ్బు పంపకండి.,1. తెలిసిన నంబర్ ద్వారా వ్యక్తిని ధృవీకరించకుండా డబ్బు పంపకండి. 2. అధికారిక ఛానల్ ద్వారా స్వతంత్రంగా వెరిఫై చేయండి. 3. ఆధారాలను సేవ్ చేసి అవసరమైతే రిపోర్ట్ చేయండి.,High,P1,Telugu synthetic/adapted example; not claimed as verbatim real-world data.
TE-S0052,"CAPTCHAలు పూర్తి చేసి రోజుకు ₹199 సంపాదించండి. అకౌంట్ యాక్టివేట్ చేయడానికి ₹4,999 ఫీజు చెల్లించండి.",scam,fake_captcha_job,te,Research-backed synthetic multilingual,synthetic_research_backed,"ఫేక్ CAPTCHA ఉద్యోగం, ముందస్తు ఫీజు",ఫీజు చెల్లించకండి; ఉద్యోగాన్ని వెరిఫై చేయండి.,1. ఫీజు చెల్లించకండి; ఉద్యోగాన్ని వెరిఫై చేయండి. 2. అధికారిక ఛానల్ ద్వారా స్వతంత్రంగా వెరిఫై చేయండి. 3. ఆధారాలను సేవ్ చేసి అవసరమైతే రిపోర్ట్ చేయండి.,High,P1,Telugu synthetic/adapted example; not claimed as verbatim real-world data.
TE-S0053,ఇప్పుడే ₹499 పంపండి. లేకపోతే మీ ప్రైవేట్ వీడియోను మీ కాంటాక్ట్స్‌కు పంపిస్తాం.,scam,sextortion,te,Research-backed synthetic multilingual,synthetic_research_backed,"బ్లాక్‌మెయిల్, బెదిరింపు, డబ్బు డిమాండ్",డబ్బు పంపకండి; ఆధారాలను భద్రపరచి రిపోర్ట్ చేయండి.,1. డబ్బు పంపకండి; ఆధారాలను భద్రపరచి రిపోర్ట్ చేయండి. 2. అధికారిక ఛానల్ ద్వారా స్వతంత్రంగా వెరిఫై చేయండి. 3. ఆధారాలను సేవ్ చేసి అవసరమైతే రిపోర్ట్ చేయండి.,Critical,P1,Telugu synthetic/adapted example; not claimed as verbatim real-world data.
TE-S0054,ఇంటినుంచి పని చేసి రోజుకు ₹499 సంపాదించండి. ఉద్యోగం ప్రారంభించడానికి ₹499 రిజిస్ట్రేషన్ ఫీజు చెల్లించండి.,scam,job_scam,te,Research-backed synthetic multilingual,synthetic_research_backed,"ఫేక్ ఉద్యోగం, ముందస్తు ఫీజు, అవాస్తవ ఆదాయం",ఫీజు చెల్లించకండి; ఉద్యోగదాతను స్వతంత్రంగా వెరిఫై చేయండి.,1. ఫీజు చెల్లించకండి; ఉద్యోగదాతను స్వతంత్రంగా వెరిఫై చేయండి. 2. అధికారిక ఛానల్ ద్వారా స్వతంత్రంగా వెరిఫై చేయండి. 3. ఆధారాలను సేవ్ చేసి అవసరమైతే రిపోర్ట్ చేయండి.,High,P1,Telugu synthetic/adapted example; not claimed as verbatim real-world data.
TE-S0055,మీ ఇన్‌స్టంట్ లోన్ ఆమోదించబడింది. ఈ APK డౌన్‌లోడ్ చేసి ₹199 చెల్లించండి.,scam,fake_loan_app,te,Research-backed synthetic multilingual,synthetic_research_backed,"ఫేక్ లోన్ యాప్, APK, ముందస్తు ఫీజు",తెలియని APK ఇన్‌స్టాల్ చేయకండి.,1. తెలియని APK ఇన్‌స్టాల్ చేయకండి. 2. అధికారిక ఛానల్ ద్వారా స్వతంత్రంగా వెరిఫై చేయండి. 3. ఆధారాలను సేవ్ చేసి అవసరమైతే రిపోర్ట్ చేయండి.,Critical,P1,Telugu synthetic/adapted example; not claimed as verbatim real-world data.
TE-S0056,"ఇప్పుడే ₹1,999 పంపండి. లేకపోతే మీ ప్రైవేట్ వీడియోను మీ కాంటాక్ట్స్‌కు పంపిస్తాం.",scam,sextortion,te,Research-backed synthetic multilingual,synthetic_research_backed,"బ్లాక్‌మెయిల్, బెదిరింపు, డబ్బు డిమాండ్",డబ్బు పంపకండి; ఆధారాలను భద్రపరచి రిపోర్ట్ చేయండి.,1. డబ్బు పంపకండి; ఆధారాలను భద్రపరచి రిపోర్ట్ చేయండి. 2. అధికారిక ఛానల్ ద్వారా స్వతంత్రంగా వెరిఫై చేయండి. 3. ఆధారాలను సేవ్ చేసి అవసరమైతే రిపోర్ట్ చేయండి.,Critical,P1,Telugu synthetic/adapted example; not claimed as verbatim real-world data.
TE-S0057,మీ ₹999 రీఫండ్ పెండింగ్‌లో ఉంది. రీఫండ్ కోసం కార్డ్ నంబర్ మరియు OTP పంపండి.,scam,fake_refund,te,Research-backed synthetic multilingual,synthetic_research_backed,"ఫేక్ రీఫండ్, కార్డ్ వివరాలు, OTP",కార్డ్ వివరాలు లేదా OTP షేర్ చేయకండి.,1. కార్డ్ వివరాలు లేదా OTP షేర్ చేయకండి. 2. అధికారిక ఛానల్ ద్వారా స్వతంత్రంగా వెరిఫై చేయండి. 3. ఆధారాలను సేవ్ చేసి అవసరమైతే రిపోర్ట్ చేయండి.,Critical,P1,Telugu synthetic/adapted example; not claimed as verbatim real-world data.
TE-S0058,మీ ICICI Bank బ్యాంక్ ఖాతా KYC/PAN అప్డేట్ కాలేదు. ఈరోజే ఖాతా బ్లాక్ అవుతుంది. వెంటనే http://secure-update.invalid ఓపెన్ చేసి అప్డేట్ చేయండి.,scam,bank_kyc,te,Research-backed synthetic multilingual,synthetic_research_backed,"బ్యాంక్ ఇంపర్సనేషన్, అత్యవసరం, అనుమానాస్పద లింక్",లింక్ క్లిక్ చేయకండి; అధికారిక బ్యాంక్ యాప్ ద్వారా చెక్ చేయండి.,1. లింక్ క్లిక్ చేయకండి; అధికారిక బ్యాంక్ యాప్ ద్వారా చెక్ చేయండి. 2. అధికారిక ఛానల్ ద్వారా స్వతంత్రంగా వెరిఫై చేయండి. 3. ఆధారాలను సేవ్ చేసి అవసరమైతే రిపోర్ట్ చేయండి.,High,P1,Telugu synthetic/adapted example; not claimed as verbatim real-world data.
TE-S0059,విపత్తు సహాయం కోసం ₹199 వెంటనే ఈ వ్యక్తిగత UPI IDకి పంపండి.,scam,charity_scam,te,Research-backed synthetic multilingual,synthetic_research_backed,"భావోద్వేగ అప్పీల్, వ్యక్తిగత UPI, అత్యవసరం",సంస్థను మరియు చెల్లింపు ఛానల్‌ను వెరిఫై చేయండి.,1. సంస్థను మరియు చెల్లింపు ఛానల్‌ను వెరిఫై చేయండి. 2. అధికారిక ఛానల్ ద్వారా స్వతంత్రంగా వెరిఫై చేయండి. 3. ఆధారాలను సేవ్ చేసి అవసరమైతే రిపోర్ట్ చేయండి.,Medium,P2,Telugu synthetic/adapted example; not claimed as verbatim real-world data.
TE-S0060,"మా ట్రేడింగ్ ప్లాట్‌ఫారమ్ రోజూ 2,499% లాభం గ్యారంటీ చేస్తుంది. వెంటనే ₹2,499 డిపాజిట్ చేయండి.",scam,investment_scam,te,Research-backed synthetic multilingual,synthetic_research_backed,"గ్యారంటీడ్ రిటర్న్స్, పెట్టుబడి ఒత్తిడి",డబ్బు పంపకండి; ప్లాట్‌ఫారమ్‌ను స్వతంత్రంగా వెరిఫై చేయండి.,1. డబ్బు పంపకండి; ప్లాట్‌ఫారమ్‌ను స్వతంత్రంగా వెరిఫై చేయండి. 2. అధికారిక ఛానల్ ద్వారా స్వతంత్రంగా వెరిఫై చేయండి. 3. ఆధారాలను సేవ్ చేసి అవసరమైతే రిపోర్ట్ చేయండి.,Critical,P1,Telugu synthetic/adapted example; not claimed as verbatim real-world data.
TE-S0061,మీ ఇన్‌స్టంట్ లోన్ ఆమోదించబడింది. ఈ APK డౌన్‌లోడ్ చేసి ₹999 చెల్లించండి.,scam,fake_loan_app,te,Research-backed synthetic multilingual,synthetic_research_backed,"ఫేక్ లోన్ యాప్, APK, ముందస్తు ఫీజు",తెలియని APK ఇన్‌స్టాల్ చేయకండి.,1. తెలియని APK ఇన్‌స్టాల్ చేయకండి. 2. అధికారిక ఛానల్ ద్వారా స్వతంత్రంగా వెరిఫై చేయండి. 3. ఆధారాలను సేవ్ చేసి అవసరమైతే రిపోర్ట్ చేయండి.,Critical,P1,Telugu synthetic/adapted example; not claimed as verbatim real-world data.
TE-S0062,"విపత్తు సహాయం కోసం ₹2,499 వెంటనే ఈ వ్యక్తిగత UPI IDకి పంపండి.",scam,charity_scam,te,Research-backed synthetic multilingual,synthetic_research_backed,"భావోద్వేగ అప్పీల్, వ్యక్తిగత UPI, అత్యవసరం",సంస్థను మరియు చెల్లింపు ఛానల్‌ను వెరిఫై చేయండి.,1. సంస్థను మరియు చెల్లింపు ఛానల్‌ను వెరిఫై చేయండి. 2. అధికారిక ఛానల్ ద్వారా స్వతంత్రంగా వెరిఫై చేయండి. 3. ఆధారాలను సేవ్ చేసి అవసరమైతే రిపోర్ట్ చేయండి.,Medium,P2,Telugu synthetic/adapted example; not claimed as verbatim real-world data.
TE-S0063,మీ ₹199 రీఫండ్ పెండింగ్‌లో ఉంది. రీఫండ్ కోసం కార్డ్ నంబర్ మరియు OTP పంపండి.,scam,fake_refund,te,Research-backed synthetic multilingual,synthetic_research_backed,"ఫేక్ రీఫండ్, కార్డ్ వివరాలు, OTP",కార్డ్ వివరాలు లేదా OTP షేర్ చేయకండి.,1. కార్డ్ వివరాలు లేదా OTP షేర్ చేయకండి. 2. అధికారిక ఛానల్ ద్వారా స్వతంత్రంగా వెరిఫై చేయండి. 3. ఆధారాలను సేవ్ చేసి అవసరమైతే రిపోర్ట్ చేయండి.,Critical,P1,Telugu synthetic/adapted example; not claimed as verbatim real-world data.
TE-S0064,మీ Instagram అకౌంట్ లాక్ అయింది. మూసివేయకుండా ఉండేందుకు http://verify-account.invalidలో లాగిన్ అవ్వండి.,scam,phishing,te,Research-backed synthetic multilingual,synthetic_research_backed,"ఫిషింగ్ లింక్, అకౌంట్ బెదిరింపు, క్రెడెన్షియల్ అభ్యర్థన",లింక్ ఓపెన్ చేయకండి; అధికారిక యాప్‌లో చెక్ చేయండి.,1. లింక్ ఓపెన్ చేయకండి; అధికారిక యాప్‌లో చెక్ చేయండి. 2. అధికారిక ఛానల్ ద్వారా స్వతంత్రంగా వెరిఫై చేయండి. 3. ఆధారాలను సేవ్ చేసి అవసరమైతే రిపోర్ట్ చేయండి.,High,P1,Telugu synthetic/adapted example; not claimed as verbatim real-world data.
TE-S0065,ఇంటినుంచి పని చేసి రోజుకు ₹999 సంపాదించండి. ఉద్యోగం ప్రారంభించడానికి ₹499 రిజిస్ట్రేషన్ ఫీజు చెల్లించండి.,scam,job_scam,te,Research-backed synthetic multilingual,synthetic_research_backed,"ఫేక్ ఉద్యోగం, ముందస్తు ఫీజు, అవాస్తవ ఆదాయం",ఫీజు చెల్లించకండి; ఉద్యోగదాతను స్వతంత్రంగా వెరిఫై చేయండి.,1. ఫీజు చెల్లించకండి; ఉద్యోగదాతను స్వతంత్రంగా వెరిఫై చేయండి. 2. అధికారిక ఛానల్ ద్వారా స్వతంత్రంగా వెరిఫై చేయండి. 3. ఆధారాలను సేవ్ చేసి అవసరమైతే రిపోర్ట్ చేయండి.,High,P1,Telugu synthetic/adapted example; not claimed as verbatim real-world data.
TE-S0066,₹999 రీఫండ్ పొందడానికి ఈ QR కోడ్ స్కాన్ చేసి UPI PIN నమోదు చేయండి.,scam,upi_qr,te,Research-backed synthetic multilingual,synthetic_research_backed,"QR మోసం, UPI PIN అభ్యర్థన, రీఫండ్ నెపం",QR స్కాన్ చేయకండి; UPI PIN ఇవ్వకండి.,1. QR స్కాన్ చేయకండి; UPI PIN ఇవ్వకండి. 2. అధికారిక ఛానల్ ద్వారా స్వతంత్రంగా వెరిఫై చేయండి. 3. ఆధారాలను సేవ్ చేసి అవసరమైతే రిపోర్ట్ చేయండి.,Critical,P1,Telugu synthetic/adapted example; not claimed as verbatim real-world data.
TE-S0067,మా ట్రేడింగ్ ప్లాట్‌ఫారమ్ రోజూ 999% లాభం గ్యారంటీ చేస్తుంది. వెంటనే ₹999 డిపాజిట్ చేయండి.,scam,investment_scam,te,Research-backed synthetic multilingual,synthetic_research_backed,"గ్యారంటీడ్ రిటర్న్స్, పెట్టుబడి ఒత్తిడి",డబ్బు పంపకండి; ప్లాట్‌ఫారమ్‌ను స్వతంత్రంగా వెరిఫై చేయండి.,1. డబ్బు పంపకండి; ప్లాట్‌ఫారమ్‌ను స్వతంత్రంగా వెరిఫై చేయండి. 2. అధికారిక ఛానల్ ద్వారా స్వతంత్రంగా వెరిఫై చేయండి. 3. ఆధారాలను సేవ్ చేసి అవసరమైతే రిపోర్ట్ చేయండి.,Critical,P1,Telugu synthetic/adapted example; not claimed as verbatim real-world data.
TE-S0068,మీ Flipkart అకౌంట్ లాక్ అయింది. మూసివేయకుండా ఉండేందుకు http://secure-update.invalidలో లాగిన్ అవ్వండి.,scam,phishing,te,Research-backed synthetic multilingual,synthetic_research_backed,"ఫిషింగ్ లింక్, అకౌంట్ బెదిరింపు, క్రెడెన్షియల్ అభ్యర్థన",లింక్ ఓపెన్ చేయకండి; అధికారిక యాప్‌లో చెక్ చేయండి.,1. లింక్ ఓపెన్ చేయకండి; అధికారిక యాప్‌లో చెక్ చేయండి. 2. అధికారిక ఛానల్ ద్వారా స్వతంత్రంగా వెరిఫై చేయండి. 3. ఆధారాలను సేవ్ చేసి అవసరమైతే రిపోర్ట్ చేయండి.,High,P1,Telugu synthetic/adapted example; not claimed as verbatim real-world data.
TE-S0069,"CAPTCHAలు పూర్తి చేసి రోజుకు ₹5,000 సంపాదించండి. అకౌంట్ యాక్టివేట్ చేయడానికి ₹199 ఫీజు చెల్లించండి.",scam,fake_captcha_job,te,Research-backed synthetic multilingual,synthetic_research_backed,"ఫేక్ CAPTCHA ఉద్యోగం, ముందస్తు ఫీజు",ఫీజు చెల్లించకండి; ఉద్యోగాన్ని వెరిఫై చేయండి.,1. ఫీజు చెల్లించకండి; ఉద్యోగాన్ని వెరిఫై చేయండి. 2. అధికారిక ఛానల్ ద్వారా స్వతంత్రంగా వెరిఫై చేయండి. 3. ఆధారాలను సేవ్ చేసి అవసరమైతే రిపోర్ట్ చేయండి.,High,P1,Telugu synthetic/adapted example; not claimed as verbatim real-world data.
TE-S0070,"CAPTCHAలు పూర్తి చేసి రోజుకు ₹10,000 సంపాదించండి. అకౌంట్ యాక్టివేట్ చేయడానికి ₹499 ఫీజు చెల్లించండి.",scam,fake_captcha_job,te,Research-backed synthetic multilingual,synthetic_research_backed,"ఫేక్ CAPTCHA ఉద్యోగం, ముందస్తు ఫీజు",ఫీజు చెల్లించకండి; ఉద్యోగాన్ని వెరిఫై చేయండి.,1. ఫీజు చెల్లించకండి; ఉద్యోగాన్ని వెరిఫై చేయండి. 2. అధికారిక ఛానల్ ద్వారా స్వతంత్రంగా వెరిఫై చేయండి. 3. ఆధారాలను సేవ్ చేసి అవసరమైతే రిపోర్ట్ చేయండి.,High,P1,Telugu synthetic/adapted example; not claimed as verbatim real-world data.
TE-S0071,మీ Paytm అకౌంట్ లాక్ అయింది. మూసివేయకుండా ఉండేందుకు http://verify-account.invalidలో లాగిన్ అవ్వండి.,scam,phishing,te,Research-backed synthetic multilingual,synthetic_research_backed,"ఫిషింగ్ లింక్, అకౌంట్ బెదిరింపు, క్రెడెన్షియల్ అభ్యర్థన",లింక్ ఓపెన్ చేయకండి; అధికారిక యాప్‌లో చెక్ చేయండి.,1. లింక్ ఓపెన్ చేయకండి; అధికారిక యాప్‌లో చెక్ చేయండి. 2. అధికారిక ఛానల్ ద్వారా స్వతంత్రంగా వెరిఫై చేయండి. 3. ఆధారాలను సేవ్ చేసి అవసరమైతే రిపోర్ట్ చేయండి.,High,P1,Telugu synthetic/adapted example; not claimed as verbatim real-world data.
TE-S0072,"ఇంటినుంచి పని చేసి రోజుకు ₹2,499 సంపాదించండి. ఉద్యోగం ప్రారంభించడానికి ₹4,999 రిజిస్ట్రేషన్ ఫీజు చెల్లించండి.",scam,job_scam,te,Research-backed synthetic multilingual,synthetic_research_backed,"ఫేక్ ఉద్యోగం, ముందస్తు ఫీజు, అవాస్తవ ఆదాయం",ఫీజు చెల్లించకండి; ఉద్యోగదాతను స్వతంత్రంగా వెరిఫై చేయండి.,1. ఫీజు చెల్లించకండి; ఉద్యోగదాతను స్వతంత్రంగా వెరిఫై చేయండి. 2. అధికారిక ఛానల్ ద్వారా స్వతంత్రంగా వెరిఫై చేయండి. 3. ఆధారాలను సేవ్ చేసి అవసరమైతే రిపోర్ట్ చేయండి.,High,P1,Telugu synthetic/adapted example; not claimed as verbatim real-world data.
TE-S0073,మీ SBI బ్యాంక్ ఖాతా KYC/PAN అప్డేట్ కాలేదు. ఈరోజే ఖాతా బ్లాక్ అవుతుంది. వెంటనే http://verify-account.invalid ఓపెన్ చేసి అప్డేట్ చేయండి.,scam,bank_kyc,te,Research-backed synthetic multilingual,synthetic_research_backed,"బ్యాంక్ ఇంపర్సనేషన్, అత్యవసరం, అనుమానాస్పద లింక్",లింక్ క్లిక్ చేయకండి; అధికారిక బ్యాంక్ యాప్ ద్వారా చెక్ చేయండి.,1. లింక్ క్లిక్ చేయకండి; అధికారిక బ్యాంక్ యాప్ ద్వారా చెక్ చేయండి. 2. అధికారిక ఛానల్ ద్వారా స్వతంత్రంగా వెరిఫై చేయండి. 3. ఆధారాలను సేవ్ చేసి అవసరమైతే రిపోర్ట్ చేయండి.,High,P1,Telugu synthetic/adapted example; not claimed as verbatim real-world data.
TE-S0074,ఇంటినుంచి పని చేసి రోజుకు ₹499 సంపాదించండి. ఉద్యోగం ప్రారంభించడానికి ₹999 రిజిస్ట్రేషన్ ఫీజు చెల్లించండి.,scam,job_scam,te,Research-backed synthetic multilingual,synthetic_research_backed,"ఫేక్ ఉద్యోగం, ముందస్తు ఫీజు, అవాస్తవ ఆదాయం",ఫీజు చెల్లించకండి; ఉద్యోగదాతను స్వతంత్రంగా వెరిఫై చేయండి.,1. ఫీజు చెల్లించకండి; ఉద్యోగదాతను స్వతంత్రంగా వెరిఫై చేయండి. 2. అధికారిక ఛానల్ ద్వారా స్వతంత్రంగా వెరిఫై చేయండి. 3. ఆధారాలను సేవ్ చేసి అవసరమైతే రిపోర్ట్ చేయండి.,High,P1,Telugu synthetic/adapted example; not claimed as verbatim real-world data.
TE-S0075,"ఇంటినుంచి పని చేసి రోజుకు ₹10,000 సంపాదించండి. ఉద్యోగం ప్రారంభించడానికి ₹499 రిజిస్ట్రేషన్ ఫీజు చెల్లించండి.",scam,job_scam,te,Research-backed synthetic multilingual,synthetic_research_backed,"ఫేక్ ఉద్యోగం, ముందస్తు ఫీజు, అవాస్తవ ఆదాయం",ఫీజు చెల్లించకండి; ఉద్యోగదాతను స్వతంత్రంగా వెరిఫై చేయండి.,1. ఫీజు చెల్లించకండి; ఉద్యోగదాతను స్వతంత్రంగా వెరిఫై చేయండి. 2. అధికారిక ఛానల్ ద్వారా స్వతంత్రంగా వెరిఫై చేయండి. 3. ఆధారాలను సేవ్ చేసి అవసరమైతే రిపోర్ట్ చేయండి.,High,P1,Telugu synthetic/adapted example; not claimed as verbatim real-world data.
TE-S0076,"మీ ₹199 ఇన్‌స్టంట్ లోన్ ఆమోదించబడింది. డబ్బు విడుదలకు ₹1,999 ప్రాసెసింగ్ ఫీజు చెల్లించండి.",scam,loan_scam,te,Research-backed synthetic multilingual,synthetic_research_backed,"ఫేక్ లోన్, ముందస్తు ఫీజు, ఆర్థిక ఒత్తిడి",ఫీజు చెల్లించకండి; లెండర్ వివరాలు వెరిఫై చేయండి.,1. ఫీజు చెల్లించకండి; లెండర్ వివరాలు వెరిఫై చేయండి. 2. అధికారిక ఛానల్ ద్వారా స్వతంత్రంగా వెరిఫై చేయండి. 3. ఆధారాలను సేవ్ చేసి అవసరమైతే రిపోర్ట్ చేయండి.,High,P1,Telugu synthetic/adapted example; not claimed as verbatim real-world data.
TE-S0077,ఇప్పుడే ₹199 పంపండి. లేకపోతే మీ ప్రైవేట్ వీడియోను మీ కాంటాక్ట్స్‌కు పంపిస్తాం.,scam,sextortion,te,Research-backed synthetic multilingual,synthetic_research_backed,"బ్లాక్‌మెయిల్, బెదిరింపు, డబ్బు డిమాండ్",డబ్బు పంపకండి; ఆధారాలను భద్రపరచి రిపోర్ట్ చేయండి.,1. డబ్బు పంపకండి; ఆధారాలను భద్రపరచి రిపోర్ట్ చేయండి. 2. అధికారిక ఛానల్ ద్వారా స్వతంత్రంగా వెరిఫై చేయండి. 3. ఆధారాలను సేవ్ చేసి అవసరమైతే రిపోర్ట్ చేయండి.,Critical,P1,Telugu synthetic/adapted example; not claimed as verbatim real-world data.
TE-S0078,"ఇంటినుంచి పని చేసి రోజుకు ₹999 సంపాదించండి. ఉద్యోగం ప్రారంభించడానికి ₹4,999 రిజిస్ట్రేషన్ ఫీజు చెల్లించండి.",scam,job_scam,te,Research-backed synthetic multilingual,synthetic_research_backed,"ఫేక్ ఉద్యోగం, ముందస్తు ఫీజు, అవాస్తవ ఆదాయం",ఫీజు చెల్లించకండి; ఉద్యోగదాతను స్వతంత్రంగా వెరిఫై చేయండి.,1. ఫీజు చెల్లించకండి; ఉద్యోగదాతను స్వతంత్రంగా వెరిఫై చేయండి. 2. అధికారిక ఛానల్ ద్వారా స్వతంత్రంగా వెరిఫై చేయండి. 3. ఆధారాలను సేవ్ చేసి అవసరమైతే రిపోర్ట్ చేయండి.,High,P1,Telugu synthetic/adapted example; not claimed as verbatim real-world data.
TE-S0079,"ఇంటినుంచి పని చేసి రోజుకు ₹10,000 సంపాదించండి. ఉద్యోగం ప్రారంభించడానికి ₹999 రిజిస్ట్రేషన్ ఫీజు చెల్లించండి.",scam,job_scam,te,Research-backed synthetic multilingual,synthetic_research_backed,"ఫేక్ ఉద్యోగం, ముందస్తు ఫీజు, అవాస్తవ ఆదాయం",ఫీజు చెల్లించకండి; ఉద్యోగదాతను స్వతంత్రంగా వెరిఫై చేయండి.,1. ఫీజు చెల్లించకండి; ఉద్యోగదాతను స్వతంత్రంగా వెరిఫై చేయండి. 2. అధికారిక ఛానల్ ద్వారా స్వతంత్రంగా వెరిఫై చేయండి. 3. ఆధారాలను సేవ్ చేసి అవసరమైతే రిపోర్ట్ చేయండి.,High,P1,Telugu synthetic/adapted example; not claimed as verbatim real-world data.
TE-S0080,CAPTCHAలు పూర్తి చేసి రోజుకు ₹199 సంపాదించండి. అకౌంట్ యాక్టివేట్ చేయడానికి ₹199 ఫీజు చెల్లించండి.,scam,fake_captcha_job,te,Research-backed synthetic multilingual,synthetic_research_backed,"ఫేక్ CAPTCHA ఉద్యోగం, ముందస్తు ఫీజు",ఫీజు చెల్లించకండి; ఉద్యోగాన్ని వెరిఫై చేయండి.,1. ఫీజు చెల్లించకండి; ఉద్యోగాన్ని వెరిఫై చేయండి. 2. అధికారిక ఛానల్ ద్వారా స్వతంత్రంగా వెరిఫై చేయండి. 3. ఆధారాలను సేవ్ చేసి అవసరమైతే రిపోర్ట్ చేయండి.,High,P1,Telugu synthetic/adapted example; not claimed as verbatim real-world data.
TE-S0081,"మీ ₹5,000 ఇన్‌స్టంట్ లోన్ ఆమోదించబడింది. డబ్బు విడుదలకు ₹1,999 ప్రాసెసింగ్ ఫీజు చెల్లించండి.",scam,loan_scam,te,Research-backed synthetic multilingual,synthetic_research_backed,"ఫేక్ లోన్, ముందస్తు ఫీజు, ఆర్థిక ఒత్తిడి",ఫీజు చెల్లించకండి; లెండర్ వివరాలు వెరిఫై చేయండి.,1. ఫీజు చెల్లించకండి; లెండర్ వివరాలు వెరిఫై చేయండి. 2. అధికారిక ఛానల్ ద్వారా స్వతంత్రంగా వెరిఫై చేయండి. 3. ఆధారాలను సేవ్ చేసి అవసరమైతే రిపోర్ట్ చేయండి.,High,P1,Telugu synthetic/adapted example; not claimed as verbatim real-world data.
TE-S0082,CAPTCHAలు పూర్తి చేసి రోజుకు ₹999 సంపాదించండి. అకౌంట్ యాక్టివేట్ చేయడానికి ₹999 ఫీజు చెల్లించండి.,scam,fake_captcha_job,te,Research-backed synthetic multilingual,synthetic_research_backed,"ఫేక్ CAPTCHA ఉద్యోగం, ముందస్తు ఫీజు",ఫీజు చెల్లించకండి; ఉద్యోగాన్ని వెరిఫై చేయండి.,1. ఫీజు చెల్లించకండి; ఉద్యోగాన్ని వెరిఫై చేయండి. 2. అధికారిక ఛానల్ ద్వారా స్వతంత్రంగా వెరిఫై చేయండి. 3. ఆధారాలను సేవ్ చేసి అవసరమైతే రిపోర్ట్ చేయండి.,High,P1,Telugu synthetic/adapted example; not claimed as verbatim real-world data.
TE-S0083,"మీ పార్సెల్ ₹4,999 కస్టమ్స్/రీ-డెలివరీ ఫీజు కారణంగా ఆగిపోయింది. వెంటనే చెల్లించండి.",scam,delivery_scam,te,Research-backed synthetic multilingual,synthetic_research_backed,"డెలివరీ ఇంపర్సనేషన్, చిన్న ఫీజు, అత్యవసరం",అధికారిక ట్రాకింగ్ ద్వారా మాత్రమే చెక్ చేయండి.,1. అధికారిక ట్రాకింగ్ ద్వారా మాత్రమే చెక్ చేయండి. 2. అధికారిక ఛానల్ ద్వారా స్వతంత్రంగా వెరిఫై చేయండి. 3. ఆధారాలను సేవ్ చేసి అవసరమైతే రిపోర్ట్ చేయండి.,High,P1,Telugu synthetic/adapted example; not claimed as verbatim real-world data.
TE-S0084,విపత్తు సహాయం కోసం ₹499 వెంటనే ఈ వ్యక్తిగత UPI IDకి పంపండి.,scam,charity_scam,te,Research-backed synthetic multilingual,synthetic_research_backed,"భావోద్వేగ అప్పీల్, వ్యక్తిగత UPI, అత్యవసరం",సంస్థను మరియు చెల్లింపు ఛానల్‌ను వెరిఫై చేయండి.,1. సంస్థను మరియు చెల్లింపు ఛానల్‌ను వెరిఫై చేయండి. 2. అధికారిక ఛానల్ ద్వారా స్వతంత్రంగా వెరిఫై చేయండి. 3. ఆధారాలను సేవ్ చేసి అవసరమైతే రిపోర్ట్ చేయండి.,Medium,P2,Telugu synthetic/adapted example; not claimed as verbatim real-world data.
TE-S0085,"CAPTCHAలు పూర్తి చేసి రోజుకు ₹199 సంపాదించండి. అకౌంట్ యాక్టివేట్ చేయడానికి ₹1,999 ఫీజు చెల్లించండి.",scam,fake_captcha_job,te,Research-backed synthetic multilingual,synthetic_research_backed,"ఫేక్ CAPTCHA ఉద్యోగం, ముందస్తు ఫీజు",ఫీజు చెల్లించకండి; ఉద్యోగాన్ని వెరిఫై చేయండి.,1. ఫీజు చెల్లించకండి; ఉద్యోగాన్ని వెరిఫై చేయండి. 2. అధికారిక ఛానల్ ద్వారా స్వతంత్రంగా వెరిఫై చేయండి. 3. ఆధారాలను సేవ్ చేసి అవసరమైతే రిపోర్ట్ చేయండి.,High,P1,Telugu synthetic/adapted example; not claimed as verbatim real-world data.
TE-S0086,CAPTCHAలు పూర్తి చేసి రోజుకు ₹499 సంపాదించండి. అకౌంట్ యాక్టివేట్ చేయడానికి ₹999 ఫీజు చెల్లించండి.,scam,fake_captcha_job,te,Research-backed synthetic multilingual,synthetic_research_backed,"ఫేక్ CAPTCHA ఉద్యోగం, ముందస్తు ఫీజు",ఫీజు చెల్లించకండి; ఉద్యోగాన్ని వెరిఫై చేయండి.,1. ఫీజు చెల్లించకండి; ఉద్యోగాన్ని వెరిఫై చేయండి. 2. అధికారిక ఛానల్ ద్వారా స్వతంత్రంగా వెరిఫై చేయండి. 3. ఆధారాలను సేవ్ చేసి అవసరమైతే రిపోర్ట్ చేయండి.,High,P1,Telugu synthetic/adapted example; not claimed as verbatim real-world data.
TE-S0087,మీ Flipkart అకౌంట్ లాక్ అయింది. మూసివేయకుండా ఉండేందుకు http://verify-account.invalidలో లాగిన్ అవ్వండి.,scam,phishing,te,Research-backed synthetic multilingual,synthetic_research_backed,"ఫిషింగ్ లింక్, అకౌంట్ బెదిరింపు, క్రెడెన్షియల్ అభ్యర్థన",లింక్ ఓపెన్ చేయకండి; అధికారిక యాప్‌లో చెక్ చేయండి.,1. లింక్ ఓపెన్ చేయకండి; అధికారిక యాప్‌లో చెక్ చేయండి. 2. అధికారిక ఛానల్ ద్వారా స్వతంత్రంగా వెరిఫై చేయండి. 3. ఆధారాలను సేవ్ చేసి అవసరమైతే రిపోర్ట్ చేయండి.,High,P1,Telugu synthetic/adapted example; not claimed as verbatim real-world data.
TE-S0088,"CAPTCHAలు పూర్తి చేసి రోజుకు ₹5,000 సంపాదించండి. అకౌంట్ యాక్టివేట్ చేయడానికి ₹499 ఫీజు చెల్లించండి.",scam,fake_captcha_job,te,Research-backed synthetic multilingual,synthetic_research_backed,"ఫేక్ CAPTCHA ఉద్యోగం, ముందస్తు ఫీజు",ఫీజు చెల్లించకండి; ఉద్యోగాన్ని వెరిఫై చేయండి.,1. ఫీజు చెల్లించకండి; ఉద్యోగాన్ని వెరిఫై చేయండి. 2. అధికారిక ఛానల్ ద్వారా స్వతంత్రంగా వెరిఫై చేయండి. 3. ఆధారాలను సేవ్ చేసి అవసరమైతే రిపోర్ట్ చేయండి.,High,P1,Telugu synthetic/adapted example; not claimed as verbatim real-world data.
TE-S0089,"CAPTCHAలు పూర్తి చేసి రోజుకు ₹5,000 సంపాదించండి. అకౌంట్ యాక్టివేట్ చేయడానికి ₹1,999 ఫీజు చెల్లించండి.",scam,fake_captcha_job,te,Research-backed synthetic multilingual,synthetic_research_backed,"ఫేక్ CAPTCHA ఉద్యోగం, ముందస్తు ఫీజు",ఫీజు చెల్లించకండి; ఉద్యోగాన్ని వెరిఫై చేయండి.,1. ఫీజు చెల్లించకండి; ఉద్యోగాన్ని వెరిఫై చేయండి. 2. అధికారిక ఛానల్ ద్వారా స్వతంత్రంగా వెరిఫై చేయండి. 3. ఆధారాలను సేవ్ చేసి అవసరమైతే రిపోర్ట్ చేయండి.,High,P1,Telugu synthetic/adapted example; not claimed as verbatim real-world data.
TE-S0090,"CAPTCHAలు పూర్తి చేసి రోజుకు ₹10,000 సంపాదించండి. అకౌంట్ యాక్టివేట్ చేయడానికి ₹999 ఫీజు చెల్లించండి.",scam,fake_captcha_job,te,Research-backed synthetic multilingual,synthetic_research_backed,"ఫేక్ CAPTCHA ఉద్యోగం, ముందస్తు ఫీజు",ఫీజు చెల్లించకండి; ఉద్యోగాన్ని వెరిఫై చేయండి.,1. ఫీజు చెల్లించకండి; ఉద్యోగాన్ని వెరిఫై చేయండి. 2. అధికారిక ఛానల్ ద్వారా స్వతంత్రంగా వెరిఫై చేయండి. 3. ఆధారాలను సేవ్ చేసి అవసరమైతే రిపోర్ట్ చేయండి.,High,P1,Telugu synthetic/adapted example; not claimed as verbatim real-world data.
TE-S0091,"ఇంటినుంచి పని చేసి రోజుకు ₹199 సంపాదించండి. ఉద్యోగం ప్రారంభించడానికి ₹4,999 రిజిస్ట్రేషన్ ఫీజు చెల్లించండి.",scam,job_scam,te,Research-backed synthetic multilingual,synthetic_research_backed,"ఫేక్ ఉద్యోగం, ముందస్తు ఫీజు, అవాస్తవ ఆదాయం",ఫీజు చెల్లించకండి; ఉద్యోగదాతను స్వతంత్రంగా వెరిఫై చేయండి.,1. ఫీజు చెల్లించకండి; ఉద్యోగదాతను స్వతంత్రంగా వెరిఫై చేయండి. 2. అధికారిక ఛానల్ ద్వారా స్వతంత్రంగా వెరిఫై చేయండి. 3. ఆధారాలను సేవ్ చేసి అవసరమైతే రిపోర్ట్ చేయండి.,High,P1,Telugu synthetic/adapted example; not claimed as verbatim real-world data.
TE-S0092,"మా ట్రేడింగ్ ప్లాట్‌ఫారమ్ రోజూ 10,000% లాభం గ్యారంటీ చేస్తుంది. వెంటనే ₹10,000 డిపాజిట్ చేయండి.",scam,investment_scam,te,Research-backed synthetic multilingual,synthetic_research_backed,"గ్యారంటీడ్ రిటర్న్స్, పెట్టుబడి ఒత్తిడి",డబ్బు పంపకండి; ప్లాట్‌ఫారమ్‌ను స్వతంత్రంగా వెరిఫై చేయండి.,1. డబ్బు పంపకండి; ప్లాట్‌ఫారమ్‌ను స్వతంత్రంగా వెరిఫై చేయండి. 2. అధికారిక ఛానల్ ద్వారా స్వతంత్రంగా వెరిఫై చేయండి. 3. ఆధారాలను సేవ్ చేసి అవసరమైతే రిపోర్ట్ చేయండి.,Critical,P1,Telugu synthetic/adapted example; not claimed as verbatim real-world data.
TE-S0093,మీ Canara Bank బ్యాంక్ ఖాతా KYC/PAN అప్డేట్ కాలేదు. ఈరోజే ఖాతా బ్లాక్ అవుతుంది. వెంటనే http://verify-account.invalid ఓపెన్ చేసి అప్డేట్ చేయండి.,scam,bank_kyc,te,Research-backed synthetic multilingual,synthetic_research_backed,"బ్యాంక్ ఇంపర్సనేషన్, అత్యవసరం, అనుమానాస్పద లింక్",లింక్ క్లిక్ చేయకండి; అధికారిక బ్యాంక్ యాప్ ద్వారా చెక్ చేయండి.,1. లింక్ క్లిక్ చేయకండి; అధికారిక బ్యాంక్ యాప్ ద్వారా చెక్ చేయండి. 2. అధికారిక ఛానల్ ద్వారా స్వతంత్రంగా వెరిఫై చేయండి. 3. ఆధారాలను సేవ్ చేసి అవసరమైతే రిపోర్ట్ చేయండి.,High,P1,Telugu synthetic/adapted example; not claimed as verbatim real-world data.
TE-S0094,మీ ₹999 ఇన్‌స్టంట్ లోన్ ఆమోదించబడింది. డబ్బు విడుదలకు ₹999 ప్రాసెసింగ్ ఫీజు చెల్లించండి.,scam,loan_scam,te,Research-backed synthetic multilingual,synthetic_research_backed,"ఫేక్ లోన్, ముందస్తు ఫీజు, ఆర్థిక ఒత్తిడి",ఫీజు చెల్లించకండి; లెండర్ వివరాలు వెరిఫై చేయండి.,1. ఫీజు చెల్లించకండి; లెండర్ వివరాలు వెరిఫై చేయండి. 2. అధికారిక ఛానల్ ద్వారా స్వతంత్రంగా వెరిఫై చేయండి. 3. ఆధారాలను సేవ్ చేసి అవసరమైతే రిపోర్ట్ చేయండి.,High,P1,Telugu synthetic/adapted example; not claimed as verbatim real-world data.
TE-S0095,"CAPTCHAలు పూర్తి చేసి రోజుకు ₹2,499 సంపాదించండి. అకౌంట్ యాక్టివేట్ చేయడానికి ₹999 ఫీజు చెల్లించండి.",scam,fake_captcha_job,te,Research-backed synthetic multilingual,synthetic_research_backed,"ఫేక్ CAPTCHA ఉద్యోగం, ముందస్తు ఫీజు",ఫీజు చెల్లించకండి; ఉద్యోగాన్ని వెరిఫై చేయండి.,1. ఫీజు చెల్లించకండి; ఉద్యోగాన్ని వెరిఫై చేయండి. 2. అధికారిక ఛానల్ ద్వారా స్వతంత్రంగా వెరిఫై చేయండి. 3. ఆధారాలను సేవ్ చేసి అవసరమైతే రిపోర్ట్ చేయండి.,High,P1,Telugu synthetic/adapted example; not claimed as verbatim real-world data.
TE-S0096,"నేను కొత్త నంబర్ ఉపయోగిస్తున్నాను. చాలా అత్యవసరం, నాకు ₹10,000 వెంటనే ట్రాన్స్‌ఫర్ చేయండి. నాకు కాల్ చేయకండి.",scam,impersonation,te,Research-backed synthetic multilingual,synthetic_research_backed,"వ్యక్తి ఇంపర్సనేషన్, డబ్బు డిమాండ్, వెరిఫికేషన్ నిరోధం",తెలిసిన నంబర్ ద్వారా వ్యక్తిని ధృవీకరించకుండా డబ్బు పంపకండి.,1. తెలిసిన నంబర్ ద్వారా వ్యక్తిని ధృవీకరించకుండా డబ్బు పంపకండి. 2. అధికారిక ఛానల్ ద్వారా స్వతంత్రంగా వెరిఫై చేయండి. 3. ఆధారాలను సేవ్ చేసి అవసరమైతే రిపోర్ట్ చేయండి.,High,P1,Telugu synthetic/adapted example; not claimed as verbatim real-world data.
TE-S0097,మీ Canara Bank బ్యాంక్ ఖాతా KYC/PAN అప్డేట్ కాలేదు. ఈరోజే ఖాతా బ్లాక్ అవుతుంది. వెంటనే http://secure-update.invalid ఓపెన్ చేసి అప్డేట్ చేయండి.,scam,bank_kyc,te,Research-backed synthetic multilingual,synthetic_research_backed,"బ్యాంక్ ఇంపర్సనేషన్, అత్యవసరం, అనుమానాస్పద లింక్",లింక్ క్లిక్ చేయకండి; అధికారిక బ్యాంక్ యాప్ ద్వారా చెక్ చేయండి.,1. లింక్ క్లిక్ చేయకండి; అధికారిక బ్యాంక్ యాప్ ద్వారా చెక్ చేయండి. 2. అధికారిక ఛానల్ ద్వారా స్వతంత్రంగా వెరిఫై చేయండి. 3. ఆధారాలను సేవ్ చేసి అవసరమైతే రిపోర్ట్ చేయండి.,High,P1,Telugu synthetic/adapted example; not claimed as verbatim real-world data.
TE-S0098,CAPTCHAలు పూర్తి చేసి రోజుకు ₹999 సంపాదించండి. అకౌంట్ యాక్టివేట్ చేయడానికి ₹499 ఫీజు చెల్లించండి.,scam,fake_captcha_job,te,Research-backed synthetic multilingual,synthetic_research_backed,"ఫేక్ CAPTCHA ఉద్యోగం, ముందస్తు ఫీజు",ఫీజు చెల్లించకండి; ఉద్యోగాన్ని వెరిఫై చేయండి.,1. ఫీజు చెల్లించకండి; ఉద్యోగాన్ని వెరిఫై చేయండి. 2. అధికారిక ఛానల్ ద్వారా స్వతంత్రంగా వెరిఫై చేయండి. 3. ఆధారాలను సేవ్ చేసి అవసరమైతే రిపోర్ట్ చేయండి.,High,P1,Telugu synthetic/adapted example; not claimed as verbatim real-world data.
TE-S0099,"ఇంటినుంచి పని చేసి రోజుకు ₹2,499 సంపాదించండి. ఉద్యోగం ప్రారంభించడానికి ₹499 రిజిస్ట్రేషన్ ఫీజు చెల్లించండి.",scam,job_scam,te,Research-backed synthetic multilingual,synthetic_research_backed,"ఫేక్ ఉద్యోగం, ముందస్తు ఫీజు, అవాస్తవ ఆదాయం",ఫీజు చెల్లించకండి; ఉద్యోగదాతను స్వతంత్రంగా వెరిఫై చేయండి.,1. ఫీజు చెల్లించకండి; ఉద్యోగదాతను స్వతంత్రంగా వెరిఫై చేయండి. 2. అధికారిక ఛానల్ ద్వారా స్వతంత్రంగా వెరిఫై చేయండి. 3. ఆధారాలను సేవ్ చేసి అవసరమైతే రిపోర్ట్ చేయండి.,High,P1,Telugu synthetic/adapted example; not claimed as verbatim real-world data.
TE-S0100,"మీ ₹199 ఇన్‌స్టంట్ లోన్ ఆమోదించబడింది. డబ్బు విడుదలకు ₹4,999 ప్రాసెసింగ్ ఫీజు చెల్లించండి.",scam,loan_scam,te,Research-backed synthetic multilingual,synthetic_research_backed,"ఫేక్ లోన్, ముందస్తు ఫీజు, ఆర్థిక ఒత్తిడి",ఫీజు చెల్లించకండి; లెండర్ వివరాలు వెరిఫై చేయండి.,1. ఫీజు చెల్లించకండి; లెండర్ వివరాలు వెరిఫై చేయండి. 2. అధికారిక ఛానల్ ద్వారా స్వతంత్రంగా వెరిఫై చేయండి. 3. ఆధారాలను సేవ్ చేసి అవసరమైతే రిపోర్ట్ చేయండి.,High,P1,Telugu synthetic/adapted example; not claimed as verbatim real-world data.
TE-S0101,"ఇంటినుంచి పని చేసి రోజుకు ₹2,499 సంపాదించండి. ఉద్యోగం ప్రారంభించడానికి ₹199 రిజిస్ట్రేషన్ ఫీజు చెల్లించండి.",scam,job_scam,te,Research-backed synthetic multilingual,synthetic_research_backed,"ఫేక్ ఉద్యోగం, ముందస్తు ఫీజు, అవాస్తవ ఆదాయం",ఫీజు చెల్లించకండి; ఉద్యోగదాతను స్వతంత్రంగా వెరిఫై చేయండి.,1. ఫీజు చెల్లించకండి; ఉద్యోగదాతను స్వతంత్రంగా వెరిఫై చేయండి. 2. అధికారిక ఛానల్ ద్వారా స్వతంత్రంగా వెరిఫై చేయండి. 3. ఆధారాలను సేవ్ చేసి అవసరమైతే రిపోర్ట్ చేయండి.,High,P1,Telugu synthetic/adapted example; not claimed as verbatim real-world data.
TE-S0102,"నేను కొత్త నంబర్ ఉపయోగిస్తున్నాను. చాలా అత్యవసరం, నాకు ₹199 వెంటనే ట్రాన్స్‌ఫర్ చేయండి. నాకు కాల్ చేయకండి.",scam,impersonation,te,Research-backed synthetic multilingual,synthetic_research_backed,"వ్యక్తి ఇంపర్సనేషన్, డబ్బు డిమాండ్, వెరిఫికేషన్ నిరోధం",తెలిసిన నంబర్ ద్వారా వ్యక్తిని ధృవీకరించకుండా డబ్బు పంపకండి.,1. తెలిసిన నంబర్ ద్వారా వ్యక్తిని ధృవీకరించకుండా డబ్బు పంపకండి. 2. అధికారిక ఛానల్ ద్వారా స్వతంత్రంగా వెరిఫై చేయండి. 3. ఆధారాలను సేవ్ చేసి అవసరమైతే రిపోర్ట్ చేయండి.,High,P1,Telugu synthetic/adapted example; not claimed as verbatim real-world data.
TE-S0103,మీ Amazon అకౌంట్ లాక్ అయింది. మూసివేయకుండా ఉండేందుకు http://secure-update.invalidలో లాగిన్ అవ్వండి.,scam,phishing,te,Research-backed synthetic multilingual,synthetic_research_backed,"ఫిషింగ్ లింక్, అకౌంట్ బెదిరింపు, క్రెడెన్షియల్ అభ్యర్థన",లింక్ ఓపెన్ చేయకండి; అధికారిక యాప్‌లో చెక్ చేయండి.,1. లింక్ ఓపెన్ చేయకండి; అధికారిక యాప్‌లో చెక్ చేయండి. 2. అధికారిక ఛానల్ ద్వారా స్వతంత్రంగా వెరిఫై చేయండి. 3. ఆధారాలను సేవ్ చేసి అవసరమైతే రిపోర్ట్ చేయండి.,High,P1,Telugu synthetic/adapted example; not claimed as verbatim real-world data.
TE-S0104,మీ ₹999 ఇన్‌స్టంట్ లోన్ ఆమోదించబడింది. డబ్బు విడుదలకు ₹199 ప్రాసెసింగ్ ఫీజు చెల్లించండి.,scam,loan_scam,te,Research-backed synthetic multilingual,synthetic_research_backed,"ఫేక్ లోన్, ముందస్తు ఫీజు, ఆర్థిక ఒత్తిడి",ఫీజు చెల్లించకండి; లెండర్ వివరాలు వెరిఫై చేయండి.,1. ఫీజు చెల్లించకండి; లెండర్ వివరాలు వెరిఫై చేయండి. 2. అధికారిక ఛానల్ ద్వారా స్వతంత్రంగా వెరిఫై చేయండి. 3. ఆధారాలను సేవ్ చేసి అవసరమైతే రిపోర్ట్ చేయండి.,High,P1,Telugu synthetic/adapted example; not claimed as verbatim real-world data.
TE-S0105,"మీ ₹999 ఇన్‌స్టంట్ లోన్ ఆమోదించబడింది. డబ్బు విడుదలకు ₹1,999 ప్రాసెసింగ్ ఫీజు చెల్లించండి.",scam,loan_scam,te,Research-backed synthetic multilingual,synthetic_research_backed,"ఫేక్ లోన్, ముందస్తు ఫీజు, ఆర్థిక ఒత్తిడి",ఫీజు చెల్లించకండి; లెండర్ వివరాలు వెరిఫై చేయండి.,1. ఫీజు చెల్లించకండి; లెండర్ వివరాలు వెరిఫై చేయండి. 2. అధికారిక ఛానల్ ద్వారా స్వతంత్రంగా వెరిఫై చేయండి. 3. ఆధారాలను సేవ్ చేసి అవసరమైతే రిపోర్ట్ చేయండి.,High,P1,Telugu synthetic/adapted example; not claimed as verbatim real-world data.
TE-S0106,"మీ ₹5,000 ఇన్‌స్టంట్ లోన్ ఆమోదించబడింది. డబ్బు విడుదలకు ₹4,999 ప్రాసెసింగ్ ఫీజు చెల్లించండి.",scam,loan_scam,te,Research-backed synthetic multilingual,synthetic_research_backed,"ఫేక్ లోన్, ముందస్తు ఫీజు, ఆర్థిక ఒత్తిడి",ఫీజు చెల్లించకండి; లెండర్ వివరాలు వెరిఫై చేయండి.,1. ఫీజు చెల్లించకండి; లెండర్ వివరాలు వెరిఫై చేయండి. 2. అధికారిక ఛానల్ ద్వారా స్వతంత్రంగా వెరిఫై చేయండి. 3. ఆధారాలను సేవ్ చేసి అవసరమైతే రిపోర్ట్ చేయండి.,High,P1,Telugu synthetic/adapted example; not claimed as verbatim real-world data.
TE-S0107,మీ Kotak Bank బ్యాంక్ ఖాతా KYC/PAN అప్డేట్ కాలేదు. ఈరోజే ఖాతా బ్లాక్ అవుతుంది. వెంటనే http://verify-account.invalid ఓపెన్ చేసి అప్డేట్ చేయండి.,scam,bank_kyc,te,Research-backed synthetic multilingual,synthetic_research_backed,"బ్యాంక్ ఇంపర్సనేషన్, అత్యవసరం, అనుమానాస్పద లింక్",లింక్ క్లిక్ చేయకండి; అధికారిక బ్యాంక్ యాప్ ద్వారా చెక్ చేయండి.,1. లింక్ క్లిక్ చేయకండి; అధికారిక బ్యాంక్ యాప్ ద్వారా చెక్ చేయండి. 2. అధికారిక ఛానల్ ద్వారా స్వతంత్రంగా వెరిఫై చేయండి. 3. ఆధారాలను సేవ్ చేసి అవసరమైతే రిపోర్ట్ చేయండి.,High,P1,Telugu synthetic/adapted example; not claimed as verbatim real-world data.
TE-S0108,"మీ ₹2,499 ఇన్‌స్టంట్ లోన్ ఆమోదించబడింది. డబ్బు విడుదలకు ₹199 ప్రాసెసింగ్ ఫీజు చెల్లించండి.",scam,loan_scam,te,Research-backed synthetic multilingual,synthetic_research_backed,"ఫేక్ లోన్, ముందస్తు ఫీజు, ఆర్థిక ఒత్తిడి",ఫీజు చెల్లించకండి; లెండర్ వివరాలు వెరిఫై చేయండి.,1. ఫీజు చెల్లించకండి; లెండర్ వివరాలు వెరిఫై చేయండి. 2. అధికారిక ఛానల్ ద్వారా స్వతంత్రంగా వెరిఫై చేయండి. 3. ఆధారాలను సేవ్ చేసి అవసరమైతే రిపోర్ట్ చేయండి.,High,P1,Telugu synthetic/adapted example; not claimed as verbatim real-world data.
TE-S0109,CAPTCHAలు పూర్తి చేసి రోజుకు ₹199 సంపాదించండి. అకౌంట్ యాక్టివేట్ చేయడానికి ₹499 ఫీజు చెల్లించండి.,scam,fake_captcha_job,te,Research-backed synthetic multilingual,synthetic_research_backed,"ఫేక్ CAPTCHA ఉద్యోగం, ముందస్తు ఫీజు",ఫీజు చెల్లించకండి; ఉద్యోగాన్ని వెరిఫై చేయండి.,1. ఫీజు చెల్లించకండి; ఉద్యోగాన్ని వెరిఫై చేయండి. 2. అధికారిక ఛానల్ ద్వారా స్వతంత్రంగా వెరిఫై చేయండి. 3. ఆధారాలను సేవ్ చేసి అవసరమైతే రిపోర్ట్ చేయండి.,High,P1,Telugu synthetic/adapted example; not claimed as verbatim real-world data.
TE-S0110,"ఇంటినుంచి పని చేసి రోజుకు ₹199 సంపాదించండి. ఉద్యోగం ప్రారంభించడానికి ₹1,999 రిజిస్ట్రేషన్ ఫీజు చెల్లించండి.",scam,job_scam,te,Research-backed synthetic multilingual,synthetic_research_backed,"ఫేక్ ఉద్యోగం, ముందస్తు ఫీజు, అవాస్తవ ఆదాయం",ఫీజు చెల్లించకండి; ఉద్యోగదాతను స్వతంత్రంగా వెరిఫై చేయండి.,1. ఫీజు చెల్లించకండి; ఉద్యోగదాతను స్వతంత్రంగా వెరిఫై చేయండి. 2. అధికారిక ఛానల్ ద్వారా స్వతంత్రంగా వెరిఫై చేయండి. 3. ఆధారాలను సేవ్ చేసి అవసరమైతే రిపోర్ట్ చేయండి.,High,P1,Telugu synthetic/adapted example; not claimed as verbatim real-world data.
TE-S0111,"ఇంటినుంచి పని చేసి రోజుకు ₹499 సంపాదించండి. ఉద్యోగం ప్రారంభించడానికి ₹4,999 రిజిస్ట్రేషన్ ఫీజు చెల్లించండి.",scam,job_scam,te,Research-backed synthetic multilingual,synthetic_research_backed,"ఫేక్ ఉద్యోగం, ముందస్తు ఫీజు, అవాస్తవ ఆదాయం",ఫీజు చెల్లించకండి; ఉద్యోగదాతను స్వతంత్రంగా వెరిఫై చేయండి.,1. ఫీజు చెల్లించకండి; ఉద్యోగదాతను స్వతంత్రంగా వెరిఫై చేయండి. 2. అధికారిక ఛానల్ ద్వారా స్వతంత్రంగా వెరిఫై చేయండి. 3. ఆధారాలను సేవ్ చేసి అవసరమైతే రిపోర్ట్ చేయండి.,High,P1,Telugu synthetic/adapted example; not claimed as verbatim real-world data.
TE-S0112,ఇంటినుంచి పని చేసి రోజుకు ₹199 సంపాదించండి. ఉద్యోగం ప్రారంభించడానికి ₹999 రిజిస్ట్రేషన్ ఫీజు చెల్లించండి.,scam,job_scam,te,Research-backed synthetic multilingual,synthetic_research_backed,"ఫేక్ ఉద్యోగం, ముందస్తు ఫీజు, అవాస్తవ ఆదాయం",ఫీజు చెల్లించకండి; ఉద్యోగదాతను స్వతంత్రంగా వెరిఫై చేయండి.,1. ఫీజు చెల్లించకండి; ఉద్యోగదాతను స్వతంత్రంగా వెరిఫై చేయండి. 2. అధికారిక ఛానల్ ద్వారా స్వతంత్రంగా వెరిఫై చేయండి. 3. ఆధారాలను సేవ్ చేసి అవసరమైతే రిపోర్ట్ చేయండి.,High,P1,Telugu synthetic/adapted example; not claimed as verbatim real-world data.
TE-S0113,"CAPTCHAలు పూర్తి చేసి రోజుకు ₹499 సంపాదించండి. అకౌంట్ యాక్టివేట్ చేయడానికి ₹1,999 ఫీజు చెల్లించండి.",scam,fake_captcha_job,te,Research-backed synthetic multilingual,synthetic_research_backed,"ఫేక్ CAPTCHA ఉద్యోగం, ముందస్తు ఫీజు",ఫీజు చెల్లించకండి; ఉద్యోగాన్ని వెరిఫై చేయండి.,1. ఫీజు చెల్లించకండి; ఉద్యోగాన్ని వెరిఫై చేయండి. 2. అధికారిక ఛానల్ ద్వారా స్వతంత్రంగా వెరిఫై చేయండి. 3. ఆధారాలను సేవ్ చేసి అవసరమైతే రిపోర్ట్ చేయండి.,High,P1,Telugu synthetic/adapted example; not claimed as verbatim real-world data.
TE-S0114,"₹5,000 రీఫండ్ పొందడానికి ఈ QR కోడ్ స్కాన్ చేసి UPI PIN నమోదు చేయండి.",scam,upi_qr,te,Research-backed synthetic multilingual,synthetic_research_backed,"QR మోసం, UPI PIN అభ్యర్థన, రీఫండ్ నెపం",QR స్కాన్ చేయకండి; UPI PIN ఇవ్వకండి.,1. QR స్కాన్ చేయకండి; UPI PIN ఇవ్వకండి. 2. అధికారిక ఛానల్ ద్వారా స్వతంత్రంగా వెరిఫై చేయండి. 3. ఆధారాలను సేవ్ చేసి అవసరమైతే రిపోర్ట్ చేయండి.,Critical,P1,Telugu synthetic/adapted example; not claimed as verbatim real-world data.
TE-S0115,"మీ ₹2,499 ఇన్‌స్టంట్ లోన్ ఆమోదించబడింది. డబ్బు విడుదలకు ₹999 ప్రాసెసింగ్ ఫీజు చెల్లించండి.",scam,loan_scam,te,Research-backed synthetic multilingual,synthetic_research_backed,"ఫేక్ లోన్, ముందస్తు ఫీజు, ఆర్థిక ఒత్తిడి",ఫీజు చెల్లించకండి; లెండర్ వివరాలు వెరిఫై చేయండి.,1. ఫీజు చెల్లించకండి; లెండర్ వివరాలు వెరిఫై చేయండి. 2. అధికారిక ఛానల్ ద్వారా స్వతంత్రంగా వెరిఫై చేయండి. 3. ఆధారాలను సేవ్ చేసి అవసరమైతే రిపోర్ట్ చేయండి.,High,P1,Telugu synthetic/adapted example; not claimed as verbatim real-world data.
TE-S0116,"మీ ₹10,000 ఇన్‌స్టంట్ లోన్ ఆమోదించబడింది. డబ్బు విడుదలకు ₹499 ప్రాసెసింగ్ ఫీజు చెల్లించండి.",scam,loan_scam,te,Research-backed synthetic multilingual,synthetic_research_backed,"ఫేక్ లోన్, ముందస్తు ఫీజు, ఆర్థిక ఒత్తిడి",ఫీజు చెల్లించకండి; లెండర్ వివరాలు వెరిఫై చేయండి.,1. ఫీజు చెల్లించకండి; లెండర్ వివరాలు వెరిఫై చేయండి. 2. అధికారిక ఛానల్ ద్వారా స్వతంత్రంగా వెరిఫై చేయండి. 3. ఆధారాలను సేవ్ చేసి అవసరమైతే రిపోర్ట్ చేయండి.,High,P1,Telugu synthetic/adapted example; not claimed as verbatim real-world data.
TE-S0117,మీ Google అకౌంట్ లాక్ అయింది. మూసివేయకుండా ఉండేందుకు http://verify-account.invalidలో లాగిన్ అవ్వండి.,scam,phishing,te,Research-backed synthetic multilingual,synthetic_research_backed,"ఫిషింగ్ లింక్, అకౌంట్ బెదిరింపు, క్రెడెన్షియల్ అభ్యర్థన",లింక్ ఓపెన్ చేయకండి; అధికారిక యాప్‌లో చెక్ చేయండి.,1. లింక్ ఓపెన్ చేయకండి; అధికారిక యాప్‌లో చెక్ చేయండి. 2. అధికారిక ఛానల్ ద్వారా స్వతంత్రంగా వెరిఫై చేయండి. 3. ఆధారాలను సేవ్ చేసి అవసరమైతే రిపోర్ట్ చేయండి.,High,P1,Telugu synthetic/adapted example; not claimed as verbatim real-world data.
TE-S0118,"మీ ₹5,000 ఇన్‌స్టంట్ లోన్ ఆమోదించబడింది. డబ్బు విడుదలకు ₹999 ప్రాసెసింగ్ ఫీజు చెల్లించండి.",scam,loan_scam,te,Research-backed synthetic multilingual,synthetic_research_backed,"ఫేక్ లోన్, ముందస్తు ఫీజు, ఆర్థిక ఒత్తిడి",ఫీజు చెల్లించకండి; లెండర్ వివరాలు వెరిఫై చేయండి.,1. ఫీజు చెల్లించకండి; లెండర్ వివరాలు వెరిఫై చేయండి. 2. అధికారిక ఛానల్ ద్వారా స్వతంత్రంగా వెరిఫై చేయండి. 3. ఆధారాలను సేవ్ చేసి అవసరమైతే రిపోర్ట్ చేయండి.,High,P1,Telugu synthetic/adapted example; not claimed as verbatim real-world data.
TE-S0119,"ఇంటినుంచి పని చేసి రోజుకు ₹10,000 సంపాదించండి. ఉద్యోగం ప్రారంభించడానికి ₹4,999 రిజిస్ట్రేషన్ ఫీజు చెల్లించండి.",scam,job_scam,te,Research-backed synthetic multilingual,synthetic_research_backed,"ఫేక్ ఉద్యోగం, ముందస్తు ఫీజు, అవాస్తవ ఆదాయం",ఫీజు చెల్లించకండి; ఉద్యోగదాతను స్వతంత్రంగా వెరిఫై చేయండి.,1. ఫీజు చెల్లించకండి; ఉద్యోగదాతను స్వతంత్రంగా వెరిఫై చేయండి. 2. అధికారిక ఛానల్ ద్వారా స్వతంత్రంగా వెరిఫై చేయండి. 3. ఆధారాలను సేవ్ చేసి అవసరమైతే రిపోర్ట్ చేయండి.,High,P1,Telugu synthetic/adapted example; not claimed as verbatim real-world data.
TE-S0120,"CAPTCHAలు పూర్తి చేసి రోజుకు ₹2,499 సంపాదించండి. అకౌంట్ యాక్టివేట్ చేయడానికి ₹1,999 ఫీజు చెల్లించండి.",scam,fake_captcha_job,te,Research-backed synthetic multilingual,synthetic_research_backed,"ఫేక్ CAPTCHA ఉద్యోగం, ముందస్తు ఫీజు",ఫీజు చెల్లించకండి; ఉద్యోగాన్ని వెరిఫై చేయండి.,1. ఫీజు చెల్లించకండి; ఉద్యోగాన్ని వెరిఫై చేయండి. 2. అధికారిక ఛానల్ ద్వారా స్వతంత్రంగా వెరిఫై చేయండి. 3. ఆధారాలను సేవ్ చేసి అవసరమైతే రిపోర్ట్ చేయండి.,High,P1,Telugu synthetic/adapted example; not claimed as verbatim real-world data.
TE-S0121,"CAPTCHAలు పూర్తి చేసి రోజుకు ₹10,000 సంపాదించండి. అకౌంట్ యాక్టివేట్ చేయడానికి ₹1,999 ఫీజు చెల్లించండి.",scam,fake_captcha_job,te,Research-backed synthetic multilingual,synthetic_research_backed,"ఫేక్ CAPTCHA ఉద్యోగం, ముందస్తు ఫీజు",ఫీజు చెల్లించకండి; ఉద్యోగాన్ని వెరిఫై చేయండి.,1. ఫీజు చెల్లించకండి; ఉద్యోగాన్ని వెరిఫై చేయండి. 2. అధికారిక ఛానల్ ద్వారా స్వతంత్రంగా వెరిఫై చేయండి. 3. ఆధారాలను సేవ్ చేసి అవసరమైతే రిపోర్ట్ చేయండి.,High,P1,Telugu synthetic/adapted example; not claimed as verbatim real-world data.
TE-S0122,"మీ ₹5,000 ఇన్‌స్టంట్ లోన్ ఆమోదించబడింది. డబ్బు విడుదలకు ₹499 ప్రాసెసింగ్ ఫీజు చెల్లించండి.",scam,loan_scam,te,Research-backed synthetic multilingual,synthetic_research_backed,"ఫేక్ లోన్, ముందస్తు ఫీజు, ఆర్థిక ఒత్తిడి",ఫీజు చెల్లించకండి; లెండర్ వివరాలు వెరిఫై చేయండి.,1. ఫీజు చెల్లించకండి; లెండర్ వివరాలు వెరిఫై చేయండి. 2. అధికారిక ఛానల్ ద్వారా స్వతంత్రంగా వెరిఫై చేయండి. 3. ఆధారాలను సేవ్ చేసి అవసరమైతే రిపోర్ట్ చేయండి.,High,P1,Telugu synthetic/adapted example; not claimed as verbatim real-world data.
TE-S0123,"ఇంటినుంచి పని చేసి రోజుకు ₹2,499 సంపాదించండి. ఉద్యోగం ప్రారంభించడానికి ₹999 రిజిస్ట్రేషన్ ఫీజు చెల్లించండి.",scam,job_scam,te,Research-backed synthetic multilingual,synthetic_research_backed,"ఫేక్ ఉద్యోగం, ముందస్తు ఫీజు, అవాస్తవ ఆదాయం",ఫీజు చెల్లించకండి; ఉద్యోగదాతను స్వతంత్రంగా వెరిఫై చేయండి.,1. ఫీజు చెల్లించకండి; ఉద్యోగదాతను స్వతంత్రంగా వెరిఫై చేయండి. 2. అధికారిక ఛానల్ ద్వారా స్వతంత్రంగా వెరిఫై చేయండి. 3. ఆధారాలను సేవ్ చేసి అవసరమైతే రిపోర్ట్ చేయండి.,High,P1,Telugu synthetic/adapted example; not claimed as verbatim real-world data.
TE-S0124,"ఇంటినుంచి పని చేసి రోజుకు ₹5,000 సంపాదించండి. ఉద్యోగం ప్రారంభించడానికి ₹199 రిజిస్ట్రేషన్ ఫీజు చెల్లించండి.",scam,job_scam,te,Research-backed synthetic multilingual,synthetic_research_backed,"ఫేక్ ఉద్యోగం, ముందస్తు ఫీజు, అవాస్తవ ఆదాయం",ఫీజు చెల్లించకండి; ఉద్యోగదాతను స్వతంత్రంగా వెరిఫై చేయండి.,1. ఫీజు చెల్లించకండి; ఉద్యోగదాతను స్వతంత్రంగా వెరిఫై చేయండి. 2. అధికారిక ఛానల్ ద్వారా స్వతంత్రంగా వెరిఫై చేయండి. 3. ఆధారాలను సేవ్ చేసి అవసరమైతే రిపోర్ట్ చేయండి.,High,P1,Telugu synthetic/adapted example; not claimed as verbatim real-world data.
TE-S0125,"CAPTCHAలు పూర్తి చేసి రోజుకు ₹5,000 సంపాదించండి. అకౌంట్ యాక్టివేట్ చేయడానికి ₹999 ఫీజు చెల్లించండి.",scam,fake_captcha_job,te,Research-backed synthetic multilingual,synthetic_research_backed,"ఫేక్ CAPTCHA ఉద్యోగం, ముందస్తు ఫీజు",ఫీజు చెల్లించకండి; ఉద్యోగాన్ని వెరిఫై చేయండి.,1. ఫీజు చెల్లించకండి; ఉద్యోగాన్ని వెరిఫై చేయండి. 2. అధికారిక ఛానల్ ద్వారా స్వతంత్రంగా వెరిఫై చేయండి. 3. ఆధారాలను సేవ్ చేసి అవసరమైతే రిపోర్ట్ చేయండి.,High,P1,Telugu synthetic/adapted example; not claimed as verbatim real-world data.
TE-G0001,మీ Python Developer అప్లికేషన్ తదుపరి దశకు ఎంపికైంది. అధికారిక కెరీర్ పోర్టల్‌ను చెక్ చేయండి.,genuine,job_genuine,te,Research-backed synthetic multilingual,synthetic_research_backed,సాధారణ రిక్రూట్‌మెంట్ సమాచారం,కంపెనీ అధికారిక కెరీర్ పోర్టల్ ద్వారా స్టేటస్ చెక్ చేయండి.,1. కంపెనీ అధికారిక కెరీర్ పోర్టల్ ద్వారా స్టేటస్ చెక్ చేయండి. 2. అధికారిక ఛానల్ ద్వారా స్వతంత్రంగా వెరిఫై చేయండి. 3. ఆధారాలను సేవ్ చేసి అవసరమైతే రిపోర్ట్ చేయండి.,Low,P4,Telugu synthetic/adapted example; not claimed as verbatim real-world data.
TE-G0002,మీ ఆర్డర్ #402-1937460 షిప్ అయింది. ఇది 5 अक्टूबरన డెలివరీ అయ్యే అవకాశం ఉంది.,genuine,delivery,te,Research-backed synthetic multilingual,synthetic_research_backed,సాధారణ డెలివరీ అప్డేట్,అధికారిక యాప్/వెబ్‌సైట్‌లో ట్రాక్ చేయండి.,1. అధికారిక యాప్/వెబ్‌సైట్‌లో ట్రాక్ చేయండి. 2. అధికారిక ఛానల్ ద్వారా స్వతంత్రంగా వెరిఫై చేయండి. 3. ఆధారాలను సేవ్ చేసి అవసరమైతే రిపోర్ట్ చేయండి.,Low,P4,Telugu synthetic/adapted example; not claimed as verbatim real-world data.
TE-G0003,సెమిస్టర్ పరీక్షల టైమ్‌టేబుల్ కాలేజ్ పోర్టల్‌లో విడుదలైంది.,genuine,education,te,Research-backed synthetic multilingual,synthetic_research_backed,సాధారణ విద్యా సమాచారం,అధికారిక కాలేజ్ పోర్టల్‌లో చెక్ చేయండి.,1. అధికారిక కాలేజ్ పోర్టల్‌లో చెక్ చేయండి. 2. అధికారిక ఛానల్ ద్వారా స్వతంత్రంగా వెరిఫై చేయండి. 3. ఆధారాలను సేవ్ చేసి అవసరమైతే రిపోర్ట్ చేయండి.,Low,P4,Telugu synthetic/adapted example; not claimed as verbatim real-world data.
TE-G0004,రేపటి టీమ్ మీటింగ్‌కు ముందు తాజా ప్రాజెక్ట్ బిల్డ్‌ను రివ్యూ చేయండి.,genuine,work,te,Research-backed synthetic multilingual,synthetic_research_backed,సాధారణ వర్క్ మెసేజ్,తెలిసిన ప్రాజెక్ట్ వర్క్‌స్పేస్‌లో రివ్యూ చేయండి.,1. తెలిసిన ప్రాజెక్ట్ వర్క్‌స్పేస్‌లో రివ్యూ చేయండి. 2. అధికారిక ఛానల్ ద్వారా స్వతంత్రంగా వెరిఫై చేయండి. 3. ఆధారాలను సేవ్ చేసి అవసరమైతే రిపోర్ట్ చేయండి.,Low,P4,Telugu synthetic/adapted example; not claimed as verbatim real-world data.
TE-G0005,ఈరోజు 10:00 बजेకి కాలేజ్ క్యాంటీన్‌లో కలుద్దామా?,genuine,personal,te,Research-backed synthetic multilingual,synthetic_research_backed,సాధారణ వ్యక్తిగత సందేశం,సాధారణంగా రిప్లై ఇవ్వండి.,1. సాధారణంగా రిప్లై ఇవ్వండి. 2. అధికారిక ఛానల్ ద్వారా స్వతంత్రంగా వెరిఫై చేయండి. 3. ఆధారాలను సేవ్ చేసి అవసరమైతే రిపోర్ట్ చేయండి.,Low,P4,Telugu synthetic/adapted example; not claimed as verbatim real-world data.
TE-G0006,మీ Microsoft వెరిఫికేషన్ కోడ్ Q-183640. ఈ కోడ్‌ను ఎవరికీ షేర్ చేయకండి.,genuine,otp,te,Research-backed synthetic multilingual,synthetic_research_backed,వాలిడ్ OTP సమాచారం,మీరు ప్రారంభించిన వెరిఫికేషన్‌లో మాత్రమే ఉపయోగించండి.,1. మీరు ప్రారంభించిన వెరిఫికేషన్‌లో మాత్రమే ఉపయోగించండి. 2. అధికారిక ఛానల్ ద్వారా స్వతంత్రంగా వెరిఫై చేయండి. 3. ఆధారాలను సేవ్ చేసి అవసరమైతే రిపోర్ట్ చేయండి.,Low,P4,Telugu synthetic/adapted example; not claimed as verbatim real-world data.
TE-G0007,"మీ సబ్‌స్క్రిప్షన్ 2 अक्टूबरన ₹5,000కి రిన్యూ అవుతుంది.",genuine,subscription,te,Research-backed synthetic multilingual,synthetic_research_backed,సాధారణ సబ్‌స్క్రిప్షన్ సమాచారం,అధికారిక అకౌంట్ సెట్టింగ్స్‌లో వివరాలు చెక్ చేయండి.,1. అధికారిక అకౌంట్ సెట్టింగ్స్‌లో వివరాలు చెక్ చేయండి. 2. అధికారిక ఛానల్ ద్వారా స్వతంత్రంగా వెరిఫై చేయండి. 3. ఆధారాలను సేవ్ చేసి అవసరమైతే రిపోర్ట్ చేయండి.,Low,P4,Telugu synthetic/adapted example; not claimed as verbatim real-world data.
TE-G0008,మీ ₹499 విద్యుత్ బిల్లు 30 सितंबरన చెల్లించాలి.,genuine,utility_genuine,te,Research-backed synthetic multilingual,synthetic_research_backed,సాధారణ యుటిలిటీ రిమైండర్,అధికారిక విద్యుత్ పోర్టల్‌లో బిల్లు చెక్ చేయండి.,1. అధికారిక విద్యుత్ పోర్టల్‌లో బిల్లు చెక్ చేయండి. 2. అధికారిక ఛానల్ ద్వారా స్వతంత్రంగా వెరిఫై చేయండి. 3. ఆధారాలను సేవ్ చేసి అవసరమైతే రిపోర్ట్ చేయండి.,Low,P4,Telugu synthetic/adapted example; not claimed as verbatim real-world data.
TE-G0009,మీ Zomato చెల్లింపు ₹499 విజయవంతంగా ప్రాసెస్ చేయబడింది.,genuine,transaction,te,Research-backed synthetic multilingual,synthetic_research_backed,సాధారణ ట్రాన్సాక్షన్ సమాచారం,అధికారిక యాప్‌లో ట్రాన్సాక్షన్‌ను చెక్ చేయండి.,1. అధికారిక యాప్‌లో ట్రాన్సాక్షన్‌ను చెక్ చేయండి. 2. అధికారిక ఛానల్ ద్వారా స్వతంత్రంగా వెరిఫై చేయండి. 3. ఆధారాలను సేవ్ చేసి అవసరమైతే రిపోర్ట్ చేయండి.,Low,P4,Telugu synthetic/adapted example; not claimed as verbatim real-world data.
TE-G0010,"మీ ₹10,000 విద్యుత్ బిల్లు 2 अक्टूबरన చెల్లించాలి.",genuine,utility_genuine,te,Research-backed synthetic multilingual,synthetic_research_backed,సాధారణ యుటిలిటీ రిమైండర్,అధికారిక విద్యుత్ పోర్టల్‌లో బిల్లు చెక్ చేయండి.,1. అధికారిక విద్యుత్ పోర్టల్‌లో బిల్లు చెక్ చేయండి. 2. అధికారిక ఛానల్ ద్వారా స్వతంత్రంగా వెరిఫై చేయండి. 3. ఆధారాలను సేవ్ చేసి అవసరమైతే రిపోర్ట్ చేయండి.,Low,P4,Telugu synthetic/adapted example; not claimed as verbatim real-world data.
TE-G0011,మీ Java Developer అప్లికేషన్ తదుపరి దశకు ఎంపికైంది. అధికారిక కెరీర్ పోర్టల్‌ను చెక్ చేయండి.,genuine,job_genuine,te,Research-backed synthetic multilingual,synthetic_research_backed,సాధారణ రిక్రూట్‌మెంట్ సమాచారం,కంపెనీ అధికారిక కెరీర్ పోర్టల్ ద్వారా స్టేటస్ చెక్ చేయండి.,1. కంపెనీ అధికారిక కెరీర్ పోర్టల్ ద్వారా స్టేటస్ చెక్ చేయండి. 2. అధికారిక ఛానల్ ద్వారా స్వతంత్రంగా వెరిఫై చేయండి. 3. ఆధారాలను సేవ్ చేసి అవసరమైతే రిపోర్ట్ చేయండి.,Low,P4,Telugu synthetic/adapted example; not claimed as verbatim real-world data.
TE-G0012,మీ మొబైల్ ప్లాన్‌లో 5 GB డేటా మిగిలి ఉంది మరియు ఇది 30 सितंबर వరకు చెల్లుతుంది.,genuine,telecom_genuine,te,Research-backed synthetic multilingual,synthetic_research_backed,సాధారణ టెలికాం సమాచారం,అధికారిక టెలికాం యాప్‌లో చెక్ చేయండి.,1. అధికారిక టెలికాం యాప్‌లో చెక్ చేయండి. 2. అధికారిక ఛానల్ ద్వారా స్వతంత్రంగా వెరిఫై చేయండి. 3. ఆధారాలను సేవ్ చేసి అవసరమైతే రిపోర్ట్ చేయండి.,Low,P4,Telugu synthetic/adapted example; not claimed as verbatim real-world data.
TE-G0013,మీ క్లినిక్ అపాయింట్‌మెంట్ 15 अक्टूबरన 4:30 बजेకి షెడ్యూల్ చేయబడింది.,genuine,healthcare,te,Research-backed synthetic multilingual,synthetic_research_backed,సాధారణ ఆరోగ్య రిమైండర్,అధికారిక క్లినిక్ ఛానల్ ద్వారా నిర్ధారించండి.,1. అధికారిక క్లినిక్ ఛానల్ ద్వారా నిర్ధారించండి. 2. అధికారిక ఛానల్ ద్వారా స్వతంత్రంగా వెరిఫై చేయండి. 3. ఆధారాలను సేవ్ చేసి అవసరమైతే రిపోర్ట్ చేయండి.,Low,P4,Telugu synthetic/adapted example; not claimed as verbatim real-world data.
TE-G0014,మీ సపోర్ట్ టికెట్ SS-10482లో అప్డేట్ ఉంది. వివరాల కోసం అధికారిక సపోర్ట్ పోర్టల్‌లో చూడండి.,genuine,support_genuine,te,Research-backed synthetic multilingual,synthetic_research_backed,సాధారణ సపోర్ట్ సమాచారం,తెలిసిన అధికారిక పోర్టల్‌ను నేరుగా ఓపెన్ చేయండి.,1. తెలిసిన అధికారిక పోర్టల్‌ను నేరుగా ఓపెన్ చేయండి. 2. అధికారిక ఛానల్ ద్వారా స్వతంత్రంగా వెరిఫై చేయండి. 3. ఆధారాలను సేవ్ చేసి అవసరమైతే రిపోర్ట్ చేయండి.,Low,P4,Telugu synthetic/adapted example; not claimed as verbatim real-world data.
TE-G0015,మీ ఆర్డర్ #401-8246152 షిప్ అయింది. ఇది 30 सितंबरన డెలివరీ అయ్యే అవకాశం ఉంది.,genuine,delivery,te,Research-backed synthetic multilingual,synthetic_research_backed,సాధారణ డెలివరీ అప్డేట్,అధికారిక యాప్/వెబ్‌సైట్‌లో ట్రాక్ చేయండి.,1. అధికారిక యాప్/వెబ్‌సైట్‌లో ట్రాక్ చేయండి. 2. అధికారిక ఛానల్ ద్వారా స్వతంత్రంగా వెరిఫై చేయండి. 3. ఆధారాలను సేవ్ చేసి అవసరమైతే రిపోర్ట్ చేయండి.,Low,P4,Telugu synthetic/adapted example; not claimed as verbatim real-world data.
TE-G0016,మీ Frontend Developer అప్లికేషన్ తదుపరి దశకు ఎంపికైంది. అధికారిక కెరీర్ పోర్టల్‌ను చెక్ చేయండి.,genuine,job_genuine,te,Research-backed synthetic multilingual,synthetic_research_backed,సాధారణ రిక్రూట్‌మెంట్ సమాచారం,కంపెనీ అధికారిక కెరీర్ పోర్టల్ ద్వారా స్టేటస్ చెక్ చేయండి.,1. కంపెనీ అధికారిక కెరీర్ పోర్టల్ ద్వారా స్టేటస్ చెక్ చేయండి. 2. అధికారిక ఛానల్ ద్వారా స్వతంత్రంగా వెరిఫై చేయండి. 3. ఆధారాలను సేవ్ చేసి అవసరమైతే రిపోర్ట్ చేయండి.,Low,P4,Telugu synthetic/adapted example; not claimed as verbatim real-world data.
TE-G0017,"మీ సబ్‌స్క్రిప్షన్ 5 अक्टूबरన ₹10,000కి రిన్యూ అవుతుంది.",genuine,subscription,te,Research-backed synthetic multilingual,synthetic_research_backed,సాధారణ సబ్‌స్క్రిప్షన్ సమాచారం,అధికారిక అకౌంట్ సెట్టింగ్స్‌లో వివరాలు చెక్ చేయండి.,1. అధికారిక అకౌంట్ సెట్టింగ్స్‌లో వివరాలు చెక్ చేయండి. 2. అధికారిక ఛానల్ ద్వారా స్వతంత్రంగా వెరిఫై చేయండి. 3. ఆధారాలను సేవ్ చేసి అవసరమైతే రిపోర్ట్ చేయండి.,Low,P4,Telugu synthetic/adapted example; not claimed as verbatim real-world data.
TE-G0018,మీ మొబైల్ ప్లాన్‌లో 1.2 GB డేటా మిగిలి ఉంది మరియు ఇది 2 अक्टूबर వరకు చెల్లుతుంది.,genuine,telecom_genuine,te,Research-backed synthetic multilingual,synthetic_research_backed,సాధారణ టెలికాం సమాచారం,అధికారిక టెలికాం యాప్‌లో చెక్ చేయండి.,1. అధికారిక టెలికాం యాప్‌లో చెక్ చేయండి. 2. అధికారిక ఛానల్ ద్వారా స్వతంత్రంగా వెరిఫై చేయండి. 3. ఆధారాలను సేవ్ చేసి అవసరమైతే రిపోర్ట్ చేయండి.,Low,P4,Telugu synthetic/adapted example; not claimed as verbatim real-world data.
TE-G0019,మీ ఆర్డర్ #402-1937460 షిప్ అయింది. ఇది 10 अक्टूबरన డెలివరీ అయ్యే అవకాశం ఉంది.,genuine,delivery,te,Research-backed synthetic multilingual,synthetic_research_backed,సాధారణ డెలివరీ అప్డేట్,అధికారిక యాప్/వెబ్‌సైట్‌లో ట్రాక్ చేయండి.,1. అధికారిక యాప్/వెబ్‌సైట్‌లో ట్రాక్ చేయండి. 2. అధికారిక ఛానల్ ద్వారా స్వతంత్రంగా వెరిఫై చేయండి. 3. ఆధారాలను సేవ్ చేసి అవసరమైతే రిపోర్ట్ చేయండి.,Low,P4,Telugu synthetic/adapted example; not claimed as verbatim real-world data.
TE-G0020,మీ క్లినిక్ అపాయింట్‌మెంట్ 5 अक्टूबरన 6:00 बजेకి షెడ్యూల్ చేయబడింది.,genuine,healthcare,te,Research-backed synthetic multilingual,synthetic_research_backed,సాధారణ ఆరోగ్య రిమైండర్,అధికారిక క్లినిక్ ఛానల్ ద్వారా నిర్ధారించండి.,1. అధికారిక క్లినిక్ ఛానల్ ద్వారా నిర్ధారించండి. 2. అధికారిక ఛానల్ ద్వారా స్వతంత్రంగా వెరిఫై చేయండి. 3. ఆధారాలను సేవ్ చేసి అవసరమైతే రిపోర్ట్ చేయండి.,Low,P4,Telugu synthetic/adapted example; not claimed as verbatim real-world data.
TE-G0021,"మీ ₹2,499 విద్యుత్ బిల్లు 2 अक्टूबरన చెల్లించాలి.",genuine,utility_genuine,te,Research-backed synthetic multilingual,synthetic_research_backed,సాధారణ యుటిలిటీ రిమైండర్,అధికారిక విద్యుత్ పోర్టల్‌లో బిల్లు చెక్ చేయండి.,1. అధికారిక విద్యుత్ పోర్టల్‌లో బిల్లు చెక్ చేయండి. 2. అధికారిక ఛానల్ ద్వారా స్వతంత్రంగా వెరిఫై చేయండి. 3. ఆధారాలను సేవ్ చేసి అవసరమైతే రిపోర్ట్ చేయండి.,Low,P4,Telugu synthetic/adapted example; not claimed as verbatim real-world data.
TE-G0022,మీ ఆర్డర్ #403-5820147 షిప్ అయింది. ఇది 5 अक्टूबरన డెలివరీ అయ్యే అవకాశం ఉంది.,genuine,delivery,te,Research-backed synthetic multilingual,synthetic_research_backed,సాధారణ డెలివరీ అప్డేట్,అధికారిక యాప్/వెబ్‌సైట్‌లో ట్రాక్ చేయండి.,1. అధికారిక యాప్/వెబ్‌సైట్‌లో ట్రాక్ చేయండి. 2. అధికారిక ఛానల్ ద్వారా స్వతంత్రంగా వెరిఫై చేయండి. 3. ఆధారాలను సేవ్ చేసి అవసరమైతే రిపోర్ట్ చేయండి.,Low,P4,Telugu synthetic/adapted example; not claimed as verbatim real-world data.
TE-G0023,మీ ₹999 విద్యుత్ బిల్లు 15 अक्टूबरన చెల్లించాలి.,genuine,utility_genuine,te,Research-backed synthetic multilingual,synthetic_research_backed,సాధారణ యుటిలిటీ రిమైండర్,అధికారిక విద్యుత్ పోర్టల్‌లో బిల్లు చెక్ చేయండి.,1. అధికారిక విద్యుత్ పోర్టల్‌లో బిల్లు చెక్ చేయండి. 2. అధికారిక ఛానల్ ద్వారా స్వతంత్రంగా వెరిఫై చేయండి. 3. ఆధారాలను సేవ్ చేసి అవసరమైతే రిపోర్ట్ చేయండి.,Low,P4,Telugu synthetic/adapted example; not claimed as verbatim real-world data.
TE-G0024,మీ సబ్‌స్క్రిప్షన్ 5 अक्टूबरన ₹499కి రిన్యూ అవుతుంది.,genuine,subscription,te,Research-backed synthetic multilingual,synthetic_research_backed,సాధారణ సబ్‌స్క్రిప్షన్ సమాచారం,అధికారిక అకౌంట్ సెట్టింగ్స్‌లో వివరాలు చెక్ చేయండి.,1. అధికారిక అకౌంట్ సెట్టింగ్స్‌లో వివరాలు చెక్ చేయండి. 2. అధికారిక ఛానల్ ద్వారా స్వతంత్రంగా వెరిఫై చేయండి. 3. ఆధారాలను సేవ్ చేసి అవసరమైతే రిపోర్ట్ చేయండి.,Low,P4,Telugu synthetic/adapted example; not claimed as verbatim real-world data.
TE-G0025,మీ ఆర్డర్ #403-5820147 షిప్ అయింది. ఇది 10 अक्टूबरన డెలివరీ అయ్యే అవకాశం ఉంది.,genuine,delivery,te,Research-backed synthetic multilingual,synthetic_research_backed,సాధారణ డెలివరీ అప్డేట్,అధికారిక యాప్/వెబ్‌సైట్‌లో ట్రాక్ చేయండి.,1. అధికారిక యాప్/వెబ్‌సైట్‌లో ట్రాక్ చేయండి. 2. అధికారిక ఛానల్ ద్వారా స్వతంత్రంగా వెరిఫై చేయండి. 3. ఆధారాలను సేవ్ చేసి అవసరమైతే రిపోర్ట్ చేయండి.,Low,P4,Telugu synthetic/adapted example; not claimed as verbatim real-world data.
TE-G0026,"మీ ₹10,000 విద్యుత్ బిల్లు 10 अक्टूबरన చెల్లించాలి.",genuine,utility_genuine,te,Research-backed synthetic multilingual,synthetic_research_backed,సాధారణ యుటిలిటీ రిమైండర్,అధికారిక విద్యుత్ పోర్టల్‌లో బిల్లు చెక్ చేయండి.,1. అధికారిక విద్యుత్ పోర్టల్‌లో బిల్లు చెక్ చేయండి. 2. అధికారిక ఛానల్ ద్వారా స్వతంత్రంగా వెరిఫై చేయండి. 3. ఆధారాలను సేవ్ చేసి అవసరమైతే రిపోర్ట్ చేయండి.,Low,P4,Telugu synthetic/adapted example; not claimed as verbatim real-world data.
TE-G0027,మీ మొబైల్ ప్లాన్‌లో 800 MB డేటా మిగిలి ఉంది మరియు ఇది 10 अक्टूबर వరకు చెల్లుతుంది.,genuine,telecom_genuine,te,Research-backed synthetic multilingual,synthetic_research_backed,సాధారణ టెలికాం సమాచారం,అధికారిక టెలికాం యాప్‌లో చెక్ చేయండి.,1. అధికారిక టెలికాం యాప్‌లో చెక్ చేయండి. 2. అధికారిక ఛానల్ ద్వారా స్వతంత్రంగా వెరిఫై చేయండి. 3. ఆధారాలను సేవ్ చేసి అవసరమైతే రిపోర్ట్ చేయండి.,Low,P4,Telugu synthetic/adapted example; not claimed as verbatim real-world data.
TE-G0028,మీ Microsoft వెరిఫికేషన్ కోడ్ A-739214. ఈ కోడ్‌ను ఎవరికీ షేర్ చేయకండి.,genuine,otp,te,Research-backed synthetic multilingual,synthetic_research_backed,వాలిడ్ OTP సమాచారం,మీరు ప్రారంభించిన వెరిఫికేషన్‌లో మాత్రమే ఉపయోగించండి.,1. మీరు ప్రారంభించిన వెరిఫికేషన్‌లో మాత్రమే ఉపయోగించండి. 2. అధికారిక ఛానల్ ద్వారా స్వతంత్రంగా వెరిఫై చేయండి. 3. ఆధారాలను సేవ్ చేసి అవసరమైతే రిపోర్ట్ చేయండి.,Low,P4,Telugu synthetic/adapted example; not claimed as verbatim real-world data.
TE-G0029,మీ ఖాతా చివరి నాలుగు అంకెలు 5730 ఉన్న బ్యాంక్ స్టేట్‌మెంట్ ఆన్‌లైన్ బ్యాంకింగ్‌లో అందుబాటులో ఉంది.,genuine,banking_genuine,te,Research-backed synthetic multilingual,synthetic_research_backed,సాధారణ బ్యాంకింగ్ సమాచారం,బ్యాంక్ అధికారిక యాప్/వెబ్‌సైట్‌ను ఓపెన్ చేయండి.,1. బ్యాంక్ అధికారిక యాప్/వెబ్‌సైట్‌ను ఓపెన్ చేయండి. 2. అధికారిక ఛానల్ ద్వారా స్వతంత్రంగా వెరిఫై చేయండి. 3. ఆధారాలను సేవ్ చేసి అవసరమైతే రిపోర్ట్ చేయండి.,Low,P4,Telugu synthetic/adapted example; not claimed as verbatim real-world data.
TE-G0030,"మీ Swiggy చెల్లింపు ₹2,499 విజయవంతంగా ప్రాసెస్ చేయబడింది.",genuine,transaction,te,Research-backed synthetic multilingual,synthetic_research_backed,సాధారణ ట్రాన్సాక్షన్ సమాచారం,అధికారిక యాప్‌లో ట్రాన్సాక్షన్‌ను చెక్ చేయండి.,1. అధికారిక యాప్‌లో ట్రాన్సాక్షన్‌ను చెక్ చేయండి. 2. అధికారిక ఛానల్ ద్వారా స్వతంత్రంగా వెరిఫై చేయండి. 3. ఆధారాలను సేవ్ చేసి అవసరమైతే రిపోర్ట్ చేయండి.,Low,P4,Telugu synthetic/adapted example; not claimed as verbatim real-world data.
TE-G0031,మీ WhatsApp వెరిఫికేషన్ కోడ్ G-481205. ఈ కోడ్‌ను ఎవరికీ షేర్ చేయకండి.,genuine,otp,te,Research-backed synthetic multilingual,synthetic_research_backed,వాలిడ్ OTP సమాచారం,మీరు ప్రారంభించిన వెరిఫికేషన్‌లో మాత్రమే ఉపయోగించండి.,1. మీరు ప్రారంభించిన వెరిఫికేషన్‌లో మాత్రమే ఉపయోగించండి. 2. అధికారిక ఛానల్ ద్వారా స్వతంత్రంగా వెరిఫై చేయండి. 3. ఆధారాలను సేవ్ చేసి అవసరమైతే రిపోర్ట్ చేయండి.,Low,P4,Telugu synthetic/adapted example; not claimed as verbatim real-world data.
TE-G0032,మీ మొబైల్ ప్లాన్‌లో 1.2 GB డేటా మిగిలి ఉంది మరియు ఇది 5 अक्टूबर వరకు చెల్లుతుంది.,genuine,telecom_genuine,te,Research-backed synthetic multilingual,synthetic_research_backed,సాధారణ టెలికాం సమాచారం,అధికారిక టెలికాం యాప్‌లో చెక్ చేయండి.,1. అధికారిక టెలికాం యాప్‌లో చెక్ చేయండి. 2. అధికారిక ఛానల్ ద్వారా స్వతంత్రంగా వెరిఫై చేయండి. 3. ఆధారాలను సేవ్ చేసి అవసరమైతే రిపోర్ట్ చేయండి.,Low,P4,Telugu synthetic/adapted example; not claimed as verbatim real-world data.
TE-G0033,మీ సబ్‌స్క్రిప్షన్ 15 अक्टूबरన ₹199కి రిన్యూ అవుతుంది.,genuine,subscription,te,Research-backed synthetic multilingual,synthetic_research_backed,సాధారణ సబ్‌స్క్రిప్షన్ సమాచారం,అధికారిక అకౌంట్ సెట్టింగ్స్‌లో వివరాలు చెక్ చేయండి.,1. అధికారిక అకౌంట్ సెట్టింగ్స్‌లో వివరాలు చెక్ చేయండి. 2. అధికారిక ఛానల్ ద్వారా స్వతంత్రంగా వెరిఫై చేయండి. 3. ఆధారాలను సేవ్ చేసి అవసరమైతే రిపోర్ట్ చేయండి.,Low,P4,Telugu synthetic/adapted example; not claimed as verbatim real-world data.
TE-G0034,మీ సబ్‌స్క్రిప్షన్ 10 अक्टूबरన ₹199కి రిన్యూ అవుతుంది.,genuine,subscription,te,Research-backed synthetic multilingual,synthetic_research_backed,సాధారణ సబ్‌స్క్రిప్షన్ సమాచారం,అధికారిక అకౌంట్ సెట్టింగ్స్‌లో వివరాలు చెక్ చేయండి.,1. అధికారిక అకౌంట్ సెట్టింగ్స్‌లో వివరాలు చెక్ చేయండి. 2. అధికారిక ఛానల్ ద్వారా స్వతంత్రంగా వెరిఫై చేయండి. 3. ఆధారాలను సేవ్ చేసి అవసరమైతే రిపోర్ట్ చేయండి.,Low,P4,Telugu synthetic/adapted example; not claimed as verbatim real-world data.
TE-G0035,మీ ఖాతా చివరి నాలుగు అంకెలు 2481 ఉన్న బ్యాంక్ స్టేట్‌మెంట్ ఆన్‌లైన్ బ్యాంకింగ్‌లో అందుబాటులో ఉంది.,genuine,banking_genuine,te,Research-backed synthetic multilingual,synthetic_research_backed,సాధారణ బ్యాంకింగ్ సమాచారం,బ్యాంక్ అధికారిక యాప్/వెబ్‌సైట్‌ను ఓపెన్ చేయండి.,1. బ్యాంక్ అధికారిక యాప్/వెబ్‌సైట్‌ను ఓపెన్ చేయండి. 2. అధికారిక ఛానల్ ద్వారా స్వతంత్రంగా వెరిఫై చేయండి. 3. ఆధారాలను సేవ్ చేసి అవసరమైతే రిపోర్ట్ చేయండి.,Low,P4,Telugu synthetic/adapted example; not claimed as verbatim real-world data.
TE-G0036,మీ క్లినిక్ అపాయింట్‌మెంట్ 5 अक्टूबरన 4:30 बजेకి షెడ్యూల్ చేయబడింది.,genuine,healthcare,te,Research-backed synthetic multilingual,synthetic_research_backed,సాధారణ ఆరోగ్య రిమైండర్,అధికారిక క్లినిక్ ఛానల్ ద్వారా నిర్ధారించండి.,1. అధికారిక క్లినిక్ ఛానల్ ద్వారా నిర్ధారించండి. 2. అధికారిక ఛానల్ ద్వారా స్వతంత్రంగా వెరిఫై చేయండి. 3. ఆధారాలను సేవ్ చేసి అవసరమైతే రిపోర్ట్ చేయండి.,Low,P4,Telugu synthetic/adapted example; not claimed as verbatim real-world data.
TE-G0037,మీ ఆర్డర్ #403-5820147 షిప్ అయింది. ఇది 30 सितंबरన డెలివరీ అయ్యే అవకాశం ఉంది.,genuine,delivery,te,Research-backed synthetic multilingual,synthetic_research_backed,సాధారణ డెలివరీ అప్డేట్,అధికారిక యాప్/వెబ్‌సైట్‌లో ట్రాక్ చేయండి.,1. అధికారిక యాప్/వెబ్‌సైట్‌లో ట్రాక్ చేయండి. 2. అధికారిక ఛానల్ ద్వారా స్వతంత్రంగా వెరిఫై చేయండి. 3. ఆధారాలను సేవ్ చేసి అవసరమైతే రిపోర్ట్ చేయండి.,Low,P4,Telugu synthetic/adapted example; not claimed as verbatim real-world data.
TE-G0038,"మీ Uber చెల్లింపు ₹5,000 విజయవంతంగా ప్రాసెస్ చేయబడింది.",genuine,transaction,te,Research-backed synthetic multilingual,synthetic_research_backed,సాధారణ ట్రాన్సాక్షన్ సమాచారం,అధికారిక యాప్‌లో ట్రాన్సాక్షన్‌ను చెక్ చేయండి.,1. అధికారిక యాప్‌లో ట్రాన్సాక్షన్‌ను చెక్ చేయండి. 2. అధికారిక ఛానల్ ద్వారా స్వతంత్రంగా వెరిఫై చేయండి. 3. ఆధారాలను సేవ్ చేసి అవసరమైతే రిపోర్ట్ చేయండి.,Low,P4,Telugu synthetic/adapted example; not claimed as verbatim real-world data.
TE-G0039,మీ మొబైల్ ప్లాన్‌లో 5 GB డేటా మిగిలి ఉంది మరియు ఇది 5 अक्टूबर వరకు చెల్లుతుంది.,genuine,telecom_genuine,te,Research-backed synthetic multilingual,synthetic_research_backed,సాధారణ టెలికాం సమాచారం,అధికారిక టెలికాం యాప్‌లో చెక్ చేయండి.,1. అధికారిక టెలికాం యాప్‌లో చెక్ చేయండి. 2. అధికారిక ఛానల్ ద్వారా స్వతంత్రంగా వెరిఫై చేయండి. 3. ఆధారాలను సేవ్ చేసి అవసరమైతే రిపోర్ట్ చేయండి.,Low,P4,Telugu synthetic/adapted example; not claimed as verbatim real-world data.
TE-G0040,ఈరోజు 9:30 बजेకి కాలేజ్ క్యాంటీన్‌లో కలుద్దామా?,genuine,personal,te,Research-backed synthetic multilingual,synthetic_research_backed,సాధారణ వ్యక్తిగత సందేశం,సాధారణంగా రిప్లై ఇవ్వండి.,1. సాధారణంగా రిప్లై ఇవ్వండి. 2. అధికారిక ఛానల్ ద్వారా స్వతంత్రంగా వెరిఫై చేయండి. 3. ఆధారాలను సేవ్ చేసి అవసరమైతే రిపోర్ట్ చేయండి.,Low,P4,Telugu synthetic/adapted example; not claimed as verbatim real-world data.
TE-G0041,మీ క్లినిక్ అపాయింట్‌మెంట్ 30 सितंबरన 10:00 बजेకి షెడ్యూల్ చేయబడింది.,genuine,healthcare,te,Research-backed synthetic multilingual,synthetic_research_backed,సాధారణ ఆరోగ్య రిమైండర్,అధికారిక క్లినిక్ ఛానల్ ద్వారా నిర్ధారించండి.,1. అధికారిక క్లినిక్ ఛానల్ ద్వారా నిర్ధారించండి. 2. అధికారిక ఛానల్ ద్వారా స్వతంత్రంగా వెరిఫై చేయండి. 3. ఆధారాలను సేవ్ చేసి అవసరమైతే రిపోర్ట్ చేయండి.,Low,P4,Telugu synthetic/adapted example; not claimed as verbatim real-world data.
TE-G0042,మీ ఖాతా చివరి నాలుగు అంకెలు 1024 ఉన్న బ్యాంక్ స్టేట్‌మెంట్ ఆన్‌లైన్ బ్యాంకింగ్‌లో అందుబాటులో ఉంది.,genuine,banking_genuine,te,Research-backed synthetic multilingual,synthetic_research_backed,సాధారణ బ్యాంకింగ్ సమాచారం,బ్యాంక్ అధికారిక యాప్/వెబ్‌సైట్‌ను ఓపెన్ చేయండి.,1. బ్యాంక్ అధికారిక యాప్/వెబ్‌సైట్‌ను ఓపెన్ చేయండి. 2. అధికారిక ఛానల్ ద్వారా స్వతంత్రంగా వెరిఫై చేయండి. 3. ఆధారాలను సేవ్ చేసి అవసరమైతే రిపోర్ట్ చేయండి.,Low,P4,Telugu synthetic/adapted example; not claimed as verbatim real-world data.
TE-G0043,మీ Flipkart చెల్లింపు ₹499 విజయవంతంగా ప్రాసెస్ చేయబడింది.,genuine,transaction,te,Research-backed synthetic multilingual,synthetic_research_backed,సాధారణ ట్రాన్సాక్షన్ సమాచారం,అధికారిక యాప్‌లో ట్రాన్సాక్షన్‌ను చెక్ చేయండి.,1. అధికారిక యాప్‌లో ట్రాన్సాక్షన్‌ను చెక్ చేయండి. 2. అధికారిక ఛానల్ ద్వారా స్వతంత్రంగా వెరిఫై చేయండి. 3. ఆధారాలను సేవ్ చేసి అవసరమైతే రిపోర్ట్ చేయండి.,Low,P4,Telugu synthetic/adapted example; not claimed as verbatim real-world data.
TE-G0044,మీ Zomato చెల్లింపు ₹199 విజయవంతంగా ప్రాసెస్ చేయబడింది.,genuine,transaction,te,Research-backed synthetic multilingual,synthetic_research_backed,సాధారణ ట్రాన్సాక్షన్ సమాచారం,అధికారిక యాప్‌లో ట్రాన్సాక్షన్‌ను చెక్ చేయండి.,1. అధికారిక యాప్‌లో ట్రాన్సాక్షన్‌ను చెక్ చేయండి. 2. అధికారిక ఛానల్ ద్వారా స్వతంత్రంగా వెరిఫై చేయండి. 3. ఆధారాలను సేవ్ చేసి అవసరమైతే రిపోర్ట్ చేయండి.,Low,P4,Telugu synthetic/adapted example; not claimed as verbatim real-world data.
TE-G0045,మీ క్లినిక్ అపాయింట్‌మెంట్ 5 अक्टूबरన 10:00 बजेకి షెడ్యూల్ చేయబడింది.,genuine,healthcare,te,Research-backed synthetic multilingual,synthetic_research_backed,సాధారణ ఆరోగ్య రిమైండర్,అధికారిక క్లినిక్ ఛానల్ ద్వారా నిర్ధారించండి.,1. అధికారిక క్లినిక్ ఛానల్ ద్వారా నిర్ధారించండి. 2. అధికారిక ఛానల్ ద్వారా స్వతంత్రంగా వెరిఫై చేయండి. 3. ఆధారాలను సేవ్ చేసి అవసరమైతే రిపోర్ట్ చేయండి.,Low,P4,Telugu synthetic/adapted example; not claimed as verbatim real-world data.
TE-G0046,మీ ట్రావెల్ బుకింగ్ R2N6VT 15 अक्टूबरకి కన్ఫర్మ్ అయింది.,genuine,travel,te,Research-backed synthetic multilingual,synthetic_research_backed,సాధారణ ట్రావెల్ కన్ఫర్మేషన్,అధికారిక ట్రావెల్ యాప్‌లో చెక్ చేయండి.,1. అధికారిక ట్రావెల్ యాప్‌లో చెక్ చేయండి. 2. అధికారిక ఛానల్ ద్వారా స్వతంత్రంగా వెరిఫై చేయండి. 3. ఆధారాలను సేవ్ చేసి అవసరమైతే రిపోర్ట్ చేయండి.,Low,P4,Telugu synthetic/adapted example; not claimed as verbatim real-world data.
TE-G0047,మీ ట్రావెల్ బుకింగ్ R2N6VT 10 अक्टूबरకి కన్ఫర్మ్ అయింది.,genuine,travel,te,Research-backed synthetic multilingual,synthetic_research_backed,సాధారణ ట్రావెల్ కన్ఫర్మేషన్,అధికారిక ట్రావెల్ యాప్‌లో చెక్ చేయండి.,1. అధికారిక ట్రావెల్ యాప్‌లో చెక్ చేయండి. 2. అధికారిక ఛానల్ ద్వారా స్వతంత్రంగా వెరిఫై చేయండి. 3. ఆధారాలను సేవ్ చేసి అవసరమైతే రిపోర్ట్ చేయండి.,Low,P4,Telugu synthetic/adapted example; not claimed as verbatim real-world data.
TE-G0048,మీ మొబైల్ ప్లాన్‌లో 2.8 GB డేటా మిగిలి ఉంది మరియు ఇది 15 अक्टूबर వరకు చెల్లుతుంది.,genuine,telecom_genuine,te,Research-backed synthetic multilingual,synthetic_research_backed,సాధారణ టెలికాం సమాచారం,అధికారిక టెలికాం యాప్‌లో చెక్ చేయండి.,1. అధికారిక టెలికాం యాప్‌లో చెక్ చేయండి. 2. అధికారిక ఛానల్ ద్వారా స్వతంత్రంగా వెరిఫై చేయండి. 3. ఆధారాలను సేవ్ చేసి అవసరమైతే రిపోర్ట్ చేయండి.,Low,P4,Telugu synthetic/adapted example; not claimed as verbatim real-world data.
TE-G0049,"మీ Uber చెల్లింపు ₹10,000 విజయవంతంగా ప్రాసెస్ చేయబడింది.",genuine,transaction,te,Research-backed synthetic multilingual,synthetic_research_backed,సాధారణ ట్రాన్సాక్షన్ సమాచారం,అధికారిక యాప్‌లో ట్రాన్సాక్షన్‌ను చెక్ చేయండి.,1. అధికారిక యాప్‌లో ట్రాన్సాక్షన్‌ను చెక్ చేయండి. 2. అధికారిక ఛానల్ ద్వారా స్వతంత్రంగా వెరిఫై చేయండి. 3. ఆధారాలను సేవ్ చేసి అవసరమైతే రిపోర్ట్ చేయండి.,Low,P4,Telugu synthetic/adapted example; not claimed as verbatim real-world data.
TE-G0050,రిమైండర్: మీ అపాయింట్‌మెంట్ 2 अक्टूबरన 6:00 बजेకి ఉంది.,genuine,appointment,te,Research-backed synthetic multilingual,synthetic_research_backed,సాధారణ అపాయింట్‌మెంట్ రిమైండర్,అధికారిక ప్రొవైడర్ ద్వారా వివరాలను నిర్ధారించండి.,1. అధికారిక ప్రొవైడర్ ద్వారా వివరాలను నిర్ధారించండి. 2. అధికారిక ఛానల్ ద్వారా స్వతంత్రంగా వెరిఫై చేయండి. 3. ఆధారాలను సేవ్ చేసి అవసరమైతే రిపోర్ట్ చేయండి.,Low,P4,Telugu synthetic/adapted example; not claimed as verbatim real-world data.
TE-G0051,మీ Spotify చెల్లింపు ₹199 విజయవంతంగా ప్రాసెస్ చేయబడింది.,genuine,transaction,te,Research-backed synthetic multilingual,synthetic_research_backed,సాధారణ ట్రాన్సాక్షన్ సమాచారం,అధికారిక యాప్‌లో ట్రాన్సాక్షన్‌ను చెక్ చేయండి.,1. అధికారిక యాప్‌లో ట్రాన్సాక్షన్‌ను చెక్ చేయండి. 2. అధికారిక ఛానల్ ద్వారా స్వతంత్రంగా వెరిఫై చేయండి. 3. ఆధారాలను సేవ్ చేసి అవసరమైతే రిపోర్ట్ చేయండి.,Low,P4,Telugu synthetic/adapted example; not claimed as verbatim real-world data.
TE-G0052,రిమైండర్: మీ అపాయింట్‌మెంట్ 10 अक्टूबरన 2:00 बजेకి ఉంది.,genuine,appointment,te,Research-backed synthetic multilingual,synthetic_research_backed,సాధారణ అపాయింట్‌మెంట్ రిమైండర్,అధికారిక ప్రొవైడర్ ద్వారా వివరాలను నిర్ధారించండి.,1. అధికారిక ప్రొవైడర్ ద్వారా వివరాలను నిర్ధారించండి. 2. అధికారిక ఛానల్ ద్వారా స్వతంత్రంగా వెరిఫై చేయండి. 3. ఆధారాలను సేవ్ చేసి అవసరమైతే రిపోర్ట్ చేయండి.,Low,P4,Telugu synthetic/adapted example; not claimed as verbatim real-world data.
TE-G0053,ఈరోజు 4:30 बजेకి కాలేజ్ క్యాంటీన్‌లో కలుద్దామా?,genuine,personal,te,Research-backed synthetic multilingual,synthetic_research_backed,సాధారణ వ్యక్తిగత సందేశం,సాధారణంగా రిప్లై ఇవ్వండి.,1. సాధారణంగా రిప్లై ఇవ్వండి. 2. అధికారిక ఛానల్ ద్వారా స్వతంత్రంగా వెరిఫై చేయండి. 3. ఆధారాలను సేవ్ చేసి అవసరమైతే రిపోర్ట్ చేయండి.,Low,P4,Telugu synthetic/adapted example; not claimed as verbatim real-world data.
TE-G0054,మీ ట్రావెల్ బుకింగ్ Q4M8LX 30 सितंबरకి కన్ఫర్మ్ అయింది.,genuine,travel,te,Research-backed synthetic multilingual,synthetic_research_backed,సాధారణ ట్రావెల్ కన్ఫర్మేషన్,అధికారిక ట్రావెల్ యాప్‌లో చెక్ చేయండి.,1. అధికారిక ట్రావెల్ యాప్‌లో చెక్ చేయండి. 2. అధికారిక ఛానల్ ద్వారా స్వతంత్రంగా వెరిఫై చేయండి. 3. ఆధారాలను సేవ్ చేసి అవసరమైతే రిపోర్ట్ చేయండి.,Low,P4,Telugu synthetic/adapted example; not claimed as verbatim real-world data.
TE-G0055,"మీ ₹5,000 విద్యుత్ బిల్లు 15 अक्टूबरన చెల్లించాలి.",genuine,utility_genuine,te,Research-backed synthetic multilingual,synthetic_research_backed,సాధారణ యుటిలిటీ రిమైండర్,అధికారిక విద్యుత్ పోర్టల్‌లో బిల్లు చెక్ చేయండి.,1. అధికారిక విద్యుత్ పోర్టల్‌లో బిల్లు చెక్ చేయండి. 2. అధికారిక ఛానల్ ద్వారా స్వతంత్రంగా వెరిఫై చేయండి. 3. ఆధారాలను సేవ్ చేసి అవసరమైతే రిపోర్ట్ చేయండి.,Low,P4,Telugu synthetic/adapted example; not claimed as verbatim real-world data.
TE-G0056,మీ ఖాతా చివరి నాలుగు అంకెలు 8842 ఉన్న బ్యాంక్ స్టేట్‌మెంట్ ఆన్‌లైన్ బ్యాంకింగ్‌లో అందుబాటులో ఉంది.,genuine,banking_genuine,te,Research-backed synthetic multilingual,synthetic_research_backed,సాధారణ బ్యాంకింగ్ సమాచారం,బ్యాంక్ అధికారిక యాప్/వెబ్‌సైట్‌ను ఓపెన్ చేయండి.,1. బ్యాంక్ అధికారిక యాప్/వెబ్‌సైట్‌ను ఓపెన్ చేయండి. 2. అధికారిక ఛానల్ ద్వారా స్వతంత్రంగా వెరిఫై చేయండి. 3. ఆధారాలను సేవ్ చేసి అవసరమైతే రిపోర్ట్ చేయండి.,Low,P4,Telugu synthetic/adapted example; not claimed as verbatim real-world data.
TE-G0057,మీ Flipkart వెరిఫికేషన్ కోడ్ A-739214. ఈ కోడ్‌ను ఎవరికీ షేర్ చేయకండి.,genuine,otp,te,Research-backed synthetic multilingual,synthetic_research_backed,వాలిడ్ OTP సమాచారం,మీరు ప్రారంభించిన వెరిఫికేషన్‌లో మాత్రమే ఉపయోగించండి.,1. మీరు ప్రారంభించిన వెరిఫికేషన్‌లో మాత్రమే ఉపయోగించండి. 2. అధికారిక ఛానల్ ద్వారా స్వతంత్రంగా వెరిఫై చేయండి. 3. ఆధారాలను సేవ్ చేసి అవసరమైతే రిపోర్ట్ చేయండి.,Low,P4,Telugu synthetic/adapted example; not claimed as verbatim real-world data.
TE-G0058,మీ Paytm వెరిఫికేషన్ కోడ్ G-481205. ఈ కోడ్‌ను ఎవరికీ షేర్ చేయకండి.,genuine,otp,te,Research-backed synthetic multilingual,synthetic_research_backed,వాలిడ్ OTP సమాచారం,మీరు ప్రారంభించిన వెరిఫికేషన్‌లో మాత్రమే ఉపయోగించండి.,1. మీరు ప్రారంభించిన వెరిఫికేషన్‌లో మాత్రమే ఉపయోగించండి. 2. అధికారిక ఛానల్ ద్వారా స్వతంత్రంగా వెరిఫై చేయండి. 3. ఆధారాలను సేవ్ చేసి అవసరమైతే రిపోర్ట్ చేయండి.,Low,P4,Telugu synthetic/adapted example; not claimed as verbatim real-world data.
TE-G0059,మీ ₹199 విద్యుత్ బిల్లు 2 अक्टूबरన చెల్లించాలి.,genuine,utility_genuine,te,Research-backed synthetic multilingual,synthetic_research_backed,సాధారణ యుటిలిటీ రిమైండర్,అధికారిక విద్యుత్ పోర్టల్‌లో బిల్లు చెక్ చేయండి.,1. అధికారిక విద్యుత్ పోర్టల్‌లో బిల్లు చెక్ చేయండి. 2. అధికారిక ఛానల్ ద్వారా స్వతంత్రంగా వెరిఫై చేయండి. 3. ఆధారాలను సేవ్ చేసి అవసరమైతే రిపోర్ట్ చేయండి.,Low,P4,Telugu synthetic/adapted example; not claimed as verbatim real-world data.
TE-G0060,మీ ₹499 విద్యుత్ బిల్లు 15 अक्टूबरన చెల్లించాలి.,genuine,utility_genuine,te,Research-backed synthetic multilingual,synthetic_research_backed,సాధారణ యుటిలిటీ రిమైండర్,అధికారిక విద్యుత్ పోర్టల్‌లో బిల్లు చెక్ చేయండి.,1. అధికారిక విద్యుత్ పోర్టల్‌లో బిల్లు చెక్ చేయండి. 2. అధికారిక ఛానల్ ద్వారా స్వతంత్రంగా వెరిఫై చేయండి. 3. ఆధారాలను సేవ్ చేసి అవసరమైతే రిపోర్ట్ చేయండి.,Low,P4,Telugu synthetic/adapted example; not claimed as verbatim real-world data.
TE-G0061,మీ Instagram వెరిఫికేషన్ కోడ్ G-481205. ఈ కోడ్‌ను ఎవరికీ షేర్ చేయకండి.,genuine,otp,te,Research-backed synthetic multilingual,synthetic_research_backed,వాలిడ్ OTP సమాచారం,మీరు ప్రారంభించిన వెరిఫికేషన్‌లో మాత్రమే ఉపయోగించండి.,1. మీరు ప్రారంభించిన వెరిఫికేషన్‌లో మాత్రమే ఉపయోగించండి. 2. అధికారిక ఛానల్ ద్వారా స్వతంత్రంగా వెరిఫై చేయండి. 3. ఆధారాలను సేవ్ చేసి అవసరమైతే రిపోర్ట్ చేయండి.,Low,P4,Telugu synthetic/adapted example; not claimed as verbatim real-world data.
TE-G0062,మీ మొబైల్ ప్లాన్‌లో 5 GB డేటా మిగిలి ఉంది మరియు ఇది 15 अक्टूबर వరకు చెల్లుతుంది.,genuine,telecom_genuine,te,Research-backed synthetic multilingual,synthetic_research_backed,సాధారణ టెలికాం సమాచారం,అధికారిక టెలికాం యాప్‌లో చెక్ చేయండి.,1. అధికారిక టెలికాం యాప్‌లో చెక్ చేయండి. 2. అధికారిక ఛానల్ ద్వారా స్వతంత్రంగా వెరిఫై చేయండి. 3. ఆధారాలను సేవ్ చేసి అవసరమైతే రిపోర్ట్ చేయండి.,Low,P4,Telugu synthetic/adapted example; not claimed as verbatim real-world data.
TE-G0063,మీ ఆర్డర్ #401-8246152 షిప్ అయింది. ఇది 5 अक्टूबरన డెలివరీ అయ్యే అవకాశం ఉంది.,genuine,delivery,te,Research-backed synthetic multilingual,synthetic_research_backed,సాధారణ డెలివరీ అప్డేట్,అధికారిక యాప్/వెబ్‌సైట్‌లో ట్రాక్ చేయండి.,1. అధికారిక యాప్/వెబ్‌సైట్‌లో ట్రాక్ చేయండి. 2. అధికారిక ఛానల్ ద్వారా స్వతంత్రంగా వెరిఫై చేయండి. 3. ఆధారాలను సేవ్ చేసి అవసరమైతే రిపోర్ట్ చేయండి.,Low,P4,Telugu synthetic/adapted example; not claimed as verbatim real-world data.
TE-G0064,మీ సబ్‌స్క్రిప్షన్ 30 सितंबरన ₹199కి రిన్యూ అవుతుంది.,genuine,subscription,te,Research-backed synthetic multilingual,synthetic_research_backed,సాధారణ సబ్‌స్క్రిప్షన్ సమాచారం,అధికారిక అకౌంట్ సెట్టింగ్స్‌లో వివరాలు చెక్ చేయండి.,1. అధికారిక అకౌంట్ సెట్టింగ్స్‌లో వివరాలు చెక్ చేయండి. 2. అధికారిక ఛానల్ ద్వారా స్వతంత్రంగా వెరిఫై చేయండి. 3. ఆధారాలను సేవ్ చేసి అవసరమైతే రిపోర్ట్ చేయండి.,Low,P4,Telugu synthetic/adapted example; not claimed as verbatim real-world data.
TE-G0065,"మీ ₹2,499 విద్యుత్ బిల్లు 15 अक्टूबरన చెల్లించాలి.",genuine,utility_genuine,te,Research-backed synthetic multilingual,synthetic_research_backed,సాధారణ యుటిలిటీ రిమైండర్,అధికారిక విద్యుత్ పోర్టల్‌లో బిల్లు చెక్ చేయండి.,1. అధికారిక విద్యుత్ పోర్టల్‌లో బిల్లు చెక్ చేయండి. 2. అధికారిక ఛానల్ ద్వారా స్వతంత్రంగా వెరిఫై చేయండి. 3. ఆధారాలను సేవ్ చేసి అవసరమైతే రిపోర్ట్ చేయండి.,Low,P4,Telugu synthetic/adapted example; not claimed as verbatim real-world data.
TE-G0066,"మీ ₹10,000 విద్యుత్ బిల్లు 15 अक्टूबरన చెల్లించాలి.",genuine,utility_genuine,te,Research-backed synthetic multilingual,synthetic_research_backed,సాధారణ యుటిలిటీ రిమైండర్,అధికారిక విద్యుత్ పోర్టల్‌లో బిల్లు చెక్ చేయండి.,1. అధికారిక విద్యుత్ పోర్టల్‌లో బిల్లు చెక్ చేయండి. 2. అధికారిక ఛానల్ ద్వారా స్వతంత్రంగా వెరిఫై చేయండి. 3. ఆధారాలను సేవ్ చేసి అవసరమైతే రిపోర్ట్ చేయండి.,Low,P4,Telugu synthetic/adapted example; not claimed as verbatim real-world data.
TE-G0067,"మీ ₹10,000 విద్యుత్ బిల్లు 30 सितंबरన చెల్లించాలి.",genuine,utility_genuine,te,Research-backed synthetic multilingual,synthetic_research_backed,సాధారణ యుటిలిటీ రిమైండర్,అధికారిక విద్యుత్ పోర్టల్‌లో బిల్లు చెక్ చేయండి.,1. అధికారిక విద్యుత్ పోర్టల్‌లో బిల్లు చెక్ చేయండి. 2. అధికారిక ఛానల్ ద్వారా స్వతంత్రంగా వెరిఫై చేయండి. 3. ఆధారాలను సేవ్ చేసి అవసరమైతే రిపోర్ట్ చేయండి.,Low,P4,Telugu synthetic/adapted example; not claimed as verbatim real-world data.
TE-G0068,"మీ సబ్‌స్క్రిప్షన్ 10 अक्टूबरన ₹5,000కి రిన్యూ అవుతుంది.",genuine,subscription,te,Research-backed synthetic multilingual,synthetic_research_backed,సాధారణ సబ్‌స్క్రిప్షన్ సమాచారం,అధికారిక అకౌంట్ సెట్టింగ్స్‌లో వివరాలు చెక్ చేయండి.,1. అధికారిక అకౌంట్ సెట్టింగ్స్‌లో వివరాలు చెక్ చేయండి. 2. అధికారిక ఛానల్ ద్వారా స్వతంత్రంగా వెరిఫై చేయండి. 3. ఆధారాలను సేవ్ చేసి అవసరమైతే రిపోర్ట్ చేయండి.,Low,P4,Telugu synthetic/adapted example; not claimed as verbatim real-world data.
TE-G0069,మీ క్లినిక్ అపాయింట్‌మెంట్ 15 अक्टूबरన 2:00 बजेకి షెడ్యూల్ చేయబడింది.,genuine,healthcare,te,Research-backed synthetic multilingual,synthetic_research_backed,సాధారణ ఆరోగ్య రిమైండర్,అధికారిక క్లినిక్ ఛానల్ ద్వారా నిర్ధారించండి.,1. అధికారిక క్లినిక్ ఛానల్ ద్వారా నిర్ధారించండి. 2. అధికారిక ఛానల్ ద్వారా స్వతంత్రంగా వెరిఫై చేయండి. 3. ఆధారాలను సేవ్ చేసి అవసరమైతే రిపోర్ట్ చేయండి.,Low,P4,Telugu synthetic/adapted example; not claimed as verbatim real-world data.
TE-G0070,మీ Google వెరిఫికేషన్ కోడ్ Q-183640. ఈ కోడ్‌ను ఎవరికీ షేర్ చేయకండి.,genuine,otp,te,Research-backed synthetic multilingual,synthetic_research_backed,వాలిడ్ OTP సమాచారం,మీరు ప్రారంభించిన వెరిఫికేషన్‌లో మాత్రమే ఉపయోగించండి.,1. మీరు ప్రారంభించిన వెరిఫికేషన్‌లో మాత్రమే ఉపయోగించండి. 2. అధికారిక ఛానల్ ద్వారా స్వతంత్రంగా వెరిఫై చేయండి. 3. ఆధారాలను సేవ్ చేసి అవసరమైతే రిపోర్ట్ చేయండి.,Low,P4,Telugu synthetic/adapted example; not claimed as verbatim real-world data.
TE-G0071,మీ Instagram వెరిఫికేషన్ కోడ్ Q-183640. ఈ కోడ్‌ను ఎవరికీ షేర్ చేయకండి.,genuine,otp,te,Research-backed synthetic multilingual,synthetic_research_backed,వాలిడ్ OTP సమాచారం,మీరు ప్రారంభించిన వెరిఫికేషన్‌లో మాత్రమే ఉపయోగించండి.,1. మీరు ప్రారంభించిన వెరిఫికేషన్‌లో మాత్రమే ఉపయోగించండి. 2. అధికారిక ఛానల్ ద్వారా స్వతంత్రంగా వెరిఫై చేయండి. 3. ఆధారాలను సేవ్ చేసి అవసరమైతే రిపోర్ట్ చేయండి.,Low,P4,Telugu synthetic/adapted example; not claimed as verbatim real-world data.
TE-G0072,మీ Software Intern అప్లికేషన్ తదుపరి దశకు ఎంపికైంది. అధికారిక కెరీర్ పోర్టల్‌ను చెక్ చేయండి.,genuine,job_genuine,te,Research-backed synthetic multilingual,synthetic_research_backed,సాధారణ రిక్రూట్‌మెంట్ సమాచారం,కంపెనీ అధికారిక కెరీర్ పోర్టల్ ద్వారా స్టేటస్ చెక్ చేయండి.,1. కంపెనీ అధికారిక కెరీర్ పోర్టల్ ద్వారా స్టేటస్ చెక్ చేయండి. 2. అధికారిక ఛానల్ ద్వారా స్వతంత్రంగా వెరిఫై చేయండి. 3. ఆధారాలను సేవ్ చేసి అవసరమైతే రిపోర్ట్ చేయండి.,Low,P4,Telugu synthetic/adapted example; not claimed as verbatim real-world data.
TE-G0073,మీ ఆర్డర్ #402-1937460 షిప్ అయింది. ఇది 30 सितंबरన డెలివరీ అయ్యే అవకాశం ఉంది.,genuine,delivery,te,Research-backed synthetic multilingual,synthetic_research_backed,సాధారణ డెలివరీ అప్డేట్,అధికారిక యాప్/వెబ్‌సైట్‌లో ట్రాక్ చేయండి.,1. అధికారిక యాప్/వెబ్‌సైట్‌లో ట్రాక్ చేయండి. 2. అధికారిక ఛానల్ ద్వారా స్వతంత్రంగా వెరిఫై చేయండి. 3. ఆధారాలను సేవ్ చేసి అవసరమైతే రిపోర్ట్ చేయండి.,Low,P4,Telugu synthetic/adapted example; not claimed as verbatim real-world data.
TE-G0074,"మీ Spotify చెల్లింపు ₹5,000 విజయవంతంగా ప్రాసెస్ చేయబడింది.",genuine,transaction,te,Research-backed synthetic multilingual,synthetic_research_backed,సాధారణ ట్రాన్సాక్షన్ సమాచారం,అధికారిక యాప్‌లో ట్రాన్సాక్షన్‌ను చెక్ చేయండి.,1. అధికారిక యాప్‌లో ట్రాన్సాక్షన్‌ను చెక్ చేయండి. 2. అధికారిక ఛానల్ ద్వారా స్వతంత్రంగా వెరిఫై చేయండి. 3. ఆధారాలను సేవ్ చేసి అవసరమైతే రిపోర్ట్ చేయండి.,Low,P4,Telugu synthetic/adapted example; not claimed as verbatim real-world data.
TE-G0075,మీ Amazon చెల్లింపు ₹199 విజయవంతంగా ప్రాసెస్ చేయబడింది.,genuine,transaction,te,Research-backed synthetic multilingual,synthetic_research_backed,సాధారణ ట్రాన్సాక్షన్ సమాచారం,అధికారిక యాప్‌లో ట్రాన్సాక్షన్‌ను చెక్ చేయండి.,1. అధికారిక యాప్‌లో ట్రాన్సాక్షన్‌ను చెక్ చేయండి. 2. అధికారిక ఛానల్ ద్వారా స్వతంత్రంగా వెరిఫై చేయండి. 3. ఆధారాలను సేవ్ చేసి అవసరమైతే రిపోర్ట్ చేయండి.,Low,P4,Telugu synthetic/adapted example; not claimed as verbatim real-world data.
TE-G0076,మీ మొబైల్ ప్లాన్‌లో 2.8 GB డేటా మిగిలి ఉంది మరియు ఇది 2 अक्टूबर వరకు చెల్లుతుంది.,genuine,telecom_genuine,te,Research-backed synthetic multilingual,synthetic_research_backed,సాధారణ టెలికాం సమాచారం,అధికారిక టెలికాం యాప్‌లో చెక్ చేయండి.,1. అధికారిక టెలికాం యాప్‌లో చెక్ చేయండి. 2. అధికారిక ఛానల్ ద్వారా స్వతంత్రంగా వెరిఫై చేయండి. 3. ఆధారాలను సేవ్ చేసి అవసరమైతే రిపోర్ట్ చేయండి.,Low,P4,Telugu synthetic/adapted example; not claimed as verbatim real-world data.
TE-G0077,ఈరోజు 2:00 बजेకి కాలేజ్ క్యాంటీన్‌లో కలుద్దామా?,genuine,personal,te,Research-backed synthetic multilingual,synthetic_research_backed,సాధారణ వ్యక్తిగత సందేశం,సాధారణంగా రిప్లై ఇవ్వండి.,1. సాధారణంగా రిప్లై ఇవ్వండి. 2. అధికారిక ఛానల్ ద్వారా స్వతంత్రంగా వెరిఫై చేయండి. 3. ఆధారాలను సేవ్ చేసి అవసరమైతే రిపోర్ట్ చేయండి.,Low,P4,Telugu synthetic/adapted example; not claimed as verbatim real-world data.
TE-G0078,రిమైండర్: మీ అపాయింట్‌మెంట్ 30 सितंबरన 10:00 बजेకి ఉంది.,genuine,appointment,te,Research-backed synthetic multilingual,synthetic_research_backed,సాధారణ అపాయింట్‌మెంట్ రిమైండర్,అధికారిక ప్రొవైడర్ ద్వారా వివరాలను నిర్ధారించండి.,1. అధికారిక ప్రొవైడర్ ద్వారా వివరాలను నిర్ధారించండి. 2. అధికారిక ఛానల్ ద్వారా స్వతంత్రంగా వెరిఫై చేయండి. 3. ఆధారాలను సేవ్ చేసి అవసరమైతే రిపోర్ట్ చేయండి.,Low,P4,Telugu synthetic/adapted example; not claimed as verbatim real-world data.
TE-G0079,మీ ఆర్డర్ #401-8246152 షిప్ అయింది. ఇది 15 अक्टूबरన డెలివరీ అయ్యే అవకాశం ఉంది.,genuine,delivery,te,Research-backed synthetic multilingual,synthetic_research_backed,సాధారణ డెలివరీ అప్డేట్,అధికారిక యాప్/వెబ్‌సైట్‌లో ట్రాక్ చేయండి.,1. అధికారిక యాప్/వెబ్‌సైట్‌లో ట్రాక్ చేయండి. 2. అధికారిక ఛానల్ ద్వారా స్వతంత్రంగా వెరిఫై చేయండి. 3. ఆధారాలను సేవ్ చేసి అవసరమైతే రిపోర్ట్ చేయండి.,Low,P4,Telugu synthetic/adapted example; not claimed as verbatim real-world data.
TE-G0080,"మీ ₹5,000 విద్యుత్ బిల్లు 5 अक्टूबरన చెల్లించాలి.",genuine,utility_genuine,te,Research-backed synthetic multilingual,synthetic_research_backed,సాధారణ యుటిలిటీ రిమైండర్,అధికారిక విద్యుత్ పోర్టల్‌లో బిల్లు చెక్ చేయండి.,1. అధికారిక విద్యుత్ పోర్టల్‌లో బిల్లు చెక్ చేయండి. 2. అధికారిక ఛానల్ ద్వారా స్వతంత్రంగా వెరిఫై చేయండి. 3. ఆధారాలను సేవ్ చేసి అవసరమైతే రిపోర్ట్ చేయండి.,Low,P4,Telugu synthetic/adapted example; not claimed as verbatim real-world data.
TE-G0081,మీ మొబైల్ ప్లాన్‌లో 2.8 GB డేటా మిగిలి ఉంది మరియు ఇది 10 अक्टूबर వరకు చెల్లుతుంది.,genuine,telecom_genuine,te,Research-backed synthetic multilingual,synthetic_research_backed,సాధారణ టెలికాం సమాచారం,అధికారిక టెలికాం యాప్‌లో చెక్ చేయండి.,1. అధికారిక టెలికాం యాప్‌లో చెక్ చేయండి. 2. అధికారిక ఛానల్ ద్వారా స్వతంత్రంగా వెరిఫై చేయండి. 3. ఆధారాలను సేవ్ చేసి అవసరమైతే రిపోర్ట్ చేయండి.,Low,P4,Telugu synthetic/adapted example; not claimed as verbatim real-world data.
TE-G0082,మీ ట్రావెల్ బుకింగ్ AI7K2P 30 सितंबरకి కన్ఫర్మ్ అయింది.,genuine,travel,te,Research-backed synthetic multilingual,synthetic_research_backed,సాధారణ ట్రావెల్ కన్ఫర్మేషన్,అధికారిక ట్రావెల్ యాప్‌లో చెక్ చేయండి.,1. అధికారిక ట్రావెల్ యాప్‌లో చెక్ చేయండి. 2. అధికారిక ఛానల్ ద్వారా స్వతంత్రంగా వెరిఫై చేయండి. 3. ఆధారాలను సేవ్ చేసి అవసరమైతే రిపోర్ట్ చేయండి.,Low,P4,Telugu synthetic/adapted example; not claimed as verbatim real-world data.
TE-G0083,మీ ₹199 విద్యుత్ బిల్లు 5 अक्टूबरన చెల్లించాలి.,genuine,utility_genuine,te,Research-backed synthetic multilingual,synthetic_research_backed,సాధారణ యుటిలిటీ రిమైండర్,అధికారిక విద్యుత్ పోర్టల్‌లో బిల్లు చెక్ చేయండి.,1. అధికారిక విద్యుత్ పోర్టల్‌లో బిల్లు చెక్ చేయండి. 2. అధికారిక ఛానల్ ద్వారా స్వతంత్రంగా వెరిఫై చేయండి. 3. ఆధారాలను సేవ్ చేసి అవసరమైతే రిపోర్ట్ చేయండి.,Low,P4,Telugu synthetic/adapted example; not claimed as verbatim real-world data.
TE-G0084,రిమైండర్: మీ అపాయింట్‌మెంట్ 10 अक्टूबरన 4:30 बजेకి ఉంది.,genuine,appointment,te,Research-backed synthetic multilingual,synthetic_research_backed,సాధారణ అపాయింట్‌మెంట్ రిమైండర్,అధికారిక ప్రొవైడర్ ద్వారా వివరాలను నిర్ధారించండి.,1. అధికారిక ప్రొవైడర్ ద్వారా వివరాలను నిర్ధారించండి. 2. అధికారిక ఛానల్ ద్వారా స్వతంత్రంగా వెరిఫై చేయండి. 3. ఆధారాలను సేవ్ చేసి అవసరమైతే రిపోర్ట్ చేయండి.,Low,P4,Telugu synthetic/adapted example; not claimed as verbatim real-world data.
TE-G0085,మీ సబ్‌స్క్రిప్షన్ 15 अक्टूबरన ₹499కి రిన్యూ అవుతుంది.,genuine,subscription,te,Research-backed synthetic multilingual,synthetic_research_backed,సాధారణ సబ్‌స్క్రిప్షన్ సమాచారం,అధికారిక అకౌంట్ సెట్టింగ్స్‌లో వివరాలు చెక్ చేయండి.,1. అధికారిక అకౌంట్ సెట్టింగ్స్‌లో వివరాలు చెక్ చేయండి. 2. అధికారిక ఛానల్ ద్వారా స్వతంత్రంగా వెరిఫై చేయండి. 3. ఆధారాలను సేవ్ చేసి అవసరమైతే రిపోర్ట్ చేయండి.,Low,P4,Telugu synthetic/adapted example; not claimed as verbatim real-world data.
TE-G0086,రిమైండర్: మీ అపాయింట్‌మెంట్ 15 अक्टूबरన 2:00 बजेకి ఉంది.,genuine,appointment,te,Research-backed synthetic multilingual,synthetic_research_backed,సాధారణ అపాయింట్‌మెంట్ రిమైండర్,అధికారిక ప్రొవైడర్ ద్వారా వివరాలను నిర్ధారించండి.,1. అధికారిక ప్రొవైడర్ ద్వారా వివరాలను నిర్ధారించండి. 2. అధికారిక ఛానల్ ద్వారా స్వతంత్రంగా వెరిఫై చేయండి. 3. ఆధారాలను సేవ్ చేసి అవసరమైతే రిపోర్ట్ చేయండి.,Low,P4,Telugu synthetic/adapted example; not claimed as verbatim real-world data.
TE-G0087,మీ ట్రావెల్ బుకింగ్ Q4M8LX 15 अक्टूबरకి కన్ఫర్మ్ అయింది.,genuine,travel,te,Research-backed synthetic multilingual,synthetic_research_backed,సాధారణ ట్రావెల్ కన్ఫర్మేషన్,అధికారిక ట్రావెల్ యాప్‌లో చెక్ చేయండి.,1. అధికారిక ట్రావెల్ యాప్‌లో చెక్ చేయండి. 2. అధికారిక ఛానల్ ద్వారా స్వతంత్రంగా వెరిఫై చేయండి. 3. ఆధారాలను సేవ్ చేసి అవసరమైతే రిపోర్ట్ చేయండి.,Low,P4,Telugu synthetic/adapted example; not claimed as verbatim real-world data.
TE-G0088,రిమైండర్: మీ అపాయింట్‌మెంట్ 2 अक्टूबरన 10:00 बजेకి ఉంది.,genuine,appointment,te,Research-backed synthetic multilingual,synthetic_research_backed,సాధారణ అపాయింట్‌మెంట్ రిమైండర్,అధికారిక ప్రొవైడర్ ద్వారా వివరాలను నిర్ధారించండి.,1. అధికారిక ప్రొవైడర్ ద్వారా వివరాలను నిర్ధారించండి. 2. అధికారిక ఛానల్ ద్వారా స్వతంత్రంగా వెరిఫై చేయండి. 3. ఆధారాలను సేవ్ చేసి అవసరమైతే రిపోర్ట్ చేయండి.,Low,P4,Telugu synthetic/adapted example; not claimed as verbatim real-world data.
TE-G0089,మీ ఆర్డర్ #403-5820147 షిప్ అయింది. ఇది 15 अक्टूबरన డెలివరీ అయ్యే అవకాశం ఉంది.,genuine,delivery,te,Research-backed synthetic multilingual,synthetic_research_backed,సాధారణ డెలివరీ అప్డేట్,అధికారిక యాప్/వెబ్‌సైట్‌లో ట్రాక్ చేయండి.,1. అధికారిక యాప్/వెబ్‌సైట్‌లో ట్రాక్ చేయండి. 2. అధికారిక ఛానల్ ద్వారా స్వతంత్రంగా వెరిఫై చేయండి. 3. ఆధారాలను సేవ్ చేసి అవసరమైతే రిపోర్ట్ చేయండి.,Low,P4,Telugu synthetic/adapted example; not claimed as verbatim real-world data.
TE-G0090,మీ ₹499 విద్యుత్ బిల్లు 5 अक्टूबरన చెల్లించాలి.,genuine,utility_genuine,te,Research-backed synthetic multilingual,synthetic_research_backed,సాధారణ యుటిలిటీ రిమైండర్,అధికారిక విద్యుత్ పోర్టల్‌లో బిల్లు చెక్ చేయండి.,1. అధికారిక విద్యుత్ పోర్టల్‌లో బిల్లు చెక్ చేయండి. 2. అధికారిక ఛానల్ ద్వారా స్వతంత్రంగా వెరిఫై చేయండి. 3. ఆధారాలను సేవ్ చేసి అవసరమైతే రిపోర్ట్ చేయండి.,Low,P4,Telugu synthetic/adapted example; not claimed as verbatim real-world data.
TE-G0091,"మీ ₹5,000 విద్యుత్ బిల్లు 30 सितंबरన చెల్లించాలి.",genuine,utility_genuine,te,Research-backed synthetic multilingual,synthetic_research_backed,సాధారణ యుటిలిటీ రిమైండర్,అధికారిక విద్యుత్ పోర్టల్‌లో బిల్లు చెక్ చేయండి.,1. అధికారిక విద్యుత్ పోర్టల్‌లో బిల్లు చెక్ చేయండి. 2. అధికారిక ఛానల్ ద్వారా స్వతంత్రంగా వెరిఫై చేయండి. 3. ఆధారాలను సేవ్ చేసి అవసరమైతే రిపోర్ట్ చేయండి.,Low,P4,Telugu synthetic/adapted example; not claimed as verbatim real-world data.
TE-G0092,మీ సపోర్ట్ టికెట్ SUP-23817లో అప్డేట్ ఉంది. వివరాల కోసం అధికారిక సపోర్ట్ పోర్టల్‌లో చూడండి.,genuine,support_genuine,te,Research-backed synthetic multilingual,synthetic_research_backed,సాధారణ సపోర్ట్ సమాచారం,తెలిసిన అధికారిక పోర్టల్‌ను నేరుగా ఓపెన్ చేయండి.,1. తెలిసిన అధికారిక పోర్టల్‌ను నేరుగా ఓపెన్ చేయండి. 2. అధికారిక ఛానల్ ద్వారా స్వతంత్రంగా వెరిఫై చేయండి. 3. ఆధారాలను సేవ్ చేసి అవసరమైతే రిపోర్ట్ చేయండి.,Low,P4,Telugu synthetic/adapted example; not claimed as verbatim real-world data.
TE-G0093,రిమైండర్: మీ అపాయింట్‌మెంట్ 15 अक्टूबरన 6:00 बजेకి ఉంది.,genuine,appointment,te,Research-backed synthetic multilingual,synthetic_research_backed,సాధారణ అపాయింట్‌మెంట్ రిమైండర్,అధికారిక ప్రొవైడర్ ద్వారా వివరాలను నిర్ధారించండి.,1. అధికారిక ప్రొవైడర్ ద్వారా వివరాలను నిర్ధారించండి. 2. అధికారిక ఛానల్ ద్వారా స్వతంత్రంగా వెరిఫై చేయండి. 3. ఆధారాలను సేవ్ చేసి అవసరమైతే రిపోర్ట్ చేయండి.,Low,P4,Telugu synthetic/adapted example; not claimed as verbatim real-world data.
TE-G0094,మీ ట్రావెల్ బుకింగ్ Q4M8LX 10 अक्टूबरకి కన్ఫర్మ్ అయింది.,genuine,travel,te,Research-backed synthetic multilingual,synthetic_research_backed,సాధారణ ట్రావెల్ కన్ఫర్మేషన్,అధికారిక ట్రావెల్ యాప్‌లో చెక్ చేయండి.,1. అధికారిక ట్రావెల్ యాప్‌లో చెక్ చేయండి. 2. అధికారిక ఛానల్ ద్వారా స్వతంత్రంగా వెరిఫై చేయండి. 3. ఆధారాలను సేవ్ చేసి అవసరమైతే రిపోర్ట్ చేయండి.,Low,P4,Telugu synthetic/adapted example; not claimed as verbatim real-world data.
TE-G0095,మీ సపోర్ట్ టికెట్ REQ-51942లో అప్డేట్ ఉంది. వివరాల కోసం అధికారిక సపోర్ట్ పోర్టల్‌లో చూడండి.,genuine,support_genuine,te,Research-backed synthetic multilingual,synthetic_research_backed,సాధారణ సపోర్ట్ సమాచారం,తెలిసిన అధికారిక పోర్టల్‌ను నేరుగా ఓపెన్ చేయండి.,1. తెలిసిన అధికారిక పోర్టల్‌ను నేరుగా ఓపెన్ చేయండి. 2. అధికారిక ఛానల్ ద్వారా స్వతంత్రంగా వెరిఫై చేయండి. 3. ఆధారాలను సేవ్ చేసి అవసరమైతే రిపోర్ట్ చేయండి.,Low,P4,Telugu synthetic/adapted example; not claimed as verbatim real-world data.
TE-G0096,రిమైండర్: మీ అపాయింట్‌మెంట్ 30 सितंबरన 6:00 बजेకి ఉంది.,genuine,appointment,te,Research-backed synthetic multilingual,synthetic_research_backed,సాధారణ అపాయింట్‌మెంట్ రిమైండర్,అధికారిక ప్రొవైడర్ ద్వారా వివరాలను నిర్ధారించండి.,1. అధికారిక ప్రొవైడర్ ద్వారా వివరాలను నిర్ధారించండి. 2. అధికారిక ఛానల్ ద్వారా స్వతంత్రంగా వెరిఫై చేయండి. 3. ఆధారాలను సేవ్ చేసి అవసరమైతే రిపోర్ట్ చేయండి.,Low,P4,Telugu synthetic/adapted example; not claimed as verbatim real-world data.
TE-G0097,మీ Paytm వెరిఫికేషన్ కోడ్ A-739214. ఈ కోడ్‌ను ఎవరికీ షేర్ చేయకండి.,genuine,otp,te,Research-backed synthetic multilingual,synthetic_research_backed,వాలిడ్ OTP సమాచారం,మీరు ప్రారంభించిన వెరిఫికేషన్‌లో మాత్రమే ఉపయోగించండి.,1. మీరు ప్రారంభించిన వెరిఫికేషన్‌లో మాత్రమే ఉపయోగించండి. 2. అధికారిక ఛానల్ ద్వారా స్వతంత్రంగా వెరిఫై చేయండి. 3. ఆధారాలను సేవ్ చేసి అవసరమైతే రిపోర్ట్ చేయండి.,Low,P4,Telugu synthetic/adapted example; not claimed as verbatim real-world data.
TE-G0098,మీ ఆర్డర్ #402-1937460 షిప్ అయింది. ఇది 2 अक्टूबरన డెలివరీ అయ్యే అవకాశం ఉంది.,genuine,delivery,te,Research-backed synthetic multilingual,synthetic_research_backed,సాధారణ డెలివరీ అప్డేట్,అధికారిక యాప్/వెబ్‌సైట్‌లో ట్రాక్ చేయండి.,1. అధికారిక యాప్/వెబ్‌సైట్‌లో ట్రాక్ చేయండి. 2. అధికారిక ఛానల్ ద్వారా స్వతంత్రంగా వెరిఫై చేయండి. 3. ఆధారాలను సేవ్ చేసి అవసరమైతే రిపోర్ట్ చేయండి.,Low,P4,Telugu synthetic/adapted example; not claimed as verbatim real-world data.
TE-G0099,మీ Instagram వెరిఫికేషన్ కోడ్ A-739214. ఈ కోడ్‌ను ఎవరికీ షేర్ చేయకండి.,genuine,otp,te,Research-backed synthetic multilingual,synthetic_research_backed,వాలిడ్ OTP సమాచారం,మీరు ప్రారంభించిన వెరిఫికేషన్‌లో మాత్రమే ఉపయోగించండి.,1. మీరు ప్రారంభించిన వెరిఫికేషన్‌లో మాత్రమే ఉపయోగించండి. 2. అధికారిక ఛానల్ ద్వారా స్వతంత్రంగా వెరిఫై చేయండి. 3. ఆధారాలను సేవ్ చేసి అవసరమైతే రిపోర్ట్ చేయండి.,Low,P4,Telugu synthetic/adapted example; not claimed as verbatim real-world data.
TE-G0100,మీ క్లినిక్ అపాయింట్‌మెంట్ 30 सितंबरన 2:00 बजेకి షెడ్యూల్ చేయబడింది.,genuine,healthcare,te,Research-backed synthetic multilingual,synthetic_research_backed,సాధారణ ఆరోగ్య రిమైండర్,అధికారిక క్లినిక్ ఛానల్ ద్వారా నిర్ధారించండి.,1. అధికారిక క్లినిక్ ఛానల్ ద్వారా నిర్ధారించండి. 2. అధికారిక ఛానల్ ద్వారా స్వతంత్రంగా వెరిఫై చేయండి. 3. ఆధారాలను సేవ్ చేసి అవసరమైతే రిపోర్ట్ చేయండి.,Low,P4,Telugu synthetic/adapted example; not claimed as verbatim real-world data.
TE-G0101,రిమైండర్: మీ అపాయింట్‌మెంట్ 15 अक्टूबरన 4:30 बजेకి ఉంది.,genuine,appointment,te,Research-backed synthetic multilingual,synthetic_research_backed,సాధారణ అపాయింట్‌మెంట్ రిమైండర్,అధికారిక ప్రొవైడర్ ద్వారా వివరాలను నిర్ధారించండి.,1. అధికారిక ప్రొవైడర్ ద్వారా వివరాలను నిర్ధారించండి. 2. అధికారిక ఛానల్ ద్వారా స్వతంత్రంగా వెరిఫై చేయండి. 3. ఆధారాలను సేవ్ చేసి అవసరమైతే రిపోర్ట్ చేయండి.,Low,P4,Telugu synthetic/adapted example; not claimed as verbatim real-world data.
TE-G0102,మీ ఆర్డర్ #401-8246152 షిప్ అయింది. ఇది 2 अक्टूबरన డెలివరీ అయ్యే అవకాశం ఉంది.,genuine,delivery,te,Research-backed synthetic multilingual,synthetic_research_backed,సాధారణ డెలివరీ అప్డేట్,అధికారిక యాప్/వెబ్‌సైట్‌లో ట్రాక్ చేయండి.,1. అధికారిక యాప్/వెబ్‌సైట్‌లో ట్రాక్ చేయండి. 2. అధికారిక ఛానల్ ద్వారా స్వతంత్రంగా వెరిఫై చేయండి. 3. ఆధారాలను సేవ్ చేసి అవసరమైతే రిపోర్ట్ చేయండి.,Low,P4,Telugu synthetic/adapted example; not claimed as verbatim real-world data.
TE-G0103,మీ Paytm వెరిఫికేషన్ కోడ్ Q-183640. ఈ కోడ్‌ను ఎవరికీ షేర్ చేయకండి.,genuine,otp,te,Research-backed synthetic multilingual,synthetic_research_backed,వాలిడ్ OTP సమాచారం,మీరు ప్రారంభించిన వెరిఫికేషన్‌లో మాత్రమే ఉపయోగించండి.,1. మీరు ప్రారంభించిన వెరిఫికేషన్‌లో మాత్రమే ఉపయోగించండి. 2. అధికారిక ఛానల్ ద్వారా స్వతంత్రంగా వెరిఫై చేయండి. 3. ఆధారాలను సేవ్ చేసి అవసరమైతే రిపోర్ట్ చేయండి.,Low,P4,Telugu synthetic/adapted example; not claimed as verbatim real-world data.
TE-G0104,రిమైండర్: మీ అపాయింట్‌మెంట్ 10 अक्टूबरన 6:00 बजेకి ఉంది.,genuine,appointment,te,Research-backed synthetic multilingual,synthetic_research_backed,సాధారణ అపాయింట్‌మెంట్ రిమైండర్,అధికారిక ప్రొవైడర్ ద్వారా వివరాలను నిర్ధారించండి.,1. అధికారిక ప్రొవైడర్ ద్వారా వివరాలను నిర్ధారించండి. 2. అధికారిక ఛానల్ ద్వారా స్వతంత్రంగా వెరిఫై చేయండి. 3. ఆధారాలను సేవ్ చేసి అవసరమైతే రిపోర్ట్ చేయండి.,Low,P4,Telugu synthetic/adapted example; not claimed as verbatim real-world data.
TE-G0105,మీ Amazon వెరిఫికేషన్ కోడ్ A-739214. ఈ కోడ్‌ను ఎవరికీ షేర్ చేయకండి.,genuine,otp,te,Research-backed synthetic multilingual,synthetic_research_backed,వాలిడ్ OTP సమాచారం,మీరు ప్రారంభించిన వెరిఫికేషన్‌లో మాత్రమే ఉపయోగించండి.,1. మీరు ప్రారంభించిన వెరిఫికేషన్‌లో మాత్రమే ఉపయోగించండి. 2. అధికారిక ఛానల్ ద్వారా స్వతంత్రంగా వెరిఫై చేయండి. 3. ఆధారాలను సేవ్ చేసి అవసరమైతే రిపోర్ట్ చేయండి.,Low,P4,Telugu synthetic/adapted example; not claimed as verbatim real-world data.
TE-G0106,మీ మొబైల్ ప్లాన్‌లో 1.2 GB డేటా మిగిలి ఉంది మరియు ఇది 15 अक्टूबर వరకు చెల్లుతుంది.,genuine,telecom_genuine,te,Research-backed synthetic multilingual,synthetic_research_backed,సాధారణ టెలికాం సమాచారం,అధికారిక టెలికాం యాప్‌లో చెక్ చేయండి.,1. అధికారిక టెలికాం యాప్‌లో చెక్ చేయండి. 2. అధికారిక ఛానల్ ద్వారా స్వతంత్రంగా వెరిఫై చేయండి. 3. ఆధారాలను సేవ్ చేసి అవసరమైతే రిపోర్ట్ చేయండి.,Low,P4,Telugu synthetic/adapted example; not claimed as verbatim real-world data.
TE-G0107,మీ సబ్‌స్క్రిప్షన్ 30 सितंबरన ₹999కి రిన్యూ అవుతుంది.,genuine,subscription,te,Research-backed synthetic multilingual,synthetic_research_backed,సాధారణ సబ్‌స్క్రిప్షన్ సమాచారం,అధికారిక అకౌంట్ సెట్టింగ్స్‌లో వివరాలు చెక్ చేయండి.,1. అధికారిక అకౌంట్ సెట్టింగ్స్‌లో వివరాలు చెక్ చేయండి. 2. అధికారిక ఛానల్ ద్వారా స్వతంత్రంగా వెరిఫై చేయండి. 3. ఆధారాలను సేవ్ చేసి అవసరమైతే రిపోర్ట్ చేయండి.,Low,P4,Telugu synthetic/adapted example; not claimed as verbatim real-world data.
TE-G0108,మీ సబ్‌స్క్రిప్షన్ 2 अक्टूबरన ₹499కి రిన్యూ అవుతుంది.,genuine,subscription,te,Research-backed synthetic multilingual,synthetic_research_backed,సాధారణ సబ్‌స్క్రిప్షన్ సమాచారం,అధికారిక అకౌంట్ సెట్టింగ్స్‌లో వివరాలు చెక్ చేయండి.,1. అధికారిక అకౌంట్ సెట్టింగ్స్‌లో వివరాలు చెక్ చేయండి. 2. అధికారిక ఛానల్ ద్వారా స్వతంత్రంగా వెరిఫై చేయండి. 3. ఆధారాలను సేవ్ చేసి అవసరమైతే రిపోర్ట్ చేయండి.,Low,P4,Telugu synthetic/adapted example; not claimed as verbatim real-world data.
TE-G0109,రిమైండర్: మీ అపాయింట్‌మెంట్ 2 अक्टूबरన 2:00 बजेకి ఉంది.,genuine,appointment,te,Research-backed synthetic multilingual,synthetic_research_backed,సాధారణ అపాయింట్‌మెంట్ రిమైండర్,అధికారిక ప్రొవైడర్ ద్వారా వివరాలను నిర్ధారించండి.,1. అధికారిక ప్రొవైడర్ ద్వారా వివరాలను నిర్ధారించండి. 2. అధికారిక ఛానల్ ద్వారా స్వతంత్రంగా వెరిఫై చేయండి. 3. ఆధారాలను సేవ్ చేసి అవసరమైతే రిపోర్ట్ చేయండి.,Low,P4,Telugu synthetic/adapted example; not claimed as verbatim real-world data.
TE-G0110,రిమైండర్: మీ అపాయింట్‌మెంట్ 30 सितंबरన 4:30 बजेకి ఉంది.,genuine,appointment,te,Research-backed synthetic multilingual,synthetic_research_backed,సాధారణ అపాయింట్‌మెంట్ రిమైండర్,అధికారిక ప్రొవైడర్ ద్వారా వివరాలను నిర్ధారించండి.,1. అధికారిక ప్రొవైడర్ ద్వారా వివరాలను నిర్ధారించండి. 2. అధికారిక ఛానల్ ద్వారా స్వతంత్రంగా వెరిఫై చేయండి. 3. ఆధారాలను సేవ్ చేసి అవసరమైతే రిపోర్ట్ చేయండి.,Low,P4,Telugu synthetic/adapted example; not claimed as verbatim real-world data.
TE-G0111,"మీ సబ్‌స్క్రిప్షన్ 15 अक्टूबरన ₹5,000కి రిన్యూ అవుతుంది.",genuine,subscription,te,Research-backed synthetic multilingual,synthetic_research_backed,సాధారణ సబ్‌స్క్రిప్షన్ సమాచారం,అధికారిక అకౌంట్ సెట్టింగ్స్‌లో వివరాలు చెక్ చేయండి.,1. అధికారిక అకౌంట్ సెట్టింగ్స్‌లో వివరాలు చెక్ చేయండి. 2. అధికారిక ఛానల్ ద్వారా స్వతంత్రంగా వెరిఫై చేయండి. 3. ఆధారాలను సేవ్ చేసి అవసరమైతే రిపోర్ట్ చేయండి.,Low,P4,Telugu synthetic/adapted example; not claimed as verbatim real-world data.
TE-G0112,"మీ Spotify చెల్లింపు ₹10,000 విజయవంతంగా ప్రాసెస్ చేయబడింది.",genuine,transaction,te,Research-backed synthetic multilingual,synthetic_research_backed,సాధారణ ట్రాన్సాక్షన్ సమాచారం,అధికారిక యాప్‌లో ట్రాన్సాక్షన్‌ను చెక్ చేయండి.,1. అధికారిక యాప్‌లో ట్రాన్సాక్షన్‌ను చెక్ చేయండి. 2. అధికారిక ఛానల్ ద్వారా స్వతంత్రంగా వెరిఫై చేయండి. 3. ఆధారాలను సేవ్ చేసి అవసరమైతే రిపోర్ట్ చేయండి.,Low,P4,Telugu synthetic/adapted example; not claimed as verbatim real-world data.
TE-G0113,రిమైండర్: మీ అపాయింట్‌మెంట్ 5 अक्टूबरన 10:00 बजेకి ఉంది.,genuine,appointment,te,Research-backed synthetic multilingual,synthetic_research_backed,సాధారణ అపాయింట్‌మెంట్ రిమైండర్,అధికారిక ప్రొవైడర్ ద్వారా వివరాలను నిర్ధారించండి.,1. అధికారిక ప్రొవైడర్ ద్వారా వివరాలను నిర్ధారించండి. 2. అధికారిక ఛానల్ ద్వారా స్వతంత్రంగా వెరిఫై చేయండి. 3. ఆధారాలను సేవ్ చేసి అవసరమైతే రిపోర్ట్ చేయండి.,Low,P4,Telugu synthetic/adapted example; not claimed as verbatim real-world data.
TE-G0114,మీ క్లినిక్ అపాయింట్‌మెంట్ 5 अक्टूबरన 9:30 बजेకి షెడ్యూల్ చేయబడింది.,genuine,healthcare,te,Research-backed synthetic multilingual,synthetic_research_backed,సాధారణ ఆరోగ్య రిమైండర్,అధికారిక క్లినిక్ ఛానల్ ద్వారా నిర్ధారించండి.,1. అధికారిక క్లినిక్ ఛానల్ ద్వారా నిర్ధారించండి. 2. అధికారిక ఛానల్ ద్వారా స్వతంత్రంగా వెరిఫై చేయండి. 3. ఆధారాలను సేవ్ చేసి అవసరమైతే రిపోర్ట్ చేయండి.,Low,P4,Telugu synthetic/adapted example; not claimed as verbatim real-world data.
TE-G0115,"మీ ₹10,000 విద్యుత్ బిల్లు 5 अक्टूबरన చెల్లించాలి.",genuine,utility_genuine,te,Research-backed synthetic multilingual,synthetic_research_backed,సాధారణ యుటిలిటీ రిమైండర్,అధికారిక విద్యుత్ పోర్టల్‌లో బిల్లు చెక్ చేయండి.,1. అధికారిక విద్యుత్ పోర్టల్‌లో బిల్లు చెక్ చేయండి. 2. అధికారిక ఛానల్ ద్వారా స్వతంత్రంగా వెరిఫై చేయండి. 3. ఆధారాలను సేవ్ చేసి అవసరమైతే రిపోర్ట్ చేయండి.,Low,P4,Telugu synthetic/adapted example; not claimed as verbatim real-world data.
TE-G0116,మీ క్లినిక్ అపాయింట్‌మెంట్ 15 अक्टूबरన 10:00 बजेకి షెడ్యూల్ చేయబడింది.,genuine,healthcare,te,Research-backed synthetic multilingual,synthetic_research_backed,సాధారణ ఆరోగ్య రిమైండర్,అధికారిక క్లినిక్ ఛానల్ ద్వారా నిర్ధారించండి.,1. అధికారిక క్లినిక్ ఛానల్ ద్వారా నిర్ధారించండి. 2. అధికారిక ఛానల్ ద్వారా స్వతంత్రంగా వెరిఫై చేయండి. 3. ఆధారాలను సేవ్ చేసి అవసరమైతే రిపోర్ట్ చేయండి.,Low,P4,Telugu synthetic/adapted example; not claimed as verbatim real-world data.
TE-G0117,మీ ₹199 విద్యుత్ బిల్లు 15 अक्टूबरన చెల్లించాలి.,genuine,utility_genuine,te,Research-backed synthetic multilingual,synthetic_research_backed,సాధారణ యుటిలిటీ రిమైండర్,అధికారిక విద్యుత్ పోర్టల్‌లో బిల్లు చెక్ చేయండి.,1. అధికారిక విద్యుత్ పోర్టల్‌లో బిల్లు చెక్ చేయండి. 2. అధికారిక ఛానల్ ద్వారా స్వతంత్రంగా వెరిఫై చేయండి. 3. ఆధారాలను సేవ్ చేసి అవసరమైతే రిపోర్ట్ చేయండి.,Low,P4,Telugu synthetic/adapted example; not claimed as verbatim real-world data.
TE-G0118,మీ మొబైల్ ప్లాన్‌లో 5 GB డేటా మిగిలి ఉంది మరియు ఇది 2 अक्टूबर వరకు చెల్లుతుంది.,genuine,telecom_genuine,te,Research-backed synthetic multilingual,synthetic_research_backed,సాధారణ టెలికాం సమాచారం,అధికారిక టెలికాం యాప్‌లో చెక్ చేయండి.,1. అధికారిక టెలికాం యాప్‌లో చెక్ చేయండి. 2. అధికారిక ఛానల్ ద్వారా స్వతంత్రంగా వెరిఫై చేయండి. 3. ఆధారాలను సేవ్ చేసి అవసరమైతే రిపోర్ట్ చేయండి.,Low,P4,Telugu synthetic/adapted example; not claimed as verbatim real-world data.
TE-G0119,మీ ట్రావెల్ బుకింగ్ Q4M8LX 5 अक्टूबरకి కన్ఫర్మ్ అయింది.,genuine,travel,te,Research-backed synthetic multilingual,synthetic_research_backed,సాధారణ ట్రావెల్ కన్ఫర్మేషన్,అధికారిక ట్రావెల్ యాప్‌లో చెక్ చేయండి.,1. అధికారిక ట్రావెల్ యాప్‌లో చెక్ చేయండి. 2. అధికారిక ఛానల్ ద్వారా స్వతంత్రంగా వెరిఫై చేయండి. 3. ఆధారాలను సేవ్ చేసి అవసరమైతే రిపోర్ట్ చేయండి.,Low,P4,Telugu synthetic/adapted example; not claimed as verbatim real-world data.
TE-G0120,మీ సబ్‌స్క్రిప్షన్ 10 अक्टूबरన ₹499కి రిన్యూ అవుతుంది.,genuine,subscription,te,Research-backed synthetic multilingual,synthetic_research_backed,సాధారణ సబ్‌స్క్రిప్షన్ సమాచారం,అధికారిక అకౌంట్ సెట్టింగ్స్‌లో వివరాలు చెక్ చేయండి.,1. అధికారిక అకౌంట్ సెట్టింగ్స్‌లో వివరాలు చెక్ చేయండి. 2. అధికారిక ఛానల్ ద్వారా స్వతంత్రంగా వెరిఫై చేయండి. 3. ఆధారాలను సేవ్ చేసి అవసరమైతే రిపోర్ట్ చేయండి.,Low,P4,Telugu synthetic/adapted example; not claimed as verbatim real-world data.
TE-G0121,మీ ట్రావెల్ బుకింగ్ R2N6VT 2 अक्टूबरకి కన్ఫర్మ్ అయింది.,genuine,travel,te,Research-backed synthetic multilingual,synthetic_research_backed,సాధారణ ట్రావెల్ కన్ఫర్మేషన్,అధికారిక ట్రావెల్ యాప్‌లో చెక్ చేయండి.,1. అధికారిక ట్రావెల్ యాప్‌లో చెక్ చేయండి. 2. అధికారిక ఛానల్ ద్వారా స్వతంత్రంగా వెరిఫై చేయండి. 3. ఆధారాలను సేవ్ చేసి అవసరమైతే రిపోర్ట్ చేయండి.,Low,P4,Telugu synthetic/adapted example; not claimed as verbatim real-world data.
TE-G0122,మీ మొబైల్ ప్లాన్‌లో 2.8 GB డేటా మిగిలి ఉంది మరియు ఇది 30 सितंबर వరకు చెల్లుతుంది.,genuine,telecom_genuine,te,Research-backed synthetic multilingual,synthetic_research_backed,సాధారణ టెలికాం సమాచారం,అధికారిక టెలికాం యాప్‌లో చెక్ చేయండి.,1. అధికారిక టెలికాం యాప్‌లో చెక్ చేయండి. 2. అధికారిక ఛానల్ ద్వారా స్వతంత్రంగా వెరిఫై చేయండి. 3. ఆధారాలను సేవ్ చేసి అవసరమైతే రిపోర్ట్ చేయండి.,Low,P4,Telugu synthetic/adapted example; not claimed as verbatim real-world data.
TE-G0123,"మీ సబ్‌స్క్రిప్షన్ 2 अक्टूबरన ₹2,499కి రిన్యూ అవుతుంది.",genuine,subscription,te,Research-backed synthetic multilingual,synthetic_research_backed,సాధారణ సబ్‌స్క్రిప్షన్ సమాచారం,అధికారిక అకౌంట్ సెట్టింగ్స్‌లో వివరాలు చెక్ చేయండి.,1. అధికారిక అకౌంట్ సెట్టింగ్స్‌లో వివరాలు చెక్ చేయండి. 2. అధికారిక ఛానల్ ద్వారా స్వతంత్రంగా వెరిఫై చేయండి. 3. ఆధారాలను సేవ్ చేసి అవసరమైతే రిపోర్ట్ చేయండి.,Low,P4,Telugu synthetic/adapted example; not claimed as verbatim real-world data.
TE-G0124,"మీ Amazon చెల్లింపు ₹5,000 విజయవంతంగా ప్రాసెస్ చేయబడింది.",genuine,transaction,te,Research-backed synthetic multilingual,synthetic_research_backed,సాధారణ ట్రాన్సాక్షన్ సమాచారం,అధికారిక యాప్‌లో ట్రాన్సాక్షన్‌ను చెక్ చేయండి.,1. అధికారిక యాప్‌లో ట్రాన్సాక్షన్‌ను చెక్ చేయండి. 2. అధికారిక ఛానల్ ద్వారా స్వతంత్రంగా వెరిఫై చేయండి. 3. ఆధారాలను సేవ్ చేసి అవసరమైతే రిపోర్ట్ చేయండి.,Low,P4,Telugu synthetic/adapted example; not claimed as verbatim real-world data.
TE-G0125,మీ ట్రావెల్ బుకింగ్ R2N6VT 5 अक्टूबरకి కన్ఫర్మ్ అయింది.,genuine,travel,te,Research-backed synthetic multilingual,synthetic_research_backed,సాధారణ ట్రావెల్ కన్ఫర్మేషన్,అధికారిక ట్రావెల్ యాప్‌లో చెక్ చేయండి.,1. అధికారిక ట్రావెల్ యాప్‌లో చెక్ చేయండి. 2. అధికారిక ఛానల్ ద్వారా స్వతంత్రంగా వెరిఫై చేయండి. 3. ఆధారాలను సేవ్ చేసి అవసరమైతే రిపోర్ట్ చేయండి.,Low,P4,Telugu synthetic/adapted example; not claimed as verbatim real-world data.
