sample_id,text,label,scam_category,language,source,data_origin,indicators,expected_action,resolution_steps,severity,priority,notes,processed_text
S1129,Exclusive offer from a social-media ad: deposit ₹999 and get guaranteed returns within 24 hours.,scam,fake_social_media_ad,en,Research-backed synthetic,synthetic_research_backed,"social-media advertisement, guaranteed return, deposit request",Do not transfer money from an unverified advertisement.,1. Do not transfer money from an unverified advertisement. 2. Verify independently using the official service/authority. 3. Preserve evidence. 4. Report suspected cyber fraud.,Critical,P1,"English dataset row; retained from the finalized 1,500-record ScamShield dataset.",exclusive offer from a social-media ad: deposit ₹999 and get guaranteed returns within 24 hours.
G0334,Can you bring the ID card when you come to main gate? Please keep this for your records.,genuine,personal,en,Research-backed synthetic,synthetic_research_backed,ordinary personal communication,Reply normally if the request is expected.,1. Confirm the context. 2. Reply normally. 3. Ignore if the sender is unknown.,Low,P4,"English dataset row; retained from the finalized 1,500-record ScamShield dataset.",can you bring the id card when you come to main gate? please keep this for your records.
G1356,Interview reminder: your ML Intern interview is scheduled for 2 October at 4:30 PM. Thank you.,genuine,job_genuine,en,Research-backed synthetic,synthetic_research_backed,normal recruitment communication,Verify the interview through the official recruitment channel.,1. Check the original application. 2. Confirm the interview details. 3. Join through the verified meeting link.,Low,P4,"English dataset row; retained from the finalized 1,500-record ScamShield dataset.",interview reminder: your ml intern interview is scheduled for 2 october at 4:30 pm. thank you.
S0961,Our AI trading group guarantees 5% daily profit. Deposit Rs 499 today to activate your account. Do not ignore this message.,scam,investment_scam,en,Research-backed synthetic,synthetic_research_backed,"guaranteed returns, investment pressure, deposit request",Do not transfer money based on the message.,1. Do not deposit funds. 2. Verify the company independently. 3. Check regulatory status where applicable. 4. Report the solicitation.,Critical,P1,"English dataset row; retained from the finalized 1,500-record ScamShield dataset.",our ai trading group guarantees 5% daily profit. deposit rs 499 today to activate your account. do not ignore this message.
S0626,"To receive your refund of Rs 499, scan this QR and enter your UPI PIN. Immediate action required.",scam,upi_qr,en,Research-backed synthetic,synthetic_research_backed,"QR-for-receiving-money, UPI PIN request, refund pretext",Do not scan the QR or enter the UPI PIN.,1. Do not scan the QR. 2. Never enter a UPI PIN to receive money. 3. Verify the refund in the official app. 4. Report the sender.,Critical,P1,"English dataset row; retained from the finalized 1,500-record ScamShield dataset.","to receive your refund of rs 499, scan this qr and enter your upi pin. immediate action required."
S1189,Please donate Rs 499 for an emergency relief campaign. Transfer to this personal UPI ID today. Do not ignore this message.,scam,charity_scam,en,Research-backed synthetic,synthetic_research_backed,"emotional appeal, personal payment destination, urgency",Verify the charity and donation channel independently.,1. Do not transfer to an unverified personal account. 2. Check the organization's official website. 3. Donate through verified channels. 4. Report the message.,Medium,P2,"English dataset row; retained from the finalized 1,500-record ScamShield dataset.",please donate rs 499 for an emergency relief campaign. transfer to this personal upi id today. do not ignore this message.
G0552,Instagram verification code M-562901 है। इसे किसी के साथ साझा न करें। — Customer Notification.,genuine,otp,en,Research-backed synthetic,synthetic_research_backed,legitimate verification-code notice,Use only for the verification you initiated.,1. कोड केवल आधिकारिक स्क्रीन पर दर्ज करें। 2. किसी को न बताएं। 3. अनचाहा कोड हो तो पासवर्ड/सुरक्षा जांचें।,Low,P4,"English dataset row; retained from the finalized 1,500-record ScamShield dataset.",instagram verification code m-562901 है। इसे किसी के साथ साझा न करें। — customer notification.
HI-G0031,आपका Paytm सत्यापन कोड Q-183640 है। इसे किसी के साथ साझा न करें।,genuine,otp,hi,Research-backed synthetic multilingual,synthetic_research_backed,वैध OTP सूचना,केवल आपके द्वारा शुरू किए गए सत्यापन में कोड का उपयोग करें।,1. केवल आपके द्वारा शुरू किए गए सत्यापन में कोड का उपयोग करें। 2. आधिकारिक चैनल से स्वतंत्र रूप से सत्यापन करें। 3. संदिग्ध होने पर संदेश/नंबर की रिपोर्ट करें।,Low,P4,Hindi synthetic/adapted example; not claimed as verbatim real-world data.,आपका paytm सत्यापन कोड q-183640 है। इसे किसी के साथ साझा न करें।
S0857,Please donate Rs 2499 for an emergency relief campaign. Transfer to this personal UPI ID today. Immediate action required.,scam,charity_scam,en,Research-backed synthetic,synthetic_research_backed,"emotional appeal, personal payment destination, urgency",Verify the charity and donation channel independently.,1. Do not transfer to an unverified personal account. 2. Check the organization's official website. 3. Donate through verified channels. 4. Report the message.,Medium,P2,"English dataset row; retained from the finalized 1,500-record ScamShield dataset.",please donate rs 2499 for an emergency relief campaign. transfer to this personal upi id today. immediate action required.
HI-S0116,आपके Canara Bank खाते का KYC/PAN अपडेट नहीं है। आज खाता बंद हो जाएगा। तुरंत http://secure-update.invalid पर जाकर अपडेट करें।,scam,bank_kyc,hi,Research-backed synthetic multilingual,synthetic_research_backed,"बैंक प्रतिरूपण, तात्कालिकता, संदिग्ध लिंक, KYC अनुरोध",लिंक पर क्लिक न करें और बैंक की आधिकारिक ऐप/वेबसाइट से जांच करें।,1. लिंक पर क्लिक न करें और बैंक की आधिकारिक ऐप/वेबसाइट से जांच करें। 2. आधिकारिक चैनल से स्वतंत्र रूप से सत्यापन करें। 3. संदिग्ध होने पर संदेश/नंबर की रिपोर्ट करें।,High,P1,Hindi synthetic/adapted example; not claimed as verbatim real-world data.,आपके canara bank खाते का kyc/pan अपडेट नहीं है। आज खाता बंद हो जाएगा। तुरंत http://secure-update.invalid पर जाकर अपडेट करें।
S0174,Your WhatsApp account has been locked. Verify your identity now at http://account-check.invalid to avoid permanent closure. Immediate action required.,scam,phishing,en,Research-backed synthetic,synthetic_research_backed,"account threat, urgency, suspicious URL, credential harvesting",Do not click the link.,1. Do not open the URL. 2. Visit the service by typing its official address. 3. Change credentials if exposed. 4. Report the message.,High,P1,"English dataset row; retained from the finalized 1,500-record ScamShield dataset.",your whatsapp account has been locked. verify your identity now at http://account-check.invalid to avoid permanent closure. immediate action required.
G0056,Your order #401-8246152 has shipped and is expected to arrive on 2 October.,genuine,delivery,en,Research-backed synthetic,synthetic_research_backed,normal delivery update,Track through the official retailer/carrier app.,1. Track through the official retailer/carrier app. 2. Verify the message in the official app/portal if needed. 3. Do not share sensitive information unnecessarily.,Low,P4,"English dataset row; retained from the finalized 1,500-record ScamShield dataset.",your order #401-8246152 has shipped and is expected to arrive on 2 october.
G0503,The department has published the timetable for the end-term examination.,genuine,education,en,Research-backed synthetic,synthetic_research_backed,normal educational announcement,Check the official college/university portal.,1. Open the official portal. 2. Confirm the timetable. 3. Note the exam date and time.,Low,P4,"English dataset row; retained from the finalized 1,500-record ScamShield dataset.",the department has published the timetable for the end-term examination.
G0176,Your service request SUP-23817 has been completed. Please review the update in the official portal. Thank you.,genuine,service_update,en,Research-backed synthetic,synthetic_research_backed,normal service update,Review the request through the official portal.,1. Open the official portal directly. 2. Check the request status. 3. Contact official support if the result is incorrect.,Low,P4,"English dataset row; retained from the finalized 1,500-record ScamShield dataset.",your service request sup-23817 has been completed. please review the update in the official portal. thank you.
S0374,A refund of Rs 4999 is waiting for you. Share your card number and OTP so we can process it immediately. Immediate action required.,scam,refund_scam,en,Research-backed synthetic,synthetic_research_backed,"refund pretext, card-data request, OTP request",Do not share card or OTP details.,1. Do not share credentials. 2. Check refunds in the official merchant app. 3. Contact official support. 4. Report the sender.,Critical,P1,"English dataset row; retained from the finalized 1,500-record ScamShield dataset.",a refund of rs 4999 is waiting for you. share your card number and otp so we can process it immediately. immediate action required.
G0764,Delivery update: India Post will attempt delivery of order #402-1937460 today.,genuine,delivery,en,Research-backed synthetic,synthetic_research_backed,normal delivery update,Use the official tracking page or app.,1. Check official tracking. 2. Keep the delivery address accessible. 3. Contact the retailer through official support if there is a problem.,Low,P4,"English dataset row; retained from the finalized 1,500-record ScamShield dataset.",delivery update: india post will attempt delivery of order #402-1937460 today.
G1347,Your registration for placement orientation is confirmed. The event begins at 9:30 AM on 30 September. Thank you.,genuine,event,en,Research-backed synthetic,synthetic_research_backed,normal event confirmation,Check the registration in the official event account/email.,1. Verify registration details. 2. Save the event information. 3. Use the organizer's official contact channel for changes.,Low,P4,"English dataset row; retained from the finalized 1,500-record ScamShield dataset.",your registration for placement orientation is confirmed. the event begins at 9:30 am on 30 september. thank you.
G1321,Your monthly investment statement for index fund is available in your official account. Please keep this for your records.,genuine,finance_genuine,en,Research-backed synthetic,synthetic_research_backed,normal financial statement,Review it through the official investment platform.,1. Sign in directly to the known platform. 2. Review the statement. 3. Contact the provider through official channels for discrepancies.,Low,P4,"English dataset row; retained from the finalized 1,500-record ScamShield dataset.",your monthly investment statement for index fund is available in your official account. please keep this for your records.
G1291,Please review the latest ScamShield build before the stand-up tomorrow. — Customer Notification.,genuine,work,en,Research-backed synthetic,synthetic_research_backed,ordinary workplace communication,Review the work through the normal project channel.,1. Open the known project workspace. 2. Review the requested item. 3. Reply with feedback.,Low,P4,"English dataset row; retained from the finalized 1,500-record ScamShield dataset.",please review the latest scamshield build before the stand-up tomorrow. — customer notification.
TE-G0051,మీ Spotify చెల్లింపు ₹199 విజయవంతంగా ప్రాసెస్ చేయబడింది.,genuine,transaction,te,Research-backed synthetic multilingual,synthetic_research_backed,సాధారణ ట్రాన్సాక్షన్ సమాచారం,అధికారిక యాప్‌లో ట్రాన్సాక్షన్‌ను చెక్ చేయండి.,1. అధికారిక యాప్‌లో ట్రాన్సాక్షన్‌ను చెక్ చేయండి. 2. అధికారిక ఛానల్ ద్వారా స్వతంత్రంగా వెరిఫై చేయండి. 3. ఆధారాలను సేవ్ చేసి అవసరమైతే రిపోర్ట్ చేయండి.,Low,P4,Telugu synthetic/adapted example; not claimed as verbatim real-world data.,మీ spotify చెల్లింపు ₹199 విజయవంతంగా ప్రాసెస్ చేయబడింది.
HI-S0084,"CAPTCHA भरकर रोज़ ₹10,000 कमाएं। अकाउंट सक्रिय करने के लिए ₹4,999 शुल्क दें।",scam,fake_captcha_job,hi,Research-backed synthetic multilingual,synthetic_research_backed,"फर्जी CAPTCHA नौकरी, अग्रिम शुल्क, अवास्तविक कमाई",शुल्क न दें और नौकरी की स्वतंत्र जांच करें।,1. शुल्क न दें और नौकरी की स्वतंत्र जांच करें। 2. आधिकारिक चैनल से स्वतंत्र रूप से सत्यापन करें। 3. संदिग्ध होने पर संदेश/नंबर की रिपोर्ट करें।,High,P1,Hindi synthetic/adapted example; not claimed as verbatim real-world data.,"captcha भरकर रोज़ ₹10,000 कमाएं। अकाउंट सक्रिय करने के लिए ₹4,999 शुल्क दें।"
G0046,Your order #401-8246152 from Myntra has been confirmed for delivery. Please keep this for your records.,genuine,ecommerce,en,Research-backed synthetic,synthetic_research_backed,normal ecommerce order confirmation,Check order status in the official store account.,1. Open the official shopping app/site. 2. Verify the order. 3. Contact official support for changes.,Low,P4,"English dataset row; retained from the finalized 1,500-record ScamShield dataset.",your order #401-8246152 from myntra has been confirmed for delivery. please keep this for your records.
HI-G0091,"आपके Zomato का ₹2,499 भुगतान सफलतापूर्वक प्रोसेस हो गया है।",genuine,transaction,hi,Research-backed synthetic multilingual,synthetic_research_backed,सामान्य लेनदेन सूचना,आधिकारिक ऐप में लेनदेन सत्यापित करें।,1. आधिकारिक ऐप में लेनदेन सत्यापित करें। 2. आधिकारिक चैनल से स्वतंत्र रूप से सत्यापन करें। 3. संदिग्ध होने पर संदेश/नंबर की रिपोर्ट करें।,Low,P4,Hindi synthetic/adapted example; not claimed as verbatim real-world data.,"आपके zomato का ₹2,499 भुगतान सफलतापूर्वक प्रोसेस हो गया है।"
G0528,Your order #403-5820147 from Myntra has been confirmed for delivery. Please keep this for your records.,genuine,ecommerce,en,Research-backed synthetic,synthetic_research_backed,normal ecommerce order confirmation,Check order status in the official store account.,1. Open the official shopping app/site. 2. Verify the order. 3. Contact official support for changes.,Low,P4,"English dataset row; retained from the finalized 1,500-record ScamShield dataset.",your order #403-5820147 from myntra has been confirmed for delivery. please keep this for your records.
G0335,Your bank statement for account ending 5730 is now available in online banking. Thank you.,genuine,banking_genuine,en,Research-backed synthetic,synthetic_research_backed,normal banking notification,Open the bank's official app or website.,1. Sign in through the official app/site. 2. Review the statement. 3. Never use links from unexpected messages to sign in.,Low,P4,"English dataset row; retained from the finalized 1,500-record ScamShield dataset.",your bank statement for account ending 5730 is now available in online banking. thank you.
TE-S0043,మీ పార్సెల్ ₹499 కస్టమ్స్/రీ-డెలివరీ ఫీజు కారణంగా ఆగిపోయింది. వెంటనే చెల్లించండి.,scam,delivery_scam,te,Research-backed synthetic multilingual,synthetic_research_backed,"డెలివరీ ఇంపర్సనేషన్, చిన్న ఫీజు, అత్యవసరం",అధికారిక ట్రాకింగ్ ద్వారా మాత్రమే చెక్ చేయండి.,1. అధికారిక ట్రాకింగ్ ద్వారా మాత్రమే చెక్ చేయండి. 2. అధికారిక ఛానల్ ద్వారా స్వతంత్రంగా వెరిఫై చేయండి. 3. ఆధారాలను సేవ్ చేసి అవసరమైతే రిపోర్ట్ చేయండి.,High,P1,Telugu synthetic/adapted example; not claimed as verbatim real-world data.,మీ పార్సెల్ ₹499 కస్టమ్స్/రీ-డెలివరీ ఫీజు కారణంగా ఆగిపోయింది. వెంటనే చెల్లించండి.
TE-G0100,మీ క్లినిక్ అపాయింట్‌మెంట్ 30 सितंबरన 2:00 बजेకి షెడ్యూల్ చేయబడింది.,genuine,healthcare,te,Research-backed synthetic multilingual,synthetic_research_backed,సాధారణ ఆరోగ్య రిమైండర్,అధికారిక క్లినిక్ ఛానల్ ద్వారా నిర్ధారించండి.,1. అధికారిక క్లినిక్ ఛానల్ ద్వారా నిర్ధారించండి. 2. అధికారిక ఛానల్ ద్వారా స్వతంత్రంగా వెరిఫై చేయండి. 3. ఆధారాలను సేవ్ చేసి అవసరమైతే రిపోర్ట్ చేయండి.,Low,P4,Telugu synthetic/adapted example; not claimed as verbatim real-world data.,మీ క్లినిక్ అపాయింట్‌మెంట్ 30 सितंबरన 2:00 बजेకి షెడ్యూల్ చేయబడింది.
HI-G0083,आपका ऑर्डर #403-5820147 भेज दिया गया है और 30 सितंबर तक पहुंचने की उम्मीद है।,genuine,delivery,hi,Research-backed synthetic multilingual,synthetic_research_backed,सामान्य डिलीवरी अपडेट,आधिकारिक ऐप/वेबसाइट से ट्रैक करें।,1. आधिकारिक ऐप/वेबसाइट से ट्रैक करें। 2. आधिकारिक चैनल से स्वतंत्र रूप से सत्यापन करें। 3. संदिग्ध होने पर संदेश/नंबर की रिपोर्ट करें।,Low,P4,Hindi synthetic/adapted example; not claimed as verbatim real-world data.,आपका ऑर्डर #403-5820147 भेज दिया गया है और 30 सितंबर तक पहुंचने की उम्मीद है।
TE-S0073,మీ SBI బ్యాంక్ ఖాతా KYC/PAN అప్డేట్ కాలేదు. ఈరోజే ఖాతా బ్లాక్ అవుతుంది. వెంటనే http://verify-account.invalid ఓపెన్ చేసి అప్డేట్ చేయండి.,scam,bank_kyc,te,Research-backed synthetic multilingual,synthetic_research_backed,"బ్యాంక్ ఇంపర్సనేషన్, అత్యవసరం, అనుమానాస్పద లింక్",లింక్ క్లిక్ చేయకండి; అధికారిక బ్యాంక్ యాప్ ద్వారా చెక్ చేయండి.,1. లింక్ క్లిక్ చేయకండి; అధికారిక బ్యాంక్ యాప్ ద్వారా చెక్ చేయండి. 2. అధికారిక ఛానల్ ద్వారా స్వతంత్రంగా వెరిఫై చేయండి. 3. ఆధారాలను సేవ్ చేసి అవసరమైతే రిపోర్ట్ చేయండి.,High,P1,Telugu synthetic/adapted example; not claimed as verbatim real-world data.,మీ sbi బ్యాంక్ ఖాతా kyc/pan అప్డేట్ కాలేదు. ఈరోజే ఖాతా బ్లాక్ అవుతుంది. వెంటనే http://verify-account.invalid ఓపెన్ చేసి అప్డేట్ చేయండి.
S0746,Security alert: your account will be suspended unless you send the OTP M-562901 to our support agent immediately. Immediate action required.,scam,otp,en,Research-backed synthetic,synthetic_research_backed,"OTP request, urgency, account-threat language",Do not share the OTP.,1. Do not share the OTP. 2. End the conversation. 3. Review account security in the official app. 4. Report the sender.,Critical,P1,"English dataset row; retained from the finalized 1,500-record ScamShield dataset.",security alert: your account will be suspended unless you send the otp m-562901 to our support agent immediately. immediate action required.
G1304,Your subscription to Paytm has been renewed successfully. Thank you.,genuine,subscription,en,Research-backed synthetic,synthetic_research_backed,normal subscription notice,Verify the renewal in the official account.,1. Open the official service app. 2. Check billing history. 3. Contact official support if the charge is unfamiliar.,Low,P4,"English dataset row; retained from the finalized 1,500-record ScamShield dataset.",your subscription to paytm has been renewed successfully. thank you.
S1133,Your parcel is held because of a Rs 299 customs/redelivery charge. Pay at http://account-check.invalid within 2 hours. Immediate action required.,scam,delivery,en,Research-backed synthetic,synthetic_research_backed,"delivery impersonation, small fee, urgency, suspicious URL",Do not pay through the provided link.,1. Do not open the link. 2. Check the order on the official retailer/carrier site. 3. Verify any fee there. 4. Report the SMS.,High,P1,"English dataset row; retained from the finalized 1,500-record ScamShield dataset.",your parcel is held because of a rs 299 customs/redelivery charge. pay at http://account-check.invalid within 2 hours. immediate action required.
G0593,Can you bring the ID card when you come to office? Please keep this for your records.,genuine,personal,en,Research-backed synthetic,synthetic_research_backed,ordinary personal communication,Reply normally if the request is expected.,1. Confirm the context. 2. Reply normally. 3. Ignore if the sender is unknown.,Low,P4,"English dataset row; retained from the finalized 1,500-record ScamShield dataset.",can you bring the id card when you come to office? please keep this for your records.
HI-G0026,आपकी यात्रा बुकिंग AI7K2P 2 अक्टूबर के लिए कन्फर्म है।,genuine,travel,hi,Research-backed synthetic multilingual,synthetic_research_backed,सामान्य यात्रा पुष्टि,आधिकारिक एयरलाइन/ट्रैवल ऐप में बुकिंग जांचें।,1. आधिकारिक एयरलाइन/ट्रैवल ऐप में बुकिंग जांचें। 2. आधिकारिक चैनल से स्वतंत्र रूप से सत्यापन करें। 3. संदिग्ध होने पर संदेश/नंबर की रिपोर्ट करें।,Low,P4,Hindi synthetic/adapted example; not claimed as verbatim real-world data.,आपकी यात्रा बुकिंग ai7k2p 2 अक्टूबर के लिए कन्फर्म है।
HI-S0106,"CAPTCHA भरकर रोज़ ₹5,000 कमाएं। अकाउंट सक्रिय करने के लिए ₹4,999 शुल्क दें।",scam,fake_captcha_job,hi,Research-backed synthetic multilingual,synthetic_research_backed,"फर्जी CAPTCHA नौकरी, अग्रिम शुल्क, अवास्तविक कमाई",शुल्क न दें और नौकरी की स्वतंत्र जांच करें।,1. शुल्क न दें और नौकरी की स्वतंत्र जांच करें। 2. आधिकारिक चैनल से स्वतंत्र रूप से सत्यापन करें। 3. संदिग्ध होने पर संदेश/नंबर की रिपोर्ट करें।,High,P1,Hindi synthetic/adapted example; not claimed as verbatim real-world data.,"captcha भरकर रोज़ ₹5,000 कमाएं। अकाउंट सक्रिय करने के लिए ₹4,999 शुल्क दें।"
TE-S0104,మీ ₹999 ఇన్‌స్టంట్ లోన్ ఆమోదించబడింది. డబ్బు విడుదలకు ₹199 ప్రాసెసింగ్ ఫీజు చెల్లించండి.,scam,loan_scam,te,Research-backed synthetic multilingual,synthetic_research_backed,"ఫేక్ లోన్, ముందస్తు ఫీజు, ఆర్థిక ఒత్తిడి",ఫీజు చెల్లించకండి; లెండర్ వివరాలు వెరిఫై చేయండి.,1. ఫీజు చెల్లించకండి; లెండర్ వివరాలు వెరిఫై చేయండి. 2. అధికారిక ఛానల్ ద్వారా స్వతంత్రంగా వెరిఫై చేయండి. 3. ఆధారాలను సేవ్ చేసి అవసరమైతే రిపోర్ట్ చేయండి.,High,P1,Telugu synthetic/adapted example; not claimed as verbatim real-world data.,మీ ₹999 ఇన్‌స్టంట్ లోన్ ఆమోదించబడింది. డబ్బు విడుదలకు ₹199 ప్రాసెసింగ్ ఫీజు చెల్లించండి.
S0936,Your account requires urgent verification. Visit http://secure-login.invalid and enter your login details within 30 minutes.,scam,smishing,en,Research-backed synthetic,synthetic_research_backed,"SMS phishing, suspicious URL, urgency",Do not open the link.,1. Do not open the link. 2. Verify independently using the official service/authority. 3. Preserve evidence. 4. Report suspected cyber fraud.,High,P1,"English dataset row; retained from the finalized 1,500-record ScamShield dataset.",your account requires urgent verification. visit http://secure-login.invalid and enter your login details within 30 minutes.
S1016,Urgent: your Canara Bank account will be blocked today because PAN/KYC is incomplete. Click https://example.invalid/verify to update now.,scam,bank_kyc,en,Research-backed synthetic,synthetic_research_backed,"bank impersonation, urgency, suspicious URL, KYC request",Do not click the link or share banking credentials.,1. Do not click the link. 2. Open the bank's official app/site manually. 3. Verify KYC status. 4. Report the message if fraudulent.,High,P1,"English dataset row; retained from the finalized 1,500-record ScamShield dataset.",urgent: your canara bank account will be blocked today because pan/kyc is incomplete. click https://example.invalid/verify to update now.
S0816,Congratulations! You won Rs 4999 in a lucky draw. Pay Rs 499 tax/processing charges to claim your prize. Act now.,scam,lottery,en,Research-backed synthetic,synthetic_research_backed,"unexpected prize, upfront payment, lottery claim",Do not pay the fee.,1. Do not send money. 2. Do not share financial details. 3. Block the sender. 4. Report the message.,High,P1,"English dataset row; retained from the finalized 1,500-record ScamShield dataset.",congratulations! you won rs 4999 in a lucky draw. pay rs 499 tax/processing charges to claim your prize. act now.
G0929,Amazon order #123-456 has shipped and will arrive tomorrow.,genuine,delivery,en,User-provided reference file,user_reference,,,Verify through an official channel; follow the expected action above.,Low,P4,"English dataset row; retained from the finalized 1,500-record ScamShield dataset.",amazon order #123-456 has shipped and will arrive tomorrow.
S0413,Rent your WhatsApp account to earn ₹25000 per week. Send the verification code to activate the rental.,scam,whatsapp_web_renting,en,Research-backed synthetic,synthetic_research_backed,"account renting, OTP request, financial incentive",Do not share the verification code or account access.,1. Do not share the verification code or account access. 2. Verify independently using the official service/authority. 3. Preserve evidence. 4. Report suspected cyber fraud.,Critical,P1,"English dataset row; retained from the finalized 1,500-record ScamShield dataset.",rent your whatsapp account to earn ₹25000 per week. send the verification code to activate the rental.
G1200,The department seminar on Data Analytics will be held on 15 October in sample-venue. Thank you.,genuine,college_announcement,en,Research-backed synthetic,synthetic_research_backed,normal institutional announcement,Check the official college communication channel for details.,1. Verify the announcement in the official portal/email. 2. Note the venue and time. 3. Attend if relevant.,Low,P4,"English dataset row; retained from the finalized 1,500-record ScamShield dataset.",the department seminar on data analytics will be held on 15 october in sample-venue. thank you.
G0879,Your mobile plan has 2.8 GB remaining and is valid until 5 October.,genuine,telecom_genuine,en,Research-backed synthetic,synthetic_research_backed,normal telecom usage notice,Check usage in the official provider app.,1. Check usage in the official provider app. 2. Verify the message in the official app/portal if needed. 3. Do not share sensitive information unnecessarily.,Low,P4,"English dataset row; retained from the finalized 1,500-record ScamShield dataset.",your mobile plan has 2.8 gb remaining and is valid until 5 october.
S0841,You have been selected for a work-from-home Data Analyst paying Rs 249 per day. Pay Rs 499 as registration before joining. Do not ignore this message.,scam,job_scam,en,Research-backed synthetic,synthetic_research_backed,"unrealistic earnings, upfront fee, unsolicited job",Do not pay the registration fee.,1. Do not pay. 2. Verify the employer independently. 3. Do not share identity/banking documents. 4. Block and report the sender.,High,P1,"English dataset row; retained from the finalized 1,500-record ScamShield dataset.",you have been selected for a work-from-home data analyst paying rs 249 per day. pay rs 499 as registration before joining. do not ignore this message.
HI-G0118,क्या हम आज 10:00 बजे बजे कॉलेज कैंटीन में मिल रहे हैं?,genuine,personal,hi,Research-backed synthetic multilingual,synthetic_research_backed,सामान्य व्यक्तिगत संदेश,सामान्य रूप से उत्तर दें।,1. सामान्य रूप से उत्तर दें। 2. आधिकारिक चैनल से स्वतंत्र रूप से सत्यापन करें। 3. संदिग्ध होने पर संदेश/नंबर की रिपोर्ट करें।,Low,P4,Hindi synthetic/adapted example; not claimed as verbatim real-world data.,क्या हम आज 10:00 बजे बजे कॉलेज कैंटीन में मिल रहे हैं?
S1221,Our AI trading group guarantees 10% daily profit. Deposit Rs 4999 today to activate your account.,scam,investment_scam,en,Research-backed synthetic,synthetic_research_backed,"guaranteed returns, investment pressure, deposit request",Do not transfer money based on the message.,1. Do not deposit funds. 2. Verify the company independently. 3. Check regulatory status where applicable. 4. Report the solicitation.,Critical,P1,"English dataset row; retained from the finalized 1,500-record ScamShield dataset.",our ai trading group guarantees 10% daily profit. deposit rs 4999 today to activate your account.
S0533,Your Paytm account has been locked. Verify your identity now at http://secure-update.invalid to avoid permanent closure. Act now.,scam,phishing,en,Research-backed synthetic,synthetic_research_backed,"account threat, urgency, suspicious URL, credential harvesting",Do not click the link.,1. Do not open the URL. 2. Visit the service by typing its official address. 3. Change credentials if exposed. 4. Report the message.,High,P1,"English dataset row; retained from the finalized 1,500-record ScamShield dataset.",your paytm account has been locked. verify your identity now at http://secure-update.invalid to avoid permanent closure. act now.
S0253,Congratulations! Your instant loan of Rs 4999 is approved. Pay Rs 199 processing charges to release the funds.,scam,loan_scam,en,Research-backed synthetic,synthetic_research_backed,"unsolicited loan, advance fee, pressure",Do not pay the fee.,1. Do not pay upfront charges. 2. Verify the lender independently. 3. Avoid sharing banking credentials. 4. Report the message.,High,P1,"English dataset row; retained from the finalized 1,500-record ScamShield dataset.",congratulations! your instant loan of rs 4999 is approved. pay rs 199 processing charges to release the funds.
G1323,The department seminar on Cybersecurity will be held on 10 October in sample-venue. Thank you.,genuine,college_announcement,en,Research-backed synthetic,synthetic_research_backed,normal institutional announcement,Check the official college communication channel for details.,1. Verify the announcement in the official portal/email. 2. Note the venue and time. 3. Attend if relevant.,Low,P4,"English dataset row; retained from the finalized 1,500-record ScamShield dataset.",the department seminar on cybersecurity will be held on 10 october in sample-venue. thank you.
S0318,Urgent: your ICICI Bank account will be blocked today because PAN/KYC is incomplete. Click http://account-check.invalid to update now. Act now.,scam,bank_kyc,en,Research-backed synthetic,synthetic_research_backed,"bank impersonation, urgency, suspicious URL, KYC request",Do not click the link or share banking credentials.,1. Do not click the link. 2. Open the bank's official app/site manually. 3. Verify KYC status. 4. Report the message if fraudulent.,High,P1,"English dataset row; retained from the finalized 1,500-record ScamShield dataset.",urgent: your icici bank account will be blocked today because pan/kyc is incomplete. click http://account-check.invalid to update now. act now.
G0394,Your application for the Frontend Developer position has moved to the next stage. Please check the company careers portal. — Customer Notification.,genuine,job_genuine,en,Research-backed synthetic,synthetic_research_backed,normal recruitment communication,Access the known company careers portal directly.,1. Open the company website manually. 2. Check application status. 3. Follow the official recruitment process.,Low,P4,"English dataset row; retained from the finalized 1,500-record ScamShield dataset.",your application for the frontend developer position has moved to the next stage. please check the company careers portal. — customer notification.
HI-G0105,आपकी सदस्यता 2 अक्टूबर को ₹499 में नवीनीकृत होगी।,genuine,subscription,hi,Research-backed synthetic multilingual,synthetic_research_backed,सामान्य सदस्यता सूचना,आधिकारिक अकाउंट सेटिंग्स में विवरण जांचें।,1. आधिकारिक अकाउंट सेटिंग्स में विवरण जांचें। 2. आधिकारिक चैनल से स्वतंत्र रूप से सत्यापन करें। 3. संदिग्ध होने पर संदेश/नंबर की रिपोर्ट करें।,Low,P4,Hindi synthetic/adapted example; not claimed as verbatim real-world data.,आपकी सदस्यता 2 अक्टूबर को ₹499 में नवीनीकृत होगी।
G0583,Interview reminder: your Frontend Developer interview is scheduled for 20 October at 6:00 PM. Thank you.,genuine,job_genuine,en,Research-backed synthetic,synthetic_research_backed,normal recruitment communication,Verify the interview through the official recruitment channel.,1. Check the original application. 2. Confirm the interview details. 3. Join through the verified meeting link.,Low,P4,"English dataset row; retained from the finalized 1,500-record ScamShield dataset.",interview reminder: your frontend developer interview is scheduled for 20 october at 6:00 pm. thank you.
TE-S0032,మా ట్రేడింగ్ ప్లాట్‌ఫారమ్ రోజూ 499% లాభం గ్యారంటీ చేస్తుంది. వెంటనే ₹499 డిపాజిట్ చేయండి.,scam,investment_scam,te,Research-backed synthetic multilingual,synthetic_research_backed,"గ్యారంటీడ్ రిటర్న్స్, పెట్టుబడి ఒత్తిడి",డబ్బు పంపకండి; ప్లాట్‌ఫారమ్‌ను స్వతంత్రంగా వెరిఫై చేయండి.,1. డబ్బు పంపకండి; ప్లాట్‌ఫారమ్‌ను స్వతంత్రంగా వెరిఫై చేయండి. 2. అధికారిక ఛానల్ ద్వారా స్వతంత్రంగా వెరిఫై చేయండి. 3. ఆధారాలను సేవ్ చేసి అవసరమైతే రిపోర్ట్ చేయండి.,Critical,P1,Telugu synthetic/adapted example; not claimed as verbatim real-world data.,మా ట్రేడింగ్ ప్లాట్‌ఫారమ్ రోజూ 499% లాభం గ్యారంటీ చేస్తుంది. వెంటనే ₹499 డిపాజిట్ చేయండి.
G1103,Your Netflix payment of ₹249 was processed successfully.,genuine,transaction,en,Research-backed synthetic,synthetic_research_backed,normal transaction notification,Verify in the official app.,1. Verify in the official app. 2. Verify the message in the official app/portal if needed. 3. Do not share sensitive information unnecessarily.,Low,P4,"English dataset row; retained from the finalized 1,500-record ScamShield dataset.",your netflix payment of ₹249 was processed successfully.
G1207,Reminder: your lab appointment is scheduled for 20 October at 10:00 AM.,genuine,appointment,en,Research-backed synthetic,synthetic_research_backed,normal appointment reminder,Confirm or reschedule through the official provider if necessary.,1. Check the appointment details. 2. Add it to your calendar. 3. Use the provider's official contact channel for changes.,Low,P4,"English dataset row; retained from the finalized 1,500-record ScamShield dataset.",reminder: your lab appointment is scheduled for 20 october at 10:00 am.
G0814,Your order #401-8246152 from the store has been confirmed.,genuine,ecommerce,en,Research-backed synthetic,synthetic_research_backed,normal ecommerce notification,Check the order in the official shopping account.,1. Check the order in the official shopping account. 2. Verify the message in the official app/portal if needed. 3. Do not share sensitive information unnecessarily.,Low,P4,"English dataset row; retained from the finalized 1,500-record ScamShield dataset.",your order #401-8246152 from the store has been confirmed.
S1176,I am calling from Telecom Dept. Your SIM will be blocked in 2 hours as it is used for illegal activities.,scam,telecom_threat,en,User-provided reference file,user_reference,"government impersonation, urgency",Disconnect call,Verify through an official channel; follow the expected action above.,High,P1,"English dataset row; retained from the finalized 1,500-record ScamShield dataset.",i am calling from telecom dept. your sim will be blocked in 2 hours as it is used for illegal activities.
G1348,Your Swiggy payment of Rs 4999 was processed successfully. Thank you.,genuine,transaction,en,Research-backed synthetic,synthetic_research_backed,normal transaction notification,Verify the transaction in the official app or bank statement.,1. Check the transaction in the official app. 2. Confirm the amount and merchant. 3. Keep the receipt if needed.,Low,P4,"English dataset row; retained from the finalized 1,500-record ScamShield dataset.",your swiggy payment of rs 4999 was processed successfully. thank you.
G1397,Your electricity bill of Rs 499 is due on 10 October. Please pay through the official utility portal.,genuine,utility_genuine,en,Research-backed synthetic,synthetic_research_backed,normal utility bill reminder,Use the official utility website/app.,1. Verify the bill in the official portal. 2. Check the due date and amount. 3. Pay only through the official channel.,Low,P4,"English dataset row; retained from the finalized 1,500-record ScamShield dataset.",your electricity bill of rs 499 is due on 10 october. please pay through the official utility portal.
HI-G0095,आपके मोबाइल प्लान में 1.2 GB डेटा शेष है और यह 10 अक्टूबर तक वैध है।,genuine,telecom_genuine,hi,Research-backed synthetic multilingual,synthetic_research_backed,सामान्य टेलीकॉम सूचना,आधिकारिक टेलीकॉम ऐप में उपयोग जांचें।,1. आधिकारिक टेलीकॉम ऐप में उपयोग जांचें। 2. आधिकारिक चैनल से स्वतंत्र रूप से सत्यापन करें। 3. संदिग्ध होने पर संदेश/नंबर की रिपोर्ट करें।,Low,P4,Hindi synthetic/adapted example; not claimed as verbatim real-world data.,आपके मोबाइल प्लान में 1.2 gb डेटा शेष है और यह 10 अक्टूबर तक वैध है।
G1339,Reminder: your appointment is scheduled for 15 October at 10:00 AM.,genuine,appointment,en,Research-backed synthetic,synthetic_research_backed,normal appointment reminder,Confirm through the official provider if needed.,1. Confirm through the official provider if needed. 2. Verify the message in the official app/portal if needed. 3. Do not share sensitive information unnecessarily.,Low,P4,"English dataset row; retained from the finalized 1,500-record ScamShield dataset.",reminder: your appointment is scheduled for 15 october at 10:00 am.
S1412,This is the CBI. Your Aadhaar is linked to a money laundering case. Do not disconnect or you will be digitally arrested.,scam,digital_arrest,en,User-provided reference file,user_reference,"law enforcement impersonation, threat, urgency",Disconnect immediately,Verify through an official channel; follow the expected action above.,High,P1,"English dataset row; retained from the finalized 1,500-record ScamShield dataset.",this is the cbi. your aadhaar is linked to a money laundering case. do not disconnect or you will be digitally arrested.
TE-S0062,"విపత్తు సహాయం కోసం ₹2,499 వెంటనే ఈ వ్యక్తిగత UPI IDకి పంపండి.",scam,charity_scam,te,Research-backed synthetic multilingual,synthetic_research_backed,"భావోద్వేగ అప్పీల్, వ్యక్తిగత UPI, అత్యవసరం",సంస్థను మరియు చెల్లింపు ఛానల్‌ను వెరిఫై చేయండి.,1. సంస్థను మరియు చెల్లింపు ఛానల్‌ను వెరిఫై చేయండి. 2. అధికారిక ఛానల్ ద్వారా స్వతంత్రంగా వెరిఫై చేయండి. 3. ఆధారాలను సేవ్ చేసి అవసరమైతే రిపోర్ట్ చేయండి.,Medium,P2,Telugu synthetic/adapted example; not claimed as verbatim real-world data.,"విపత్తు సహాయం కోసం ₹2,499 వెంటనే ఈ వ్యక్తిగత upi idకి పంపండి."
G1283,Rs 249 was spent at Swiggy using your debit card. Please keep this for your records.,genuine,transaction,en,Research-backed synthetic,synthetic_research_backed,normal transaction notification,Verify the transaction in the official banking/payment app.,1. Open the official banking app. 2. Confirm the transaction. 3. Contact the bank only if it is unrecognized.,Low,P4,"English dataset row; retained from the finalized 1,500-record ScamShield dataset.",rs 249 was spent at swiggy using your debit card. please keep this for your records.
TE-G0019,మీ ఆర్డర్ #402-1937460 షిప్ అయింది. ఇది 10 अक्टूबरన డెలివరీ అయ్యే అవకాశం ఉంది.,genuine,delivery,te,Research-backed synthetic multilingual,synthetic_research_backed,సాధారణ డెలివరీ అప్డేట్,అధికారిక యాప్/వెబ్‌సైట్‌లో ట్రాక్ చేయండి.,1. అధికారిక యాప్/వెబ్‌సైట్‌లో ట్రాక్ చేయండి. 2. అధికారిక ఛానల్ ద్వారా స్వతంత్రంగా వెరిఫై చేయండి. 3. ఆధారాలను సేవ్ చేసి అవసరమైతే రిపోర్ట్ చేయండి.,Low,P4,Telugu synthetic/adapted example; not claimed as verbatim real-world data.,మీ ఆర్డర్ #402-1937460 షిప్ అయింది. ఇది 10 अक्टूबरన డెలివరీ అయ్యే అవకాశం ఉంది.
S1201,Congratulations! Your instant loan of Rs 499 is approved. Pay Rs 1499 processing charges to release the funds. Do not ignore this message.,scam,loan_scam,en,Research-backed synthetic,synthetic_research_backed,"unsolicited loan, advance fee, pressure",Do not pay the fee.,1. Do not pay upfront charges. 2. Verify the lender independently. 3. Avoid sharing banking credentials. 4. Report the message.,High,P1,"English dataset row; retained from the finalized 1,500-record ScamShield dataset.",congratulations! your instant loan of rs 499 is approved. pay rs 1499 processing charges to release the funds. do not ignore this message.
G1239,Your electricity bill of Rs 1299 is due on 20 October. Please pay through the official utility portal.,genuine,utility_genuine,en,Research-backed synthetic,synthetic_research_backed,normal utility bill reminder,Use the official utility website/app.,1. Verify the bill in the official portal. 2. Check the due date and amount. 3. Pay only through the official channel.,Low,P4,"English dataset row; retained from the finalized 1,500-record ScamShield dataset.",your electricity bill of rs 1299 is due on 20 october. please pay through the official utility portal.
S0963,Congratulations! You won Rs 2499 in a lucky draw. Pay Rs 199 tax/processing charges to claim your prize.,scam,lottery,en,Research-backed synthetic,synthetic_research_backed,"unexpected prize, upfront payment, lottery claim",Do not pay the fee.,1. Do not send money. 2. Do not share financial details. 3. Block the sender. 4. Report the message.,High,P1,"English dataset row; retained from the finalized 1,500-record ScamShield dataset.",congratulations! you won rs 2499 in a lucky draw. pay rs 199 tax/processing charges to claim your prize.
S0040,We detected an issue with your Netflix account. Call +91 9XXXX XXXXX and provide your card details for verification. Do not ignore this message.,scam,customer_support,en,Research-backed synthetic,synthetic_research_backed,"fake support, request for financial data, unsolicited contact",Do not provide card or account details.,1. Do not call the supplied number. 2. Use official support channels. 3. Do not share card/OTP details. 4. Block the sender.,Critical,P1,"English dataset row; retained from the finalized 1,500-record ScamShield dataset.",we detected an issue with your netflix account. call +91 9xxxx xxxxx and provide your card details for verification. do not ignore this message.
TE-S0070,"CAPTCHAలు పూర్తి చేసి రోజుకు ₹10,000 సంపాదించండి. అకౌంట్ యాక్టివేట్ చేయడానికి ₹499 ఫీజు చెల్లించండి.",scam,fake_captcha_job,te,Research-backed synthetic multilingual,synthetic_research_backed,"ఫేక్ CAPTCHA ఉద్యోగం, ముందస్తు ఫీజు",ఫీజు చెల్లించకండి; ఉద్యోగాన్ని వెరిఫై చేయండి.,1. ఫీజు చెల్లించకండి; ఉద్యోగాన్ని వెరిఫై చేయండి. 2. అధికారిక ఛానల్ ద్వారా స్వతంత్రంగా వెరిఫై చేయండి. 3. ఆధారాలను సేవ్ చేసి అవసరమైతే రిపోర్ట్ చేయండి.,High,P1,Telugu synthetic/adapted example; not claimed as verbatim real-world data.,"captchaలు పూర్తి చేసి రోజుకు ₹10,000 సంపాదించండి. అకౌంట్ యాక్టివేట్ చేయడానికి ₹499 ఫీజు చెల్లించండి."
G0344,The Cybersecurity assignment deadline is 20 October. Please submit it through the student portal. Please keep this for your records.,genuine,education,en,Research-backed synthetic,synthetic_research_backed,normal educational announcement,Use the official student portal.,1. Check the assignment details. 2. Prepare the submission. 3. Upload through the official portal before the deadline.,Low,P4,"English dataset row; retained from the finalized 1,500-record ScamShield dataset.",the cybersecurity assignment deadline is 20 october. please submit it through the student portal. please keep this for your records.
S1479,"To receive your refund of Rs 2499, scan this QR and enter your UPI PIN. Act now.",scam,upi_qr,en,Research-backed synthetic,synthetic_research_backed,"QR-for-receiving-money, UPI PIN request, refund pretext",Do not scan the QR or enter the UPI PIN.,1. Do not scan the QR. 2. Never enter a UPI PIN to receive money. 3. Verify the refund in the official app. 4. Report the sender.,Critical,P1,"English dataset row; retained from the finalized 1,500-record ScamShield dataset.","to receive your refund of rs 2499, scan this qr and enter your upi pin. act now."
HI-G0016,क्या हम आज 6:00 बजे बजे कॉलेज कैंटीन में मिल रहे हैं?,genuine,personal,hi,Research-backed synthetic multilingual,synthetic_research_backed,सामान्य व्यक्तिगत संदेश,सामान्य रूप से उत्तर दें।,1. सामान्य रूप से उत्तर दें। 2. आधिकारिक चैनल से स्वतंत्र रूप से सत्यापन करें। 3. संदिग्ध होने पर संदेश/नंबर की रिपोर्ट करें।,Low,P4,Hindi synthetic/adapted example; not claimed as verbatim real-world data.,क्या हम आज 6:00 बजे बजे कॉलेज कैंटीन में मिल रहे हैं?
G0934,Please review the latest SupportPilot build before the project meeting tomorrow. Thank you.,genuine,work,en,Research-backed synthetic,synthetic_research_backed,ordinary workplace communication,Review the work through the normal project channel.,1. Open the known project workspace. 2. Review the requested item. 3. Reply with feedback.,Low,P4,"English dataset row; retained from the finalized 1,500-record ScamShield dataset.",please review the latest supportpilot build before the project meeting tomorrow. thank you.
G0150,Your Netflix payment of Rs 799 was processed successfully. Thank you.,genuine,transaction,en,Research-backed synthetic,synthetic_research_backed,normal transaction notification,Verify the transaction in the official app or bank statement.,1. Check the transaction in the official app. 2. Confirm the amount and merchant. 3. Keep the receipt if needed.,Low,P4,"English dataset row; retained from the finalized 1,500-record ScamShield dataset.",your netflix payment of rs 799 was processed successfully. thank you.
S0804,"To receive your refund of Rs 499, scan this QR and enter your UPI PIN. Do not ignore this message.",scam,upi_qr,en,Research-backed synthetic,synthetic_research_backed,"QR-for-receiving-money, UPI PIN request, refund pretext",Do not scan the QR or enter the UPI PIN.,1. Do not scan the QR. 2. Never enter a UPI PIN to receive money. 3. Verify the refund in the official app. 4. Report the sender.,Critical,P1,"English dataset row; retained from the finalized 1,500-record ScamShield dataset.","to receive your refund of rs 499, scan this qr and enter your upi pin. do not ignore this message."
TE-S0068,మీ Flipkart అకౌంట్ లాక్ అయింది. మూసివేయకుండా ఉండేందుకు http://secure-update.invalidలో లాగిన్ అవ్వండి.,scam,phishing,te,Research-backed synthetic multilingual,synthetic_research_backed,"ఫిషింగ్ లింక్, అకౌంట్ బెదిరింపు, క్రెడెన్షియల్ అభ్యర్థన",లింక్ ఓపెన్ చేయకండి; అధికారిక యాప్‌లో చెక్ చేయండి.,1. లింక్ ఓపెన్ చేయకండి; అధికారిక యాప్‌లో చెక్ చేయండి. 2. అధికారిక ఛానల్ ద్వారా స్వతంత్రంగా వెరిఫై చేయండి. 3. ఆధారాలను సేవ్ చేసి అవసరమైతే రిపోర్ట్ చేయండి.,High,P1,Telugu synthetic/adapted example; not claimed as verbatim real-world data.,మీ flipkart అకౌంట్ లాక్ అయింది. మూసివేయకుండా ఉండేందుకు http://secure-update.invalidలో లాగిన్ అవ్వండి.
G0203,Your registration for AI workshop is confirmed. The event begins at 10:00 AM on 20 October.,genuine,event,en,Research-backed synthetic,synthetic_research_backed,normal event confirmation,Check the registration in the official event account/email.,1. Verify registration details. 2. Save the event information. 3. Use the organizer's official contact channel for changes.,Low,P4,"English dataset row; retained from the finalized 1,500-record ScamShield dataset.",your registration for ai workshop is confirmed. the event begins at 10:00 am on 20 october.
TE-G0117,మీ ₹199 విద్యుత్ బిల్లు 15 अक्टूबरన చెల్లించాలి.,genuine,utility_genuine,te,Research-backed synthetic multilingual,synthetic_research_backed,సాధారణ యుటిలిటీ రిమైండర్,అధికారిక విద్యుత్ పోర్టల్‌లో బిల్లు చెక్ చేయండి.,1. అధికారిక విద్యుత్ పోర్టల్‌లో బిల్లు చెక్ చేయండి. 2. అధికారిక ఛానల్ ద్వారా స్వతంత్రంగా వెరిఫై చేయండి. 3. ఆధారాలను సేవ్ చేసి అవసరమైతే రిపోర్ట్ చేయండి.,Low,P4,Telugu synthetic/adapted example; not claimed as verbatim real-world data.,మీ ₹199 విద్యుత్ బిల్లు 15 अक्टूबरన చెల్లించాలి.
HI-S0123,CAPTCHA भरकर रोज़ ₹199 कमाएं। अकाउंट सक्रिय करने के लिए ₹499 शुल्क दें।,scam,fake_captcha_job,hi,Research-backed synthetic multilingual,synthetic_research_backed,"फर्जी CAPTCHA नौकरी, अग्रिम शुल्क, अवास्तविक कमाई",शुल्क न दें और नौकरी की स्वतंत्र जांच करें।,1. शुल्क न दें और नौकरी की स्वतंत्र जांच करें। 2. आधिकारिक चैनल से स्वतंत्र रूप से सत्यापन करें। 3. संदिग्ध होने पर संदेश/नंबर की रिपोर्ट करें।,High,P1,Hindi synthetic/adapted example; not claimed as verbatim real-world data.,captcha भरकर रोज़ ₹199 कमाएं। अकाउंट सक्रिय करने के लिए ₹499 शुल्क दें।
G1148,Your electricity bill of Rs 1299 is due on 15 October. Please pay through the official utility portal. Thank you.,genuine,utility_genuine,en,Research-backed synthetic,synthetic_research_backed,normal utility bill reminder,Use the official utility website/app.,1. Verify the bill in the official portal. 2. Check the due date and amount. 3. Pay only through the official channel.,Low,P4,"English dataset row; retained from the finalized 1,500-record ScamShield dataset.",your electricity bill of rs 1299 is due on 15 october. please pay through the official utility portal. thank you.
G0156,Reminder from CARE Hospital: your career counseling session is booked for 10 October at 2:00 PM. Thank you.,genuine,healthcare,en,Research-backed synthetic,synthetic_research_backed,normal healthcare reminder,Use the clinic's official contact details for changes.,1. Verify the appointment in the clinic system. 2. Add it to your calendar. 3. Contact the clinic through its official number if needed.,Low,P4,"English dataset row; retained from the finalized 1,500-record ScamShield dataset.",reminder from care hospital: your career counseling session is booked for 10 october at 2:00 pm. thank you.
G0970,Your IndiGo booking H9P3ZA is confirmed for 2 October. — Customer Notification.,genuine,travel,en,Research-backed synthetic,synthetic_research_backed,normal travel confirmation,Check the booking in the official airline/travel app.,1. Open the official travel account. 2. Verify the booking reference. 3. Check schedule changes through the official channel.,Low,P4,"English dataset row; retained from the finalized 1,500-record ScamShield dataset.",your indigo booking h9p3za is confirmed for 2 october. — customer notification.
G1220,Your electricity bill of Rs 1299 is due on 15 October. Please pay through the official utility portal.,genuine,utility_genuine,en,Research-backed synthetic,synthetic_research_backed,normal utility bill reminder,Use the official utility website/app.,1. Verify the bill in the official portal. 2. Check the due date and amount. 3. Pay only through the official channel.,Low,P4,"English dataset row; retained from the finalized 1,500-record ScamShield dataset.",your electricity bill of rs 1299 is due on 15 october. please pay through the official utility portal.
G0937,Your support ticket REQ-51942 has been updated. Sign in to the official support portal to view it.,genuine,support_genuine,en,Research-backed synthetic,synthetic_research_backed,normal support notification,Open the known support portal directly.,1. Open the known support portal directly. 2. Verify the message in the official app/portal if needed. 3. Do not share sensitive information unnecessarily.,Low,P4,"English dataset row; retained from the finalized 1,500-record ScamShield dataset.",your support ticket req-51942 has been updated. sign in to the official support portal to view it.
G1179,Your registration for placement orientation is confirmed. The event begins at 2:00 PM on 5 October. — Customer Notification.,genuine,event,en,Research-backed synthetic,synthetic_research_backed,normal event confirmation,Check the registration in the official event account/email.,1. Verify registration details. 2. Save the event information. 3. Use the organizer's official contact channel for changes.,Low,P4,"English dataset row; retained from the finalized 1,500-record ScamShield dataset.",your registration for placement orientation is confirmed. the event begins at 2:00 pm on 5 october. — customer notification.
S0301,We detected an issue with your WhatsApp account. Call +91 9XXXX XXXXX and provide your card details for verification. Do not ignore this message.,scam,customer_support,en,Research-backed synthetic,synthetic_research_backed,"fake support, request for financial data, unsolicited contact",Do not provide card or account details.,1. Do not call the supplied number. 2. Use official support channels. 3. Do not share card/OTP details. 4. Block the sender.,Critical,P1,"English dataset row; retained from the finalized 1,500-record ScamShield dataset.",we detected an issue with your whatsapp account. call +91 9xxxx xxxxx and provide your card details for verification. do not ignore this message.
TE-S0088,"CAPTCHAలు పూర్తి చేసి రోజుకు ₹5,000 సంపాదించండి. అకౌంట్ యాక్టివేట్ చేయడానికి ₹499 ఫీజు చెల్లించండి.",scam,fake_captcha_job,te,Research-backed synthetic multilingual,synthetic_research_backed,"ఫేక్ CAPTCHA ఉద్యోగం, ముందస్తు ఫీజు",ఫీజు చెల్లించకండి; ఉద్యోగాన్ని వెరిఫై చేయండి.,1. ఫీజు చెల్లించకండి; ఉద్యోగాన్ని వెరిఫై చేయండి. 2. అధికారిక ఛానల్ ద్వారా స్వతంత్రంగా వెరిఫై చేయండి. 3. ఆధారాలను సేవ్ చేసి అవసరమైతే రిపోర్ట్ చేయండి.,High,P1,Telugu synthetic/adapted example; not claimed as verbatim real-world data.,"captchaలు పూర్తి చేసి రోజుకు ₹5,000 సంపాదించండి. అకౌంట్ యాక్టివేట్ చేయడానికి ₹499 ఫీజు చెల్లించండి."
S0588,Your Flipkart account has been locked. Verify your identity now at http://secure-update.invalid to avoid permanent closure. Immediate action required.,scam,phishing,en,Research-backed synthetic,synthetic_research_backed,"account threat, urgency, suspicious URL, credential harvesting",Do not click the link.,1. Do not open the URL. 2. Visit the service by typing its official address. 3. Change credentials if exposed. 4. Report the message.,High,P1,"English dataset row; retained from the finalized 1,500-record ScamShield dataset.",your flipkart account has been locked. verify your identity now at http://secure-update.invalid to avoid permanent closure. immediate action required.
G0137,Reminder from KIMS: your lab appointment is booked for 10 October at 9:30 AM. Thank you.,genuine,healthcare,en,Research-backed synthetic,synthetic_research_backed,normal healthcare reminder,Use the clinic's official contact details for changes.,1. Verify the appointment in the clinic system. 2. Add it to your calendar. 3. Contact the clinic through its official number if needed.,Low,P4,"English dataset row; retained from the finalized 1,500-record ScamShield dataset.",reminder from kims: your lab appointment is booked for 10 october at 9:30 am. thank you.
S0819,Urgent: your ICICI Bank account will be blocked today because PAN/KYC is incomplete. Click http://account-check.invalid to update now. Immediate action required.,scam,bank_kyc,en,Research-backed synthetic,synthetic_research_backed,"bank impersonation, urgency, suspicious URL, KYC request",Do not click the link or share banking credentials.,1. Do not click the link. 2. Open the bank's official app/site manually. 3. Verify KYC status. 4. Report the message if fraudulent.,High,P1,"English dataset row; retained from the finalized 1,500-record ScamShield dataset.",urgent: your icici bank account will be blocked today because pan/kyc is incomplete. click http://account-check.invalid to update now. immediate action required.
G1137,The Cybersecurity assignment deadline is 10 October. Please submit it through the student portal. Thank you.,genuine,education,en,Research-backed synthetic,synthetic_research_backed,normal educational announcement,Use the official student portal.,1. Check the assignment details. 2. Prepare the submission. 3. Upload through the official portal before the deadline.,Low,P4,"English dataset row; retained from the finalized 1,500-record ScamShield dataset.",the cybersecurity assignment deadline is 10 october. please submit it through the student portal. thank you.
G0489,Interview reminder: your Frontend Developer interview is scheduled for 15 October at 9:30 AM.,genuine,job_genuine,en,Research-backed synthetic,synthetic_research_backed,normal recruitment communication,Verify the interview through the official recruitment channel.,1. Check the original application. 2. Confirm the interview details. 3. Join through the verified meeting link.,Low,P4,"English dataset row; retained from the finalized 1,500-record ScamShield dataset.",interview reminder: your frontend developer interview is scheduled for 15 october at 9:30 am.
G0247,Your bank statement for account ending 5730 is now available in online banking. — Customer Notification.,genuine,banking_genuine,en,Research-backed synthetic,synthetic_research_backed,normal banking notification,Open the bank's official app or website.,1. Sign in through the official app/site. 2. Review the statement. 3. Never use links from unexpected messages to sign in.,Low,P4,"English dataset row; retained from the finalized 1,500-record ScamShield dataset.",your bank statement for account ending 5730 is now available in online banking. — customer notification.
G0155,आपके Swiggy भुगतान का ₹799 का लेनदेन सफल रहा। Thank you.,genuine,transaction,en,Research-backed synthetic,synthetic_research_backed,normal transaction notification,Verify the transaction through the official app.,1. आधिकारिक ऐप खोलें। 2. लेनदेन की राशि जांचें। 3. अनजान लेनदेन हो तो बैंक से संपर्क करें।,Low,P4,"English dataset row; retained from the finalized 1,500-record ScamShield dataset.",आपके swiggy भुगतान का ₹799 का लेनदेन सफल रहा। thank you.
S1435,Please donate Rs 799 for an emergency relief campaign. Transfer to this personal UPI ID today. Act now.,scam,charity_scam,en,Research-backed synthetic,synthetic_research_backed,"emotional appeal, personal payment destination, urgency",Verify the charity and donation channel independently.,1. Do not transfer to an unverified personal account. 2. Check the organization's official website. 3. Donate through verified channels. 4. Report the message.,Medium,P2,"English dataset row; retained from the finalized 1,500-record ScamShield dataset.",please donate rs 799 for an emergency relief campaign. transfer to this personal upi id today. act now.
S0954,Your WhatsApp/email account will be deleted unless you send the 6-digit verification code now.,scam,account_takeover,en,Research-backed synthetic,synthetic_research_backed,"OTP request, account takeover, urgency",Do not share the verification code.,1. Do not share the code. 2. Open the official app and review active sessions. 3. Enable two-step verification. 4. Report the sender.,Critical,P1,"English dataset row; retained from the finalized 1,500-record ScamShield dataset.",your whatsapp/email account will be deleted unless you send the 6-digit verification code now.
G1364,Reminder: your lab appointment is scheduled for 30 September at 10:00 AM. Please keep this for your records.,genuine,appointment,en,Research-backed synthetic,synthetic_research_backed,normal appointment reminder,Confirm or reschedule through the official provider if necessary.,1. Check the appointment details. 2. Add it to your calendar. 3. Use the provider's official contact channel for changes.,Low,P4,"English dataset row; retained from the finalized 1,500-record ScamShield dataset.",reminder: your lab appointment is scheduled for 30 september at 10:00 am. please keep this for your records.
G1459,Your service request SS-10482 has been completed. Please review the update in the official portal. Thank you.,genuine,service_update,en,Research-backed synthetic,synthetic_research_backed,normal service update,Review the request through the official portal.,1. Open the official portal directly. 2. Check the request status. 3. Contact official support if the result is incorrect.,Low,P4,"English dataset row; retained from the finalized 1,500-record ScamShield dataset.",your service request ss-10482 has been completed. please review the update in the official portal. thank you.
TE-G0022,మీ ఆర్డర్ #403-5820147 షిప్ అయింది. ఇది 5 अक्टूबरన డెలివరీ అయ్యే అవకాశం ఉంది.,genuine,delivery,te,Research-backed synthetic multilingual,synthetic_research_backed,సాధారణ డెలివరీ అప్డేట్,అధికారిక యాప్/వెబ్‌సైట్‌లో ట్రాక్ చేయండి.,1. అధికారిక యాప్/వెబ్‌సైట్‌లో ట్రాక్ చేయండి. 2. అధికారిక ఛానల్ ద్వారా స్వతంత్రంగా వెరిఫై చేయండి. 3. ఆధారాలను సేవ్ చేసి అవసరమైతే రిపోర్ట్ చేయండి.,Low,P4,Telugu synthetic/adapted example; not claimed as verbatim real-world data.,మీ ఆర్డర్ #403-5820147 షిప్ అయింది. ఇది 5 अक्टूबरన డెలివరీ అయ్యే అవకాశం ఉంది.
G1039,Your airline booking Q4M8LX is confirmed for 10 October.,genuine,travel,en,Research-backed synthetic,synthetic_research_backed,normal travel confirmation,Check the booking in the official airline app.,1. Check the booking in the official airline app. 2. Verify the message in the official app/portal if needed. 3. Do not share sensitive information unnecessarily.,Low,P4,"English dataset row; retained from the finalized 1,500-record ScamShield dataset.",your airline booking q4m8lx is confirmed for 10 october.
S0348,Your Netflix account has been locked. Verify your identity now at http://account-check.invalid to avoid permanent closure. Act now.,scam,phishing,en,Research-backed synthetic,synthetic_research_backed,"account threat, urgency, suspicious URL, credential harvesting",Do not click the link.,1. Do not open the URL. 2. Visit the service by typing its official address. 3. Change credentials if exposed. 4. Report the message.,High,P1,"English dataset row; retained from the finalized 1,500-record ScamShield dataset.",your netflix account has been locked. verify your identity now at http://account-check.invalid to avoid permanent closure. act now.
S0658,"Hi, I lost my phone and need you to urgently transfer Rs 249 to this new account. Please don't call. Do not ignore this message.",scam,impersonation,en,Research-backed synthetic,synthetic_research_backed,"impersonation, money request, urgency, discouraging verification",Verify the person's identity through an independent channel before any payment.,1. Do not transfer money. 2. Call the person using a known number. 3. Confirm the request independently. 4. Report if fraudulent.,High,P1,"English dataset row; retained from the finalized 1,500-record ScamShield dataset.","hi, i lost my phone and need you to urgently transfer rs 249 to this new account. please don't call. do not ignore this message."
G0733,Your bank statement for account ending 8842 is now available in online banking. Thank you.,genuine,banking_genuine,en,Research-backed synthetic,synthetic_research_backed,normal banking notification,Open the bank's official app or website.,1. Sign in through the official app/site. 2. Review the statement. 3. Never use links from unexpected messages to sign in.,Low,P4,"English dataset row; retained from the finalized 1,500-record ScamShield dataset.",your bank statement for account ending 8842 is now available in online banking. thank you.
HI-G0121,आपके मोबाइल प्लान में 5 GB डेटा शेष है और यह 10 अक्टूबर तक वैध है।,genuine,telecom_genuine,hi,Research-backed synthetic multilingual,synthetic_research_backed,सामान्य टेलीकॉम सूचना,आधिकारिक टेलीकॉम ऐप में उपयोग जांचें।,1. आधिकारिक टेलीकॉम ऐप में उपयोग जांचें। 2. आधिकारिक चैनल से स्वतंत्र रूप से सत्यापन करें। 3. संदिग्ध होने पर संदेश/नंबर की रिपोर्ट करें।,Low,P4,Hindi synthetic/adapted example; not claimed as verbatim real-world data.,आपके मोबाइल प्लान में 5 gb डेटा शेष है और यह 10 अक्टूबर तक वैध है।
G0506,Your registration for AI workshop is confirmed. The event begins at 4:30 PM on 10 October. Please keep this for your records.,genuine,event,en,Research-backed synthetic,synthetic_research_backed,normal event confirmation,Check the registration in the official event account/email.,1. Verify registration details. 2. Save the event information. 3. Use the organizer's official contact channel for changes.,Low,P4,"English dataset row; retained from the finalized 1,500-record ScamShield dataset.",your registration for ai workshop is confirmed. the event begins at 4:30 pm on 10 october. please keep this for your records.
S0256,You have been selected for a work-from-home Data Analyst paying Rs 1299 per day. Pay Rs 199 as registration before joining.,scam,job_scam,en,Research-backed synthetic,synthetic_research_backed,"unrealistic earnings, upfront fee, unsolicited job",Do not pay the registration fee.,1. Do not pay. 2. Verify the employer independently. 3. Do not share identity/banking documents. 4. Block and report the sender.,High,P1,"English dataset row; retained from the finalized 1,500-record ScamShield dataset.",you have been selected for a work-from-home data analyst paying rs 1299 per day. pay rs 199 as registration before joining.
G1367,Your Vistara booking R2N6VT is confirmed for 15 October. Thank you.,genuine,travel,en,Research-backed synthetic,synthetic_research_backed,normal travel confirmation,Check the booking in the official airline/travel app.,1. Open the official travel account. 2. Verify the booking reference. 3. Check schedule changes through the official channel.,Low,P4,"English dataset row; retained from the finalized 1,500-record ScamShield dataset.",your vistara booking r2n6vt is confirmed for 15 october. thank you.
S1313,Your electricity connection will be disconnected tonight unless you pay the pending bill through http://secure-update.invalid. Do not ignore this message.,scam,utility_scam,en,Research-backed synthetic,synthetic_research_backed,"utility impersonation, disconnection threat, suspicious URL",Verify the bill through the official utility portal.,1. Do not open the link. 2. Check the official utility account. 3. Pay only through the official portal. 4. Report the message.,High,P1,"English dataset row; retained from the finalized 1,500-record ScamShield dataset.",your electricity connection will be disconnected tonight unless you pay the pending bill through http://secure-update.invalid. do not ignore this message.
S0308,"Hi, I lost my phone and need you to urgently transfer Rs 249 to this new account. Please don't call.",scam,impersonation,en,Research-backed synthetic,synthetic_research_backed,"impersonation, money request, urgency, discouraging verification",Verify the person's identity through an independent channel before any payment.,1. Do not transfer money. 2. Call the person using a known number. 3. Confirm the request independently. 4. Report if fraudulent.,High,P1,"English dataset row; retained from the finalized 1,500-record ScamShield dataset.","hi, i lost my phone and need you to urgently transfer rs 249 to this new account. please don't call."
G1094,Your bank statement for account ending 1024 is now available in online banking. Please keep this for your records.,genuine,banking_genuine,en,Research-backed synthetic,synthetic_research_backed,normal banking notification,Open the bank's official app or website.,1. Sign in through the official app/site. 2. Review the statement. 3. Never use links from unexpected messages to sign in.,Low,P4,"English dataset row; retained from the finalized 1,500-record ScamShield dataset.",your bank statement for account ending 1024 is now available in online banking. please keep this for your records.
HI-G0046,आपका Microsoft सत्यापन कोड G-481205 है। इसे किसी के साथ साझा न करें।,genuine,otp,hi,Research-backed synthetic multilingual,synthetic_research_backed,वैध OTP सूचना,केवल आपके द्वारा शुरू किए गए सत्यापन में कोड का उपयोग करें।,1. केवल आपके द्वारा शुरू किए गए सत्यापन में कोड का उपयोग करें। 2. आधिकारिक चैनल से स्वतंत्र रूप से सत्यापन करें। 3. संदिग्ध होने पर संदेश/नंबर की रिपोर्ट करें।,Low,P4,Hindi synthetic/adapted example; not claimed as verbatim real-world data.,आपका microsoft सत्यापन कोड g-481205 है। इसे किसी के साथ साझा न करें।
G0111,Your electricity bill of Rs 1299 is due on 2 October. Please pay through the official utility portal. — Customer Notification.,genuine,utility_genuine,en,Research-backed synthetic,synthetic_research_backed,normal utility bill reminder,Use the official utility website/app.,1. Verify the bill in the official portal. 2. Check the due date and amount. 3. Pay only through the official channel.,Low,P4,"English dataset row; retained from the finalized 1,500-record ScamShield dataset.",your electricity bill of rs 1299 is due on 2 october. please pay through the official utility portal. — customer notification.
HI-G0061,आपके Spotify का ₹499 भुगतान सफलतापूर्वक प्रोसेस हो गया है।,genuine,transaction,hi,Research-backed synthetic multilingual,synthetic_research_backed,सामान्य लेनदेन सूचना,आधिकारिक ऐप में लेनदेन सत्यापित करें।,1. आधिकारिक ऐप में लेनदेन सत्यापित करें। 2. आधिकारिक चैनल से स्वतंत्र रूप से सत्यापन करें। 3. संदिग्ध होने पर संदेश/नंबर की रिपोर्ट करें।,Low,P4,Hindi synthetic/adapted example; not claimed as verbatim real-world data.,आपके spotify का ₹499 भुगतान सफलतापूर्वक प्रोसेस हो गया है।
G0132,The Live Call Guardian API test report is ready for review. Please keep this for your records.,genuine,work,en,Research-backed synthetic,synthetic_research_backed,ordinary workplace communication,Open the report from the known work repository.,1. Verify the project context. 2. Review the report. 3. Share findings through the normal team channel.,Low,P4,"English dataset row; retained from the finalized 1,500-record ScamShield dataset.",the live call guardian api test report is ready for review. please keep this for your records.
G0971,Your Jio data plan has 5 GB remaining and is valid until 15 October. Thank you.,genuine,telecom_genuine,en,Research-backed synthetic,synthetic_research_backed,normal telecom usage notice,Check usage in the official telecom app if needed.,1. Open the official provider app. 2. Review plan usage. 3. Recharge only through official channels.,Low,P4,"English dataset row; retained from the finalized 1,500-record ScamShield dataset.",your jio data plan has 5 gb remaining and is valid until 15 october. thank you.
G1438,Instagram verification code M-562901 है। इसे किसी के साथ साझा न करें। Thank you.,genuine,otp,en,Research-backed synthetic,synthetic_research_backed,legitimate verification-code notice,Use only for the verification you initiated.,1. कोड केवल आधिकारिक स्क्रीन पर दर्ज करें। 2. किसी को न बताएं। 3. अनचाहा कोड हो तो पासवर्ड/सुरक्षा जांचें।,Low,P4,"English dataset row; retained from the finalized 1,500-record ScamShield dataset.",instagram verification code m-562901 है। इसे किसी के साथ साझा न करें। thank you.
S0885,Earn ₹499 daily by completing CAPTCHA tasks. Pay ₹1999 registration/software charges to activate your account.,scam,fake_captcha_job,en,Research-backed synthetic,synthetic_research_backed,"upfront fee, unrealistic earnings, fake job platform",Do not pay the registration fee.,1. Do not pay the registration fee. 2. Verify independently using the official service/authority. 3. Preserve evidence. 4. Report suspected cyber fraud.,High,P1,"English dataset row; retained from the finalized 1,500-record ScamShield dataset.",earn ₹499 daily by completing captcha tasks. pay ₹1999 registration/software charges to activate your account.
G0138,Your Vistara booking AI7K2P is confirmed for 15 October. Please keep this for your records.,genuine,travel,en,Research-backed synthetic,synthetic_research_backed,normal travel confirmation,Check the booking in the official airline/travel app.,1. Open the official travel account. 2. Verify the booking reference. 3. Check schedule changes through the official channel.,Low,P4,"English dataset row; retained from the finalized 1,500-record ScamShield dataset.",your vistara booking ai7k2p is confirmed for 15 october. please keep this for your records.
HI-G0008,क्या हम आज 2:00 बजे बजे कॉलेज कैंटीन में मिल रहे हैं?,genuine,personal,hi,Research-backed synthetic multilingual,synthetic_research_backed,सामान्य व्यक्तिगत संदेश,सामान्य रूप से उत्तर दें।,1. सामान्य रूप से उत्तर दें। 2. आधिकारिक चैनल से स्वतंत्र रूप से सत्यापन करें। 3. संदिग्ध होने पर संदेश/नंबर की रिपोर्ट करें।,Low,P4,Hindi synthetic/adapted example; not claimed as verbatim real-world data.,क्या हम आज 2:00 बजे बजे कॉलेज कैंटीन में मिल रहे हैं?
TE-S0053,ఇప్పుడే ₹499 పంపండి. లేకపోతే మీ ప్రైవేట్ వీడియోను మీ కాంటాక్ట్స్‌కు పంపిస్తాం.,scam,sextortion,te,Research-backed synthetic multilingual,synthetic_research_backed,"బ్లాక్‌మెయిల్, బెదిరింపు, డబ్బు డిమాండ్",డబ్బు పంపకండి; ఆధారాలను భద్రపరచి రిపోర్ట్ చేయండి.,1. డబ్బు పంపకండి; ఆధారాలను భద్రపరచి రిపోర్ట్ చేయండి. 2. అధికారిక ఛానల్ ద్వారా స్వతంత్రంగా వెరిఫై చేయండి. 3. ఆధారాలను సేవ్ చేసి అవసరమైతే రిపోర్ట్ చేయండి.,Critical,P1,Telugu synthetic/adapted example; not claimed as verbatim real-world data.,ఇప్పుడే ₹499 పంపండి. లేకపోతే మీ ప్రైవేట్ వీడియోను మీ కాంటాక్ట్స్‌కు పంపిస్తాం.
TE-G0020,మీ క్లినిక్ అపాయింట్‌మెంట్ 5 अक्टूबरన 6:00 बजेకి షెడ్యూల్ చేయబడింది.,genuine,healthcare,te,Research-backed synthetic multilingual,synthetic_research_backed,సాధారణ ఆరోగ్య రిమైండర్,అధికారిక క్లినిక్ ఛానల్ ద్వారా నిర్ధారించండి.,1. అధికారిక క్లినిక్ ఛానల్ ద్వారా నిర్ధారించండి. 2. అధికారిక ఛానల్ ద్వారా స్వతంత్రంగా వెరిఫై చేయండి. 3. ఆధారాలను సేవ్ చేసి అవసరమైతే రిపోర్ట్ చేయండి.,Low,P4,Telugu synthetic/adapted example; not claimed as verbatim real-world data.,మీ క్లినిక్ అపాయింట్‌మెంట్ 5 अक्टूबरన 6:00 बजेకి షెడ్యూల్ చేయబడింది.
G0897,Your Delhivery order #403-5820147 has shipped and is expected to arrive on 30 September.,genuine,delivery,en,Research-backed synthetic,synthetic_research_backed,normal delivery update,Track through the official retailer/carrier app if needed.,1. Open the official app if tracking is required. 2. Check the order number. 3. No payment is required unless shown in the official order flow.,Low,P4,"English dataset row; retained from the finalized 1,500-record ScamShield dataset.",your delhivery order #403-5820147 has shipped and is expected to arrive on 30 september.
S0684,Our AI trading group guarantees 10% daily profit. Deposit Rs 2499 today to activate your account. Immediate action required.,scam,investment_scam,en,Research-backed synthetic,synthetic_research_backed,"guaranteed returns, investment pressure, deposit request",Do not transfer money based on the message.,1. Do not deposit funds. 2. Verify the company independently. 3. Check regulatory status where applicable. 4. Report the solicitation.,Critical,P1,"English dataset row; retained from the finalized 1,500-record ScamShield dataset.",our ai trading group guarantees 10% daily profit. deposit rs 2499 today to activate your account. immediate action required.
G1404,"Hi Kiran, are we still meeting at computer lab around 6:00 PM today? Please keep this for your records.",genuine,personal,en,Research-backed synthetic,synthetic_research_backed,ordinary personal communication,Reply through the normal conversation channel.,1. Check your plans. 2. Reply to the sender. 3. Do not take any financial action based only on this message.,Low,P4,"English dataset row; retained from the finalized 1,500-record ScamShield dataset.","hi kiran, are we still meeting at computer lab around 6:00 pm today? please keep this for your records."
TE-S0074,ఇంటినుంచి పని చేసి రోజుకు ₹499 సంపాదించండి. ఉద్యోగం ప్రారంభించడానికి ₹999 రిజిస్ట్రేషన్ ఫీజు చెల్లించండి.,scam,job_scam,te,Research-backed synthetic multilingual,synthetic_research_backed,"ఫేక్ ఉద్యోగం, ముందస్తు ఫీజు, అవాస్తవ ఆదాయం",ఫీజు చెల్లించకండి; ఉద్యోగదాతను స్వతంత్రంగా వెరిఫై చేయండి.,1. ఫీజు చెల్లించకండి; ఉద్యోగదాతను స్వతంత్రంగా వెరిఫై చేయండి. 2. అధికారిక ఛానల్ ద్వారా స్వతంత్రంగా వెరిఫై చేయండి. 3. ఆధారాలను సేవ్ చేసి అవసరమైతే రిపోర్ట్ చేయండి.,High,P1,Telugu synthetic/adapted example; not claimed as verbatim real-world data.,ఇంటినుంచి పని చేసి రోజుకు ₹499 సంపాదించండి. ఉద్యోగం ప్రారంభించడానికి ₹999 రిజిస్ట్రేషన్ ఫీజు చెల్లించండి.
S0035,Congratulations! Your instant loan of Rs 249 is approved. Pay Rs 299 processing charges to release the funds. Do not ignore this message.,scam,loan_scam,en,Research-backed synthetic,synthetic_research_backed,"unsolicited loan, advance fee, pressure",Do not pay the fee.,1. Do not pay upfront charges. 2. Verify the lender independently. 3. Avoid sharing banking credentials. 4. Report the message.,High,P1,"English dataset row; retained from the finalized 1,500-record ScamShield dataset.",congratulations! your instant loan of rs 249 is approved. pay rs 299 processing charges to release the funds. do not ignore this message.
G0293,Netflix verification code G-481205 है। इसे किसी के साथ साझा न करें। — Customer Notification.,genuine,otp,en,Research-backed synthetic,synthetic_research_backed,legitimate verification-code notice,Use only for the verification you initiated.,1. कोड केवल आधिकारिक स्क्रीन पर दर्ज करें। 2. किसी को न बताएं। 3. अनचाहा कोड हो तो पासवर्ड/सुरक्षा जांचें।,Low,P4,"English dataset row; retained from the finalized 1,500-record ScamShield dataset.",netflix verification code g-481205 है। इसे किसी के साथ साझा न करें। — customer notification.
TE-S0048,₹199 రీఫండ్ పొందడానికి ఈ QR కోడ్ స్కాన్ చేసి UPI PIN నమోదు చేయండి.,scam,upi_qr,te,Research-backed synthetic multilingual,synthetic_research_backed,"QR మోసం, UPI PIN అభ్యర్థన, రీఫండ్ నెపం",QR స్కాన్ చేయకండి; UPI PIN ఇవ్వకండి.,1. QR స్కాన్ చేయకండి; UPI PIN ఇవ్వకండి. 2. అధికారిక ఛానల్ ద్వారా స్వతంత్రంగా వెరిఫై చేయండి. 3. ఆధారాలను సేవ్ చేసి అవసరమైతే రిపోర్ట్ చేయండి.,Critical,P1,Telugu synthetic/adapted example; not claimed as verbatim real-world data.,₹199 రీఫండ్ పొందడానికి ఈ qr కోడ్ స్కాన్ చేసి upi pin నమోదు చేయండి.
TE-G0119,మీ ట్రావెల్ బుకింగ్ Q4M8LX 5 अक्टूबरకి కన్ఫర్మ్ అయింది.,genuine,travel,te,Research-backed synthetic multilingual,synthetic_research_backed,సాధారణ ట్రావెల్ కన్ఫర్మేషన్,అధికారిక ట్రావెల్ యాప్‌లో చెక్ చేయండి.,1. అధికారిక ట్రావెల్ యాప్‌లో చెక్ చేయండి. 2. అధికారిక ఛానల్ ద్వారా స్వతంత్రంగా వెరిఫై చేయండి. 3. ఆధారాలను సేవ్ చేసి అవసరమైతే రిపోర్ట్ చేయండి.,Low,P4,Telugu synthetic/adapted example; not claimed as verbatim real-world data.,మీ ట్రావెల్ బుకింగ్ q4m8lx 5 अक्टूबरకి కన్ఫర్మ్ అయింది.
HI-S0047,"आपका पार्सल ₹1,999 कस्टम/री-डिलीवरी शुल्क के कारण रुका है। अभी भुगतान करें।",scam,delivery_scam,hi,Research-backed synthetic multilingual,synthetic_research_backed,"डिलीवरी प्रतिरूपण, छोटा शुल्क, तात्कालिकता",आधिकारिक ट्रैकिंग ऐप/वेबसाइट से स्थिति जांचें।,1. आधिकारिक ट्रैकिंग ऐप/वेबसाइट से स्थिति जांचें। 2. आधिकारिक चैनल से स्वतंत्र रूप से सत्यापन करें। 3. संदिग्ध होने पर संदेश/नंबर की रिपोर्ट करें।,High,P1,Hindi synthetic/adapted example; not claimed as verbatim real-world data.,"आपका पार्सल ₹1,999 कस्टम/री-डिलीवरी शुल्क के कारण रुका है। अभी भुगतान करें।"
S0839,Earn ₹25000 daily by completing CAPTCHA tasks. Pay ₹999 registration/software charges to activate your account.,scam,fake_captcha_job,en,Research-backed synthetic,synthetic_research_backed,"upfront fee, unrealistic earnings, fake job platform",Do not pay the registration fee.,1. Do not pay the registration fee. 2. Verify independently using the official service/authority. 3. Preserve evidence. 4. Report suspected cyber fraud.,High,P1,"English dataset row; retained from the finalized 1,500-record ScamShield dataset.",earn ₹25000 daily by completing captcha tasks. pay ₹999 registration/software charges to activate your account.
G0810,Your verification code for Netflix is M-562901. Do not share it with anyone. — Customer Notification.,genuine,otp,en,Research-backed synthetic,synthetic_research_backed,legitimate verification-code notice,Use the code only in the login/verification flow you initiated.,"1. Use the code only on the official service. 2. Never forward the code. 3. If you did not request it, ignore it and review account security.",Low,P4,"English dataset row; retained from the finalized 1,500-record ScamShield dataset.",your verification code for netflix is m-562901. do not share it with anyone. — customer notification.
S0772,Your parcel is held because of a Rs 999 customs/redelivery charge. Pay at http://secure-update.invalid within 2 hours.,scam,delivery,en,Research-backed synthetic,synthetic_research_backed,"delivery impersonation, small fee, urgency, suspicious URL",Do not pay through the provided link.,1. Do not open the link. 2. Check the order on the official retailer/carrier site. 3. Verify any fee there. 4. Report the SMS.,High,P1,"English dataset row; retained from the finalized 1,500-record ScamShield dataset.",your parcel is held because of a rs 999 customs/redelivery charge. pay at http://secure-update.invalid within 2 hours.
S0515,Your SIM will be disconnected in 1 hours because it was used for illegal activity. Call this number immediately. Do not ignore this message.,scam,telecom_threat,en,Research-backed synthetic,synthetic_research_backed,"telecom impersonation, urgency, threat, callback request",Do not call the supplied number.,1. Do not call the supplied number. 2. Check account status in the official telecom app. 3. Contact official support. 4. Report the message.,High,P1,"English dataset row; retained from the finalized 1,500-record ScamShield dataset.",your sim will be disconnected in 1 hours because it was used for illegal activity. call this number immediately. do not ignore this message.
TE-G0002,మీ ఆర్డర్ #402-1937460 షిప్ అయింది. ఇది 5 अक्टूबरన డెలివరీ అయ్యే అవకాశం ఉంది.,genuine,delivery,te,Research-backed synthetic multilingual,synthetic_research_backed,సాధారణ డెలివరీ అప్డేట్,అధికారిక యాప్/వెబ్‌సైట్‌లో ట్రాక్ చేయండి.,1. అధికారిక యాప్/వెబ్‌సైట్‌లో ట్రాక్ చేయండి. 2. అధికారిక ఛానల్ ద్వారా స్వతంత్రంగా వెరిఫై చేయండి. 3. ఆధారాలను సేవ్ చేసి అవసరమైతే రిపోర్ట్ చేయండి.,Low,P4,Telugu synthetic/adapted example; not claimed as verbatim real-world data.,మీ ఆర్డర్ #402-1937460 షిప్ అయింది. ఇది 5 अक्टूबरన డెలివరీ అయ్యే అవకాశం ఉంది.
HI-G0038,आपकी क्लिनिक अपॉइंटमेंट 2 अक्टूबर को 2:00 बजे बजे निर्धारित है।,genuine,healthcare,hi,Research-backed synthetic multilingual,synthetic_research_backed,सामान्य स्वास्थ्य रिमाइंडर,आधिकारिक क्लिनिक चैनल से विवरण सत्यापित करें।,1. आधिकारिक क्लिनिक चैनल से विवरण सत्यापित करें। 2. आधिकारिक चैनल से स्वतंत्र रूप से सत्यापन करें। 3. संदिग्ध होने पर संदेश/नंबर की रिपोर्ट करें।,Low,P4,Hindi synthetic/adapted example; not claimed as verbatim real-world data.,आपकी क्लिनिक अपॉइंटमेंट 2 अक्टूबर को 2:00 बजे बजे निर्धारित है।
G0410,Please review the latest SupportPilot build before the stand-up tomorrow.,genuine,work,en,Research-backed synthetic,synthetic_research_backed,ordinary workplace communication,Review the work through the normal project channel.,1. Open the known project workspace. 2. Review the requested item. 3. Reply with feedback.,Low,P4,"English dataset row; retained from the finalized 1,500-record ScamShield dataset.",please review the latest supportpilot build before the stand-up tomorrow.
G0900,Reminder: your career counseling session is scheduled for 10 October at 4:30 PM.,genuine,appointment,en,Research-backed synthetic,synthetic_research_backed,normal appointment reminder,Confirm or reschedule through the official provider if necessary.,1. Check the appointment details. 2. Add it to your calendar. 3. Use the provider's official contact channel for changes.,Low,P4,"English dataset row; retained from the finalized 1,500-record ScamShield dataset.",reminder: your career counseling session is scheduled for 10 october at 4:30 pm.
HI-S0019,CAPTCHA भरकर रोज़ ₹199 कमाएं। अकाउंट सक्रिय करने के लिए ₹199 शुल्क दें।,scam,fake_captcha_job,hi,Research-backed synthetic multilingual,synthetic_research_backed,"फर्जी CAPTCHA नौकरी, अग्रिम शुल्क, अवास्तविक कमाई",शुल्क न दें और नौकरी की स्वतंत्र जांच करें।,1. शुल्क न दें और नौकरी की स्वतंत्र जांच करें। 2. आधिकारिक चैनल से स्वतंत्र रूप से सत्यापन करें। 3. संदिग्ध होने पर संदेश/नंबर की रिपोर्ट करें।,High,P1,Hindi synthetic/adapted example; not claimed as verbatim real-world data.,captcha भरकर रोज़ ₹199 कमाएं। अकाउंट सक्रिय करने के लिए ₹199 शुल्क दें।
G1068,Your order #401-8246152 from Myntra has been confirmed for delivery. — Customer Notification.,genuine,ecommerce,en,Research-backed synthetic,synthetic_research_backed,normal ecommerce order confirmation,Check order status in the official store account.,1. Open the official shopping app/site. 2. Verify the order. 3. Contact official support for changes.,Low,P4,"English dataset row; retained from the finalized 1,500-record ScamShield dataset.",your order #401-8246152 from myntra has been confirmed for delivery. — customer notification.
HI-G0027,आपके सपोर्ट टिकट SS-10482 में अपडेट है। विवरण देखने के लिए आधिकारिक सपोर्ट पोर्टल में साइन इन करें।,genuine,support_genuine,hi,Research-backed synthetic multilingual,synthetic_research_backed,सामान्य सपोर्ट सूचना,ज्ञात सपोर्ट पोर्टल सीधे खोलें।,1. ज्ञात सपोर्ट पोर्टल सीधे खोलें। 2. आधिकारिक चैनल से स्वतंत्र रूप से सत्यापन करें। 3. संदिग्ध होने पर संदेश/नंबर की रिपोर्ट करें।,Low,P4,Hindi synthetic/adapted example; not claimed as verbatim real-world data.,आपके सपोर्ट टिकट ss-10482 में अपडेट है। विवरण देखने के लिए आधिकारिक सपोर्ट पोर्टल में साइन इन करें।
G1273,The department has published the timetable for the mid-term examination.,genuine,education,en,Research-backed synthetic,synthetic_research_backed,normal educational announcement,Check the official college/university portal.,1. Open the official portal. 2. Confirm the timetable. 3. Note the exam date and time.,Low,P4,"English dataset row; retained from the finalized 1,500-record ScamShield dataset.",the department has published the timetable for the mid-term examination.
G0295,Your Vistara booking Q4M8LX is confirmed for 30 September.,genuine,travel,en,Research-backed synthetic,synthetic_research_backed,normal travel confirmation,Check the booking in the official airline/travel app.,1. Open the official travel account. 2. Verify the booking reference. 3. Check schedule changes through the official channel.,Low,P4,"English dataset row; retained from the finalized 1,500-record ScamShield dataset.",your vistara booking q4m8lx is confirmed for 30 september.
S1124,Congratulations! Your instant loan of Rs 499 is approved. Pay Rs 299 processing charges to release the funds. Immediate action required.,scam,loan_scam,en,Research-backed synthetic,synthetic_research_backed,"unsolicited loan, advance fee, pressure",Do not pay the fee.,1. Do not pay upfront charges. 2. Verify the lender independently. 3. Avoid sharing banking credentials. 4. Report the message.,High,P1,"English dataset row; retained from the finalized 1,500-record ScamShield dataset.",congratulations! your instant loan of rs 499 is approved. pay rs 299 processing charges to release the funds. immediate action required.
S1185,"Hi, I lost my phone and need you to urgently transfer Rs 2499 to this new account. Please don't call.",scam,impersonation,en,Research-backed synthetic,synthetic_research_backed,"impersonation, money request, urgency, discouraging verification",Verify the person's identity through an independent channel before any payment.,1. Do not transfer money. 2. Call the person using a known number. 3. Confirm the request independently. 4. Report if fraudulent.,High,P1,"English dataset row; retained from the finalized 1,500-record ScamShield dataset.","hi, i lost my phone and need you to urgently transfer rs 2499 to this new account. please don't call."
TE-S0045,మీ ₹499 రీఫండ్ పెండింగ్‌లో ఉంది. రీఫండ్ కోసం కార్డ్ నంబర్ మరియు OTP పంపండి.,scam,fake_refund,te,Research-backed synthetic multilingual,synthetic_research_backed,"ఫేక్ రీఫండ్, కార్డ్ వివరాలు, OTP",కార్డ్ వివరాలు లేదా OTP షేర్ చేయకండి.,1. కార్డ్ వివరాలు లేదా OTP షేర్ చేయకండి. 2. అధికారిక ఛానల్ ద్వారా స్వతంత్రంగా వెరిఫై చేయండి. 3. ఆధారాలను సేవ్ చేసి అవసరమైతే రిపోర్ట్ చేయండి.,Critical,P1,Telugu synthetic/adapted example; not claimed as verbatim real-world data.,మీ ₹499 రీఫండ్ పెండింగ్‌లో ఉంది. రీఫండ్ కోసం కార్డ్ నంబర్ మరియు otp పంపండి.
HI-G0009,याद दिलाया जाता है कि आपकी अपॉइंटमेंट 30 सितंबर को 4:30 बजे बजे है।,genuine,appointment,hi,Research-backed synthetic multilingual,synthetic_research_backed,सामान्य अपॉइंटमेंट रिमाइंडर,आधिकारिक प्रदाता के माध्यम से पुष्टि/रीशेड्यूल करें।,1. आधिकारिक प्रदाता के माध्यम से पुष्टि/रीशेड्यूल करें। 2. आधिकारिक चैनल से स्वतंत्र रूप से सत्यापन करें। 3. संदिग्ध होने पर संदेश/नंबर की रिपोर्ट करें।,Low,P4,Hindi synthetic/adapted example; not claimed as verbatim real-world data.,याद दिलाया जाता है कि आपकी अपॉइंटमेंट 30 सितंबर को 4:30 बजे बजे है।
G0127,Reminder: your doctor consultation is scheduled for 30 September at 2:00 PM. Please keep this for your records.,genuine,appointment,en,Research-backed synthetic,synthetic_research_backed,normal appointment reminder,Confirm or reschedule through the official provider if necessary.,1. Check the appointment details. 2. Add it to your calendar. 3. Use the provider's official contact channel for changes.,Low,P4,"English dataset row; retained from the finalized 1,500-record ScamShield dataset.",reminder: your doctor consultation is scheduled for 30 september at 2:00 pm. please keep this for your records.
HI-G0064,आपका Flipkart सत्यापन कोड Q-183640 है। इसे किसी के साथ साझा न करें।,genuine,otp,hi,Research-backed synthetic multilingual,synthetic_research_backed,वैध OTP सूचना,केवल आपके द्वारा शुरू किए गए सत्यापन में कोड का उपयोग करें।,1. केवल आपके द्वारा शुरू किए गए सत्यापन में कोड का उपयोग करें। 2. आधिकारिक चैनल से स्वतंत्र रूप से सत्यापन करें। 3. संदिग्ध होने पर संदेश/नंबर की रिपोर्ट करें।,Low,P4,Hindi synthetic/adapted example; not claimed as verbatim real-world data.,आपका flipkart सत्यापन कोड q-183640 है। इसे किसी के साथ साझा न करें।
S0860,Our crypto trading bot guarantees 20% profit every day. Deposit ₹999 now to join.,scam,crypto_investment,en,Research-backed synthetic,synthetic_research_backed,"guaranteed returns, crypto solicitation, deposit request",Do not transfer money based on guaranteed-profit claims.,1. Do not transfer money based on guaranteed-profit claims. 2. Verify independently using the official service/authority. 3. Preserve evidence. 4. Report suspected cyber fraud.,Critical,P1,"English dataset row; retained from the finalized 1,500-record ScamShield dataset.",our crypto trading bot guarantees 20% profit every day. deposit ₹999 now to join.
S0476,Earn ₹5000 daily by completing CAPTCHA tasks. Pay ₹199 registration/software charges to activate your account.,scam,fake_captcha_job,en,Research-backed synthetic,synthetic_research_backed,"upfront fee, unrealistic earnings, fake job platform",Do not pay the registration fee.,1. Do not pay the registration fee. 2. Verify independently using the official service/authority. 3. Preserve evidence. 4. Report suspected cyber fraud.,High,P1,"English dataset row; retained from the finalized 1,500-record ScamShield dataset.",earn ₹5000 daily by completing captcha tasks. pay ₹199 registration/software charges to activate your account.
HI-S0067,"CAPTCHA भरकर रोज़ ₹2,499 कमाएं। अकाउंट सक्रिय करने के लिए ₹999 शुल्क दें।",scam,fake_captcha_job,hi,Research-backed synthetic multilingual,synthetic_research_backed,"फर्जी CAPTCHA नौकरी, अग्रिम शुल्क, अवास्तविक कमाई",शुल्क न दें और नौकरी की स्वतंत्र जांच करें।,1. शुल्क न दें और नौकरी की स्वतंत्र जांच करें। 2. आधिकारिक चैनल से स्वतंत्र रूप से सत्यापन करें। 3. संदिग्ध होने पर संदेश/नंबर की रिपोर्ट करें।,High,P1,Hindi synthetic/adapted example; not claimed as verbatim real-world data.,"captcha भरकर रोज़ ₹2,499 कमाएं। अकाउंट सक्रिय करने के लिए ₹999 शुल्क दें।"
HI-S0021,"आपदा राहत के लिए ₹10,000 तुरंत इस व्यक्तिगत UPI ID पर भेजें।",scam,charity_scam,hi,Research-backed synthetic multilingual,synthetic_research_backed,"भावनात्मक अपील, निजी भुगतान खाता, तात्कालिकता",संगठन और भुगतान चैनल को स्वतंत्र रूप से सत्यापित करें।,1. संगठन और भुगतान चैनल को स्वतंत्र रूप से सत्यापित करें। 2. आधिकारिक चैनल से स्वतंत्र रूप से सत्यापन करें। 3. संदिग्ध होने पर संदेश/नंबर की रिपोर्ट करें।,Medium,P2,Hindi synthetic/adapted example; not claimed as verbatim real-world data.,"आपदा राहत के लिए ₹10,000 तुरंत इस व्यक्तिगत upi id पर भेजें।"
HI-S0089,CAPTCHA भरकर रोज़ ₹199 कमाएं। अकाउंट सक्रिय करने के लिए ₹999 शुल्क दें।,scam,fake_captcha_job,hi,Research-backed synthetic multilingual,synthetic_research_backed,"फर्जी CAPTCHA नौकरी, अग्रिम शुल्क, अवास्तविक कमाई",शुल्क न दें और नौकरी की स्वतंत्र जांच करें।,1. शुल्क न दें और नौकरी की स्वतंत्र जांच करें। 2. आधिकारिक चैनल से स्वतंत्र रूप से सत्यापन करें। 3. संदिग्ध होने पर संदेश/नंबर की रिपोर्ट करें।,High,P1,Hindi synthetic/adapted example; not claimed as verbatim real-world data.,captcha भरकर रोज़ ₹199 कमाएं। अकाउंट सक्रिय करने के लिए ₹999 शुल्क दें।
G0232,"A new beneficiary was added to your account. If you made this change, no action is required. Thank you.",genuine,banking_genuine,en,Research-backed synthetic,synthetic_research_backed,normal banking security notification,Verify the beneficiary in the official banking app.,1. Open the official banking app. 2. Check the beneficiary list. 3. Contact the bank immediately if you did not make the change.,Low,P4,"English dataset row; retained from the finalized 1,500-record ScamShield dataset.","a new beneficiary was added to your account. if you made this change, no action is required. thank you."
G1408,Your Blue Dart order #404-7319056 has shipped and is expected to arrive on 5 October. — Customer Notification.,genuine,delivery,en,Research-backed synthetic,synthetic_research_backed,normal delivery update,Track through the official retailer/carrier app if needed.,1. Open the official app if tracking is required. 2. Check the order number. 3. No payment is required unless shown in the official order flow.,Low,P4,"English dataset row; retained from the finalized 1,500-record ScamShield dataset.",your blue dart order #404-7319056 has shipped and is expected to arrive on 5 october. — customer notification.
G0675,Delivery update: Blue Dart will attempt delivery of order #402-1937460 today. — Customer Notification.,genuine,delivery,en,Research-backed synthetic,synthetic_research_backed,normal delivery update,Use the official tracking page or app.,1. Check official tracking. 2. Keep the delivery address accessible. 3. Contact the retailer through official support if there is a problem.,Low,P4,"English dataset row; retained from the finalized 1,500-record ScamShield dataset.",delivery update: blue dart will attempt delivery of order #402-1937460 today. — customer notification.
G0360,Your verification code is G-481205. Do not share it with anyone.,genuine,otp,en,Research-backed synthetic,synthetic_research_backed,legitimate verification-code notice,Use only for the verification you initiated.,1. Use only for the verification you initiated. 2. Verify the message in the official app/portal if needed. 3. Do not share sensitive information unnecessarily.,Low,P4,"English dataset row; retained from the finalized 1,500-record ScamShield dataset.",your verification code is g-481205. do not share it with anyone.
G0570,Your airline booking Q4M8LX is confirmed for 2 October.,genuine,travel,en,Research-backed synthetic,synthetic_research_backed,normal travel confirmation,Check the booking in the official airline app.,1. Check the booking in the official airline app. 2. Verify the message in the official app/portal if needed. 3. Do not share sensitive information unnecessarily.,Low,P4,"English dataset row; retained from the finalized 1,500-record ScamShield dataset.",your airline booking q4m8lx is confirmed for 2 october.
G0261,Your Flipkart subscription renews on 30 September for Rs 1299. Please keep this for your records.,genuine,subscription,en,Research-backed synthetic,synthetic_research_backed,normal subscription notice,Review the subscription in the official account settings.,1. Check the subscription details. 2. Confirm the renewal amount. 3. Cancel only through the official account if desired.,Low,P4,"English dataset row; retained from the finalized 1,500-record ScamShield dataset.",your flipkart subscription renews on 30 september for rs 1299. please keep this for your records.
TE-S0093,మీ Canara Bank బ్యాంక్ ఖాతా KYC/PAN అప్డేట్ కాలేదు. ఈరోజే ఖాతా బ్లాక్ అవుతుంది. వెంటనే http://verify-account.invalid ఓపెన్ చేసి అప్డేట్ చేయండి.,scam,bank_kyc,te,Research-backed synthetic multilingual,synthetic_research_backed,"బ్యాంక్ ఇంపర్సనేషన్, అత్యవసరం, అనుమానాస్పద లింక్",లింక్ క్లిక్ చేయకండి; అధికారిక బ్యాంక్ యాప్ ద్వారా చెక్ చేయండి.,1. లింక్ క్లిక్ చేయకండి; అధికారిక బ్యాంక్ యాప్ ద్వారా చెక్ చేయండి. 2. అధికారిక ఛానల్ ద్వారా స్వతంత్రంగా వెరిఫై చేయండి. 3. ఆధారాలను సేవ్ చేసి అవసరమైతే రిపోర్ట్ చేయండి.,High,P1,Telugu synthetic/adapted example; not claimed as verbatim real-world data.,మీ canara bank బ్యాంక్ ఖాతా kyc/pan అప్డేట్ కాలేదు. ఈరోజే ఖాతా బ్లాక్ అవుతుంది. వెంటనే http://verify-account.invalid ఓపెన్ చేసి అప్డేట్ చేయండి.
HI-S0008,आपका Flipkart अकाउंट लॉक हो गया है। इसे बंद होने से बचाने के लिए http://verify-account.invalid पर लॉगिन करें।,scam,phishing,hi,Research-backed synthetic multilingual,synthetic_research_backed,"फिशिंग लिंक, अकाउंट लॉक होने की धमकी, लॉगिन विवरण मांगना",लिंक न खोलें; आधिकारिक ऐप से अकाउंट जांचें।,1. लिंक न खोलें; आधिकारिक ऐप से अकाउंट जांचें। 2. आधिकारिक चैनल से स्वतंत्र रूप से सत्यापन करें। 3. संदिग्ध होने पर संदेश/नंबर की रिपोर्ट करें।,High,P1,Hindi synthetic/adapted example; not claimed as verbatim real-world data.,आपका flipkart अकाउंट लॉक हो गया है। इसे बंद होने से बचाने के लिए http://verify-account.invalid पर लॉगिन करें।
G0649,Your DTDC order #401-8246152 has shipped and is expected to arrive on 10 October. Thank you.,genuine,delivery,en,Research-backed synthetic,synthetic_research_backed,normal delivery update,Track through the official retailer/carrier app if needed.,1. Open the official app if tracking is required. 2. Check the order number. 3. No payment is required unless shown in the official order flow.,Low,P4,"English dataset row; retained from the finalized 1,500-record ScamShield dataset.",your dtdc order #401-8246152 has shipped and is expected to arrive on 10 october. thank you.
G0218,Your registration for coding contest is confirmed. The event begins at 6:00 PM on 5 October. — Customer Notification.,genuine,event,en,Research-backed synthetic,synthetic_research_backed,normal event confirmation,Check the registration in the official event account/email.,1. Verify registration details. 2. Save the event information. 3. Use the organizer's official contact channel for changes.,Low,P4,"English dataset row; retained from the finalized 1,500-record ScamShield dataset.",your registration for coding contest is confirmed. the event begins at 6:00 pm on 5 october. — customer notification.
TE-G0097,మీ Paytm వెరిఫికేషన్ కోడ్ A-739214. ఈ కోడ్‌ను ఎవరికీ షేర్ చేయకండి.,genuine,otp,te,Research-backed synthetic multilingual,synthetic_research_backed,వాలిడ్ OTP సమాచారం,మీరు ప్రారంభించిన వెరిఫికేషన్‌లో మాత్రమే ఉపయోగించండి.,1. మీరు ప్రారంభించిన వెరిఫికేషన్‌లో మాత్రమే ఉపయోగించండి. 2. అధికారిక ఛానల్ ద్వారా స్వతంత్రంగా వెరిఫై చేయండి. 3. ఆధారాలను సేవ్ చేసి అవసరమైతే రిపోర్ట్ చేయండి.,Low,P4,Telugu synthetic/adapted example; not claimed as verbatim real-world data.,మీ paytm వెరిఫికేషన్ కోడ్ a-739214. ఈ కోడ్‌ను ఎవరికీ షేర్ చేయకండి.
TE-S0001,మీ SIM అప్‌గ్రేడ్ పెండింగ్‌లో ఉంది. నంబర్ డిస్కనెక్ట్ కాకుండా OTP పంపండి.,scam,sim_swap,te,Research-backed synthetic multilingual,synthetic_research_backed,"SIM swap నెపం, OTP అభ్యర్థన",OTP షేర్ చేయకండి; టెలికాం సంస్థ అధికారిక ఛానల్‌ను సంప్రదించండి.,1. OTP షేర్ చేయకండి; టెలికాం సంస్థ అధికారిక ఛానల్‌ను సంప్రదించండి. 2. అధికారిక ఛానల్ ద్వారా స్వతంత్రంగా వెరిఫై చేయండి. 3. ఆధారాలను సేవ్ చేసి అవసరమైతే రిపోర్ట్ చేయండి.,Critical,P1,Telugu synthetic/adapted example; not claimed as verbatim real-world data.,మీ sim అప్‌గ్రేడ్ పెండింగ్‌లో ఉంది. నంబర్ డిస్కనెక్ట్ కాకుండా otp పంపండి.
S1183,A refund of Rs 499 is waiting for you. Share your card number and OTP so we can process it immediately. Do not ignore this message.,scam,refund_scam,en,Research-backed synthetic,synthetic_research_backed,"refund pretext, card-data request, OTP request",Do not share card or OTP details.,1. Do not share credentials. 2. Check refunds in the official merchant app. 3. Contact official support. 4. Report the sender.,Critical,P1,"English dataset row; retained from the finalized 1,500-record ScamShield dataset.",a refund of rs 499 is waiting for you. share your card number and otp so we can process it immediately. do not ignore this message.
G0039,"Ashok, can you review the MediSync admin dashboard API? The patient management endpoint is throwing an error.",genuine,work,en,User-provided reference file,user_reference,,Review code,Verify through an official channel; follow the expected action above.,Low,P4,"English dataset row; retained from the finalized 1,500-record ScamShield dataset.","ashok, can you review the medisync admin dashboard api? the patient management endpoint is throwing an error."
S1056,You have been selected for a work-from-home Java Backend Developer paying Rs 2499 per day. Pay Rs 1499 as registration before joining. Do not ignore this message.,scam,job_scam,en,Research-backed synthetic,synthetic_research_backed,"unrealistic earnings, upfront fee, unsolicited job",Do not pay the registration fee.,1. Do not pay. 2. Verify the employer independently. 3. Do not share identity/banking documents. 4. Block and report the sender.,High,P1,"English dataset row; retained from the finalized 1,500-record ScamShield dataset.",you have been selected for a work-from-home java backend developer paying rs 2499 per day. pay rs 1499 as registration before joining. do not ignore this message.
G1001,Can you bring the book when you come to main gate?,genuine,personal,en,Research-backed synthetic,synthetic_research_backed,ordinary personal communication,Reply normally if the request is expected.,1. Confirm the context. 2. Reply normally. 3. Ignore if the sender is unknown.,Low,P4,"English dataset row; retained from the finalized 1,500-record ScamShield dataset.",can you bring the book when you come to main gate?
G0042,Your registration for AI workshop is confirmed. The event begins at 10:00 AM on 10 October.,genuine,event,en,Research-backed synthetic,synthetic_research_backed,normal event confirmation,Check the registration in the official event account/email.,1. Verify registration details. 2. Save the event information. 3. Use the organizer's official contact channel for changes.,Low,P4,"English dataset row; retained from the finalized 1,500-record ScamShield dataset.",your registration for ai workshop is confirmed. the event begins at 10:00 am on 10 october.
S1230,Congratulations! You won Rs 249 in a lucky draw. Pay Rs 1499 tax/processing charges to claim your prize. Do not ignore this message.,scam,lottery,en,Research-backed synthetic,synthetic_research_backed,"unexpected prize, upfront payment, lottery claim",Do not pay the fee.,1. Do not send money. 2. Do not share financial details. 3. Block the sender. 4. Report the message.,High,P1,"English dataset row; retained from the finalized 1,500-record ScamShield dataset.",congratulations! you won rs 249 in a lucky draw. pay rs 1499 tax/processing charges to claim your prize. do not ignore this message.
S1340,"Hi, I lost my phone and need you to urgently transfer Rs 4999 to this new account. Please don't call.",scam,impersonation,en,Research-backed synthetic,synthetic_research_backed,"impersonation, money request, urgency, discouraging verification",Verify the person's identity through an independent channel before any payment.,1. Do not transfer money. 2. Call the person using a known number. 3. Confirm the request independently. 4. Report if fraudulent.,High,P1,"English dataset row; retained from the finalized 1,500-record ScamShield dataset.","hi, i lost my phone and need you to urgently transfer rs 4999 to this new account. please don't call."
S0148,You have been selected for a work-from-home Python Developer paying Rs 2499 per day. Pay Rs 299 as registration before joining. Do not ignore this message.,scam,job_scam,en,Research-backed synthetic,synthetic_research_backed,"unrealistic earnings, upfront fee, unsolicited job",Do not pay the registration fee.,1. Do not pay. 2. Verify the employer independently. 3. Do not share identity/banking documents. 4. Block and report the sender.,High,P1,"English dataset row; retained from the finalized 1,500-record ScamShield dataset.",you have been selected for a work-from-home python developer paying rs 2499 per day. pay rs 299 as registration before joining. do not ignore this message.
S0644,Your insurance policy bonus is ready. Pay Rs 199 service charges and send your Aadhaar and bank details to receive it. Do not ignore this message.,scam,insurance_scam,en,Research-backed synthetic,synthetic_research_backed,"unexpected bonus, advance fee, identity-data request",Do not pay or send identity/bank documents.,1. Do not pay. 2. Contact the insurer through the official website/number. 3. Do not send identity documents. 4. Report the message.,High,P1,"English dataset row; retained from the finalized 1,500-record ScamShield dataset.",your insurance policy bonus is ready. pay rs 199 service charges and send your aadhaar and bank details to receive it. do not ignore this message.
S0071,You have been selected for a work-from-home Frontend Developer paying Rs 799 per day. Pay Rs 199 as registration before joining. Act now.,scam,job_scam,en,Research-backed synthetic,synthetic_research_backed,"unrealistic earnings, upfront fee, unsolicited job",Do not pay the registration fee.,1. Do not pay. 2. Verify the employer independently. 3. Do not share identity/banking documents. 4. Block and report the sender.,High,P1,"English dataset row; retained from the finalized 1,500-record ScamShield dataset.",you have been selected for a work-from-home frontend developer paying rs 799 per day. pay rs 199 as registration before joining. act now.
S0825,We detected an issue with your Google account. Call +91 9XXXX XXXXX and provide your card details for verification. Act now.,scam,customer_support,en,Research-backed synthetic,synthetic_research_backed,"fake support, request for financial data, unsolicited contact",Do not provide card or account details.,1. Do not call the supplied number. 2. Use official support channels. 3. Do not share card/OTP details. 4. Block the sender.,Critical,P1,"English dataset row; retained from the finalized 1,500-record ScamShield dataset.",we detected an issue with your google account. call +91 9xxxx xxxxx and provide your card details for verification. act now.
G0483,Your subscription to Google has been renewed successfully. Please keep this for your records.,genuine,subscription,en,Research-backed synthetic,synthetic_research_backed,normal subscription notice,Verify the renewal in the official account.,1. Open the official service app. 2. Check billing history. 3. Contact official support if the charge is unfamiliar.,Low,P4,"English dataset row; retained from the finalized 1,500-record ScamShield dataset.",your subscription to google has been renewed successfully. please keep this for your records.
G0648,Your service request SS-10482 has been completed. Please review the update in the official portal.,genuine,service_update,en,Research-backed synthetic,synthetic_research_backed,normal service update,Review the request through the official portal.,1. Open the official portal directly. 2. Check the request status. 3. Contact official support if the result is incorrect.,Low,P4,"English dataset row; retained from the finalized 1,500-record ScamShield dataset.",your service request ss-10482 has been completed. please review the update in the official portal.
TE-G0081,మీ మొబైల్ ప్లాన్‌లో 2.8 GB డేటా మిగిలి ఉంది మరియు ఇది 10 अक्टूबर వరకు చెల్లుతుంది.,genuine,telecom_genuine,te,Research-backed synthetic multilingual,synthetic_research_backed,సాధారణ టెలికాం సమాచారం,అధికారిక టెలికాం యాప్‌లో చెక్ చేయండి.,1. అధికారిక టెలికాం యాప్‌లో చెక్ చేయండి. 2. అధికారిక ఛానల్ ద్వారా స్వతంత్రంగా వెరిఫై చేయండి. 3. ఆధారాలను సేవ్ చేసి అవసరమైతే రిపోర్ట్ చేయండి.,Low,P4,Telugu synthetic/adapted example; not claimed as verbatim real-world data.,మీ మొబైల్ ప్లాన్‌లో 2.8 gb డేటా మిగిలి ఉంది మరియు ఇది 10 अक्टूबर వరకు చెల్లుతుంది.
G1380,Your order #401-8246152 from Amazon has been confirmed for delivery. Please keep this for your records.,genuine,ecommerce,en,Research-backed synthetic,synthetic_research_backed,normal ecommerce order confirmation,Check order status in the official store account.,1. Open the official shopping app/site. 2. Verify the order. 3. Contact official support for changes.,Low,P4,"English dataset row; retained from the finalized 1,500-record ScamShield dataset.",your order #401-8246152 from amazon has been confirmed for delivery. please keep this for your records.
TE-S0116,"మీ ₹10,000 ఇన్‌స్టంట్ లోన్ ఆమోదించబడింది. డబ్బు విడుదలకు ₹499 ప్రాసెసింగ్ ఫీజు చెల్లించండి.",scam,loan_scam,te,Research-backed synthetic multilingual,synthetic_research_backed,"ఫేక్ లోన్, ముందస్తు ఫీజు, ఆర్థిక ఒత్తిడి",ఫీజు చెల్లించకండి; లెండర్ వివరాలు వెరిఫై చేయండి.,1. ఫీజు చెల్లించకండి; లెండర్ వివరాలు వెరిఫై చేయండి. 2. అధికారిక ఛానల్ ద్వారా స్వతంత్రంగా వెరిఫై చేయండి. 3. ఆధారాలను సేవ్ చేసి అవసరమైతే రిపోర్ట్ చేయండి.,High,P1,Telugu synthetic/adapted example; not claimed as verbatim real-world data.,"మీ ₹10,000 ఇన్‌స్టంట్ లోన్ ఆమోదించబడింది. డబ్బు విడుదలకు ₹499 ప్రాసెసింగ్ ఫీజు చెల్లించండి."
G0711,The Data Analytics assignment deadline is 15 October. Please submit it through the student portal.,genuine,education,en,Research-backed synthetic,synthetic_research_backed,normal educational announcement,Use the official student portal.,1. Check the assignment details. 2. Prepare the submission. 3. Upload through the official portal before the deadline.,Low,P4,"English dataset row; retained from the finalized 1,500-record ScamShield dataset.",the data analytics assignment deadline is 15 october. please submit it through the student portal.
HI-G0022,आपका ऑर्डर #403-5820147 भेज दिया गया है और 15 अक्टूबर तक पहुंचने की उम्मीद है।,genuine,delivery,hi,Research-backed synthetic multilingual,synthetic_research_backed,सामान्य डिलीवरी अपडेट,आधिकारिक ऐप/वेबसाइट से ट्रैक करें।,1. आधिकारिक ऐप/वेबसाइट से ट्रैक करें। 2. आधिकारिक चैनल से स्वतंत्र रूप से सत्यापन करें। 3. संदिग्ध होने पर संदेश/नंबर की रिपोर्ट करें।,Low,P4,Hindi synthetic/adapted example; not claimed as verbatim real-world data.,आपका ऑर्डर #403-5820147 भेज दिया गया है और 15 अक्टूबर तक पहुंचने की उम्मीद है।
G0478,Please review the latest MediSync build before the demo tomorrow. Please keep this for your records.,genuine,work,en,Research-backed synthetic,synthetic_research_backed,ordinary workplace communication,Review the work through the normal project channel.,1. Open the known project workspace. 2. Review the requested item. 3. Reply with feedback.,Low,P4,"English dataset row; retained from the finalized 1,500-record ScamShield dataset.",please review the latest medisync build before the demo tomorrow. please keep this for your records.
S1250,Exclusive offer from a social-media ad: deposit ₹10000 and get guaranteed returns within 24 hours.,scam,fake_social_media_ad,en,Research-backed synthetic,synthetic_research_backed,"social-media advertisement, guaranteed return, deposit request",Do not transfer money from an unverified advertisement.,1. Do not transfer money from an unverified advertisement. 2. Verify independently using the official service/authority. 3. Preserve evidence. 4. Report suspected cyber fraud.,Critical,P1,"English dataset row; retained from the finalized 1,500-record ScamShield dataset.",exclusive offer from a social-media ad: deposit ₹10000 and get guaranteed returns within 24 hours.
G1368,Your order #404-7319056 from Amazon has been confirmed for delivery. Please keep this for your records.,genuine,ecommerce,en,Research-backed synthetic,synthetic_research_backed,normal ecommerce order confirmation,Check order status in the official store account.,1. Open the official shopping app/site. 2. Verify the order. 3. Contact official support for changes.,Low,P4,"English dataset row; retained from the finalized 1,500-record ScamShield dataset.",your order #404-7319056 from amazon has been confirmed for delivery. please keep this for your records.
S1481,Congratulations! Your instant loan of Rs 199 is approved. Pay Rs 499 processing charges to release the funds. Immediate action required.,scam,loan_scam,en,Research-backed synthetic,synthetic_research_backed,"unsolicited loan, advance fee, pressure",Do not pay the fee.,1. Do not pay upfront charges. 2. Verify the lender independently. 3. Avoid sharing banking credentials. 4. Report the message.,High,P1,"English dataset row; retained from the finalized 1,500-record ScamShield dataset.",congratulations! your instant loan of rs 199 is approved. pay rs 499 processing charges to release the funds. immediate action required.
TE-S0019,"మీ పార్సెల్ ₹1,999 కస్టమ్స్/రీ-డెలివరీ ఫీజు కారణంగా ఆగిపోయింది. వెంటనే చెల్లించండి.",scam,delivery_scam,te,Research-backed synthetic multilingual,synthetic_research_backed,"డెలివరీ ఇంపర్సనేషన్, చిన్న ఫీజు, అత్యవసరం",అధికారిక ట్రాకింగ్ ద్వారా మాత్రమే చెక్ చేయండి.,1. అధికారిక ట్రాకింగ్ ద్వారా మాత్రమే చెక్ చేయండి. 2. అధికారిక ఛానల్ ద్వారా స్వతంత్రంగా వెరిఫై చేయండి. 3. ఆధారాలను సేవ్ చేసి అవసరమైతే రిపోర్ట్ చేయండి.,High,P1,Telugu synthetic/adapted example; not claimed as verbatim real-world data.,"మీ పార్సెల్ ₹1,999 కస్టమ్స్/రీ-డెలివరీ ఫీజు కారణంగా ఆగిపోయింది. వెంటనే చెల్లించండి."
G1309,Your Amazon Logistics order #404-7319056 has shipped and is expected to arrive on 20 October.,genuine,delivery,en,Research-backed synthetic,synthetic_research_backed,normal delivery update,Track through the official retailer/carrier app if needed.,1. Open the official app if tracking is required. 2. Check the order number. 3. No payment is required unless shown in the official order flow.,Low,P4,"English dataset row; retained from the finalized 1,500-record ScamShield dataset.",your amazon logistics order #404-7319056 has shipped and is expected to arrive on 20 october.
S0473,Send ₹499 now or your private video will be shared with your contacts.,scam,sextortion,en,Research-backed synthetic,synthetic_research_backed,"blackmail, extortion, urgent payment demand",Do not pay or engage further; preserve evidence and report the incident.,1. Do not pay or engage further; preserve evidence and report the incident. 2. Verify independently using the official service/authority. 3. Preserve evidence. 4. Report suspected cyber fraud.,Critical,P1,"English dataset row; retained from the finalized 1,500-record ScamShield dataset.",send ₹499 now or your private video will be shared with your contacts.
G0300,Google verification code G-481205 है। इसे किसी के साथ साझा न करें। — Customer Notification.,genuine,otp,en,Research-backed synthetic,synthetic_research_backed,legitimate verification-code notice,Use only for the verification you initiated.,1. कोड केवल आधिकारिक स्क्रीन पर दर्ज करें। 2. किसी को न बताएं। 3. अनचाहा कोड हो तो पासवर्ड/सुरक्षा जांचें।,Low,P4,"English dataset row; retained from the finalized 1,500-record ScamShield dataset.",google verification code g-481205 है। इसे किसी के साथ साझा न करें। — customer notification.
S0004,Urgent: your Canara Bank account will be blocked today because PAN/KYC is incomplete. Click http://account-check.invalid to update now. Act now.,scam,bank_kyc,en,Research-backed synthetic,synthetic_research_backed,"bank impersonation, urgency, suspicious URL, KYC request",Do not click the link or share banking credentials.,1. Do not click the link. 2. Open the bank's official app/site manually. 3. Verify KYC status. 4. Report the message if fraudulent.,High,P1,"English dataset row; retained from the finalized 1,500-record ScamShield dataset.",urgent: your canara bank account will be blocked today because pan/kyc is incomplete. click http://account-check.invalid to update now. act now.
S1041,Your insurance policy bonus is ready. Pay Rs 299 service charges and send your Aadhaar and bank details to receive it. Do not ignore this message.,scam,insurance_scam,en,Research-backed synthetic,synthetic_research_backed,"unexpected bonus, advance fee, identity-data request",Do not pay or send identity/bank documents.,1. Do not pay. 2. Contact the insurer through the official website/number. 3. Do not send identity documents. 4. Report the message.,High,P1,"English dataset row; retained from the finalized 1,500-record ScamShield dataset.",your insurance policy bonus is ready. pay rs 299 service charges and send your aadhaar and bank details to receive it. do not ignore this message.
G1127,Your Airtel data plan has 1.2 GB remaining and is valid until 30 September. Please keep this for your records.,genuine,telecom_genuine,en,Research-backed synthetic,synthetic_research_backed,normal telecom usage notice,Check usage in the official telecom app if needed.,1. Open the official provider app. 2. Review plan usage. 3. Recharge only through official channels.,Low,P4,"English dataset row; retained from the finalized 1,500-record ScamShield dataset.",your airtel data plan has 1.2 gb remaining and is valid until 30 september. please keep this for your records.
S0219,Urgent: your SBI account will be blocked today because PAN/KYC is incomplete. Click http://secure-update.invalid to update now.,scam,bank_kyc,en,Research-backed synthetic,synthetic_research_backed,"bank impersonation, urgency, suspicious URL, KYC request",Do not click the link or share banking credentials.,1. Do not click the link. 2. Open the bank's official app/site manually. 3. Verify KYC status. 4. Report the message if fraudulent.,High,P1,"English dataset row; retained from the finalized 1,500-record ScamShield dataset.",urgent: your sbi account will be blocked today because pan/kyc is incomplete. click http://secure-update.invalid to update now.
G1275,Your Akasa Air booking Q4M8LX is confirmed for 30 September. Please keep this for your records.,genuine,travel,en,Research-backed synthetic,synthetic_research_backed,normal travel confirmation,Check the booking in the official airline/travel app.,1. Open the official travel account. 2. Verify the booking reference. 3. Check schedule changes through the official channel.,Low,P4,"English dataset row; retained from the finalized 1,500-record ScamShield dataset.",your akasa air booking q4m8lx is confirmed for 30 september. please keep this for your records.
TE-G0123,"మీ సబ్‌స్క్రిప్షన్ 2 अक्टूबरన ₹2,499కి రిన్యూ అవుతుంది.",genuine,subscription,te,Research-backed synthetic multilingual,synthetic_research_backed,సాధారణ సబ్‌స్క్రిప్షన్ సమాచారం,అధికారిక అకౌంట్ సెట్టింగ్స్‌లో వివరాలు చెక్ చేయండి.,1. అధికారిక అకౌంట్ సెట్టింగ్స్‌లో వివరాలు చెక్ చేయండి. 2. అధికారిక ఛానల్ ద్వారా స్వతంత్రంగా వెరిఫై చేయండి. 3. ఆధారాలను సేవ్ చేసి అవసరమైతే రిపోర్ట్ చేయండి.,Low,P4,Telugu synthetic/adapted example; not claimed as verbatim real-world data.,"మీ సబ్‌స్క్రిప్షన్ 2 अक्टूबरన ₹2,499కి రిన్యూ అవుతుంది."
G1441,Paytm verification code G-481205 है। इसे किसी के साथ साझा न करें। — Customer Notification.,genuine,otp,en,Research-backed synthetic,synthetic_research_backed,legitimate verification-code notice,Use only for the verification you initiated.,1. कोड केवल आधिकारिक स्क्रीन पर दर्ज करें। 2. किसी को न बताएं। 3. अनचाहा कोड हो तो पासवर्ड/सुरक्षा जांचें।,Low,P4,"English dataset row; retained from the finalized 1,500-record ScamShield dataset.",paytm verification code g-481205 है। इसे किसी के साथ साझा न करें। — customer notification.
S1303,A refund of Rs 499 is waiting for you. Share your card number and OTP so we can process it immediately.,scam,refund_scam,en,Research-backed synthetic,synthetic_research_backed,"refund pretext, card-data request, OTP request",Do not share card or OTP details.,1. Do not share credentials. 2. Check refunds in the official merchant app. 3. Contact official support. 4. Report the sender.,Critical,P1,"English dataset row; retained from the finalized 1,500-record ScamShield dataset.",a refund of rs 499 is waiting for you. share your card number and otp so we can process it immediately.
G0306,Your electricity bill of Rs 249 is due on 2 October. Please pay through the official utility portal. Thank you.,genuine,utility_genuine,en,Research-backed synthetic,synthetic_research_backed,normal utility bill reminder,Use the official utility website/app.,1. Verify the bill in the official portal. 2. Check the due date and amount. 3. Pay only through the official channel.,Low,P4,"English dataset row; retained from the finalized 1,500-record ScamShield dataset.",your electricity bill of rs 249 is due on 2 october. please pay through the official utility portal. thank you.
S0843,"To receive your refund of Rs 249, scan this QR and enter your UPI PIN.",scam,upi_qr,en,Research-backed synthetic,synthetic_research_backed,"QR-for-receiving-money, UPI PIN request, refund pretext",Do not scan the QR or enter the UPI PIN.,1. Do not scan the QR. 2. Never enter a UPI PIN to receive money. 3. Verify the refund in the official app. 4. Report the sender.,Critical,P1,"English dataset row; retained from the finalized 1,500-record ScamShield dataset.","to receive your refund of rs 249, scan this qr and enter your upi pin."
HI-G0018,आपका Frontend Developer आवेदन अगले चरण के लिए चयनित हुआ है। आधिकारिक करियर पोर्टल देखें।,genuine,job_genuine,hi,Research-backed synthetic multilingual,synthetic_research_backed,सामान्य भर्ती सूचना,कंपनी के आधिकारिक करियर पोर्टल से आवेदन स्थिति जांचें।,1. कंपनी के आधिकारिक करियर पोर्टल से आवेदन स्थिति जांचें। 2. आधिकारिक चैनल से स्वतंत्र रूप से सत्यापन करें। 3. संदिग्ध होने पर संदेश/नंबर की रिपोर्ट करें।,Low,P4,Hindi synthetic/adapted example; not claimed as verbatim real-world data.,आपका frontend developer आवेदन अगले चरण के लिए चयनित हुआ है। आधिकारिक करियर पोर्टल देखें।
G0068,आपके BookMyShow भुगतान का ₹4999 का लेनदेन सफल रहा।,genuine,transaction,en,Research-backed synthetic,synthetic_research_backed,normal transaction notification,Verify the transaction through the official app.,1. आधिकारिक ऐप खोलें। 2. लेनदेन की राशि जांचें। 3. अनजान लेनदेन हो तो बैंक से संपर्क करें।,Low,P4,"English dataset row; retained from the finalized 1,500-record ScamShield dataset.",आपके bookmyshow भुगतान का ₹4999 का लेनदेन सफल रहा।
S1322,You have been selected for a work-from-home ML Intern paying Rs 799 per day. Pay Rs 499 as registration before joining. Do not ignore this message.,scam,job_scam,en,Research-backed synthetic,synthetic_research_backed,"unrealistic earnings, upfront fee, unsolicited job",Do not pay the registration fee.,1. Do not pay. 2. Verify the employer independently. 3. Do not share identity/banking documents. 4. Block and report the sender.,High,P1,"English dataset row; retained from the finalized 1,500-record ScamShield dataset.",you have been selected for a work-from-home ml intern paying rs 799 per day. pay rs 499 as registration before joining. do not ignore this message.
TE-S0056,"ఇప్పుడే ₹1,999 పంపండి. లేకపోతే మీ ప్రైవేట్ వీడియోను మీ కాంటాక్ట్స్‌కు పంపిస్తాం.",scam,sextortion,te,Research-backed synthetic multilingual,synthetic_research_backed,"బ్లాక్‌మెయిల్, బెదిరింపు, డబ్బు డిమాండ్",డబ్బు పంపకండి; ఆధారాలను భద్రపరచి రిపోర్ట్ చేయండి.,1. డబ్బు పంపకండి; ఆధారాలను భద్రపరచి రిపోర్ట్ చేయండి. 2. అధికారిక ఛానల్ ద్వారా స్వతంత్రంగా వెరిఫై చేయండి. 3. ఆధారాలను సేవ్ చేసి అవసరమైతే రిపోర్ట్ చేయండి.,Critical,P1,Telugu synthetic/adapted example; not claimed as verbatim real-world data.,"ఇప్పుడే ₹1,999 పంపండి. లేకపోతే మీ ప్రైవేట్ వీడియోను మీ కాంటాక్ట్స్‌కు పంపిస్తాం."
S1245,Our AI trading group guarantees 20% daily profit. Deposit Rs 2499 today to activate your account.,scam,investment_scam,en,Research-backed synthetic,synthetic_research_backed,"guaranteed returns, investment pressure, deposit request",Do not transfer money based on the message.,1. Do not deposit funds. 2. Verify the company independently. 3. Check regulatory status where applicable. 4. Report the solicitation.,Critical,P1,"English dataset row; retained from the finalized 1,500-record ScamShield dataset.",our ai trading group guarantees 20% daily profit. deposit rs 2499 today to activate your account.
S1177,Premium apartment available at a very low rent. Send a refundable booking deposit of Rs 499 before viewing. Do not ignore this message.,scam,rental_scam,en,Research-backed synthetic,synthetic_research_backed,"unusually low price, advance deposit, no viewing",Do not pay a deposit before independently verifying the property and owner.,1. Do not transfer the deposit. 2. Verify ownership/listing independently. 3. Inspect the property. 4. Report suspicious listings.,High,P2,"English dataset row; retained from the finalized 1,500-record ScamShield dataset.",premium apartment available at a very low rent. send a refundable booking deposit of rs 499 before viewing. do not ignore this message.
HI-G0040,आपके Amazon का ₹999 भुगतान सफलतापूर्वक प्रोसेस हो गया है।,genuine,transaction,hi,Research-backed synthetic multilingual,synthetic_research_backed,सामान्य लेनदेन सूचना,आधिकारिक ऐप में लेनदेन सत्यापित करें।,1. आधिकारिक ऐप में लेनदेन सत्यापित करें। 2. आधिकारिक चैनल से स्वतंत्र रूप से सत्यापन करें। 3. संदिग्ध होने पर संदेश/नंबर की रिपोर्ट करें।,Low,P4,Hindi synthetic/adapted example; not claimed as verbatim real-world data.,आपके amazon का ₹999 भुगतान सफलतापूर्वक प्रोसेस हो गया है।
S0609,Earn ₹25000 daily by completing CAPTCHA tasks. Pay ₹1999 registration/software charges to activate your account.,scam,fake_captcha_job,en,Research-backed synthetic,synthetic_research_backed,"upfront fee, unrealistic earnings, fake job platform",Do not pay the registration fee.,1. Do not pay the registration fee. 2. Verify independently using the official service/authority. 3. Preserve evidence. 4. Report suspected cyber fraud.,High,P1,"English dataset row; retained from the finalized 1,500-record ScamShield dataset.",earn ₹25000 daily by completing captcha tasks. pay ₹1999 registration/software charges to activate your account.
S0748,We detected an issue with your Netflix account. Call +91 9XXXX XXXXX and provide your card details for verification. Act now.,scam,customer_support,en,Research-backed synthetic,synthetic_research_backed,"fake support, request for financial data, unsolicited contact",Do not provide card or account details.,1. Do not call the supplied number. 2. Use official support channels. 3. Do not share card/OTP details. 4. Block the sender.,Critical,P1,"English dataset row; retained from the finalized 1,500-record ScamShield dataset.",we detected an issue with your netflix account. call +91 9xxxx xxxxx and provide your card details for verification. act now.
G0824,The Data Analytics assignment deadline is 30 September. Please submit it through the student portal. Thank you.,genuine,education,en,Research-backed synthetic,synthetic_research_backed,normal educational announcement,Use the official student portal.,1. Check the assignment details. 2. Prepare the submission. 3. Upload through the official portal before the deadline.,Low,P4,"English dataset row; retained from the finalized 1,500-record ScamShield dataset.",the data analytics assignment deadline is 30 september. please submit it through the student portal. thank you.
TE-S0083,"మీ పార్సెల్ ₹4,999 కస్టమ్స్/రీ-డెలివరీ ఫీజు కారణంగా ఆగిపోయింది. వెంటనే చెల్లించండి.",scam,delivery_scam,te,Research-backed synthetic multilingual,synthetic_research_backed,"డెలివరీ ఇంపర్సనేషన్, చిన్న ఫీజు, అత్యవసరం",అధికారిక ట్రాకింగ్ ద్వారా మాత్రమే చెక్ చేయండి.,1. అధికారిక ట్రాకింగ్ ద్వారా మాత్రమే చెక్ చేయండి. 2. అధికారిక ఛానల్ ద్వారా స్వతంత్రంగా వెరిఫై చేయండి. 3. ఆధారాలను సేవ్ చేసి అవసరమైతే రిపోర్ట్ చేయండి.,High,P1,Telugu synthetic/adapted example; not claimed as verbatim real-world data.,"మీ పార్సెల్ ₹4,999 కస్టమ్స్/రీ-డెలివరీ ఫీజు కారణంగా ఆగిపోయింది. వెంటనే చెల్లించండి."
S0942,You have been selected for a work-from-home Frontend Developer paying Rs 4999 per day. Pay Rs 999 as registration before joining. Do not ignore this message.,scam,job_scam,en,Research-backed synthetic,synthetic_research_backed,"unrealistic earnings, upfront fee, unsolicited job",Do not pay the registration fee.,1. Do not pay. 2. Verify the employer independently. 3. Do not share identity/banking documents. 4. Block and report the sender.,High,P1,"English dataset row; retained from the finalized 1,500-record ScamShield dataset.",you have been selected for a work-from-home frontend developer paying rs 4999 per day. pay rs 999 as registration before joining. do not ignore this message.
TE-S0075,"ఇంటినుంచి పని చేసి రోజుకు ₹10,000 సంపాదించండి. ఉద్యోగం ప్రారంభించడానికి ₹499 రిజిస్ట్రేషన్ ఫీజు చెల్లించండి.",scam,job_scam,te,Research-backed synthetic multilingual,synthetic_research_backed,"ఫేక్ ఉద్యోగం, ముందస్తు ఫీజు, అవాస్తవ ఆదాయం",ఫీజు చెల్లించకండి; ఉద్యోగదాతను స్వతంత్రంగా వెరిఫై చేయండి.,1. ఫీజు చెల్లించకండి; ఉద్యోగదాతను స్వతంత్రంగా వెరిఫై చేయండి. 2. అధికారిక ఛానల్ ద్వారా స్వతంత్రంగా వెరిఫై చేయండి. 3. ఆధారాలను సేవ్ చేసి అవసరమైతే రిపోర్ట్ చేయండి.,High,P1,Telugu synthetic/adapted example; not claimed as verbatim real-world data.,"ఇంటినుంచి పని చేసి రోజుకు ₹10,000 సంపాదించండి. ఉద్యోగం ప్రారంభించడానికి ₹499 రిజిస్ట్రేషన్ ఫీజు చెల్లించండి."
G0140,Your Delhivery order #404-7319056 has shipped and is expected to arrive on 5 October. Thank you.,genuine,delivery,en,Research-backed synthetic,synthetic_research_backed,normal delivery update,Track through the official retailer/carrier app if needed.,1. Open the official app if tracking is required. 2. Check the order number. 3. No payment is required unless shown in the official order flow.,Low,P4,"English dataset row; retained from the finalized 1,500-record ScamShield dataset.",your delhivery order #404-7319056 has shipped and is expected to arrive on 5 october. thank you.
HI-S0065,"घर से काम करके रोज़ ₹199 कमाएं। नौकरी शुरू करने से पहले ₹4,999 रजिस्ट्रेशन शुल्क जमा करें।",scam,job_scam,hi,Research-backed synthetic multilingual,synthetic_research_backed,"फर्जी नौकरी, अवास्तविक कमाई, अग्रिम शुल्क",रजिस्ट्रेशन शुल्क न दें और नियोक्ता की स्वतंत्र रूप से जांच करें।,1. रजिस्ट्रेशन शुल्क न दें और नियोक्ता की स्वतंत्र रूप से जांच करें। 2. आधिकारिक चैनल से स्वतंत्र रूप से सत्यापन करें। 3. संदिग्ध होने पर संदेश/नंबर की रिपोर्ट करें।,High,P1,Hindi synthetic/adapted example; not claimed as verbatim real-world data.,"घर से काम करके रोज़ ₹199 कमाएं। नौकरी शुरू करने से पहले ₹4,999 रजिस्ट्रेशन शुल्क जमा करें।"
G0817,Reminder from Apollo Clinic: your career counseling session is booked for 15 October at 9:30 AM. Thank you.,genuine,healthcare,en,Research-backed synthetic,synthetic_research_backed,normal healthcare reminder,Use the clinic's official contact details for changes.,1. Verify the appointment in the clinic system. 2. Add it to your calendar. 3. Contact the clinic through its official number if needed.,Low,P4,"English dataset row; retained from the finalized 1,500-record ScamShield dataset.",reminder from apollo clinic: your career counseling session is booked for 15 october at 9:30 am. thank you.
G0303,Rs 249 was spent at Uber using your credit card. — Customer Notification.,genuine,transaction,en,Research-backed synthetic,synthetic_research_backed,normal transaction notification,Verify the transaction in the official banking/payment app.,1. Open the official banking app. 2. Confirm the transaction. 3. Contact the bank only if it is unrecognized.,Low,P4,"English dataset row; retained from the finalized 1,500-record ScamShield dataset.",rs 249 was spent at uber using your credit card. — customer notification.
HI-S0064,आपका पार्सल ₹999 कस्टम/री-डिलीवरी शुल्क के कारण रुका है। अभी भुगतान करें।,scam,delivery_scam,hi,Research-backed synthetic multilingual,synthetic_research_backed,"डिलीवरी प्रतिरूपण, छोटा शुल्क, तात्कालिकता",आधिकारिक ट्रैकिंग ऐप/वेबसाइट से स्थिति जांचें।,1. आधिकारिक ट्रैकिंग ऐप/वेबसाइट से स्थिति जांचें। 2. आधिकारिक चैनल से स्वतंत्र रूप से सत्यापन करें। 3. संदिग्ध होने पर संदेश/नंबर की रिपोर्ट करें।,High,P1,Hindi synthetic/adapted example; not claimed as verbatim real-world data.,आपका पार्सल ₹999 कस्टम/री-डिलीवरी शुल्क के कारण रुका है। अभी भुगतान करें।
HI-G0074,आपकी क्लिनिक अपॉइंटमेंट 15 अक्टूबर को 4:30 बजे बजे निर्धारित है।,genuine,healthcare,hi,Research-backed synthetic multilingual,synthetic_research_backed,सामान्य स्वास्थ्य रिमाइंडर,आधिकारिक क्लिनिक चैनल से विवरण सत्यापित करें।,1. आधिकारिक क्लिनिक चैनल से विवरण सत्यापित करें। 2. आधिकारिक चैनल से स्वतंत्र रूप से सत्यापन करें। 3. संदिग्ध होने पर संदेश/नंबर की रिपोर्ट करें।,Low,P4,Hindi synthetic/adapted example; not claimed as verbatim real-world data.,आपकी क्लिनिक अपॉइंटमेंट 15 अक्टूबर को 4:30 बजे बजे निर्धारित है।
S0759,Congratulations! You won Rs 2499 in a lucky draw. Pay Rs 999 tax/processing charges to claim your prize.,scam,lottery,en,Research-backed synthetic,synthetic_research_backed,"unexpected prize, upfront payment, lottery claim",Do not pay the fee.,1. Do not send money. 2. Do not share financial details. 3. Block the sender. 4. Report the message.,High,P1,"English dataset row; retained from the finalized 1,500-record ScamShield dataset.",congratulations! you won rs 2499 in a lucky draw. pay rs 999 tax/processing charges to claim your prize.
S0265,Security alert: your account will be suspended unless you send the OTP G-481205 to our support agent immediately. Act now.,scam,otp,en,Research-backed synthetic,synthetic_research_backed,"OTP request, urgency, account-threat language",Do not share the OTP.,1. Do not share the OTP. 2. End the conversation. 3. Review account security in the official app. 4. Report the sender.,Critical,P1,"English dataset row; retained from the finalized 1,500-record ScamShield dataset.",security alert: your account will be suspended unless you send the otp g-481205 to our support agent immediately. act now.
S0343,Earn ₹2499 daily by completing CAPTCHA tasks. Pay ₹4999 registration/software charges to activate your account.,scam,fake_captcha_job,en,Research-backed synthetic,synthetic_research_backed,"upfront fee, unrealistic earnings, fake job platform",Do not pay the registration fee.,1. Do not pay the registration fee. 2. Verify independently using the official service/authority. 3. Preserve evidence. 4. Report suspected cyber fraud.,High,P1,"English dataset row; retained from the finalized 1,500-record ScamShield dataset.",earn ₹2499 daily by completing captcha tasks. pay ₹4999 registration/software charges to activate your account.
G0133,Your support ticket REQ-51942 has been updated. Please sign in to the official support portal to view the response. Thank you.,genuine,support_genuine,en,Research-backed synthetic,synthetic_research_backed,normal support-ticket notification,Open the known support portal directly.,1. Open the official support portal manually. 2. Search for the ticket number. 3. Review the response there.,Low,P4,"English dataset row; retained from the finalized 1,500-record ScamShield dataset.",your support ticket req-51942 has been updated. please sign in to the official support portal to view the response. thank you.
HI-G0056,आपका ऑर्डर #402-1937460 भेज दिया गया है और 30 सितंबर तक पहुंचने की उम्मीद है।,genuine,delivery,hi,Research-backed synthetic multilingual,synthetic_research_backed,सामान्य डिलीवरी अपडेट,आधिकारिक ऐप/वेबसाइट से ट्रैक करें।,1. आधिकारिक ऐप/वेबसाइट से ट्रैक करें। 2. आधिकारिक चैनल से स्वतंत्र रूप से सत्यापन करें। 3. संदिग्ध होने पर संदेश/नंबर की रिपोर्ट करें।,Low,P4,Hindi synthetic/adapted example; not claimed as verbatim real-world data.,आपका ऑर्डर #402-1937460 भेज दिया गया है और 30 सितंबर तक पहुंचने की उम्मीद है।
G0213,Rs 199 was spent at Uber using your mobile banking.,genuine,transaction,en,Research-backed synthetic,synthetic_research_backed,normal transaction notification,Verify the transaction in the official banking/payment app.,1. Open the official banking app. 2. Confirm the transaction. 3. Contact the bank only if it is unrecognized.,Low,P4,"English dataset row; retained from the finalized 1,500-record ScamShield dataset.",rs 199 was spent at uber using your mobile banking.
HI-G0048,आपकी क्लिनिक अपॉइंटमेंट 30 सितंबर को 9:30 बजे बजे निर्धारित है।,genuine,healthcare,hi,Research-backed synthetic multilingual,synthetic_research_backed,सामान्य स्वास्थ्य रिमाइंडर,आधिकारिक क्लिनिक चैनल से विवरण सत्यापित करें।,1. आधिकारिक क्लिनिक चैनल से विवरण सत्यापित करें। 2. आधिकारिक चैनल से स्वतंत्र रूप से सत्यापन करें। 3. संदिग्ध होने पर संदेश/नंबर की रिपोर्ट करें।,Low,P4,Hindi synthetic/adapted example; not claimed as verbatim real-world data.,आपकी क्लिनिक अपॉइंटमेंट 30 सितंबर को 9:30 बजे बजे निर्धारित है।
S0739,Congratulations! Your instant loan of Rs 249 is approved. Pay Rs 199 processing charges to release the funds. Do not ignore this message.,scam,loan_scam,en,Research-backed synthetic,synthetic_research_backed,"unsolicited loan, advance fee, pressure",Do not pay the fee.,1. Do not pay upfront charges. 2. Verify the lender independently. 3. Avoid sharing banking credentials. 4. Report the message.,High,P1,"English dataset row; retained from the finalized 1,500-record ScamShield dataset.",congratulations! your instant loan of rs 249 is approved. pay rs 199 processing charges to release the funds. do not ignore this message.
G1424,Your application for the Frontend Developer position has moved to the next stage. Please check the company careers portal. Please keep this for your records.,genuine,job_genuine,en,Research-backed synthetic,synthetic_research_backed,normal recruitment communication,Access the known company careers portal directly.,1. Open the company website manually. 2. Check application status. 3. Follow the official recruitment process.,Low,P4,"English dataset row; retained from the finalized 1,500-record ScamShield dataset.",your application for the frontend developer position has moved to the next stage. please check the company careers portal. please keep this for your records.
G1480,"Hi Priya, are we still meeting at computer lab around 9:30 AM today? — Customer Notification.",genuine,personal,en,Research-backed synthetic,synthetic_research_backed,ordinary personal communication,Reply through the normal conversation channel.,1. Check your plans. 2. Reply to the sender. 3. Do not take any financial action based only on this message.,Low,P4,"English dataset row; retained from the finalized 1,500-record ScamShield dataset.","hi priya, are we still meeting at computer lab around 9:30 am today? — customer notification."
TE-G0047,మీ ట్రావెల్ బుకింగ్ R2N6VT 10 अक्टूबरకి కన్ఫర్మ్ అయింది.,genuine,travel,te,Research-backed synthetic multilingual,synthetic_research_backed,సాధారణ ట్రావెల్ కన్ఫర్మేషన్,అధికారిక ట్రావెల్ యాప్‌లో చెక్ చేయండి.,1. అధికారిక ట్రావెల్ యాప్‌లో చెక్ చేయండి. 2. అధికారిక ఛానల్ ద్వారా స్వతంత్రంగా వెరిఫై చేయండి. 3. ఆధారాలను సేవ్ చేసి అవసరమైతే రిపోర్ట్ చేయండి.,Low,P4,Telugu synthetic/adapted example; not claimed as verbatim real-world data.,మీ ట్రావెల్ బుకింగ్ r2n6vt 10 अक्टूबरకి కన్ఫర్మ్ అయింది.
S0594,Your SIM will be disconnected in 4 hours because it was used for illegal activity. Call this number immediately. Immediate action required.,scam,telecom_threat,en,Research-backed synthetic,synthetic_research_backed,"telecom impersonation, urgency, threat, callback request",Do not call the supplied number.,1. Do not call the supplied number. 2. Check account status in the official telecom app. 3. Contact official support. 4. Report the message.,High,P1,"English dataset row; retained from the finalized 1,500-record ScamShield dataset.",your sim will be disconnected in 4 hours because it was used for illegal activity. call this number immediately. immediate action required.
S0636,You have been selected for a work-from-home Java Backend Developer paying Rs 799 per day. Pay Rs 299 as registration before joining. Do not ignore this message.,scam,job_scam,en,Research-backed synthetic,synthetic_research_backed,"unrealistic earnings, upfront fee, unsolicited job",Do not pay the registration fee.,1. Do not pay. 2. Verify the employer independently. 3. Do not share identity/banking documents. 4. Block and report the sender.,High,P1,"English dataset row; retained from the finalized 1,500-record ScamShield dataset.",you have been selected for a work-from-home java backend developer paying rs 799 per day. pay rs 299 as registration before joining. do not ignore this message.
G0275,The Machine Learning assignment deadline is 5 October. Please submit it through the student portal. Please keep this for your records.,genuine,education,en,Research-backed synthetic,synthetic_research_backed,normal educational announcement,Use the official student portal.,1. Check the assignment details. 2. Prepare the submission. 3. Upload through the official portal before the deadline.,Low,P4,"English dataset row; retained from the finalized 1,500-record ScamShield dataset.",the machine learning assignment deadline is 5 october. please submit it through the student portal. please keep this for your records.
G0466,Reminder: Your dentist appointment is tomorrow at 4:30 PM. Reply 'Y' to confirm.,genuine,appointment,en,User-provided reference file,user_reference,,Reply Y,Verify through an official channel; follow the expected action above.,Low,P4,"English dataset row; retained from the finalized 1,500-record ScamShield dataset.",reminder: your dentist appointment is tomorrow at 4:30 pm. reply 'y' to confirm.
S1288,Your WhatsApp account has been locked. Verify your identity now at http://secure-update.invalid to avoid permanent closure. Act now.,scam,phishing,en,Research-backed synthetic,synthetic_research_backed,"account threat, urgency, suspicious URL, credential harvesting",Do not click the link.,1. Do not open the URL. 2. Visit the service by typing its official address. 3. Change credentials if exposed. 4. Report the message.,High,P1,"English dataset row; retained from the finalized 1,500-record ScamShield dataset.",your whatsapp account has been locked. verify your identity now at http://secure-update.invalid to avoid permanent closure. act now.
S1379,Our crypto trading bot guarantees 30% profit every day. Deposit ₹10000 now to join.,scam,crypto_investment,en,Research-backed synthetic,synthetic_research_backed,"guaranteed returns, crypto solicitation, deposit request",Do not transfer money based on guaranteed-profit claims.,1. Do not transfer money based on guaranteed-profit claims. 2. Verify independently using the official service/authority. 3. Preserve evidence. 4. Report suspected cyber fraud.,Critical,P1,"English dataset row; retained from the finalized 1,500-record ScamShield dataset.",our crypto trading bot guarantees 30% profit every day. deposit ₹10000 now to join.
G0637,Your subscription renews on 5 October for ₹249.,genuine,subscription,en,Research-backed synthetic,synthetic_research_backed,normal subscription notice,Review the subscription in the official account settings.,1. Review the subscription in the official account settings. 2. Verify the message in the official app/portal if needed. 3. Do not share sensitive information unnecessarily.,Low,P4,"English dataset row; retained from the finalized 1,500-record ScamShield dataset.",your subscription renews on 5 october for ₹249.
HI-S0056,घर से काम करके रोज़ ₹499 कमाएं। नौकरी शुरू करने से पहले ₹999 रजिस्ट्रेशन शुल्क जमा करें।,scam,job_scam,hi,Research-backed synthetic multilingual,synthetic_research_backed,"फर्जी नौकरी, अवास्तविक कमाई, अग्रिम शुल्क",रजिस्ट्रेशन शुल्क न दें और नियोक्ता की स्वतंत्र रूप से जांच करें।,1. रजिस्ट्रेशन शुल्क न दें और नियोक्ता की स्वतंत्र रूप से जांच करें। 2. आधिकारिक चैनल से स्वतंत्र रूप से सत्यापन करें। 3. संदिग्ध होने पर संदेश/नंबर की रिपोर्ट करें।,High,P1,Hindi synthetic/adapted example; not claimed as verbatim real-world data.,घर से काम करके रोज़ ₹499 कमाएं। नौकरी शुरू करने से पहले ₹999 रजिस्ट्रेशन शुल्क जमा करें।
S0408,Please donate Rs 499 for an emergency relief campaign. Transfer to this personal UPI ID today. Act now.,scam,charity_scam,en,Research-backed synthetic,synthetic_research_backed,"emotional appeal, personal payment destination, urgency",Verify the charity and donation channel independently.,1. Do not transfer to an unverified personal account. 2. Check the organization's official website. 3. Donate through verified channels. 4. Report the message.,Medium,P2,"English dataset row; retained from the finalized 1,500-record ScamShield dataset.",please donate rs 499 for an emergency relief campaign. transfer to this personal upi id today. act now.
G1282,Delivery update: Blue Dart will attempt delivery of order #404-7319056 today.,genuine,delivery,en,Research-backed synthetic,synthetic_research_backed,normal delivery update,Use the official tracking page or app.,1. Check official tracking. 2. Keep the delivery address accessible. 3. Contact the retailer through official support if there is a problem.,Low,P4,"English dataset row; retained from the finalized 1,500-record ScamShield dataset.",delivery update: blue dart will attempt delivery of order #404-7319056 today.
S0621,Congratulations! You won Rs 1299 in a lucky draw. Pay Rs 499 tax/processing charges to claim your prize. Immediate action required.,scam,lottery,en,Research-backed synthetic,synthetic_research_backed,"unexpected prize, upfront payment, lottery claim",Do not pay the fee.,1. Do not send money. 2. Do not share financial details. 3. Block the sender. 4. Report the message.,High,P1,"English dataset row; retained from the finalized 1,500-record ScamShield dataset.",congratulations! you won rs 1299 in a lucky draw. pay rs 499 tax/processing charges to claim your prize. immediate action required.
G1191,Reminder: your appointment is scheduled for 10 October at 10:00 AM.,genuine,appointment,en,Research-backed synthetic,synthetic_research_backed,normal appointment reminder,Confirm through the official provider if needed.,1. Confirm through the official provider if needed. 2. Verify the message in the official app/portal if needed. 3. Do not share sensitive information unnecessarily.,Low,P4,"English dataset row; retained from the finalized 1,500-record ScamShield dataset.",reminder: your appointment is scheduled for 10 october at 10:00 am.
S1334,Your insurance policy bonus is ready. Pay Rs 999 service charges and send your Aadhaar and bank details to receive it. Do not ignore this message.,scam,insurance_scam,en,Research-backed synthetic,synthetic_research_backed,"unexpected bonus, advance fee, identity-data request",Do not pay or send identity/bank documents.,1. Do not pay. 2. Contact the insurer through the official website/number. 3. Do not send identity documents. 4. Report the message.,High,P1,"English dataset row; retained from the finalized 1,500-record ScamShield dataset.",your insurance policy bonus is ready. pay rs 999 service charges and send your aadhaar and bank details to receive it. do not ignore this message.
S1365,I need urgent financial help for a family emergency. Please send Rs 1299 today and I will return it next week.,scam,romance_scam,en,Research-backed synthetic,synthetic_research_backed,"emotional pressure, urgent money request, unverifiable emergency",Verify the person's identity and situation independently before sending money.,1. Do not transfer money immediately. 2. Verify identity using another channel. 3. Discuss with someone you trust. 4. Report if fraudulent.,High,P2,"English dataset row; retained from the finalized 1,500-record ScamShield dataset.",i need urgent financial help for a family emergency. please send rs 1299 today and i will return it next week.
G0730,Your Netflix subscription renews on 2 October for Rs 2499. Please keep this for your records.,genuine,subscription,en,Research-backed synthetic,synthetic_research_backed,normal subscription notice,Review the subscription in the official account settings.,1. Check the subscription details. 2. Confirm the renewal amount. 3. Cancel only through the official account if desired.,Low,P4,"English dataset row; retained from the finalized 1,500-record ScamShield dataset.",your netflix subscription renews on 2 october for rs 2499. please keep this for your records.
S1070,You have been selected for a work-from-home ML Intern paying Rs 199 per day. Pay Rs 999 as registration before joining.,scam,job_scam,en,Research-backed synthetic,synthetic_research_backed,"unrealistic earnings, upfront fee, unsolicited job",Do not pay the registration fee.,1. Do not pay. 2. Verify the employer independently. 3. Do not share identity/banking documents. 4. Block and report the sender.,High,P1,"English dataset row; retained from the finalized 1,500-record ScamShield dataset.",you have been selected for a work-from-home ml intern paying rs 199 per day. pay rs 999 as registration before joining.
S0509,I need urgent financial help for a family emergency. Please send Rs 199 today and I will return it next week.,scam,romance_scam,en,Research-backed synthetic,synthetic_research_backed,"emotional pressure, urgent money request, unverifiable emergency",Verify the person's identity and situation independently before sending money.,1. Do not transfer money immediately. 2. Verify identity using another channel. 3. Discuss with someone you trust. 4. Report if fraudulent.,High,P2,"English dataset row; retained from the finalized 1,500-record ScamShield dataset.",i need urgent financial help for a family emergency. please send rs 199 today and i will return it next week.
S1297,Your SIM will be disconnected in 4 hours because it was used for illegal activity. Call this number immediately. Do not ignore this message.,scam,telecom_threat,en,Research-backed synthetic,synthetic_research_backed,"telecom impersonation, urgency, threat, callback request",Do not call the supplied number.,1. Do not call the supplied number. 2. Check account status in the official telecom app. 3. Contact official support. 4. Report the message.,High,P1,"English dataset row; retained from the finalized 1,500-record ScamShield dataset.",your sim will be disconnected in 4 hours because it was used for illegal activity. call this number immediately. do not ignore this message.
G1162,Your monthly investment statement for retirement fund is available in your official account. Thank you.,genuine,finance_genuine,en,Research-backed synthetic,synthetic_research_backed,normal financial statement,Review it through the official investment platform.,1. Sign in directly to the known platform. 2. Review the statement. 3. Contact the provider through official channels for discrepancies.,Low,P4,"English dataset row; retained from the finalized 1,500-record ScamShield dataset.",your monthly investment statement for retirement fund is available in your official account. thank you.
S0978,Your parcel is held because of a Rs 199 customs/redelivery charge. Pay at http://secure-update.invalid within 2 hours.,scam,delivery,en,Research-backed synthetic,synthetic_research_backed,"delivery impersonation, small fee, urgency, suspicious URL",Do not pay through the provided link.,1. Do not open the link. 2. Check the order on the official retailer/carrier site. 3. Verify any fee there. 4. Report the SMS.,High,P1,"English dataset row; retained from the finalized 1,500-record ScamShield dataset.",your parcel is held because of a rs 199 customs/redelivery charge. pay at http://secure-update.invalid within 2 hours.
G0490,Your subscription to Amazon has been renewed successfully. Thank you.,genuine,subscription,en,Research-backed synthetic,synthetic_research_backed,normal subscription notice,Verify the renewal in the official account.,1. Open the official service app. 2. Check billing history. 3. Contact official support if the charge is unfamiliar.,Low,P4,"English dataset row; retained from the finalized 1,500-record ScamShield dataset.",your subscription to amazon has been renewed successfully. thank you.
G1106,Rs 249 was spent at Amazon using your debit card.,genuine,transaction,en,Research-backed synthetic,synthetic_research_backed,normal transaction notification,Verify the transaction in the official banking/payment app.,1. Open the official banking app. 2. Confirm the transaction. 3. Contact the bank only if it is unrecognized.,Low,P4,"English dataset row; retained from the finalized 1,500-record ScamShield dataset.",rs 249 was spent at amazon using your debit card.
HI-G0032,आपका ₹999 बिजली बिल 15 अक्टूबर को देय है।,genuine,utility_genuine,hi,Research-backed synthetic multilingual,synthetic_research_backed,सामान्य यूटिलिटी रिमाइंडर,आधिकारिक बिजली पोर्टल पर बिल जांचें।,1. आधिकारिक बिजली पोर्टल पर बिल जांचें। 2. आधिकारिक चैनल से स्वतंत्र रूप से सत्यापन करें। 3. संदिग्ध होने पर संदेश/नंबर की रिपोर्ट करें।,Low,P4,Hindi synthetic/adapted example; not claimed as verbatim real-world data.,आपका ₹999 बिजली बिल 15 अक्टूबर को देय है।
HI-G0041,"आपकी सदस्यता 10 अक्टूबर को ₹10,000 में नवीनीकृत होगी।",genuine,subscription,hi,Research-backed synthetic multilingual,synthetic_research_backed,सामान्य सदस्यता सूचना,आधिकारिक अकाउंट सेटिंग्स में विवरण जांचें।,1. आधिकारिक अकाउंट सेटिंग्स में विवरण जांचें। 2. आधिकारिक चैनल से स्वतंत्र रूप से सत्यापन करें। 3. संदिग्ध होने पर संदेश/नंबर की रिपोर्ट करें।,Low,P4,Hindi synthetic/adapted example; not claimed as verbatim real-world data.,"आपकी सदस्यता 10 अक्टूबर को ₹10,000 में नवीनीकृत होगी।"
G1437,Your Air India booking H9P3ZA is confirmed for 2 October. Please keep this for your records.,genuine,travel,en,Research-backed synthetic,synthetic_research_backed,normal travel confirmation,Check the booking in the official airline/travel app.,1. Open the official travel account. 2. Verify the booking reference. 3. Check schedule changes through the official channel.,Low,P4,"English dataset row; retained from the finalized 1,500-record ScamShield dataset.",your air india booking h9p3za is confirmed for 2 october. please keep this for your records.
S0118,Security alert: your account will be suspended unless you send the OTP A-739214 to our support agent immediately.,scam,otp,en,Research-backed synthetic,synthetic_research_backed,"OTP request, urgency, account-threat language",Do not share the OTP.,1. Do not share the OTP. 2. End the conversation. 3. Review account security in the official app. 4. Report the sender.,Critical,P1,"English dataset row; retained from the finalized 1,500-record ScamShield dataset.",security alert: your account will be suspended unless you send the otp a-739214 to our support agent immediately.
TE-S0085,"CAPTCHAలు పూర్తి చేసి రోజుకు ₹199 సంపాదించండి. అకౌంట్ యాక్టివేట్ చేయడానికి ₹1,999 ఫీజు చెల్లించండి.",scam,fake_captcha_job,te,Research-backed synthetic multilingual,synthetic_research_backed,"ఫేక్ CAPTCHA ఉద్యోగం, ముందస్తు ఫీజు",ఫీజు చెల్లించకండి; ఉద్యోగాన్ని వెరిఫై చేయండి.,1. ఫీజు చెల్లించకండి; ఉద్యోగాన్ని వెరిఫై చేయండి. 2. అధికారిక ఛానల్ ద్వారా స్వతంత్రంగా వెరిఫై చేయండి. 3. ఆధారాలను సేవ్ చేసి అవసరమైతే రిపోర్ట్ చేయండి.,High,P1,Telugu synthetic/adapted example; not claimed as verbatim real-world data.,"captchaలు పూర్తి చేసి రోజుకు ₹199 సంపాదించండి. అకౌంట్ యాక్టివేట్ చేయడానికి ₹1,999 ఫీజు చెల్లించండి."
S0849,Your parcel is held because of a Rs 299 customs/redelivery charge. Pay at http://account-check.invalid within 2 hours. Act now.,scam,delivery,en,Research-backed synthetic,synthetic_research_backed,"delivery impersonation, small fee, urgency, suspicious URL",Do not pay through the provided link.,1. Do not open the link. 2. Check the order on the official retailer/carrier site. 3. Verify any fee there. 4. Report the SMS.,High,P1,"English dataset row; retained from the finalized 1,500-record ScamShield dataset.",your parcel is held because of a rs 299 customs/redelivery charge. pay at http://account-check.invalid within 2 hours. act now.
S0333,"Hi, I lost my phone and need you to urgently transfer Rs 499 to this new account. Please don't call. Do not ignore this message.",scam,impersonation,en,Research-backed synthetic,synthetic_research_backed,"impersonation, money request, urgency, discouraging verification",Verify the person's identity through an independent channel before any payment.,1. Do not transfer money. 2. Call the person using a known number. 3. Confirm the request independently. 4. Report if fraudulent.,High,P1,"English dataset row; retained from the finalized 1,500-record ScamShield dataset.","hi, i lost my phone and need you to urgently transfer rs 499 to this new account. please don't call. do not ignore this message."
S0382,Our crypto trading bot guarantees 30% profit every day. Deposit ₹499 now to join.,scam,crypto_investment,en,Research-backed synthetic,synthetic_research_backed,"guaranteed returns, crypto solicitation, deposit request",Do not transfer money based on guaranteed-profit claims.,1. Do not transfer money based on guaranteed-profit claims. 2. Verify independently using the official service/authority. 3. Preserve evidence. 4. Report suspected cyber fraud.,Critical,P1,"English dataset row; retained from the finalized 1,500-record ScamShield dataset.",our crypto trading bot guarantees 30% profit every day. deposit ₹499 now to join.
S1443,Congratulations! Your instant loan of Rs 799 is approved. Pay Rs 199 processing charges to release the funds. Immediate action required.,scam,loan_scam,en,Research-backed synthetic,synthetic_research_backed,"unsolicited loan, advance fee, pressure",Do not pay the fee.,1. Do not pay upfront charges. 2. Verify the lender independently. 3. Avoid sharing banking credentials. 4. Report the message.,High,P1,"English dataset row; retained from the finalized 1,500-record ScamShield dataset.",congratulations! your instant loan of rs 799 is approved. pay rs 199 processing charges to release the funds. immediate action required.
G0890,Amazon verification code G-481205 है। इसे किसी के साथ साझा न करें। Thank you.,genuine,otp,en,Research-backed synthetic,synthetic_research_backed,legitimate verification-code notice,Use only for the verification you initiated.,1. कोड केवल आधिकारिक स्क्रीन पर दर्ज करें। 2. किसी को न बताएं। 3. अनचाहा कोड हो तो पासवर्ड/सुरक्षा जांचें।,Low,P4,"English dataset row; retained from the finalized 1,500-record ScamShield dataset.",amazon verification code g-481205 है। इसे किसी के साथ साझा न करें। thank you.
G1433,Can you bring the book when you come to office?,genuine,personal,en,Research-backed synthetic,synthetic_research_backed,ordinary personal communication,Reply normally if the request is expected.,1. Confirm the context. 2. Reply normally. 3. Ignore if the sender is unknown.,Low,P4,"English dataset row; retained from the finalized 1,500-record ScamShield dataset.",can you bring the book when you come to office?
G1233,Rs 199 was spent at BookMyShow using your UPI. Thank you.,genuine,transaction,en,Research-backed synthetic,synthetic_research_backed,normal transaction notification,Verify the transaction in the official banking/payment app.,1. Open the official banking app. 2. Confirm the transaction. 3. Contact the bank only if it is unrecognized.,Low,P4,"English dataset row; retained from the finalized 1,500-record ScamShield dataset.",rs 199 was spent at bookmyshow using your upi. thank you.
S0456,I need urgent financial help for a family emergency. Please send Rs 799 today and I will return it next week. Act now.,scam,romance_scam,en,Research-backed synthetic,synthetic_research_backed,"emotional pressure, urgent money request, unverifiable emergency",Verify the person's identity and situation independently before sending money.,1. Do not transfer money immediately. 2. Verify identity using another channel. 3. Discuss with someone you trust. 4. Report if fraudulent.,High,P2,"English dataset row; retained from the finalized 1,500-record ScamShield dataset.",i need urgent financial help for a family emergency. please send rs 799 today and i will return it next week. act now.
S1263,Premium apartment available at a very low rent. Send a refundable booking deposit of Rs 999 before viewing. Immediate action required.,scam,rental_scam,en,Research-backed synthetic,synthetic_research_backed,"unusually low price, advance deposit, no viewing",Do not pay a deposit before independently verifying the property and owner.,1. Do not transfer the deposit. 2. Verify ownership/listing independently. 3. Inspect the property. 4. Report suspicious listings.,High,P2,"English dataset row; retained from the finalized 1,500-record ScamShield dataset.",premium apartment available at a very low rent. send a refundable booking deposit of rs 999 before viewing. immediate action required.
S1228,Your Instagram account is under review. Send your login code to this agent to restore access. Immediate action required.,scam,social_media,en,Research-backed synthetic,synthetic_research_backed,"account takeover, login-code request, impersonation",Do not share the login code.,1. Do not share the code. 2. Open the platform directly. 3. Review security settings and sessions. 4. Report the account.,Critical,P1,"English dataset row; retained from the finalized 1,500-record ScamShield dataset.",your instagram account is under review. send your login code to this agent to restore access. immediate action required.
S1294,Premium apartment available at a very low rent. Send a refundable booking deposit of Rs 499 before viewing. Immediate action required.,scam,rental_scam,en,Research-backed synthetic,synthetic_research_backed,"unusually low price, advance deposit, no viewing",Do not pay a deposit before independently verifying the property and owner.,1. Do not transfer the deposit. 2. Verify ownership/listing independently. 3. Inspect the property. 4. Report suspicious listings.,High,P2,"English dataset row; retained from the finalized 1,500-record ScamShield dataset.",premium apartment available at a very low rent. send a refundable booking deposit of rs 499 before viewing. immediate action required.
TE-G0008,మీ ₹499 విద్యుత్ బిల్లు 30 सितंबरన చెల్లించాలి.,genuine,utility_genuine,te,Research-backed synthetic multilingual,synthetic_research_backed,సాధారణ యుటిలిటీ రిమైండర్,అధికారిక విద్యుత్ పోర్టల్‌లో బిల్లు చెక్ చేయండి.,1. అధికారిక విద్యుత్ పోర్టల్‌లో బిల్లు చెక్ చేయండి. 2. అధికారిక ఛానల్ ద్వారా స్వతంత్రంగా వెరిఫై చేయండి. 3. ఆధారాలను సేవ్ చేసి అవసరమైతే రిపోర్ట్ చేయండి.,Low,P4,Telugu synthetic/adapted example; not claimed as verbatim real-world data.,మీ ₹499 విద్యుత్ బిల్లు 30 सितंबरన చెల్లించాలి.
S0363,Your Amazon account has been locked. Verify your identity now at https://example.invalid/verify to avoid permanent closure. Do not ignore this message.,scam,phishing,en,Research-backed synthetic,synthetic_research_backed,"account threat, urgency, suspicious URL, credential harvesting",Do not click the link.,1. Do not open the URL. 2. Visit the service by typing its official address. 3. Change credentials if exposed. 4. Report the message.,High,P1,"English dataset row; retained from the finalized 1,500-record ScamShield dataset.",your amazon account has been locked. verify your identity now at https://example.invalid/verify to avoid permanent closure. do not ignore this message.
G1132,Rs 799 was spent at Spotify using your mobile banking. Thank you.,genuine,transaction,en,Research-backed synthetic,synthetic_research_backed,normal transaction notification,Verify the transaction in the official banking/payment app.,1. Open the official banking app. 2. Confirm the transaction. 3. Contact the bank only if it is unrecognized.,Low,P4,"English dataset row; retained from the finalized 1,500-record ScamShield dataset.",rs 799 was spent at spotify using your mobile banking. thank you.
S0909,Congratulations! Your instant loan of Rs 4999 is approved. Pay Rs 299 processing charges to release the funds. Immediate action required.,scam,loan_scam,en,Research-backed synthetic,synthetic_research_backed,"unsolicited loan, advance fee, pressure",Do not pay the fee.,1. Do not pay upfront charges. 2. Verify the lender independently. 3. Avoid sharing banking credentials. 4. Report the message.,High,P1,"English dataset row; retained from the finalized 1,500-record ScamShield dataset.",congratulations! your instant loan of rs 4999 is approved. pay rs 299 processing charges to release the funds. immediate action required.
S0003,"Hi, I lost my phone and need you to urgently transfer Rs 1299 to this new account. Please don't call.",scam,impersonation,en,Research-backed synthetic,synthetic_research_backed,"impersonation, money request, urgency, discouraging verification",Verify the person's identity through an independent channel before any payment.,1. Do not transfer money. 2. Call the person using a known number. 3. Confirm the request independently. 4. Report if fraudulent.,High,P1,"English dataset row; retained from the finalized 1,500-record ScamShield dataset.","hi, i lost my phone and need you to urgently transfer rs 1299 to this new account. please don't call."
G0460,Your support ticket SUP-23817 has been updated. Please sign in to the official support portal to view the response. — Customer Notification.,genuine,support_genuine,en,Research-backed synthetic,synthetic_research_backed,normal support-ticket notification,Open the known support portal directly.,1. Open the official support portal manually. 2. Search for the ticket number. 3. Review the response there.,Low,P4,"English dataset row; retained from the finalized 1,500-record ScamShield dataset.",your support ticket sup-23817 has been updated. please sign in to the official support portal to view the response. — customer notification.
S0351,"Hi, I lost my phone and need you to urgently transfer Rs 4999 to this new account. Please don't call. Immediate action required.",scam,impersonation,en,Research-backed synthetic,synthetic_research_backed,"impersonation, money request, urgency, discouraging verification",Verify the person's identity through an independent channel before any payment.,1. Do not transfer money. 2. Call the person using a known number. 3. Confirm the request independently. 4. Report if fraudulent.,High,P1,"English dataset row; retained from the finalized 1,500-record ScamShield dataset.","hi, i lost my phone and need you to urgently transfer rs 4999 to this new account. please don't call. immediate action required."
G0086,Your support ticket SUP-23817 has been updated. Please sign in to the official support portal to view the response.,genuine,support_genuine,en,Research-backed synthetic,synthetic_research_backed,normal support-ticket notification,Open the known support portal directly.,1. Open the official support portal manually. 2. Search for the ticket number. 3. Review the response there.,Low,P4,"English dataset row; retained from the finalized 1,500-record ScamShield dataset.",your support ticket sup-23817 has been updated. please sign in to the official support portal to view the response.
S0469,Congratulations! You won Rs 799 in a lucky draw. Pay Rs 999 tax/processing charges to claim your prize. Do not ignore this message.,scam,lottery,en,Research-backed synthetic,synthetic_research_backed,"unexpected prize, upfront payment, lottery claim",Do not pay the fee.,1. Do not send money. 2. Do not share financial details. 3. Block the sender. 4. Report the message.,High,P1,"English dataset row; retained from the finalized 1,500-record ScamShield dataset.",congratulations! you won rs 799 in a lucky draw. pay rs 999 tax/processing charges to claim your prize. do not ignore this message.
S1444,Earn ₹5000 daily by completing CAPTCHA tasks. Pay ₹999 registration/software charges to activate your account.,scam,fake_captcha_job,en,Research-backed synthetic,synthetic_research_backed,"upfront fee, unrealistic earnings, fake job platform",Do not pay the registration fee.,1. Do not pay the registration fee. 2. Verify independently using the official service/authority. 3. Preserve evidence. 4. Report suspected cyber fraud.,High,P1,"English dataset row; retained from the finalized 1,500-record ScamShield dataset.",earn ₹5000 daily by completing captcha tasks. pay ₹999 registration/software charges to activate your account.
S0690,"To receive your refund of Rs 1299, scan this QR and enter your UPI PIN. Immediate action required.",scam,upi_qr,en,Research-backed synthetic,synthetic_research_backed,"QR-for-receiving-money, UPI PIN request, refund pretext",Do not scan the QR or enter the UPI PIN.,1. Do not scan the QR. 2. Never enter a UPI PIN to receive money. 3. Verify the refund in the official app. 4. Report the sender.,Critical,P1,"English dataset row; retained from the finalized 1,500-record ScamShield dataset.","to receive your refund of rs 1299, scan this qr and enter your upi pin. immediate action required."
TE-S0022,ఇప్పుడే ₹999 పంపండి. లేకపోతే మీ ప్రైవేట్ వీడియోను మీ కాంటాక్ట్స్‌కు పంపిస్తాం.,scam,sextortion,te,Research-backed synthetic multilingual,synthetic_research_backed,"బ్లాక్‌మెయిల్, బెదిరింపు, డబ్బు డిమాండ్",డబ్బు పంపకండి; ఆధారాలను భద్రపరచి రిపోర్ట్ చేయండి.,1. డబ్బు పంపకండి; ఆధారాలను భద్రపరచి రిపోర్ట్ చేయండి. 2. అధికారిక ఛానల్ ద్వారా స్వతంత్రంగా వెరిఫై చేయండి. 3. ఆధారాలను సేవ్ చేసి అవసరమైతే రిపోర్ట్ చేయండి.,Critical,P1,Telugu synthetic/adapted example; not claimed as verbatim real-world data.,ఇప్పుడే ₹999 పంపండి. లేకపోతే మీ ప్రైవేట్ వీడియోను మీ కాంటాక్ట్స్‌కు పంపిస్తాం.
S0859,Your Netflix account has been locked. Verify your identity now at https://example.invalid/verify to avoid permanent closure. Do not ignore this message.,scam,phishing,en,Research-backed synthetic,synthetic_research_backed,"account threat, urgency, suspicious URL, credential harvesting",Do not click the link.,1. Do not open the URL. 2. Visit the service by typing its official address. 3. Change credentials if exposed. 4. Report the message.,High,P1,"English dataset row; retained from the finalized 1,500-record ScamShield dataset.",your netflix account has been locked. verify your identity now at https://example.invalid/verify to avoid permanent closure. do not ignore this message.
S0769,Urgent: your Canara Bank account will be blocked today because PAN/KYC is incomplete. Click http://secure-update.invalid to update now. Immediate action required.,scam,bank_kyc,en,Research-backed synthetic,synthetic_research_backed,"bank impersonation, urgency, suspicious URL, KYC request",Do not click the link or share banking credentials.,1. Do not click the link. 2. Open the bank's official app/site manually. 3. Verify KYC status. 4. Report the message if fraudulent.,High,P1,"English dataset row; retained from the finalized 1,500-record ScamShield dataset.",urgent: your canara bank account will be blocked today because pan/kyc is incomplete. click http://secure-update.invalid to update now. immediate action required.
TE-S0054,ఇంటినుంచి పని చేసి రోజుకు ₹499 సంపాదించండి. ఉద్యోగం ప్రారంభించడానికి ₹499 రిజిస్ట్రేషన్ ఫీజు చెల్లించండి.,scam,job_scam,te,Research-backed synthetic multilingual,synthetic_research_backed,"ఫేక్ ఉద్యోగం, ముందస్తు ఫీజు, అవాస్తవ ఆదాయం",ఫీజు చెల్లించకండి; ఉద్యోగదాతను స్వతంత్రంగా వెరిఫై చేయండి.,1. ఫీజు చెల్లించకండి; ఉద్యోగదాతను స్వతంత్రంగా వెరిఫై చేయండి. 2. అధికారిక ఛానల్ ద్వారా స్వతంత్రంగా వెరిఫై చేయండి. 3. ఆధారాలను సేవ్ చేసి అవసరమైతే రిపోర్ట్ చేయండి.,High,P1,Telugu synthetic/adapted example; not claimed as verbatim real-world data.,ఇంటినుంచి పని చేసి రోజుకు ₹499 సంపాదించండి. ఉద్యోగం ప్రారంభించడానికి ₹499 రిజిస్ట్రేషన్ ఫీజు చెల్లించండి.
HI-S0023,"CAPTCHA भरकर रोज़ ₹499 कमाएं। अकाउंट सक्रिय करने के लिए ₹4,999 शुल्क दें।",scam,fake_captcha_job,hi,Research-backed synthetic multilingual,synthetic_research_backed,"फर्जी CAPTCHA नौकरी, अग्रिम शुल्क, अवास्तविक कमाई",शुल्क न दें और नौकरी की स्वतंत्र जांच करें।,1. शुल्क न दें और नौकरी की स्वतंत्र जांच करें। 2. आधिकारिक चैनल से स्वतंत्र रूप से सत्यापन करें। 3. संदिग्ध होने पर संदेश/नंबर की रिपोर्ट करें।,High,P1,Hindi synthetic/adapted example; not claimed as verbatim real-world data.,"captcha भरकर रोज़ ₹499 कमाएं। अकाउंट सक्रिय करने के लिए ₹4,999 शुल्क दें।"
TE-S0034,"నేను కొత్త నంబర్ ఉపయోగిస్తున్నాను. చాలా అత్యవసరం, నాకు ₹999 వెంటనే ట్రాన్స్‌ఫర్ చేయండి. నాకు కాల్ చేయకండి.",scam,impersonation,te,Research-backed synthetic multilingual,synthetic_research_backed,"వ్యక్తి ఇంపర్సనేషన్, డబ్బు డిమాండ్, వెరిఫికేషన్ నిరోధం",తెలిసిన నంబర్ ద్వారా వ్యక్తిని ధృవీకరించకుండా డబ్బు పంపకండి.,1. తెలిసిన నంబర్ ద్వారా వ్యక్తిని ధృవీకరించకుండా డబ్బు పంపకండి. 2. అధికారిక ఛానల్ ద్వారా స్వతంత్రంగా వెరిఫై చేయండి. 3. ఆధారాలను సేవ్ చేసి అవసరమైతే రిపోర్ట్ చేయండి.,High,P1,Telugu synthetic/adapted example; not claimed as verbatim real-world data.,"నేను కొత్త నంబర్ ఉపయోగిస్తున్నాను. చాలా అత్యవసరం, నాకు ₹999 వెంటనే ట్రాన్స్‌ఫర్ చేయండి. నాకు కాల్ చేయకండి."
G1425,Reminder from CARE Hospital: your lab appointment is booked for 20 October at 6:00 PM. — Customer Notification.,genuine,healthcare,en,Research-backed synthetic,synthetic_research_backed,normal healthcare reminder,Use the clinic's official contact details for changes.,1. Verify the appointment in the clinic system. 2. Add it to your calendar. 3. Contact the clinic through its official number if needed.,Low,P4,"English dataset row; retained from the finalized 1,500-record ScamShield dataset.",reminder from care hospital: your lab appointment is booked for 20 october at 6:00 pm. — customer notification.
G0923,Reminder from KIMS: your lab appointment is booked for 30 September at 9:30 AM. Thank you.,genuine,healthcare,en,Research-backed synthetic,synthetic_research_backed,normal healthcare reminder,Use the clinic's official contact details for changes.,1. Verify the appointment in the clinic system. 2. Add it to your calendar. 3. Contact the clinic through its official number if needed.,Low,P4,"English dataset row; retained from the finalized 1,500-record ScamShield dataset.",reminder from kims: your lab appointment is booked for 30 september at 9:30 am. thank you.
G0981,Your support ticket TKT-77104 has been updated. Please sign in to the official support portal to view the response. Thank you.,genuine,support_genuine,en,Research-backed synthetic,synthetic_research_backed,normal support-ticket notification,Open the known support portal directly.,1. Open the official support portal manually. 2. Search for the ticket number. 3. Review the response there.,Low,P4,"English dataset row; retained from the finalized 1,500-record ScamShield dataset.",your support ticket tkt-77104 has been updated. please sign in to the official support portal to view the response. thank you.
S0726,You have been selected for a work-from-home ML Intern paying Rs 1299 per day. Pay Rs 299 as registration before joining. Act now.,scam,job_scam,en,Research-backed synthetic,synthetic_research_backed,"unrealistic earnings, upfront fee, unsolicited job",Do not pay the registration fee.,1. Do not pay. 2. Verify the employer independently. 3. Do not share identity/banking documents. 4. Block and report the sender.,High,P1,"English dataset row; retained from the finalized 1,500-record ScamShield dataset.",you have been selected for a work-from-home ml intern paying rs 1299 per day. pay rs 299 as registration before joining. act now.
G1497,The Data Analytics assignment deadline is 20 October. Please submit it through the student portal.,genuine,education,en,Research-backed synthetic,synthetic_research_backed,normal educational announcement,Use the official student portal.,1. Check the assignment details. 2. Prepare the submission. 3. Upload through the official portal before the deadline.,Low,P4,"English dataset row; retained from the finalized 1,500-record ScamShield dataset.",the data analytics assignment deadline is 20 october. please submit it through the student portal.
HI-G0021,आपकी यात्रा बुकिंग Q4M8LX 10 अक्टूबर के लिए कन्फर्म है।,genuine,travel,hi,Research-backed synthetic multilingual,synthetic_research_backed,सामान्य यात्रा पुष्टि,आधिकारिक एयरलाइन/ट्रैवल ऐप में बुकिंग जांचें।,1. आधिकारिक एयरलाइन/ट्रैवल ऐप में बुकिंग जांचें। 2. आधिकारिक चैनल से स्वतंत्र रूप से सत्यापन करें। 3. संदिग्ध होने पर संदेश/नंबर की रिपोर्ट करें।,Low,P4,Hindi synthetic/adapted example; not claimed as verbatim real-world data.,आपकी यात्रा बुकिंग q4m8lx 10 अक्टूबर के लिए कन्फर्म है।
G0858,The department seminar on Cybersecurity will be held on 10 October in sample-venue.,genuine,college_announcement,en,Research-backed synthetic,synthetic_research_backed,normal institutional announcement,Check the official college communication channel for details.,1. Verify the announcement in the official portal/email. 2. Note the venue and time. 3. Attend if relevant.,Low,P4,"English dataset row; retained from the finalized 1,500-record ScamShield dataset.",the department seminar on cybersecurity will be held on 10 october in sample-venue.
S0747,Please donate Rs 799 for an emergency relief campaign. Transfer to this personal UPI ID today. Do not ignore this message.,scam,charity_scam,en,Research-backed synthetic,synthetic_research_backed,"emotional appeal, personal payment destination, urgency",Verify the charity and donation channel independently.,1. Do not transfer to an unverified personal account. 2. Check the organization's official website. 3. Donate through verified channels. 4. Report the message.,Medium,P2,"English dataset row; retained from the finalized 1,500-record ScamShield dataset.",please donate rs 799 for an emergency relief campaign. transfer to this personal upi id today. do not ignore this message.
S1343,Congratulations! Your instant loan of Rs 799 is approved. Pay Rs 499 processing charges to release the funds. Act now.,scam,loan_scam,en,Research-backed synthetic,synthetic_research_backed,"unsolicited loan, advance fee, pressure",Do not pay the fee.,1. Do not pay upfront charges. 2. Verify the lender independently. 3. Avoid sharing banking credentials. 4. Report the message.,High,P1,"English dataset row; retained from the finalized 1,500-record ScamShield dataset.",congratulations! your instant loan of rs 799 is approved. pay rs 499 processing charges to release the funds. act now.
S0091,Your insurance policy bonus is ready. Pay Rs 499 service charges and send your Aadhaar and bank details to receive it.,scam,insurance_scam,en,Research-backed synthetic,synthetic_research_backed,"unexpected bonus, advance fee, identity-data request",Do not pay or send identity/bank documents.,1. Do not pay. 2. Contact the insurer through the official website/number. 3. Do not send identity documents. 4. Report the message.,High,P1,"English dataset row; retained from the finalized 1,500-record ScamShield dataset.",your insurance policy bonus is ready. pay rs 499 service charges and send your aadhaar and bank details to receive it.
G0250,Reminder from your clinic: your appointment is booked for 10 October at 9:30 AM.,genuine,healthcare,en,Research-backed synthetic,synthetic_research_backed,normal healthcare reminder,Use the clinic's official contact details for changes.,1. Use the clinic's official contact details for changes. 2. Verify the message in the official app/portal if needed. 3. Do not share sensitive information unnecessarily.,Low,P4,"English dataset row; retained from the finalized 1,500-record ScamShield dataset.",reminder from your clinic: your appointment is booked for 10 october at 9:30 am.
G1090,Please review the latest SupportPilot build before the demo tomorrow. Thank you.,genuine,work,en,Research-backed synthetic,synthetic_research_backed,ordinary workplace communication,Review the work through the normal project channel.,1. Open the known project workspace. 2. Review the requested item. 3. Reply with feedback.,Low,P4,"English dataset row; retained from the finalized 1,500-record ScamShield dataset.",please review the latest supportpilot build before the demo tomorrow. thank you.
G0080,Your electricity bill of Rs 249 is due on 15 October. Please pay through the official utility portal. Thank you.,genuine,utility_genuine,en,Research-backed synthetic,synthetic_research_backed,normal utility bill reminder,Use the official utility website/app.,1. Verify the bill in the official portal. 2. Check the due date and amount. 3. Pay only through the official channel.,Low,P4,"English dataset row; retained from the finalized 1,500-record ScamShield dataset.",your electricity bill of rs 249 is due on 15 october. please pay through the official utility portal. thank you.
G0210,Interview reminder: your ML Intern interview is scheduled for 5 October at 2:00 PM. — Customer Notification.,genuine,job_genuine,en,Research-backed synthetic,synthetic_research_backed,normal recruitment communication,Verify the interview through the official recruitment channel.,1. Check the original application. 2. Confirm the interview details. 3. Join through the verified meeting link.,Low,P4,"English dataset row; retained from the finalized 1,500-record ScamShield dataset.",interview reminder: your ml intern interview is scheduled for 5 october at 2:00 pm. — customer notification.
S1100,Your Netflix account has been locked. Verify your identity now at http://account-check.invalid to avoid permanent closure. Immediate action required.,scam,phishing,en,Research-backed synthetic,synthetic_research_backed,"account threat, urgency, suspicious URL, credential harvesting",Do not click the link.,1. Do not open the URL. 2. Visit the service by typing its official address. 3. Change credentials if exposed. 4. Report the message.,High,P1,"English dataset row; retained from the finalized 1,500-record ScamShield dataset.",your netflix account has been locked. verify your identity now at http://account-check.invalid to avoid permanent closure. immediate action required.
G0177,Rs 4999 was spent at Zomato using your debit card. Thank you.,genuine,transaction,en,Research-backed synthetic,synthetic_research_backed,normal transaction notification,Verify the transaction in the official banking/payment app.,1. Open the official banking app. 2. Confirm the transaction. 3. Contact the bank only if it is unrecognized.,Low,P4,"English dataset row; retained from the finalized 1,500-record ScamShield dataset.",rs 4999 was spent at zomato using your debit card. thank you.
G0185,Please review the latest ScamShield build before the project meeting tomorrow. — Customer Notification.,genuine,work,en,Research-backed synthetic,synthetic_research_backed,ordinary workplace communication,Review the work through the normal project channel.,1. Open the known project workspace. 2. Review the requested item. 3. Reply with feedback.,Low,P4,"English dataset row; retained from the finalized 1,500-record ScamShield dataset.",please review the latest scamshield build before the project meeting tomorrow. — customer notification.
G1060,Your Airtel data plan has 2.8 GB remaining and is valid until 5 October. — Customer Notification.,genuine,telecom_genuine,en,Research-backed synthetic,synthetic_research_backed,normal telecom usage notice,Check usage in the official telecom app if needed.,1. Open the official provider app. 2. Review plan usage. 3. Recharge only through official channels.,Low,P4,"English dataset row; retained from the finalized 1,500-record ScamShield dataset.",your airtel data plan has 2.8 gb remaining and is valid until 5 october. — customer notification.
HI-G0025,आपका Google सत्यापन कोड A-739214 है। इसे किसी के साथ साझा न करें।,genuine,otp,hi,Research-backed synthetic multilingual,synthetic_research_backed,वैध OTP सूचना,केवल आपके द्वारा शुरू किए गए सत्यापन में कोड का उपयोग करें।,1. केवल आपके द्वारा शुरू किए गए सत्यापन में कोड का उपयोग करें। 2. आधिकारिक चैनल से स्वतंत्र रूप से सत्यापन करें। 3. संदिग्ध होने पर संदेश/नंबर की रिपोर्ट करें।,Low,P4,Hindi synthetic/adapted example; not claimed as verbatim real-world data.,आपका google सत्यापन कोड a-739214 है। इसे किसी के साथ साझा न करें।
G1028,Please review the latest Live Call Guardian build before the project meeting tomorrow. — Customer Notification.,genuine,work,en,Research-backed synthetic,synthetic_research_backed,ordinary workplace communication,Review the work through the normal project channel.,1. Open the known project workspace. 2. Review the requested item. 3. Reply with feedback.,Low,P4,"English dataset row; retained from the finalized 1,500-record ScamShield dataset.",please review the latest live call guardian build before the project meeting tomorrow. — customer notification.
S0279,Congratulations! You won Rs 2499 in a lucky draw. Pay Rs 999 tax/processing charges to claim your prize. Do not ignore this message.,scam,lottery,en,Research-backed synthetic,synthetic_research_backed,"unexpected prize, upfront payment, lottery claim",Do not pay the fee.,1. Do not send money. 2. Do not share financial details. 3. Block the sender. 4. Report the message.,High,P1,"English dataset row; retained from the finalized 1,500-record ScamShield dataset.",congratulations! you won rs 2499 in a lucky draw. pay rs 999 tax/processing charges to claim your prize. do not ignore this message.
TE-S0007,"మీ ₹2,499 ఇన్‌స్టంట్ లోన్ ఆమోదించబడింది. డబ్బు విడుదలకు ₹499 ప్రాసెసింగ్ ఫీజు చెల్లించండి.",scam,loan_scam,te,Research-backed synthetic multilingual,synthetic_research_backed,"ఫేక్ లోన్, ముందస్తు ఫీజు, ఆర్థిక ఒత్తిడి",ఫీజు చెల్లించకండి; లెండర్ వివరాలు వెరిఫై చేయండి.,1. ఫీజు చెల్లించకండి; లెండర్ వివరాలు వెరిఫై చేయండి. 2. అధికారిక ఛానల్ ద్వారా స్వతంత్రంగా వెరిఫై చేయండి. 3. ఆధారాలను సేవ్ చేసి అవసరమైతే రిపోర్ట్ చేయండి.,High,P1,Telugu synthetic/adapted example; not claimed as verbatim real-world data.,"మీ ₹2,499 ఇన్‌స్టంట్ లోన్ ఆమోదించబడింది. డబ్బు విడుదలకు ₹499 ప్రాసెసింగ్ ఫీజు చెల్లించండి."
S0729,Your instant loan is approved. Install this APK and pay ₹999 to unlock the disbursement.,scam,fake_loan_app,en,Research-backed synthetic,synthetic_research_backed,"fake loan app, APK, advance fee",Do not install the app or pay the fee.,1. Do not install the app or pay the fee. 2. Verify independently using the official service/authority. 3. Preserve evidence. 4. Report suspected cyber fraud.,Critical,P1,"English dataset row; retained from the finalized 1,500-record ScamShield dataset.",your instant loan is approved. install this apk and pay ₹999 to unlock the disbursement.
G0965,The department seminar on Data Analytics will be held on 30 September in sample-venue. Please keep this for your records.,genuine,college_announcement,en,Research-backed synthetic,synthetic_research_backed,normal institutional announcement,Check the official college communication channel for details.,1. Verify the announcement in the official portal/email. 2. Note the venue and time. 3. Attend if relevant.,Low,P4,"English dataset row; retained from the finalized 1,500-record ScamShield dataset.",the department seminar on data analytics will be held on 30 september in sample-venue. please keep this for your records.
S1281,Urgent: your Canara Bank account will be blocked today because PAN/KYC is incomplete. Click https://example.invalid/verify to update now. Immediate action required.,scam,bank_kyc,en,Research-backed synthetic,synthetic_research_backed,"bank impersonation, urgency, suspicious URL, KYC request",Do not click the link or share banking credentials.,1. Do not click the link. 2. Open the bank's official app/site manually. 3. Verify KYC status. 4. Report the message if fraudulent.,High,P1,"English dataset row; retained from the finalized 1,500-record ScamShield dataset.",urgent: your canara bank account will be blocked today because pan/kyc is incomplete. click https://example.invalid/verify to update now. immediate action required.
TE-S0049,"CAPTCHAలు పూర్తి చేసి రోజుకు ₹999 సంపాదించండి. అకౌంట్ యాక్టివేట్ చేయడానికి ₹4,999 ఫీజు చెల్లించండి.",scam,fake_captcha_job,te,Research-backed synthetic multilingual,synthetic_research_backed,"ఫేక్ CAPTCHA ఉద్యోగం, ముందస్తు ఫీజు",ఫీజు చెల్లించకండి; ఉద్యోగాన్ని వెరిఫై చేయండి.,1. ఫీజు చెల్లించకండి; ఉద్యోగాన్ని వెరిఫై చేయండి. 2. అధికారిక ఛానల్ ద్వారా స్వతంత్రంగా వెరిఫై చేయండి. 3. ఆధారాలను సేవ్ చేసి అవసరమైతే రిపోర్ట్ చేయండి.,High,P1,Telugu synthetic/adapted example; not claimed as verbatim real-world data.,"captchaలు పూర్తి చేసి రోజుకు ₹999 సంపాదించండి. అకౌంట్ యాక్టివేట్ చేయడానికి ₹4,999 ఫీజు చెల్లించండి."
S0105,Urgent: your SBI account will be blocked today because PAN/KYC is incomplete. Click https://example.invalid/verify to update now. Act now.,scam,bank_kyc,en,Research-backed synthetic,synthetic_research_backed,"bank impersonation, urgency, suspicious URL, KYC request",Do not click the link or share banking credentials.,1. Do not click the link. 2. Open the bank's official app/site manually. 3. Verify KYC status. 4. Report the message if fraudulent.,High,P1,"English dataset row; retained from the finalized 1,500-record ScamShield dataset.",urgent: your sbi account will be blocked today because pan/kyc is incomplete. click https://example.invalid/verify to update now. act now.
G0799,Reminder: your appointment is scheduled for 10 October at 9:30 AM.,genuine,appointment,en,Research-backed synthetic,synthetic_research_backed,normal appointment reminder,Confirm through the official provider if needed.,1. Confirm through the official provider if needed. 2. Verify the message in the official app/portal if needed. 3. Do not share sensitive information unnecessarily.,Low,P4,"English dataset row; retained from the finalized 1,500-record ScamShield dataset.",reminder: your appointment is scheduled for 10 october at 9:30 am.
TE-G0031,మీ WhatsApp వెరిఫికేషన్ కోడ్ G-481205. ఈ కోడ్‌ను ఎవరికీ షేర్ చేయకండి.,genuine,otp,te,Research-backed synthetic multilingual,synthetic_research_backed,వాలిడ్ OTP సమాచారం,మీరు ప్రారంభించిన వెరిఫికేషన్‌లో మాత్రమే ఉపయోగించండి.,1. మీరు ప్రారంభించిన వెరిఫికేషన్‌లో మాత్రమే ఉపయోగించండి. 2. అధికారిక ఛానల్ ద్వారా స్వతంత్రంగా వెరిఫై చేయండి. 3. ఆధారాలను సేవ్ చేసి అవసరమైతే రిపోర్ట్ చేయండి.,Low,P4,Telugu synthetic/adapted example; not claimed as verbatim real-world data.,మీ whatsapp వెరిఫికేషన్ కోడ్ g-481205. ఈ కోడ్‌ను ఎవరికీ షేర్ చేయకండి.
G0329,Your Netflix payment of ₹2499 was processed successfully.,genuine,transaction,en,Research-backed synthetic,synthetic_research_backed,normal transaction notification,Verify in the official app.,1. Verify in the official app. 2. Verify the message in the official app/portal if needed. 3. Do not share sensitive information unnecessarily.,Low,P4,"English dataset row; retained from the finalized 1,500-record ScamShield dataset.",your netflix payment of ₹2499 was processed successfully.
G0587,Please review the latest SupportPilot build before the stand-up tomorrow. — Customer Notification.,genuine,work,en,Research-backed synthetic,synthetic_research_backed,ordinary workplace communication,Review the work through the normal project channel.,1. Open the known project workspace. 2. Review the requested item. 3. Reply with feedback.,Low,P4,"English dataset row; retained from the finalized 1,500-record ScamShield dataset.",please review the latest supportpilot build before the stand-up tomorrow. — customer notification.
S0486,A refund of Rs 499 is waiting for you. Share your card number and OTP so we can process it immediately. Immediate action required.,scam,refund_scam,en,Research-backed synthetic,synthetic_research_backed,"refund pretext, card-data request, OTP request",Do not share card or OTP details.,1. Do not share credentials. 2. Check refunds in the official merchant app. 3. Contact official support. 4. Report the sender.,Critical,P1,"English dataset row; retained from the finalized 1,500-record ScamShield dataset.",a refund of rs 499 is waiting for you. share your card number and otp so we can process it immediately. immediate action required.
HI-S0029,CAPTCHA भरकर रोज़ ₹499 कमाएं। अकाउंट सक्रिय करने के लिए ₹499 शुल्क दें।,scam,fake_captcha_job,hi,Research-backed synthetic multilingual,synthetic_research_backed,"फर्जी CAPTCHA नौकरी, अग्रिम शुल्क, अवास्तविक कमाई",शुल्क न दें और नौकरी की स्वतंत्र जांच करें।,1. शुल्क न दें और नौकरी की स्वतंत्र जांच करें। 2. आधिकारिक चैनल से स्वतंत्र रूप से सत्यापन करें। 3. संदिग्ध होने पर संदेश/नंबर की रिपोर्ट करें।,High,P1,Hindi synthetic/adapted example; not claimed as verbatim real-world data.,captcha भरकर रोज़ ₹499 कमाएं। अकाउंट सक्रिय करने के लिए ₹499 शुल्क दें।
HI-S0095,"घर से काम करके रोज़ ₹5,000 कमाएं। नौकरी शुरू करने से पहले ₹499 रजिस्ट्रेशन शुल्क जमा करें।",scam,job_scam,hi,Research-backed synthetic multilingual,synthetic_research_backed,"फर्जी नौकरी, अवास्तविक कमाई, अग्रिम शुल्क",रजिस्ट्रेशन शुल्क न दें और नियोक्ता की स्वतंत्र रूप से जांच करें।,1. रजिस्ट्रेशन शुल्क न दें और नियोक्ता की स्वतंत्र रूप से जांच करें। 2. आधिकारिक चैनल से स्वतंत्र रूप से सत्यापन करें। 3. संदिग्ध होने पर संदेश/नंबर की रिपोर्ट करें।,High,P1,Hindi synthetic/adapted example; not claimed as verbatim real-world data.,"घर से काम करके रोज़ ₹5,000 कमाएं। नौकरी शुरू करने से पहले ₹499 रजिस्ट्रेशन शुल्क जमा करें।"
S0415,Congratulations! Your instant loan of Rs 499 is approved. Pay Rs 299 processing charges to release the funds.,scam,loan_scam,en,Research-backed synthetic,synthetic_research_backed,"unsolicited loan, advance fee, pressure",Do not pay the fee.,1. Do not pay upfront charges. 2. Verify the lender independently. 3. Avoid sharing banking credentials. 4. Report the message.,High,P1,"English dataset row; retained from the finalized 1,500-record ScamShield dataset.",congratulations! your instant loan of rs 499 is approved. pay rs 299 processing charges to release the funds.
G1447,Your bank statement for account ending 5730 is now available in online banking. Please keep this for your records.,genuine,banking_genuine,en,Research-backed synthetic,synthetic_research_backed,normal banking notification,Open the bank's official app or website.,1. Sign in through the official app/site. 2. Review the statement. 3. Never use links from unexpected messages to sign in.,Low,P4,"English dataset row; retained from the finalized 1,500-record ScamShield dataset.",your bank statement for account ending 5730 is now available in online banking. please keep this for your records.
S0704,A refund of Rs 2499 is waiting for you. Share your card number and OTP so we can process it immediately. Do not ignore this message.,scam,refund_scam,en,Research-backed synthetic,synthetic_research_backed,"refund pretext, card-data request, OTP request",Do not share card or OTP details.,1. Do not share credentials. 2. Check refunds in the official merchant app. 3. Contact official support. 4. Report the sender.,Critical,P1,"English dataset row; retained from the finalized 1,500-record ScamShield dataset.",a refund of rs 2499 is waiting for you. share your card number and otp so we can process it immediately. do not ignore this message.
G0773,Google verification code A-739214 है। इसे किसी के साथ साझा न करें। Thank you.,genuine,otp,en,Research-backed synthetic,synthetic_research_backed,legitimate verification-code notice,Use only for the verification you initiated.,1. कोड केवल आधिकारिक स्क्रीन पर दर्ज करें। 2. किसी को न बताएं। 3. अनचाहा कोड हो तो पासवर्ड/सुरक्षा जांचें।,Low,P4,"English dataset row; retained from the finalized 1,500-record ScamShield dataset.",google verification code a-739214 है। इसे किसी के साथ साझा न करें। thank you.
S1337,You have been selected for a work-from-home Frontend Developer paying Rs 199 per day. Pay Rs 199 as registration before joining.,scam,job_scam,en,Research-backed synthetic,synthetic_research_backed,"unrealistic earnings, upfront fee, unsolicited job",Do not pay the registration fee.,1. Do not pay. 2. Verify the employer independently. 3. Do not share identity/banking documents. 4. Block and report the sender.,High,P1,"English dataset row; retained from the finalized 1,500-record ScamShield dataset.",you have been selected for a work-from-home frontend developer paying rs 199 per day. pay rs 199 as registration before joining.
S0126,Our crypto trading bot guarantees 30% profit every day. Deposit ₹999 now to join.,scam,crypto_investment,en,Research-backed synthetic,synthetic_research_backed,"guaranteed returns, crypto solicitation, deposit request",Do not transfer money based on guaranteed-profit claims.,1. Do not transfer money based on guaranteed-profit claims. 2. Verify independently using the official service/authority. 3. Preserve evidence. 4. Report suspected cyber fraud.,Critical,P1,"English dataset row; retained from the finalized 1,500-record ScamShield dataset.",our crypto trading bot guarantees 30% profit every day. deposit ₹999 now to join.
G0285,Your electricity bill of Rs 199 is due on 5 October. Please pay through the official utility portal. — Customer Notification.,genuine,utility_genuine,en,Research-backed synthetic,synthetic_research_backed,normal utility bill reminder,Use the official utility website/app.,1. Verify the bill in the official portal. 2. Check the due date and amount. 3. Pay only through the official channel.,Low,P4,"English dataset row; retained from the finalized 1,500-record ScamShield dataset.",your electricity bill of rs 199 is due on 5 october. please pay through the official utility portal. — customer notification.
G0089,Your Jio data plan has 5 GB remaining and is valid until 15 October. Please keep this for your records.,genuine,telecom_genuine,en,Research-backed synthetic,synthetic_research_backed,normal telecom usage notice,Check usage in the official telecom app if needed.,1. Open the official provider app. 2. Review plan usage. 3. Recharge only through official channels.,Low,P4,"English dataset row; retained from the finalized 1,500-record ScamShield dataset.",your jio data plan has 5 gb remaining and is valid until 15 october. please keep this for your records.
S0146,I trust you completely. I can show you a special crypto investment platform. Send ₹2499 and we will grow it together.,scam,matrimonial_investment,en,Research-backed synthetic,synthetic_research_backed,"romance grooming, investment pitch, money request",Do not send money to an online romantic contact.,1. Do not send money to an online romantic contact. 2. Verify independently using the official service/authority. 3. Preserve evidence. 4. Report suspected cyber fraud.,Critical,P1,"English dataset row; retained from the finalized 1,500-record ScamShield dataset.",i trust you completely. i can show you a special crypto investment platform. send ₹2499 and we will grow it together.
G0700,The department seminar on Generative AI will be held on 15 October in sample-venue. Please keep this for your records.,genuine,college_announcement,en,Research-backed synthetic,synthetic_research_backed,normal institutional announcement,Check the official college communication channel for details.,1. Verify the announcement in the official portal/email. 2. Note the venue and time. 3. Attend if relevant.,Low,P4,"English dataset row; retained from the finalized 1,500-record ScamShield dataset.",the department seminar on generative ai will be held on 15 october in sample-venue. please keep this for your records.
S1140,You have been selected for a work-from-home ML Intern paying Rs 199 per day. Pay Rs 999 as registration before joining. Act now.,scam,job_scam,en,Research-backed synthetic,synthetic_research_backed,"unrealistic earnings, upfront fee, unsolicited job",Do not pay the registration fee.,1. Do not pay. 2. Verify the employer independently. 3. Do not share identity/banking documents. 4. Block and report the sender.,High,P1,"English dataset row; retained from the finalized 1,500-record ScamShield dataset.",you have been selected for a work-from-home ml intern paying rs 199 per day. pay rs 999 as registration before joining. act now.
S1144,I trust you completely. I can show you a special crypto investment platform. Send ₹10000 and we will grow it together.,scam,matrimonial_investment,en,Research-backed synthetic,synthetic_research_backed,"romance grooming, investment pitch, money request",Do not send money to an online romantic contact.,1. Do not send money to an online romantic contact. 2. Verify independently using the official service/authority. 3. Preserve evidence. 4. Report suspected cyber fraud.,Critical,P1,"English dataset row; retained from the finalized 1,500-record ScamShield dataset.",i trust you completely. i can show you a special crypto investment platform. send ₹10000 and we will grow it together.
S1232,Your Netflix account has been locked. Verify your identity now at https://example.invalid/verify to avoid permanent closure. Act now.,scam,phishing,en,Research-backed synthetic,synthetic_research_backed,"account threat, urgency, suspicious URL, credential harvesting",Do not click the link.,1. Do not open the URL. 2. Visit the service by typing its official address. 3. Change credentials if exposed. 4. Report the message.,High,P1,"English dataset row; retained from the finalized 1,500-record ScamShield dataset.",your netflix account has been locked. verify your identity now at https://example.invalid/verify to avoid permanent closure. act now.
TE-G0033,మీ సబ్‌స్క్రిప్షన్ 15 अक्टूबरన ₹199కి రిన్యూ అవుతుంది.,genuine,subscription,te,Research-backed synthetic multilingual,synthetic_research_backed,సాధారణ సబ్‌స్క్రిప్షన్ సమాచారం,అధికారిక అకౌంట్ సెట్టింగ్స్‌లో వివరాలు చెక్ చేయండి.,1. అధికారిక అకౌంట్ సెట్టింగ్స్‌లో వివరాలు చెక్ చేయండి. 2. అధికారిక ఛానల్ ద్వారా స్వతంత్రంగా వెరిఫై చేయండి. 3. ఆధారాలను సేవ్ చేసి అవసరమైతే రిపోర్ట్ చేయండి.,Low,P4,Telugu synthetic/adapted example; not claimed as verbatim real-world data.,మీ సబ్‌స్క్రిప్షన్ 15 अक्टूबरన ₹199కి రిన్యూ అవుతుంది.
G1295,Your mobile plan has 800 MB remaining and is valid until 5 October.,genuine,telecom_genuine,en,Research-backed synthetic,synthetic_research_backed,normal telecom usage notice,Check usage in the official provider app.,1. Check usage in the official provider app. 2. Verify the message in the official app/portal if needed. 3. Do not share sensitive information unnecessarily.,Low,P4,"English dataset row; retained from the finalized 1,500-record ScamShield dataset.",your mobile plan has 800 mb remaining and is valid until 5 october.
S0830,Send ₹199 now or your private video will be shared with your contacts.,scam,sextortion,en,Research-backed synthetic,synthetic_research_backed,"blackmail, extortion, urgent payment demand",Do not pay or engage further; preserve evidence and report the incident.,1. Do not pay or engage further; preserve evidence and report the incident. 2. Verify independently using the official service/authority. 3. Preserve evidence. 4. Report suspected cyber fraud.,Critical,P1,"English dataset row; retained from the finalized 1,500-record ScamShield dataset.",send ₹199 now or your private video will be shared with your contacts.
G0316,"Hi Aarav, are we still meeting at campus cafeteria around 2:00 PM today? Thank you.",genuine,personal,en,Research-backed synthetic,synthetic_research_backed,ordinary personal communication,Reply through the normal conversation channel.,1. Check your plans. 2. Reply to the sender. 3. Do not take any financial action based only on this message.,Low,P4,"English dataset row; retained from the finalized 1,500-record ScamShield dataset.","hi aarav, are we still meeting at campus cafeteria around 2:00 pm today? thank you."
G0398,Please review the latest MediSync build before the demo tomorrow. — Customer Notification.,genuine,work,en,Research-backed synthetic,synthetic_research_backed,ordinary workplace communication,Review the work through the normal project channel.,1. Open the known project workspace. 2. Review the requested item. 3. Reply with feedback.,Low,P4,"English dataset row; retained from the finalized 1,500-record ScamShield dataset.",please review the latest medisync build before the demo tomorrow. — customer notification.
G0983,The Data Analytics assignment deadline is 2 October. Please submit it through the student portal.,genuine,education,en,Research-backed synthetic,synthetic_research_backed,normal educational announcement,Use the official student portal.,1. Check the assignment details. 2. Prepare the submission. 3. Upload through the official portal before the deadline.,Low,P4,"English dataset row; retained from the finalized 1,500-record ScamShield dataset.",the data analytics assignment deadline is 2 october. please submit it through the student portal.
S0597,Please donate Rs 4999 for an emergency relief campaign. Transfer to this personal UPI ID today.,scam,charity_scam,en,Research-backed synthetic,synthetic_research_backed,"emotional appeal, personal payment destination, urgency",Verify the charity and donation channel independently.,1. Do not transfer to an unverified personal account. 2. Check the organization's official website. 3. Donate through verified channels. 4. Report the message.,Medium,P2,"English dataset row; retained from the finalized 1,500-record ScamShield dataset.",please donate rs 4999 for an emergency relief campaign. transfer to this personal upi id today.
G0020,Your Zomato payment of ₹799 was processed successfully.,genuine,transaction,en,Research-backed synthetic,synthetic_research_backed,normal transaction notification,Verify in the official app.,1. Verify in the official app. 2. Verify the message in the official app/portal if needed. 3. Do not share sensitive information unnecessarily.,Low,P4,"English dataset row; retained from the finalized 1,500-record ScamShield dataset.",your zomato payment of ₹799 was processed successfully.
G0064,Your electricity bill of Rs 4999 is due on 5 October. Please pay through the official utility portal. Please keep this for your records.,genuine,utility_genuine,en,Research-backed synthetic,synthetic_research_backed,normal utility bill reminder,Use the official utility website/app.,1. Verify the bill in the official portal. 2. Check the due date and amount. 3. Pay only through the official channel.,Low,P4,"English dataset row; retained from the finalized 1,500-record ScamShield dataset.",your electricity bill of rs 4999 is due on 5 october. please pay through the official utility portal. please keep this for your records.
HI-S0078,"घर से काम करके रोज़ ₹10,000 कमाएं। नौकरी शुरू करने से पहले ₹199 रजिस्ट्रेशन शुल्क जमा करें।",scam,job_scam,hi,Research-backed synthetic multilingual,synthetic_research_backed,"फर्जी नौकरी, अवास्तविक कमाई, अग्रिम शुल्क",रजिस्ट्रेशन शुल्क न दें और नियोक्ता की स्वतंत्र रूप से जांच करें।,1. रजिस्ट्रेशन शुल्क न दें और नियोक्ता की स्वतंत्र रूप से जांच करें। 2. आधिकारिक चैनल से स्वतंत्र रूप से सत्यापन करें। 3. संदिग्ध होने पर संदेश/नंबर की रिपोर्ट करें।,High,P1,Hindi synthetic/adapted example; not claimed as verbatim real-world data.,"घर से काम करके रोज़ ₹10,000 कमाएं। नौकरी शुरू करने से पहले ₹199 रजिस्ट्रेशन शुल्क जमा करें।"
G0047,याद दिलाया जाता है कि आपकी dentist appointment 20 October को 6:00 PM बजे है। Thank you.,genuine,appointment,en,Research-backed synthetic,synthetic_research_backed,normal appointment reminder,Use the official provider channel for confirmation or changes.,1. समय जांचें। 2. कैलेंडर में सेव करें। 3. बदलाव के लिए आधिकारिक नंबर/पोर्टल इस्तेमाल करें।,Low,P4,"English dataset row; retained from the finalized 1,500-record ScamShield dataset.",याद दिलाया जाता है कि आपकी dentist appointment 20 october को 6:00 pm बजे है। thank you.
HI-S0077,आपके ICICI Bank खाते का KYC/PAN अपडेट नहीं है। आज खाता बंद हो जाएगा। तुरंत http://verify-account.invalid पर जाकर अपडेट करें।,scam,bank_kyc,hi,Research-backed synthetic multilingual,synthetic_research_backed,"बैंक प्रतिरूपण, तात्कालिकता, संदिग्ध लिंक, KYC अनुरोध",लिंक पर क्लिक न करें और बैंक की आधिकारिक ऐप/वेबसाइट से जांच करें।,1. लिंक पर क्लिक न करें और बैंक की आधिकारिक ऐप/वेबसाइट से जांच करें। 2. आधिकारिक चैनल से स्वतंत्र रूप से सत्यापन करें। 3. संदिग्ध होने पर संदेश/नंबर की रिपोर्ट करें।,High,P1,Hindi synthetic/adapted example; not claimed as verbatim real-world data.,आपके icici bank खाते का kyc/pan अपडेट नहीं है। आज खाता बंद हो जाएगा। तुरंत http://verify-account.invalid पर जाकर अपडेट करें।
S0845,Congratulations! You won Rs 249 in a lucky draw. Pay Rs 499 tax/processing charges to claim your prize.,scam,lottery,en,Research-backed synthetic,synthetic_research_backed,"unexpected prize, upfront payment, lottery claim",Do not pay the fee.,1. Do not send money. 2. Do not share financial details. 3. Block the sender. 4. Report the message.,High,P1,"English dataset row; retained from the finalized 1,500-record ScamShield dataset.",congratulations! you won rs 249 in a lucky draw. pay rs 499 tax/processing charges to claim your prize.
S0396,You have been selected for a work-from-home Frontend Developer paying Rs 2499 per day. Pay Rs 1499 as registration before joining. Do not ignore this message.,scam,job_scam,en,Research-backed synthetic,synthetic_research_backed,"unrealistic earnings, upfront fee, unsolicited job",Do not pay the registration fee.,1. Do not pay. 2. Verify the employer independently. 3. Do not share identity/banking documents. 4. Block and report the sender.,High,P1,"English dataset row; retained from the finalized 1,500-record ScamShield dataset.",you have been selected for a work-from-home frontend developer paying rs 2499 per day. pay rs 1499 as registration before joining. do not ignore this message.
HI-S0062,"मैं नया नंबर इस्तेमाल कर रहा हूं। बहुत जरूरी है, मुझे ₹199 अभी ट्रांसफर कर दो। मुझे कॉल मत करना।",scam,impersonation,hi,Research-backed synthetic multilingual,synthetic_research_backed,"व्यक्ति प्रतिरूपण, पैसे की मांग, सत्यापन रोकना",पैसे भेजने से पहले ज्ञात नंबर पर व्यक्ति की पहचान सत्यापित करें।,1. पैसे भेजने से पहले ज्ञात नंबर पर व्यक्ति की पहचान सत्यापित करें। 2. आधिकारिक चैनल से स्वतंत्र रूप से सत्यापन करें। 3. संदिग्ध होने पर संदेश/नंबर की रिपोर्ट करें।,High,P1,Hindi synthetic/adapted example; not claimed as verbatim real-world data.,"मैं नया नंबर इस्तेमाल कर रहा हूं। बहुत जरूरी है, मुझे ₹199 अभी ट्रांसफर कर दो। मुझे कॉल मत करना।"
S0888,We detected an issue with your Instagram account. Call +91 9XXXX XXXXX and provide your card details for verification. Immediate action required.,scam,customer_support,en,Research-backed synthetic,synthetic_research_backed,"fake support, request for financial data, unsolicited contact",Do not provide card or account details.,1. Do not call the supplied number. 2. Use official support channels. 3. Do not share card/OTP details. 4. Block the sender.,Critical,P1,"English dataset row; retained from the finalized 1,500-record ScamShield dataset.",we detected an issue with your instagram account. call +91 9xxxx xxxxx and provide your card details for verification. immediate action required.
G1074,Reminder from KIMS: your career counseling session is booked for 15 October at 6:00 PM. — Customer Notification.,genuine,healthcare,en,Research-backed synthetic,synthetic_research_backed,normal healthcare reminder,Use the clinic's official contact details for changes.,1. Verify the appointment in the clinic system. 2. Add it to your calendar. 3. Contact the clinic through its official number if needed.,Low,P4,"English dataset row; retained from the finalized 1,500-record ScamShield dataset.",reminder from kims: your career counseling session is booked for 15 october at 6:00 pm. — customer notification.
TE-S0013,మీ పార్సెల్ ₹199 కస్టమ్స్/రీ-డెలివరీ ఫీజు కారణంగా ఆగిపోయింది. వెంటనే చెల్లించండి.,scam,delivery_scam,te,Research-backed synthetic multilingual,synthetic_research_backed,"డెలివరీ ఇంపర్సనేషన్, చిన్న ఫీజు, అత్యవసరం",అధికారిక ట్రాకింగ్ ద్వారా మాత్రమే చెక్ చేయండి.,1. అధికారిక ట్రాకింగ్ ద్వారా మాత్రమే చెక్ చేయండి. 2. అధికారిక ఛానల్ ద్వారా స్వతంత్రంగా వెరిఫై చేయండి. 3. ఆధారాలను సేవ్ చేసి అవసరమైతే రిపోర్ట్ చేయండి.,High,P1,Telugu synthetic/adapted example; not claimed as verbatim real-world data.,మీ పార్సెల్ ₹199 కస్టమ్స్/రీ-డెలివరీ ఫీజు కారణంగా ఆగిపోయింది. వెంటనే చెల్లించండి.
S0015,I trust you completely. I can show you a special crypto investment platform. Send ₹499 and we will grow it together.,scam,matrimonial_investment,en,Research-backed synthetic,synthetic_research_backed,"romance grooming, investment pitch, money request",Do not send money to an online romantic contact.,1. Do not send money to an online romantic contact. 2. Verify independently using the official service/authority. 3. Preserve evidence. 4. Report suspected cyber fraud.,Critical,P1,"English dataset row; retained from the finalized 1,500-record ScamShield dataset.",i trust you completely. i can show you a special crypto investment platform. send ₹499 and we will grow it together.
G0723,Reminder from your clinic: your appointment is booked for 30 September at 10:00 AM.,genuine,healthcare,en,Research-backed synthetic,synthetic_research_backed,normal healthcare reminder,Use the clinic's official contact details for changes.,1. Use the clinic's official contact details for changes. 2. Verify the message in the official app/portal if needed. 3. Do not share sensitive information unnecessarily.,Low,P4,"English dataset row; retained from the finalized 1,500-record ScamShield dataset.",reminder from your clinic: your appointment is booked for 30 september at 10:00 am.
S0852,We detected an issue with your Paytm account. Call +91 9XXXX XXXXX and provide your card details for verification. Immediate action required.,scam,customer_support,en,Research-backed synthetic,synthetic_research_backed,"fake support, request for financial data, unsolicited contact",Do not provide card or account details.,1. Do not call the supplied number. 2. Use official support channels. 3. Do not share card/OTP details. 4. Block the sender.,Critical,P1,"English dataset row; retained from the finalized 1,500-record ScamShield dataset.",we detected an issue with your paytm account. call +91 9xxxx xxxxx and provide your card details for verification. immediate action required.
TE-G0072,మీ Software Intern అప్లికేషన్ తదుపరి దశకు ఎంపికైంది. అధికారిక కెరీర్ పోర్టల్‌ను చెక్ చేయండి.,genuine,job_genuine,te,Research-backed synthetic multilingual,synthetic_research_backed,సాధారణ రిక్రూట్‌మెంట్ సమాచారం,కంపెనీ అధికారిక కెరీర్ పోర్టల్ ద్వారా స్టేటస్ చెక్ చేయండి.,1. కంపెనీ అధికారిక కెరీర్ పోర్టల్ ద్వారా స్టేటస్ చెక్ చేయండి. 2. అధికారిక ఛానల్ ద్వారా స్వతంత్రంగా వెరిఫై చేయండి. 3. ఆధారాలను సేవ్ చేసి అవసరమైతే రిపోర్ట్ చేయండి.,Low,P4,Telugu synthetic/adapted example; not claimed as verbatim real-world data.,మీ software intern అప్లికేషన్ తదుపరి దశకు ఎంపికైంది. అధికారిక కెరీర్ పోర్టల్‌ను చెక్ చేయండి.
G0373,Can you bring the notes when you come to campus cafeteria?,genuine,personal,en,Research-backed synthetic,synthetic_research_backed,ordinary personal communication,Reply normally if the request is expected.,1. Confirm the context. 2. Reply normally. 3. Ignore if the sender is unknown.,Low,P4,"English dataset row; retained from the finalized 1,500-record ScamShield dataset.",can you bring the notes when you come to campus cafeteria?
TE-S0092,"మా ట్రేడింగ్ ప్లాట్‌ఫారమ్ రోజూ 10,000% లాభం గ్యారంటీ చేస్తుంది. వెంటనే ₹10,000 డిపాజిట్ చేయండి.",scam,investment_scam,te,Research-backed synthetic multilingual,synthetic_research_backed,"గ్యారంటీడ్ రిటర్న్స్, పెట్టుబడి ఒత్తిడి",డబ్బు పంపకండి; ప్లాట్‌ఫారమ్‌ను స్వతంత్రంగా వెరిఫై చేయండి.,1. డబ్బు పంపకండి; ప్లాట్‌ఫారమ్‌ను స్వతంత్రంగా వెరిఫై చేయండి. 2. అధికారిక ఛానల్ ద్వారా స్వతంత్రంగా వెరిఫై చేయండి. 3. ఆధారాలను సేవ్ చేసి అవసరమైతే రిపోర్ట్ చేయండి.,Critical,P1,Telugu synthetic/adapted example; not claimed as verbatim real-world data.,"మా ట్రేడింగ్ ప్లాట్‌ఫారమ్ రోజూ 10,000% లాభం గ్యారంటీ చేస్తుంది. వెంటనే ₹10,000 డిపాజిట్ చేయండి."
S0902,Your WhatsApp account has been locked. Verify your identity now at https://example.invalid/verify to avoid permanent closure. Do not ignore this message.,scam,phishing,en,Research-backed synthetic,synthetic_research_backed,"account threat, urgency, suspicious URL, credential harvesting",Do not click the link.,1. Do not open the URL. 2. Visit the service by typing its official address. 3. Change credentials if exposed. 4. Report the message.,High,P1,"English dataset row; retained from the finalized 1,500-record ScamShield dataset.",your whatsapp account has been locked. verify your identity now at https://example.invalid/verify to avoid permanent closure. do not ignore this message.
S1000,Please donate Rs 249 for an emergency relief campaign. Transfer to this personal UPI ID today. Immediate action required.,scam,charity_scam,en,Research-backed synthetic,synthetic_research_backed,"emotional appeal, personal payment destination, urgency",Verify the charity and donation channel independently.,1. Do not transfer to an unverified personal account. 2. Check the organization's official website. 3. Donate through verified channels. 4. Report the message.,Medium,P2,"English dataset row; retained from the finalized 1,500-record ScamShield dataset.",please donate rs 249 for an emergency relief campaign. transfer to this personal upi id today. immediate action required.
G0505,Your Flipkart payment of Rs 249 was processed successfully. — Customer Notification.,genuine,transaction,en,Research-backed synthetic,synthetic_research_backed,normal transaction notification,Verify the transaction in the official app or bank statement.,1. Check the transaction in the official app. 2. Confirm the amount and merchant. 3. Keep the receipt if needed.,Low,P4,"English dataset row; retained from the finalized 1,500-record ScamShield dataset.",your flipkart payment of rs 249 was processed successfully. — customer notification.
G1012,Your Delhivery order #401-8246152 has shipped and is expected to arrive on 15 October.,genuine,delivery,en,Research-backed synthetic,synthetic_research_backed,normal delivery update,Track through the official retailer/carrier app if needed.,1. Open the official app if tracking is required. 2. Check the order number. 3. No payment is required unless shown in the official order flow.,Low,P4,"English dataset row; retained from the finalized 1,500-record ScamShield dataset.",your delhivery order #401-8246152 has shipped and is expected to arrive on 15 october.
G0919,The Generative AI assignment deadline is 30 September. Please submit it through the student portal. — Customer Notification.,genuine,education,en,Research-backed synthetic,synthetic_research_backed,normal educational announcement,Use the official student portal.,1. Check the assignment details. 2. Prepare the submission. 3. Upload through the official portal before the deadline.,Low,P4,"English dataset row; retained from the finalized 1,500-record ScamShield dataset.",the generative ai assignment deadline is 30 september. please submit it through the student portal. — customer notification.
HI-S0085,"आपका ₹499 का इंस्टेंट लोन स्वीकृत है। राशि जारी कराने के लिए ₹4,999 प्रोसेसिंग शुल्क दें।",scam,loan_scam,hi,Research-backed synthetic multilingual,synthetic_research_backed,"फर्जी लोन, अग्रिम शुल्क, वित्तीय दबाव",शुल्क न दें और ऋणदाता की आधिकारिक जानकारी जांचें।,1. शुल्क न दें और ऋणदाता की आधिकारिक जानकारी जांचें। 2. आधिकारिक चैनल से स्वतंत्र रूप से सत्यापन करें। 3. संदिग्ध होने पर संदेश/नंबर की रिपोर्ट करें।,High,P1,Hindi synthetic/adapted example; not claimed as verbatim real-world data.,"आपका ₹499 का इंस्टेंट लोन स्वीकृत है। राशि जारी कराने के लिए ₹4,999 प्रोसेसिंग शुल्क दें।"
HI-G0045,आपके खाते के अंतिम चार अंक 1024 वाले बैंक स्टेटमेंट की कॉपी ऑनलाइन बैंकिंग में उपलब्ध है।,genuine,banking_genuine,hi,Research-backed synthetic multilingual,synthetic_research_backed,सामान्य बैंकिंग सूचना,बैंक की आधिकारिक ऐप/वेबसाइट खोलें।,1. बैंक की आधिकारिक ऐप/वेबसाइट खोलें। 2. आधिकारिक चैनल से स्वतंत्र रूप से सत्यापन करें। 3. संदिग्ध होने पर संदेश/नंबर की रिपोर्ट करें।,Low,P4,Hindi synthetic/adapted example; not claimed as verbatim real-world data.,आपके खाते के अंतिम चार अंक 1024 वाले बैंक स्टेटमेंट की कॉपी ऑनलाइन बैंकिंग में उपलब्ध है।
HI-S0006,"आपका आधार अवैध गतिविधि से जुड़ा है। पुलिस जांच चल रही है। कॉल न काटें, वरना डिजिटल अरेस्ट किया जाएगा।",scam,digital_arrest,hi,Research-backed synthetic multilingual,synthetic_research_backed,"कानून-प्रवर्तन प्रतिरूपण, धमकी, डर पैदा करना",कॉल काटें और आधिकारिक नंबर से संबंधित प्राधिकरण से सत्यापन करें।,1. कॉल काटें और आधिकारिक नंबर से संबंधित प्राधिकरण से सत्यापन करें। 2. आधिकारिक चैनल से स्वतंत्र रूप से सत्यापन करें। 3. संदिग्ध होने पर संदेश/नंबर की रिपोर्ट करें।,Critical,P1,Hindi synthetic/adapted example; not claimed as verbatim real-world data.,"आपका आधार अवैध गतिविधि से जुड़ा है। पुलिस जांच चल रही है। कॉल न काटें, वरना डिजिटल अरेस्ट किया जाएगा।"
G0863,Your registration for placement orientation is confirmed. The event begins at 2:00 PM on 30 September. Please keep this for your records.,genuine,event,en,Research-backed synthetic,synthetic_research_backed,normal event confirmation,Check the registration in the official event account/email.,1. Verify registration details. 2. Save the event information. 3. Use the organizer's official contact channel for changes.,Low,P4,"English dataset row; retained from the finalized 1,500-record ScamShield dataset.",your registration for placement orientation is confirmed. the event begins at 2:00 pm on 30 september. please keep this for your records.
TE-G0095,మీ సపోర్ట్ టికెట్ REQ-51942లో అప్డేట్ ఉంది. వివరాల కోసం అధికారిక సపోర్ట్ పోర్టల్‌లో చూడండి.,genuine,support_genuine,te,Research-backed synthetic multilingual,synthetic_research_backed,సాధారణ సపోర్ట్ సమాచారం,తెలిసిన అధికారిక పోర్టల్‌ను నేరుగా ఓపెన్ చేయండి.,1. తెలిసిన అధికారిక పోర్టల్‌ను నేరుగా ఓపెన్ చేయండి. 2. అధికారిక ఛానల్ ద్వారా స్వతంత్రంగా వెరిఫై చేయండి. 3. ఆధారాలను సేవ్ చేసి అవసరమైతే రిపోర్ట్ చేయండి.,Low,P4,Telugu synthetic/adapted example; not claimed as verbatim real-world data.,మీ సపోర్ట్ టికెట్ req-51942లో అప్డేట్ ఉంది. వివరాల కోసం అధికారిక సపోర్ట్ పోర్టల్‌లో చూడండి.
S0718,Your parcel is held because of a Rs 1499 customs/redelivery charge. Pay at http://secure-update.invalid within 2 hours.,scam,delivery,en,Research-backed synthetic,synthetic_research_backed,"delivery impersonation, small fee, urgency, suspicious URL",Do not pay through the provided link.,1. Do not open the link. 2. Check the order on the official retailer/carrier site. 3. Verify any fee there. 4. Report the SMS.,High,P1,"English dataset row; retained from the finalized 1,500-record ScamShield dataset.",your parcel is held because of a rs 1499 customs/redelivery charge. pay at http://secure-update.invalid within 2 hours.
S0635,Please donate Rs 249 for an emergency relief campaign. Transfer to this personal UPI ID today.,scam,charity_scam,en,Research-backed synthetic,synthetic_research_backed,"emotional appeal, personal payment destination, urgency",Verify the charity and donation channel independently.,1. Do not transfer to an unverified personal account. 2. Check the organization's official website. 3. Donate through verified channels. 4. Report the message.,Medium,P2,"English dataset row; retained from the finalized 1,500-record ScamShield dataset.",please donate rs 249 for an emergency relief campaign. transfer to this personal upi id today.
G0304,Can you bring the book when you come to office? Please keep this for your records.,genuine,personal,en,Research-backed synthetic,synthetic_research_backed,ordinary personal communication,Reply normally if the request is expected.,1. Confirm the context. 2. Reply normally. 3. Ignore if the sender is unknown.,Low,P4,"English dataset row; retained from the finalized 1,500-record ScamShield dataset.",can you bring the book when you come to office? please keep this for your records.
TE-G0110,రిమైండర్: మీ అపాయింట్‌మెంట్ 30 सितंबरన 4:30 बजेకి ఉంది.,genuine,appointment,te,Research-backed synthetic multilingual,synthetic_research_backed,సాధారణ అపాయింట్‌మెంట్ రిమైండర్,అధికారిక ప్రొవైడర్ ద్వారా వివరాలను నిర్ధారించండి.,1. అధికారిక ప్రొవైడర్ ద్వారా వివరాలను నిర్ధారించండి. 2. అధికారిక ఛానల్ ద్వారా స్వతంత్రంగా వెరిఫై చేయండి. 3. ఆధారాలను సేవ్ చేసి అవసరమైతే రిపోర్ట్ చేయండి.,Low,P4,Telugu synthetic/adapted example; not claimed as verbatim real-world data.,రిమైండర్: మీ అపాయింట్‌మెంట్ 30 सितंबरన 4:30 बजेకి ఉంది.
S0027,A refund of Rs 199 is waiting for you. Share your card number and OTP so we can process it immediately. Act now.,scam,refund_scam,en,Research-backed synthetic,synthetic_research_backed,"refund pretext, card-data request, OTP request",Do not share card or OTP details.,1. Do not share credentials. 2. Check refunds in the official merchant app. 3. Contact official support. 4. Report the sender.,Critical,P1,"English dataset row; retained from the finalized 1,500-record ScamShield dataset.",a refund of rs 199 is waiting for you. share your card number and otp so we can process it immediately. act now.
TE-G0085,మీ సబ్‌స్క్రిప్షన్ 15 अक्टूबरన ₹499కి రిన్యూ అవుతుంది.,genuine,subscription,te,Research-backed synthetic multilingual,synthetic_research_backed,సాధారణ సబ్‌స్క్రిప్షన్ సమాచారం,అధికారిక అకౌంట్ సెట్టింగ్స్‌లో వివరాలు చెక్ చేయండి.,1. అధికారిక అకౌంట్ సెట్టింగ్స్‌లో వివరాలు చెక్ చేయండి. 2. అధికారిక ఛానల్ ద్వారా స్వతంత్రంగా వెరిఫై చేయండి. 3. ఆధారాలను సేవ్ చేసి అవసరమైతే రిపోర్ట్ చేయండి.,Low,P4,Telugu synthetic/adapted example; not claimed as verbatim real-world data.,మీ సబ్‌స్క్రిప్షన్ 15 अक्टूबरన ₹499కి రిన్యూ అవుతుంది.
G1158,Your application for the Java Backend Developer position has moved to the next stage. Please check the company careers portal. Please keep this for your records.,genuine,job_genuine,en,Research-backed synthetic,synthetic_research_backed,normal recruitment communication,Access the known company careers portal directly.,1. Open the company website manually. 2. Check application status. 3. Follow the official recruitment process.,Low,P4,"English dataset row; retained from the finalized 1,500-record ScamShield dataset.",your application for the java backend developer position has moved to the next stage. please check the company careers portal. please keep this for your records.
TE-G0121,మీ ట్రావెల్ బుకింగ్ R2N6VT 2 अक्टूबरకి కన్ఫర్మ్ అయింది.,genuine,travel,te,Research-backed synthetic multilingual,synthetic_research_backed,సాధారణ ట్రావెల్ కన్ఫర్మేషన్,అధికారిక ట్రావెల్ యాప్‌లో చెక్ చేయండి.,1. అధికారిక ట్రావెల్ యాప్‌లో చెక్ చేయండి. 2. అధికారిక ఛానల్ ద్వారా స్వతంత్రంగా వెరిఫై చేయండి. 3. ఆధారాలను సేవ్ చేసి అవసరమైతే రిపోర్ట్ చేయండి.,Low,P4,Telugu synthetic/adapted example; not claimed as verbatim real-world data.,మీ ట్రావెల్ బుకింగ్ r2n6vt 2 अक्टूबरకి కన్ఫర్మ్ అయింది.
S0701,Our AI trading group guarantees 30% daily profit. Deposit Rs 4999 today to activate your account. Immediate action required.,scam,investment_scam,en,Research-backed synthetic,synthetic_research_backed,"guaranteed returns, investment pressure, deposit request",Do not transfer money based on the message.,1. Do not deposit funds. 2. Verify the company independently. 3. Check regulatory status where applicable. 4. Report the solicitation.,Critical,P1,"English dataset row; retained from the finalized 1,500-record ScamShield dataset.",our ai trading group guarantees 30% daily profit. deposit rs 4999 today to activate your account. immediate action required.
S0205,"To receive your refund of Rs 499, scan this QR and enter your UPI PIN. Act now.",scam,upi_qr,en,Research-backed synthetic,synthetic_research_backed,"QR-for-receiving-money, UPI PIN request, refund pretext",Do not scan the QR or enter the UPI PIN.,1. Do not scan the QR. 2. Never enter a UPI PIN to receive money. 3. Verify the refund in the official app. 4. Report the sender.,Critical,P1,"English dataset row; retained from the finalized 1,500-record ScamShield dataset.","to receive your refund of rs 499, scan this qr and enter your upi pin. act now."
G1194,Your support ticket REQ-51942 has been updated. Please sign in to the official support portal to view the response. — Customer Notification.,genuine,support_genuine,en,Research-backed synthetic,synthetic_research_backed,normal support-ticket notification,Open the known support portal directly.,1. Open the official support portal manually. 2. Search for the ticket number. 3. Review the response there.,Low,P4,"English dataset row; retained from the finalized 1,500-record ScamShield dataset.",your support ticket req-51942 has been updated. please sign in to the official support portal to view the response. — customer notification.
S0341,You have been selected for a work-from-home Frontend Developer paying Rs 799 per day. Pay Rs 499 as registration before joining. Immediate action required.,scam,job_scam,en,Research-backed synthetic,synthetic_research_backed,"unrealistic earnings, upfront fee, unsolicited job",Do not pay the registration fee.,1. Do not pay. 2. Verify the employer independently. 3. Do not share identity/banking documents. 4. Block and report the sender.,High,P1,"English dataset row; retained from the finalized 1,500-record ScamShield dataset.",you have been selected for a work-from-home frontend developer paying rs 799 per day. pay rs 499 as registration before joining. immediate action required.
S0432,Urgent: your Axis Bank account will be blocked today because PAN/KYC is incomplete. Click http://account-check.invalid to update now.,scam,bank_kyc,en,Research-backed synthetic,synthetic_research_backed,"bank impersonation, urgency, suspicious URL, KYC request",Do not click the link or share banking credentials.,1. Do not click the link. 2. Open the bank's official app/site manually. 3. Verify KYC status. 4. Report the message if fraudulent.,High,P1,"English dataset row; retained from the finalized 1,500-record ScamShield dataset.",urgent: your axis bank account will be blocked today because pan/kyc is incomplete. click http://account-check.invalid to update now.
G0116,Your bank statement for account ending 2481 is now available in online banking. Please keep this for your records.,genuine,banking_genuine,en,Research-backed synthetic,synthetic_research_backed,normal banking notification,Open the bank's official app or website.,1. Sign in through the official app/site. 2. Review the statement. 3. Never use links from unexpected messages to sign in.,Low,P4,"English dataset row; retained from the finalized 1,500-record ScamShield dataset.",your bank statement for account ending 2481 is now available in online banking. please keep this for your records.
S0175,Your Instagram account has been locked. Verify your identity now at http://account-check.invalid to avoid permanent closure. Act now.,scam,phishing,en,Research-backed synthetic,synthetic_research_backed,"account threat, urgency, suspicious URL, credential harvesting",Do not click the link.,1. Do not open the URL. 2. Visit the service by typing its official address. 3. Change credentials if exposed. 4. Report the message.,High,P1,"English dataset row; retained from the finalized 1,500-record ScamShield dataset.",your instagram account has been locked. verify your identity now at http://account-check.invalid to avoid permanent closure. act now.
G0707,The department seminar on Cloud Computing will be held on 20 October in sample-venue.,genuine,college_announcement,en,Research-backed synthetic,synthetic_research_backed,normal institutional announcement,Check the official college communication channel for details.,1. Verify the announcement in the official portal/email. 2. Note the venue and time. 3. Attend if relevant.,Low,P4,"English dataset row; retained from the finalized 1,500-record ScamShield dataset.",the department seminar on cloud computing will be held on 20 october in sample-venue.
G1152,Your registration for AI workshop is confirmed. The event begins at 2:00 PM on 10 October. Thank you.,genuine,event,en,Research-backed synthetic,synthetic_research_backed,normal event confirmation,Check the registration in the official event account/email.,1. Verify registration details. 2. Save the event information. 3. Use the organizer's official contact channel for changes.,Low,P4,"English dataset row; retained from the finalized 1,500-record ScamShield dataset.",your registration for ai workshop is confirmed. the event begins at 2:00 pm on 10 october. thank you.
G1453,Your registration for placement orientation is confirmed. The event begins at 2:00 PM on 5 October. Thank you.,genuine,event,en,Research-backed synthetic,synthetic_research_backed,normal event confirmation,Check the registration in the official event account/email.,1. Verify registration details. 2. Save the event information. 3. Use the organizer's official contact channel for changes.,Low,P4,"English dataset row; retained from the finalized 1,500-record ScamShield dataset.",your registration for placement orientation is confirmed. the event begins at 2:00 pm on 5 october. thank you.
S0571,Rent your WhatsApp account to earn ₹10000 per week. Send the verification code to activate the rental.,scam,whatsapp_web_renting,en,Research-backed synthetic,synthetic_research_backed,"account renting, OTP request, financial incentive",Do not share the verification code or account access.,1. Do not share the verification code or account access. 2. Verify independently using the official service/authority. 3. Preserve evidence. 4. Report suspected cyber fraud.,Critical,P1,"English dataset row; retained from the finalized 1,500-record ScamShield dataset.",rent your whatsapp account to earn ₹10000 per week. send the verification code to activate the rental.
S0053,Please donate Rs 2499 for an emergency relief campaign. Transfer to this personal UPI ID today. Act now.,scam,charity_scam,en,Research-backed synthetic,synthetic_research_backed,"emotional appeal, personal payment destination, urgency",Verify the charity and donation channel independently.,1. Do not transfer to an unverified personal account. 2. Check the organization's official website. 3. Donate through verified channels. 4. Report the message.,Medium,P2,"English dataset row; retained from the finalized 1,500-record ScamShield dataset.",please donate rs 2499 for an emergency relief campaign. transfer to this personal upi id today. act now.
G1032,Your service request SS-10482 has been completed. Please review the update in the official portal. Please keep this for your records.,genuine,service_update,en,Research-backed synthetic,synthetic_research_backed,normal service update,Review the request through the official portal.,1. Open the official portal directly. 2. Check the request status. 3. Contact official support if the result is incorrect.,Low,P4,"English dataset row; retained from the finalized 1,500-record ScamShield dataset.",your service request ss-10482 has been completed. please review the update in the official portal. please keep this for your records.
G0856,Your application has moved to the next stage. Please check the company's official careers portal.,genuine,job_genuine,en,Research-backed synthetic,synthetic_research_backed,normal recruitment communication,Access the known company careers portal directly.,1. Access the known company careers portal directly. 2. Verify the message in the official app/portal if needed. 3. Do not share sensitive information unnecessarily.,Low,P4,"English dataset row; retained from the finalized 1,500-record ScamShield dataset.",your application has moved to the next stage. please check the company's official careers portal.
G0715,The department has published the timetable for the semester examination.,genuine,education,en,Research-backed synthetic,synthetic_research_backed,normal educational announcement,Check the official college/university portal.,1. Open the official portal. 2. Confirm the timetable. 3. Note the exam date and time.,Low,P4,"English dataset row; retained from the finalized 1,500-record ScamShield dataset.",the department has published the timetable for the semester examination.
G0093,Your verification code for Google is Q-183640. Do not share it with anyone. Please keep this for your records.,genuine,otp,en,Research-backed synthetic,synthetic_research_backed,legitimate verification-code notice,Use the code only in the login/verification flow you initiated.,"1. Use the code only on the official service. 2. Never forward the code. 3. If you did not request it, ignore it and review account security.",Low,P4,"English dataset row; retained from the finalized 1,500-record ScamShield dataset.",your verification code for google is q-183640. do not share it with anyone. please keep this for your records.
HI-S0102,"आपका ₹999 का इंस्टेंट लोन स्वीकृत है। राशि जारी कराने के लिए ₹4,999 प्रोसेसिंग शुल्क दें।",scam,loan_scam,hi,Research-backed synthetic multilingual,synthetic_research_backed,"फर्जी लोन, अग्रिम शुल्क, वित्तीय दबाव",शुल्क न दें और ऋणदाता की आधिकारिक जानकारी जांचें।,1. शुल्क न दें और ऋणदाता की आधिकारिक जानकारी जांचें। 2. आधिकारिक चैनल से स्वतंत्र रूप से सत्यापन करें। 3. संदिग्ध होने पर संदेश/नंबर की रिपोर्ट करें।,High,P1,Hindi synthetic/adapted example; not claimed as verbatim real-world data.,"आपका ₹999 का इंस्टेंट लोन स्वीकृत है। राशि जारी कराने के लिए ₹4,999 प्रोसेसिंग शुल्क दें।"
G0367,Your Delhivery order #401-8246152 has shipped and is expected to arrive on 2 October. Thank you.,genuine,delivery,en,Research-backed synthetic,synthetic_research_backed,normal delivery update,Track through the official retailer/carrier app if needed.,1. Open the official app if tracking is required. 2. Check the order number. 3. No payment is required unless shown in the official order flow.,Low,P4,"English dataset row; retained from the finalized 1,500-record ScamShield dataset.",your delhivery order #401-8246152 has shipped and is expected to arrive on 2 october. thank you.
S0559,Urgent: your ICICI Bank account will be blocked today because PAN/KYC is incomplete. Click http://account-check.invalid to update now.,scam,bank_kyc,en,Research-backed synthetic,synthetic_research_backed,"bank impersonation, urgency, suspicious URL, KYC request",Do not click the link or share banking credentials.,1. Do not click the link. 2. Open the bank's official app/site manually. 3. Verify KYC status. 4. Report the message if fraudulent.,High,P1,"English dataset row; retained from the finalized 1,500-record ScamShield dataset.",urgent: your icici bank account will be blocked today because pan/kyc is incomplete. click http://account-check.invalid to update now.
HI-G0080,आपका Instagram सत्यापन कोड Q-183640 है। इसे किसी के साथ साझा न करें।,genuine,otp,hi,Research-backed synthetic multilingual,synthetic_research_backed,वैध OTP सूचना,केवल आपके द्वारा शुरू किए गए सत्यापन में कोड का उपयोग करें।,1. केवल आपके द्वारा शुरू किए गए सत्यापन में कोड का उपयोग करें। 2. आधिकारिक चैनल से स्वतंत्र रूप से सत्यापन करें। 3. संदिग्ध होने पर संदेश/नंबर की रिपोर्ट करें।,Low,P4,Hindi synthetic/adapted example; not claimed as verbatim real-world data.,आपका instagram सत्यापन कोड q-183640 है। इसे किसी के साथ साझा न करें।
HI-S0068,"CAPTCHA भरकर रोज़ ₹5,000 कमाएं। अकाउंट सक्रिय करने के लिए ₹999 शुल्क दें।",scam,fake_captcha_job,hi,Research-backed synthetic multilingual,synthetic_research_backed,"फर्जी CAPTCHA नौकरी, अग्रिम शुल्क, अवास्तविक कमाई",शुल्क न दें और नौकरी की स्वतंत्र जांच करें।,1. शुल्क न दें और नौकरी की स्वतंत्र जांच करें। 2. आधिकारिक चैनल से स्वतंत्र रूप से सत्यापन करें। 3. संदिग्ध होने पर संदेश/नंबर की रिपोर्ट करें।,High,P1,Hindi synthetic/adapted example; not claimed as verbatim real-world data.,"captcha भरकर रोज़ ₹5,000 कमाएं। अकाउंट सक्रिय करने के लिए ₹999 शुल्क दें।"
S0935,Your bank account will be blocked today. Share your OTP immediately.,scam,bank_kyc,en,User-provided reference file,user_reference,"OTP, urgency, bank impersonation",Do not share OTP,Verify through an official channel; follow the expected action above.,High,P1,"English dataset row; retained from the finalized 1,500-record ScamShield dataset.",your bank account will be blocked today. share your otp immediately.
S0672,A refund of Rs 1299 is waiting for you. Share your card number and OTP so we can process it immediately. Immediate action required.,scam,refund_scam,en,Research-backed synthetic,synthetic_research_backed,"refund pretext, card-data request, OTP request",Do not share card or OTP details.,1. Do not share credentials. 2. Check refunds in the official merchant app. 3. Contact official support. 4. Report the sender.,Critical,P1,"English dataset row; retained from the finalized 1,500-record ScamShield dataset.",a refund of rs 1299 is waiting for you. share your card number and otp so we can process it immediately. immediate action required.
S1109,You have been selected for a work-from-home ML Intern paying Rs 1299 per day. Pay Rs 499 as registration before joining. Immediate action required.,scam,job_scam,en,Research-backed synthetic,synthetic_research_backed,"unrealistic earnings, upfront fee, unsolicited job",Do not pay the registration fee.,1. Do not pay. 2. Verify the employer independently. 3. Do not share identity/banking documents. 4. Block and report the sender.,High,P1,"English dataset row; retained from the finalized 1,500-record ScamShield dataset.",you have been selected for a work-from-home ml intern paying rs 1299 per day. pay rs 499 as registration before joining. immediate action required.
G0314,Your electricity bill of Rs 1299 is due on 10 October. Please pay through the official utility portal. — Customer Notification.,genuine,utility_genuine,en,Research-backed synthetic,synthetic_research_backed,normal utility bill reminder,Use the official utility website/app.,1. Verify the bill in the official portal. 2. Check the due date and amount. 3. Pay only through the official channel.,Low,P4,"English dataset row; retained from the finalized 1,500-record ScamShield dataset.",your electricity bill of rs 1299 is due on 10 october. please pay through the official utility portal. — customer notification.
G0313,The Live Call Guardian API test report is ready for review.,genuine,work,en,Research-backed synthetic,synthetic_research_backed,ordinary workplace communication,Open the report from the known work repository.,1. Verify the project context. 2. Review the report. 3. Share findings through the normal team channel.,Low,P4,"English dataset row; retained from the finalized 1,500-record ScamShield dataset.",the live call guardian api test report is ready for review.
HI-S0039,"घर से काम करके रोज़ ₹2,499 कमाएं। नौकरी शुरू करने से पहले ₹499 रजिस्ट्रेशन शुल्क जमा करें।",scam,job_scam,hi,Research-backed synthetic multilingual,synthetic_research_backed,"फर्जी नौकरी, अवास्तविक कमाई, अग्रिम शुल्क",रजिस्ट्रेशन शुल्क न दें और नियोक्ता की स्वतंत्र रूप से जांच करें।,1. रजिस्ट्रेशन शुल्क न दें और नियोक्ता की स्वतंत्र रूप से जांच करें। 2. आधिकारिक चैनल से स्वतंत्र रूप से सत्यापन करें। 3. संदिग्ध होने पर संदेश/नंबर की रिपोर्ट करें।,High,P1,Hindi synthetic/adapted example; not claimed as verbatim real-world data.,"घर से काम करके रोज़ ₹2,499 कमाएं। नौकरी शुरू करने से पहले ₹499 रजिस्ट्रेशन शुल्क जमा करें।"
S0643,Urgent: your Axis Bank account will be blocked today because PAN/KYC is incomplete. Click http://secure-update.invalid to update now. Do not ignore this message.,scam,bank_kyc,en,Research-backed synthetic,synthetic_research_backed,"bank impersonation, urgency, suspicious URL, KYC request",Do not click the link or share banking credentials.,1. Do not click the link. 2. Open the bank's official app/site manually. 3. Verify KYC status. 4. Report the message if fraudulent.,High,P1,"English dataset row; retained from the finalized 1,500-record ScamShield dataset.",urgent: your axis bank account will be blocked today because pan/kyc is incomplete. click http://secure-update.invalid to update now. do not ignore this message.
G0358,Delivery update: Amazon Logistics will attempt delivery of order #402-1937460 today.,genuine,delivery,en,Research-backed synthetic,synthetic_research_backed,normal delivery update,Use the official tracking page or app.,1. Check official tracking. 2. Keep the delivery address accessible. 3. Contact the retailer through official support if there is a problem.,Low,P4,"English dataset row; retained from the finalized 1,500-record ScamShield dataset.",delivery update: amazon logistics will attempt delivery of order #402-1937460 today.
G0613,Your BookMyShow payment of Rs 799 was processed successfully. — Customer Notification.,genuine,transaction,en,Research-backed synthetic,synthetic_research_backed,normal transaction notification,Verify the transaction in the official app or bank statement.,1. Check the transaction in the official app. 2. Confirm the amount and merchant. 3. Keep the receipt if needed.,Low,P4,"English dataset row; retained from the finalized 1,500-record ScamShield dataset.",your bookmyshow payment of rs 799 was processed successfully. — customer notification.
G0457,Interview reminder: your Data Analyst interview is scheduled for 20 October at 9:30 AM. — Customer Notification.,genuine,job_genuine,en,Research-backed synthetic,synthetic_research_backed,normal recruitment communication,Verify the interview through the official recruitment channel.,1. Check the original application. 2. Confirm the interview details. 3. Join through the verified meeting link.,Low,P4,"English dataset row; retained from the finalized 1,500-record ScamShield dataset.",interview reminder: your data analyst interview is scheduled for 20 october at 9:30 am. — customer notification.
G1006,The Machine Learning assignment deadline is 15 October. Please submit it through the student portal. Thank you.,genuine,education,en,Research-backed synthetic,synthetic_research_backed,normal educational announcement,Use the official student portal.,1. Check the assignment details. 2. Prepare the submission. 3. Upload through the official portal before the deadline.,Low,P4,"English dataset row; retained from the finalized 1,500-record ScamShield dataset.",the machine learning assignment deadline is 15 october. please submit it through the student portal. thank you.
TE-G0125,మీ ట్రావెల్ బుకింగ్ R2N6VT 5 अक्टूबरకి కన్ఫర్మ్ అయింది.,genuine,travel,te,Research-backed synthetic multilingual,synthetic_research_backed,సాధారణ ట్రావెల్ కన్ఫర్మేషన్,అధికారిక ట్రావెల్ యాప్‌లో చెక్ చేయండి.,1. అధికారిక ట్రావెల్ యాప్‌లో చెక్ చేయండి. 2. అధికారిక ఛానల్ ద్వారా స్వతంత్రంగా వెరిఫై చేయండి. 3. ఆధారాలను సేవ్ చేసి అవసరమైతే రిపోర్ట్ చేయండి.,Low,P4,Telugu synthetic/adapted example; not claimed as verbatim real-world data.,మీ ట్రావెల్ బుకింగ్ r2n6vt 5 अक्टूबरకి కన్ఫర్మ్ అయింది.
G1423,Your Amazon payment of Rs 499 was processed successfully. — Customer Notification.,genuine,transaction,en,Research-backed synthetic,synthetic_research_backed,normal transaction notification,Verify the transaction in the official app or bank statement.,1. Check the transaction in the official app. 2. Confirm the amount and merchant. 3. Keep the receipt if needed.,Low,P4,"English dataset row; retained from the finalized 1,500-record ScamShield dataset.",your amazon payment of rs 499 was processed successfully. — customer notification.
G0263,Your IndiGo booking AI7K2P is confirmed for 2 October.,genuine,travel,en,Research-backed synthetic,synthetic_research_backed,normal travel confirmation,Check the booking in the official airline/travel app.,1. Open the official travel account. 2. Verify the booking reference. 3. Check schedule changes through the official channel.,Low,P4,"English dataset row; retained from the finalized 1,500-record ScamShield dataset.",your indigo booking ai7k2p is confirmed for 2 october.
TE-S0012,మీ Kotak Bank బ్యాంక్ ఖాతా KYC/PAN అప్డేట్ కాలేదు. ఈరోజే ఖాతా బ్లాక్ అవుతుంది. వెంటనే http://secure-update.invalid ఓపెన్ చేసి అప్డేట్ చేయండి.,scam,bank_kyc,te,Research-backed synthetic multilingual,synthetic_research_backed,"బ్యాంక్ ఇంపర్సనేషన్, అత్యవసరం, అనుమానాస్పద లింక్",లింక్ క్లిక్ చేయకండి; అధికారిక బ్యాంక్ యాప్ ద్వారా చెక్ చేయండి.,1. లింక్ క్లిక్ చేయకండి; అధికారిక బ్యాంక్ యాప్ ద్వారా చెక్ చేయండి. 2. అధికారిక ఛానల్ ద్వారా స్వతంత్రంగా వెరిఫై చేయండి. 3. ఆధారాలను సేవ్ చేసి అవసరమైతే రిపోర్ట్ చేయండి.,High,P1,Telugu synthetic/adapted example; not claimed as verbatim real-world data.,మీ kotak bank బ్యాంక్ ఖాతా kyc/pan అప్డేట్ కాలేదు. ఈరోజే ఖాతా బ్లాక్ అవుతుంది. వెంటనే http://secure-update.invalid ఓపెన్ చేసి అప్డేట్ చేయండి.
TE-G0096,రిమైండర్: మీ అపాయింట్‌మెంట్ 30 सितंबरన 6:00 बजेకి ఉంది.,genuine,appointment,te,Research-backed synthetic multilingual,synthetic_research_backed,సాధారణ అపాయింట్‌మెంట్ రిమైండర్,అధికారిక ప్రొవైడర్ ద్వారా వివరాలను నిర్ధారించండి.,1. అధికారిక ప్రొవైడర్ ద్వారా వివరాలను నిర్ధారించండి. 2. అధికారిక ఛానల్ ద్వారా స్వతంత్రంగా వెరిఫై చేయండి. 3. ఆధారాలను సేవ్ చేసి అవసరమైతే రిపోర్ట్ చేయండి.,Low,P4,Telugu synthetic/adapted example; not claimed as verbatim real-world data.,రిమైండర్: మీ అపాయింట్‌మెంట్ 30 सितंबरన 6:00 बजेకి ఉంది.
HI-S0027,"अभी ₹999 भेजें, वरना आपका निजी वीडियो आपके संपर्कों को भेज दिया जाएगा।",scam,sextortion,hi,Research-backed synthetic multilingual,synthetic_research_backed,"ब्लैकमेल, धमकी, जबरन भुगतान","पैसे न दें, सबूत सुरक्षित रखें और घटना की रिपोर्ट करें।","1. पैसे न दें, सबूत सुरक्षित रखें और घटना की रिपोर्ट करें। 2. आधिकारिक चैनल से स्वतंत्र रूप से सत्यापन करें। 3. संदिग्ध होने पर संदेश/नंबर की रिपोर्ट करें।",Critical,P1,Hindi synthetic/adapted example; not claimed as verbatim real-world data.,"अभी ₹999 भेजें, वरना आपका निजी वीडियो आपके संपर्कों को भेज दिया जाएगा।"
S1235,Our crypto trading bot guarantees 50% profit every day. Deposit ₹10000 now to join.,scam,crypto_investment,en,Research-backed synthetic,synthetic_research_backed,"guaranteed returns, crypto solicitation, deposit request",Do not transfer money based on guaranteed-profit claims.,1. Do not transfer money based on guaranteed-profit claims. 2. Verify independently using the official service/authority. 3. Preserve evidence. 4. Report suspected cyber fraud.,Critical,P1,"English dataset row; retained from the finalized 1,500-record ScamShield dataset.",our crypto trading bot guarantees 50% profit every day. deposit ₹10000 now to join.
G0104,आपके Spotify भुगतान का ₹199 का लेनदेन सफल रहा। — Customer Notification.,genuine,transaction,en,Research-backed synthetic,synthetic_research_backed,normal transaction notification,Verify the transaction through the official app.,1. आधिकारिक ऐप खोलें। 2. लेनदेन की राशि जांचें। 3. अनजान लेनदेन हो तो बैंक से संपर्क करें।,Low,P4,"English dataset row; retained from the finalized 1,500-record ScamShield dataset.",आपके spotify भुगतान का ₹199 का लेनदेन सफल रहा। — customer notification.
S0321,Urgent: your HDFC Bank account will be blocked today because PAN/KYC is incomplete. Click http://secure-update.invalid to update now. Do not ignore this message.,scam,bank_kyc,en,Research-backed synthetic,synthetic_research_backed,"bank impersonation, urgency, suspicious URL, KYC request",Do not click the link or share banking credentials.,1. Do not click the link. 2. Open the bank's official app/site manually. 3. Verify KYC status. 4. Report the message if fraudulent.,High,P1,"English dataset row; retained from the finalized 1,500-record ScamShield dataset.",urgent: your hdfc bank account will be blocked today because pan/kyc is incomplete. click http://secure-update.invalid to update now. do not ignore this message.
G1241,Please review the latest MediSync build before the stand-up tomorrow. Please keep this for your records.,genuine,work,en,Research-backed synthetic,synthetic_research_backed,ordinary workplace communication,Review the work through the normal project channel.,1. Open the known project workspace. 2. Review the requested item. 3. Reply with feedback.,Low,P4,"English dataset row; retained from the finalized 1,500-record ScamShield dataset.",please review the latest medisync build before the stand-up tomorrow. please keep this for your records.
S1312,I need urgent financial help for a family emergency. Please send Rs 1299 today and I will return it next week. Do not ignore this message.,scam,romance_scam,en,Research-backed synthetic,synthetic_research_backed,"emotional pressure, urgent money request, unverifiable emergency",Verify the person's identity and situation independently before sending money.,1. Do not transfer money immediately. 2. Verify identity using another channel. 3. Discuss with someone you trust. 4. Report if fraudulent.,High,P2,"English dataset row; retained from the finalized 1,500-record ScamShield dataset.",i need urgent financial help for a family emergency. please send rs 1299 today and i will return it next week. do not ignore this message.
S0229,"Hi, I lost my phone and need you to urgently transfer Rs 499 to this new account. Please don't call. Act now.",scam,impersonation,en,Research-backed synthetic,synthetic_research_backed,"impersonation, money request, urgency, discouraging verification",Verify the person's identity through an independent channel before any payment.,1. Do not transfer money. 2. Call the person using a known number. 3. Confirm the request independently. 4. Report if fraudulent.,High,P1,"English dataset row; retained from the finalized 1,500-record ScamShield dataset.","hi, i lost my phone and need you to urgently transfer rs 499 to this new account. please don't call. act now."
G0969,Your bank statement for account ending 8842 is now available in online banking.,genuine,banking_genuine,en,Research-backed synthetic,synthetic_research_backed,normal banking notification,Open the bank's official app or website directly.,1. Open the bank's official app or website directly. 2. Verify the message in the official app/portal if needed. 3. Do not share sensitive information unnecessarily.,Low,P4,"English dataset row; retained from the finalized 1,500-record ScamShield dataset.",your bank statement for account ending 8842 is now available in online banking.
S1105,Your overseas online job placement is approved. Pay ₹4999 for processing and travel documents before deployment.,scam,cyber_slavery,en,Research-backed synthetic,synthetic_research_backed,"fake overseas job, upfront payment, recruitment deception",Do not pay before independently verifying the recruiter.,1. Do not pay before independently verifying the recruiter. 2. Verify independently using the official service/authority. 3. Preserve evidence. 4. Report suspected cyber fraud.,High,P1,"English dataset row; retained from the finalized 1,500-record ScamShield dataset.",your overseas online job placement is approved. pay ₹4999 for processing and travel documents before deployment.
HI-G0055,"आपके Netflix का ₹2,499 भुगतान सफलतापूर्वक प्रोसेस हो गया है।",genuine,transaction,hi,Research-backed synthetic multilingual,synthetic_research_backed,सामान्य लेनदेन सूचना,आधिकारिक ऐप में लेनदेन सत्यापित करें।,1. आधिकारिक ऐप में लेनदेन सत्यापित करें। 2. आधिकारिक चैनल से स्वतंत्र रूप से सत्यापन करें। 3. संदिग्ध होने पर संदेश/नंबर की रिपोर्ट करें।,Low,P4,Hindi synthetic/adapted example; not claimed as verbatim real-world data.,"आपके netflix का ₹2,499 भुगतान सफलतापूर्वक प्रोसेस हो गया है।"
TE-S0027,CAPTCHAలు పూర్తి చేసి రోజుకు ₹999 సంపాదించండి. అకౌంట్ యాక్టివేట్ చేయడానికి ₹199 ఫీజు చెల్లించండి.,scam,fake_captcha_job,te,Research-backed synthetic multilingual,synthetic_research_backed,"ఫేక్ CAPTCHA ఉద్యోగం, ముందస్తు ఫీజు",ఫీజు చెల్లించకండి; ఉద్యోగాన్ని వెరిఫై చేయండి.,1. ఫీజు చెల్లించకండి; ఉద్యోగాన్ని వెరిఫై చేయండి. 2. అధికారిక ఛానల్ ద్వారా స్వతంత్రంగా వెరిఫై చేయండి. 3. ఆధారాలను సేవ్ చేసి అవసరమైతే రిపోర్ట్ చేయండి.,High,P1,Telugu synthetic/adapted example; not claimed as verbatim real-world data.,captchaలు పూర్తి చేసి రోజుకు ₹999 సంపాదించండి. అకౌంట్ యాక్టివేట్ చేయడానికి ₹199 ఫీజు చెల్లించండి.
G0337,Your Google subscription renews on 20 October for Rs 199. Thank you.,genuine,subscription,en,Research-backed synthetic,synthetic_research_backed,normal subscription notice,Review the subscription in the official account settings.,1. Check the subscription details. 2. Confirm the renewal amount. 3. Cancel only through the official account if desired.,Low,P4,"English dataset row; retained from the finalized 1,500-record ScamShield dataset.",your google subscription renews on 20 october for rs 199. thank you.
S0397,Your instant loan is approved. Install this APK and pay ₹4999 to unlock the disbursement.,scam,fake_loan_app,en,Research-backed synthetic,synthetic_research_backed,"fake loan app, APK, advance fee",Do not install the app or pay the fee.,1. Do not install the app or pay the fee. 2. Verify independently using the official service/authority. 3. Preserve evidence. 4. Report suspected cyber fraud.,Critical,P1,"English dataset row; retained from the finalized 1,500-record ScamShield dataset.",your instant loan is approved. install this apk and pay ₹4999 to unlock the disbursement.
S1298,Your refund of ₹25000 is pending. Share your card details and OTP so our agent can release it now.,scam,fake_refund,en,Research-backed synthetic,synthetic_research_backed,"refund pretext, card details, OTP",Do not share card details or OTP.,1. Do not share card details or OTP. 2. Verify independently using the official service/authority. 3. Preserve evidence. 4. Report suspected cyber fraud.,Critical,P1,"English dataset row; retained from the finalized 1,500-record ScamShield dataset.",your refund of ₹25000 is pending. share your card details and otp so our agent can release it now.
TE-G0114,మీ క్లినిక్ అపాయింట్‌మెంట్ 5 अक्टूबरన 9:30 बजेకి షెడ్యూల్ చేయబడింది.,genuine,healthcare,te,Research-backed synthetic multilingual,synthetic_research_backed,సాధారణ ఆరోగ్య రిమైండర్,అధికారిక క్లినిక్ ఛానల్ ద్వారా నిర్ధారించండి.,1. అధికారిక క్లినిక్ ఛానల్ ద్వారా నిర్ధారించండి. 2. అధికారిక ఛానల్ ద్వారా స్వతంత్రంగా వెరిఫై చేయండి. 3. ఆధారాలను సేవ్ చేసి అవసరమైతే రిపోర్ట్ చేయండి.,Low,P4,Telugu synthetic/adapted example; not claimed as verbatim real-world data.,మీ క్లినిక్ అపాయింట్‌మెంట్ 5 अक्टूबरన 9:30 बजेకి షెడ్యూల్ చేయబడింది.
G0289,Interview reminder: your Data Analyst interview is scheduled for 5 October at 6:00 PM.,genuine,job_genuine,en,Research-backed synthetic,synthetic_research_backed,normal recruitment communication,Verify the interview through the official recruitment channel.,1. Check the original application. 2. Confirm the interview details. 3. Join through the verified meeting link.,Low,P4,"English dataset row; retained from the finalized 1,500-record ScamShield dataset.",interview reminder: your data analyst interview is scheduled for 5 october at 6:00 pm.
G0277,Instagram verification code Q-183640 है। इसे किसी के साथ साझा न करें। Thank you.,genuine,otp,en,Research-backed synthetic,synthetic_research_backed,legitimate verification-code notice,Use only for the verification you initiated.,1. कोड केवल आधिकारिक स्क्रीन पर दर्ज करें। 2. किसी को न बताएं। 3. अनचाहा कोड हो तो पासवर्ड/सुरक्षा जांचें।,Low,P4,"English dataset row; retained from the finalized 1,500-record ScamShield dataset.",instagram verification code q-183640 है। इसे किसी के साथ साझा न करें। thank you.
S0854,Congratulations! You won Rs 1299 in a lucky draw. Pay Rs 1499 tax/processing charges to claim your prize. Immediate action required.,scam,lottery,en,Research-backed synthetic,synthetic_research_backed,"unexpected prize, upfront payment, lottery claim",Do not pay the fee.,1. Do not send money. 2. Do not share financial details. 3. Block the sender. 4. Report the message.,High,P1,"English dataset row; retained from the finalized 1,500-record ScamShield dataset.",congratulations! you won rs 1299 in a lucky draw. pay rs 1499 tax/processing charges to claim your prize. immediate action required.
S0458,Our AI trading group guarantees 30% daily profit. Deposit Rs 799 today to activate your account. Immediate action required.,scam,investment_scam,en,Research-backed synthetic,synthetic_research_backed,"guaranteed returns, investment pressure, deposit request",Do not transfer money based on the message.,1. Do not deposit funds. 2. Verify the company independently. 3. Check regulatory status where applicable. 4. Report the solicitation.,Critical,P1,"English dataset row; retained from the finalized 1,500-record ScamShield dataset.",our ai trading group guarantees 30% daily profit. deposit rs 799 today to activate your account. immediate action required.
G0026,Rs 1299 was spent at BookMyShow using your credit card. — Customer Notification.,genuine,transaction,en,Research-backed synthetic,synthetic_research_backed,normal transaction notification,Verify the transaction in the official banking/payment app.,1. Open the official banking app. 2. Confirm the transaction. 3. Contact the bank only if it is unrecognized.,Low,P4,"English dataset row; retained from the finalized 1,500-record ScamShield dataset.",rs 1299 was spent at bookmyshow using your credit card. — customer notification.
S0470,Our AI trading group guarantees 10% daily profit. Deposit Rs 799 today to activate your account.,scam,investment_scam,en,Research-backed synthetic,synthetic_research_backed,"guaranteed returns, investment pressure, deposit request",Do not transfer money based on the message.,1. Do not deposit funds. 2. Verify the company independently. 3. Check regulatory status where applicable. 4. Report the solicitation.,Critical,P1,"English dataset row; retained from the finalized 1,500-record ScamShield dataset.",our ai trading group guarantees 10% daily profit. deposit rs 799 today to activate your account.
G0661,Please review the latest ScamShield build before the review tomorrow. — Customer Notification.,genuine,work,en,Research-backed synthetic,synthetic_research_backed,ordinary workplace communication,Review the work through the normal project channel.,1. Open the known project workspace. 2. Review the requested item. 3. Reply with feedback.,Low,P4,"English dataset row; retained from the finalized 1,500-record ScamShield dataset.",please review the latest scamshield build before the review tomorrow. — customer notification.
HI-G0037,याद दिलाया जाता है कि आपकी अपॉइंटमेंट 5 अक्टूबर को 9:30 बजे बजे है।,genuine,appointment,hi,Research-backed synthetic multilingual,synthetic_research_backed,सामान्य अपॉइंटमेंट रिमाइंडर,आधिकारिक प्रदाता के माध्यम से पुष्टि/रीशेड्यूल करें।,1. आधिकारिक प्रदाता के माध्यम से पुष्टि/रीशेड्यूल करें। 2. आधिकारिक चैनल से स्वतंत्र रूप से सत्यापन करें। 3. संदिग्ध होने पर संदेश/नंबर की रिपोर्ट करें।,Low,P4,Hindi synthetic/adapted example; not claimed as verbatim real-world data.,याद दिलाया जाता है कि आपकी अपॉइंटमेंट 5 अक्टूबर को 9:30 बजे बजे है।
G0173,The department has published the timetable for the mid-term examination. — Customer Notification.,genuine,education,en,Research-backed synthetic,synthetic_research_backed,normal educational announcement,Check the official college/university portal.,1. Open the official portal. 2. Confirm the timetable. 3. Note the exam date and time.,Low,P4,"English dataset row; retained from the finalized 1,500-record ScamShield dataset.",the department has published the timetable for the mid-term examination. — customer notification.
G1311,The ScamShield API test report is ready for review. Thank you.,genuine,work,en,Research-backed synthetic,synthetic_research_backed,ordinary workplace communication,Open the report from the known work repository.,1. Verify the project context. 2. Review the report. 3. Share findings through the normal team channel.,Low,P4,"English dataset row; retained from the finalized 1,500-record ScamShield dataset.",the scamshield api test report is ready for review. thank you.
S0302,I need urgent financial help for a family emergency. Please send Rs 499 today and I will return it next week. Immediate action required.,scam,romance_scam,en,Research-backed synthetic,synthetic_research_backed,"emotional pressure, urgent money request, unverifiable emergency",Verify the person's identity and situation independently before sending money.,1. Do not transfer money immediately. 2. Verify identity using another channel. 3. Discuss with someone you trust. 4. Report if fraudulent.,High,P2,"English dataset row; retained from the finalized 1,500-record ScamShield dataset.",i need urgent financial help for a family emergency. please send rs 499 today and i will return it next week. immediate action required.
TE-S0122,"మీ ₹5,000 ఇన్‌స్టంట్ లోన్ ఆమోదించబడింది. డబ్బు విడుదలకు ₹499 ప్రాసెసింగ్ ఫీజు చెల్లించండి.",scam,loan_scam,te,Research-backed synthetic multilingual,synthetic_research_backed,"ఫేక్ లోన్, ముందస్తు ఫీజు, ఆర్థిక ఒత్తిడి",ఫీజు చెల్లించకండి; లెండర్ వివరాలు వెరిఫై చేయండి.,1. ఫీజు చెల్లించకండి; లెండర్ వివరాలు వెరిఫై చేయండి. 2. అధికారిక ఛానల్ ద్వారా స్వతంత్రంగా వెరిఫై చేయండి. 3. ఆధారాలను సేవ్ చేసి అవసరమైతే రిపోర్ట్ చేయండి.,High,P1,Telugu synthetic/adapted example; not claimed as verbatim real-world data.,"మీ ₹5,000 ఇన్‌స్టంట్ లోన్ ఆమోదించబడింది. డబ్బు విడుదలకు ₹499 ప్రాసెసింగ్ ఫీజు చెల్లించండి."
G0196,Your Blue Dart order #404-7319056 has shipped and is expected to arrive on 5 October.,genuine,delivery,en,Research-backed synthetic,synthetic_research_backed,normal delivery update,Track through the official retailer/carrier app if needed.,1. Open the official app if tracking is required. 2. Check the order number. 3. No payment is required unless shown in the official order flow.,Low,P4,"English dataset row; retained from the finalized 1,500-record ScamShield dataset.",your blue dart order #404-7319056 has shipped and is expected to arrive on 5 october.
G1138,"Hi Aarav, are we still meeting at main gate around 2:00 PM today? — Customer Notification.",genuine,personal,en,Research-backed synthetic,synthetic_research_backed,ordinary personal communication,Reply through the normal conversation channel.,1. Check your plans. 2. Reply to the sender. 3. Do not take any financial action based only on this message.,Low,P4,"English dataset row; retained from the finalized 1,500-record ScamShield dataset.","hi aarav, are we still meeting at main gate around 2:00 pm today? — customer notification."
S1332,You have been selected for a work-from-home Data Analyst paying Rs 199 per day. Pay Rs 1499 as registration before joining. Act now.,scam,job_scam,en,Research-backed synthetic,synthetic_research_backed,"unrealistic earnings, upfront fee, unsolicited job",Do not pay the registration fee.,1. Do not pay. 2. Verify the employer independently. 3. Do not share identity/banking documents. 4. Block and report the sender.,High,P1,"English dataset row; retained from the finalized 1,500-record ScamShield dataset.",you have been selected for a work-from-home data analyst paying rs 199 per day. pay rs 1499 as registration before joining. act now.
S0356,Your electricity connection will be disconnected tonight unless you pay the pending bill through http://secure-update.invalid. Immediate action required.,scam,utility_scam,en,Research-backed synthetic,synthetic_research_backed,"utility impersonation, disconnection threat, suspicious URL",Verify the bill through the official utility portal.,1. Do not open the link. 2. Check the official utility account. 3. Pay only through the official portal. 4. Report the message.,High,P1,"English dataset row; retained from the finalized 1,500-record ScamShield dataset.",your electricity connection will be disconnected tonight unless you pay the pending bill through http://secure-update.invalid. immediate action required.
S0497,Your overseas online job placement is approved. Pay ₹499 for processing and travel documents before deployment.,scam,cyber_slavery,en,Research-backed synthetic,synthetic_research_backed,"fake overseas job, upfront payment, recruitment deception",Do not pay before independently verifying the recruiter.,1. Do not pay before independently verifying the recruiter. 2. Verify independently using the official service/authority. 3. Preserve evidence. 4. Report suspected cyber fraud.,High,P1,"English dataset row; retained from the finalized 1,500-record ScamShield dataset.",your overseas online job placement is approved. pay ₹499 for processing and travel documents before deployment.
TE-S0023,మీ Microsoft అకౌంట్ లాక్ అయింది. మూసివేయకుండా ఉండేందుకు http://verify-account.invalidలో లాగిన్ అవ్వండి.,scam,phishing,te,Research-backed synthetic multilingual,synthetic_research_backed,"ఫిషింగ్ లింక్, అకౌంట్ బెదిరింపు, క్రెడెన్షియల్ అభ్యర్థన",లింక్ ఓపెన్ చేయకండి; అధికారిక యాప్‌లో చెక్ చేయండి.,1. లింక్ ఓపెన్ చేయకండి; అధికారిక యాప్‌లో చెక్ చేయండి. 2. అధికారిక ఛానల్ ద్వారా స్వతంత్రంగా వెరిఫై చేయండి. 3. ఆధారాలను సేవ్ చేసి అవసరమైతే రిపోర్ట్ చేయండి.,High,P1,Telugu synthetic/adapted example; not claimed as verbatim real-world data.,మీ microsoft అకౌంట్ లాక్ అయింది. మూసివేయకుండా ఉండేందుకు http://verify-account.invalidలో లాగిన్ అవ్వండి.
S0567,Congratulations! You won Rs 249 in a lucky draw. Pay Rs 1499 tax/processing charges to claim your prize.,scam,lottery,en,Research-backed synthetic,synthetic_research_backed,"unexpected prize, upfront payment, lottery claim",Do not pay the fee.,1. Do not send money. 2. Do not share financial details. 3. Block the sender. 4. Report the message.,High,P1,"English dataset row; retained from the finalized 1,500-record ScamShield dataset.",congratulations! you won rs 249 in a lucky draw. pay rs 1499 tax/processing charges to claim your prize.
S0615,Premium apartment available at a very low rent. Send a refundable booking deposit of Rs 199 before viewing. Immediate action required.,scam,rental_scam,en,Research-backed synthetic,synthetic_research_backed,"unusually low price, advance deposit, no viewing",Do not pay a deposit before independently verifying the property and owner.,1. Do not transfer the deposit. 2. Verify ownership/listing independently. 3. Inspect the property. 4. Report suspicious listings.,High,P2,"English dataset row; retained from the finalized 1,500-record ScamShield dataset.",premium apartment available at a very low rent. send a refundable booking deposit of rs 199 before viewing. immediate action required.
G0462,Can you bring the notes when you come to main gate? — Customer Notification.,genuine,personal,en,Research-backed synthetic,synthetic_research_backed,ordinary personal communication,Reply normally if the request is expected.,1. Confirm the context. 2. Reply normally. 3. Ignore if the sender is unknown.,Low,P4,"English dataset row; retained from the finalized 1,500-record ScamShield dataset.",can you bring the notes when you come to main gate? — customer notification.
S0268,Our AI trading group guarantees 5% daily profit. Deposit Rs 1299 today to activate your account. Immediate action required.,scam,investment_scam,en,Research-backed synthetic,synthetic_research_backed,"guaranteed returns, investment pressure, deposit request",Do not transfer money based on the message.,1. Do not deposit funds. 2. Verify the company independently. 3. Check regulatory status where applicable. 4. Report the solicitation.,Critical,P1,"English dataset row; retained from the finalized 1,500-record ScamShield dataset.",our ai trading group guarantees 5% daily profit. deposit rs 1299 today to activate your account. immediate action required.
S1403,Urgent: your Canara Bank account will be blocked today because PAN/KYC is incomplete. Click http://secure-update.invalid to update now. Do not ignore this message.,scam,bank_kyc,en,Research-backed synthetic,synthetic_research_backed,"bank impersonation, urgency, suspicious URL, KYC request",Do not click the link or share banking credentials.,1. Do not click the link. 2. Open the bank's official app/site manually. 3. Verify KYC status. 4. Report the message if fraudulent.,High,P1,"English dataset row; retained from the finalized 1,500-record ScamShield dataset.",urgent: your canara bank account will be blocked today because pan/kyc is incomplete. click http://secure-update.invalid to update now. do not ignore this message.
S1374,Urgent: your SBI account will be blocked today because PAN/KYC is incomplete. Click http://account-check.invalid to update now. Immediate action required.,scam,bank_kyc,en,Research-backed synthetic,synthetic_research_backed,"bank impersonation, urgency, suspicious URL, KYC request",Do not click the link or share banking credentials.,1. Do not click the link. 2. Open the bank's official app/site manually. 3. Verify KYC status. 4. Report the message if fraudulent.,High,P1,"English dataset row; retained from the finalized 1,500-record ScamShield dataset.",urgent: your sbi account will be blocked today because pan/kyc is incomplete. click http://account-check.invalid to update now. immediate action required.
TE-S0110,"ఇంటినుంచి పని చేసి రోజుకు ₹199 సంపాదించండి. ఉద్యోగం ప్రారంభించడానికి ₹1,999 రిజిస్ట్రేషన్ ఫీజు చెల్లించండి.",scam,job_scam,te,Research-backed synthetic multilingual,synthetic_research_backed,"ఫేక్ ఉద్యోగం, ముందస్తు ఫీజు, అవాస్తవ ఆదాయం",ఫీజు చెల్లించకండి; ఉద్యోగదాతను స్వతంత్రంగా వెరిఫై చేయండి.,1. ఫీజు చెల్లించకండి; ఉద్యోగదాతను స్వతంత్రంగా వెరిఫై చేయండి. 2. అధికారిక ఛానల్ ద్వారా స్వతంత్రంగా వెరిఫై చేయండి. 3. ఆధారాలను సేవ్ చేసి అవసరమైతే రిపోర్ట్ చేయండి.,High,P1,Telugu synthetic/adapted example; not claimed as verbatim real-world data.,"ఇంటినుంచి పని చేసి రోజుకు ₹199 సంపాదించండి. ఉద్యోగం ప్రారంభించడానికి ₹1,999 రిజిస్ట్రేషన్ ఫీజు చెల్లించండి."
HI-G0090,आपके मोबाइल प्लान में 800 MB डेटा शेष है और यह 30 सितंबर तक वैध है।,genuine,telecom_genuine,hi,Research-backed synthetic multilingual,synthetic_research_backed,सामान्य टेलीकॉम सूचना,आधिकारिक टेलीकॉम ऐप में उपयोग जांचें।,1. आधिकारिक टेलीकॉम ऐप में उपयोग जांचें। 2. आधिकारिक चैनल से स्वतंत्र रूप से सत्यापन करें। 3. संदिग्ध होने पर संदेश/नंबर की रिपोर्ट करें।,Low,P4,Hindi synthetic/adapted example; not claimed as verbatim real-world data.,आपके मोबाइल प्लान में 800 mb डेटा शेष है और यह 30 सितंबर तक वैध है।
S0284,Congratulations! You won Rs 499 in a lucky draw. Pay Rs 199 tax/processing charges to claim your prize. Immediate action required.,scam,lottery,en,Research-backed synthetic,synthetic_research_backed,"unexpected prize, upfront payment, lottery claim",Do not pay the fee.,1. Do not send money. 2. Do not share financial details. 3. Block the sender. 4. Report the message.,High,P1,"English dataset row; retained from the finalized 1,500-record ScamShield dataset.",congratulations! you won rs 499 in a lucky draw. pay rs 199 tax/processing charges to claim your prize. immediate action required.
G0359,Interview reminder: your ML Intern interview is scheduled for 2 October at 6:00 PM. — Customer Notification.,genuine,job_genuine,en,Research-backed synthetic,synthetic_research_backed,normal recruitment communication,Verify the interview through the official recruitment channel.,1. Check the original application. 2. Confirm the interview details. 3. Join through the verified meeting link.,Low,P4,"English dataset row; retained from the finalized 1,500-record ScamShield dataset.",interview reminder: your ml intern interview is scheduled for 2 october at 6:00 pm. — customer notification.
S0760,Your Netflix account has been locked. Verify your identity now at http://secure-update.invalid to avoid permanent closure.,scam,phishing,en,Research-backed synthetic,synthetic_research_backed,"account threat, urgency, suspicious URL, credential harvesting",Do not click the link.,1. Do not open the URL. 2. Visit the service by typing its official address. 3. Change credentials if exposed. 4. Report the message.,High,P1,"English dataset row; retained from the finalized 1,500-record ScamShield dataset.",your netflix account has been locked. verify your identity now at http://secure-update.invalid to avoid permanent closure.
S1493,Please donate Rs 4999 for an emergency relief campaign. Transfer to this personal UPI ID today. Act now.,scam,charity_scam,en,Research-backed synthetic,synthetic_research_backed,"emotional appeal, personal payment destination, urgency",Verify the charity and donation channel independently.,1. Do not transfer to an unverified personal account. 2. Check the organization's official website. 3. Donate through verified channels. 4. Report the message.,Medium,P2,"English dataset row; retained from the finalized 1,500-record ScamShield dataset.",please donate rs 4999 for an emergency relief campaign. transfer to this personal upi id today. act now.
HI-G0049,आपका ऑर्डर #403-5820147 भेज दिया गया है और 2 अक्टूबर तक पहुंचने की उम्मीद है।,genuine,delivery,hi,Research-backed synthetic multilingual,synthetic_research_backed,सामान्य डिलीवरी अपडेट,आधिकारिक ऐप/वेबसाइट से ट्रैक करें।,1. आधिकारिक ऐप/वेबसाइट से ट्रैक करें। 2. आधिकारिक चैनल से स्वतंत्र रूप से सत्यापन करें। 3. संदिग्ध होने पर संदेश/नंबर की रिपोर्ट करें।,Low,P4,Hindi synthetic/adapted example; not claimed as verbatim real-world data.,आपका ऑर्डर #403-5820147 भेज दिया गया है और 2 अक्टूबर तक पहुंचने की उम्मीद है।
HI-G0052,आपकी क्लिनिक अपॉइंटमेंट 10 अक्टूबर को 6:00 बजे बजे निर्धारित है।,genuine,healthcare,hi,Research-backed synthetic multilingual,synthetic_research_backed,सामान्य स्वास्थ्य रिमाइंडर,आधिकारिक क्लिनिक चैनल से विवरण सत्यापित करें।,1. आधिकारिक क्लिनिक चैनल से विवरण सत्यापित करें। 2. आधिकारिक चैनल से स्वतंत्र रूप से सत्यापन करें। 3. संदिग्ध होने पर संदेश/नंबर की रिपोर्ट करें।,Low,P4,Hindi synthetic/adapted example; not claimed as verbatim real-world data.,आपकी क्लिनिक अपॉइंटमेंट 10 अक्टूबर को 6:00 बजे बजे निर्धारित है।
S0407,Urgent: your Kotak Bank account will be blocked today because PAN/KYC is incomplete. Click http://account-check.invalid to update now. Immediate action required.,scam,bank_kyc,en,Research-backed synthetic,synthetic_research_backed,"bank impersonation, urgency, suspicious URL, KYC request",Do not click the link or share banking credentials.,1. Do not click the link. 2. Open the bank's official app/site manually. 3. Verify KYC status. 4. Report the message if fraudulent.,High,P1,"English dataset row; retained from the finalized 1,500-record ScamShield dataset.",urgent: your kotak bank account will be blocked today because pan/kyc is incomplete. click http://account-check.invalid to update now. immediate action required.
S0705,We detected an issue with your Google account. Call +91 9XXXX XXXXX and provide your card details for verification. Do not ignore this message.,scam,customer_support,en,Research-backed synthetic,synthetic_research_backed,"fake support, request for financial data, unsolicited contact",Do not provide card or account details.,1. Do not call the supplied number. 2. Use official support channels. 3. Do not share card/OTP details. 4. Block the sender.,Critical,P1,"English dataset row; retained from the finalized 1,500-record ScamShield dataset.",we detected an issue with your google account. call +91 9xxxx xxxxx and provide your card details for verification. do not ignore this message.
TE-G0106,మీ మొబైల్ ప్లాన్‌లో 1.2 GB డేటా మిగిలి ఉంది మరియు ఇది 15 अक्टूबर వరకు చెల్లుతుంది.,genuine,telecom_genuine,te,Research-backed synthetic multilingual,synthetic_research_backed,సాధారణ టెలికాం సమాచారం,అధికారిక టెలికాం యాప్‌లో చెక్ చేయండి.,1. అధికారిక టెలికాం యాప్‌లో చెక్ చేయండి. 2. అధికారిక ఛానల్ ద్వారా స్వతంత్రంగా వెరిఫై చేయండి. 3. ఆధారాలను సేవ్ చేసి అవసరమైతే రిపోర్ట్ చేయండి.,Low,P4,Telugu synthetic/adapted example; not claimed as verbatim real-world data.,మీ మొబైల్ ప్లాన్‌లో 1.2 gb డేటా మిగిలి ఉంది మరియు ఇది 15 अक्टूबर వరకు చెల్లుతుంది.
G1058,Your application for the Frontend Developer position has moved to the next stage. Please check the company careers portal. Thank you.,genuine,job_genuine,en,Research-backed synthetic,synthetic_research_backed,normal recruitment communication,Access the known company careers portal directly.,1. Open the company website manually. 2. Check application status. 3. Follow the official recruitment process.,Low,P4,"English dataset row; retained from the finalized 1,500-record ScamShield dataset.",your application for the frontend developer position has moved to the next stage. please check the company careers portal. thank you.
S0586,Our AI trading group guarantees 5% daily profit. Deposit Rs 799 today to activate your account.,scam,investment_scam,en,Research-backed synthetic,synthetic_research_backed,"guaranteed returns, investment pressure, deposit request",Do not transfer money based on the message.,1. Do not deposit funds. 2. Verify the company independently. 3. Check regulatory status where applicable. 4. Report the solicitation.,Critical,P1,"English dataset row; retained from the finalized 1,500-record ScamShield dataset.",our ai trading group guarantees 5% daily profit. deposit rs 799 today to activate your account.
TE-G0037,మీ ఆర్డర్ #403-5820147 షిప్ అయింది. ఇది 30 सितंबरన డెలివరీ అయ్యే అవకాశం ఉంది.,genuine,delivery,te,Research-backed synthetic multilingual,synthetic_research_backed,సాధారణ డెలివరీ అప్డేట్,అధికారిక యాప్/వెబ్‌సైట్‌లో ట్రాక్ చేయండి.,1. అధికారిక యాప్/వెబ్‌సైట్‌లో ట్రాక్ చేయండి. 2. అధికారిక ఛానల్ ద్వారా స్వతంత్రంగా వెరిఫై చేయండి. 3. ఆధారాలను సేవ్ చేసి అవసరమైతే రిపోర్ట్ చేయండి.,Low,P4,Telugu synthetic/adapted example; not claimed as verbatim real-world data.,మీ ఆర్డర్ #403-5820147 షిప్ అయింది. ఇది 30 सितंबरన డెలివరీ అయ్యే అవకాశం ఉంది.
G0962,Please review the latest MediSync build before the demo tomorrow.,genuine,work,en,Research-backed synthetic,synthetic_research_backed,ordinary workplace communication,Review the work through the normal project channel.,1. Open the known project workspace. 2. Review the requested item. 3. Reply with feedback.,Low,P4,"English dataset row; retained from the finalized 1,500-record ScamShield dataset.",please review the latest medisync build before the demo tomorrow.
G1019,Please review the latest ScamShield build before the project meeting tomorrow. Thank you.,genuine,work,en,Research-backed synthetic,synthetic_research_backed,ordinary workplace communication,Review the work through the normal project channel.,1. Open the known project workspace. 2. Review the requested item. 3. Reply with feedback.,Low,P4,"English dataset row; retained from the finalized 1,500-record ScamShield dataset.",please review the latest scamshield build before the project meeting tomorrow. thank you.
S0007,A refund of Rs 199 is waiting for you. Share your card number and OTP so we can process it immediately.,scam,refund_scam,en,Research-backed synthetic,synthetic_research_backed,"refund pretext, card-data request, OTP request",Do not share card or OTP details.,1. Do not share credentials. 2. Check refunds in the official merchant app. 3. Contact official support. 4. Report the sender.,Critical,P1,"English dataset row; retained from the finalized 1,500-record ScamShield dataset.",a refund of rs 199 is waiting for you. share your card number and otp so we can process it immediately.
S1370,Our AI trading group guarantees 30% daily profit. Deposit Rs 2499 today to activate your account. Do not ignore this message.,scam,investment_scam,en,Research-backed synthetic,synthetic_research_backed,"guaranteed returns, investment pressure, deposit request",Do not transfer money based on the message.,1. Do not deposit funds. 2. Verify the company independently. 3. Check regulatory status where applicable. 4. Report the solicitation.,Critical,P1,"English dataset row; retained from the finalized 1,500-record ScamShield dataset.",our ai trading group guarantees 30% daily profit. deposit rs 2499 today to activate your account. do not ignore this message.
HI-S0083,"आपका ₹199 का इंस्टेंट लोन स्वीकृत है। राशि जारी कराने के लिए ₹1,999 प्रोसेसिंग शुल्क दें।",scam,loan_scam,hi,Research-backed synthetic multilingual,synthetic_research_backed,"फर्जी लोन, अग्रिम शुल्क, वित्तीय दबाव",शुल्क न दें और ऋणदाता की आधिकारिक जानकारी जांचें।,1. शुल्क न दें और ऋणदाता की आधिकारिक जानकारी जांचें। 2. आधिकारिक चैनल से स्वतंत्र रूप से सत्यापन करें। 3. संदिग्ध होने पर संदेश/नंबर की रिपोर्ट करें।,High,P1,Hindi synthetic/adapted example; not claimed as verbatim real-world data.,"आपका ₹199 का इंस्टेंट लोन स्वीकृत है। राशि जारी कराने के लिए ₹1,999 प्रोसेसिंग शुल्क दें।"
G1484,Reminder: your lab appointment is scheduled for 5 October at 4:30 PM. — Customer Notification.,genuine,appointment,en,Research-backed synthetic,synthetic_research_backed,normal appointment reminder,Confirm or reschedule through the official provider if necessary.,1. Check the appointment details. 2. Add it to your calendar. 3. Use the provider's official contact channel for changes.,Low,P4,"English dataset row; retained from the finalized 1,500-record ScamShield dataset.",reminder: your lab appointment is scheduled for 5 october at 4:30 pm. — customer notification.
G0517,Your airline booking R2N6VT is confirmed for 2 October.,genuine,travel,en,Research-backed synthetic,synthetic_research_backed,normal travel confirmation,Check the booking in the official airline app.,1. Check the booking in the official airline app. 2. Verify the message in the official app/portal if needed. 3. Do not share sensitive information unnecessarily.,Low,P4,"English dataset row; retained from the finalized 1,500-record ScamShield dataset.",your airline booking r2n6vt is confirmed for 2 october.
S0798,Your Microsoft account has been locked. Verify your identity now at http://account-check.invalid to avoid permanent closure.,scam,phishing,en,Research-backed synthetic,synthetic_research_backed,"account threat, urgency, suspicious URL, credential harvesting",Do not click the link.,1. Do not open the URL. 2. Visit the service by typing its official address. 3. Change credentials if exposed. 4. Report the message.,High,P1,"English dataset row; retained from the finalized 1,500-record ScamShield dataset.",your microsoft account has been locked. verify your identity now at http://account-check.invalid to avoid permanent closure.
S1187,Our AI trading group guarantees 30% daily profit. Deposit Rs 4999 today to activate your account.,scam,investment_scam,en,Research-backed synthetic,synthetic_research_backed,"guaranteed returns, investment pressure, deposit request",Do not transfer money based on the message.,1. Do not deposit funds. 2. Verify the company independently. 3. Check regulatory status where applicable. 4. Report the solicitation.,Critical,P1,"English dataset row; retained from the finalized 1,500-record ScamShield dataset.",our ai trading group guarantees 30% daily profit. deposit rs 4999 today to activate your account.
HI-G0063,आपकी यात्रा बुकिंग AI7K2P 15 अक्टूबर के लिए कन्फर्म है।,genuine,travel,hi,Research-backed synthetic multilingual,synthetic_research_backed,सामान्य यात्रा पुष्टि,आधिकारिक एयरलाइन/ट्रैवल ऐप में बुकिंग जांचें।,1. आधिकारिक एयरलाइन/ट्रैवल ऐप में बुकिंग जांचें। 2. आधिकारिक चैनल से स्वतंत्र रूप से सत्यापन करें। 3. संदिग्ध होने पर संदेश/नंबर की रिपोर्ट करें।,Low,P4,Hindi synthetic/adapted example; not claimed as verbatim real-world data.,आपकी यात्रा बुकिंग ai7k2p 15 अक्टूबर के लिए कन्फर्म है।
TE-G0098,మీ ఆర్డర్ #402-1937460 షిప్ అయింది. ఇది 2 अक्टूबरన డెలివరీ అయ్యే అవకాశం ఉంది.,genuine,delivery,te,Research-backed synthetic multilingual,synthetic_research_backed,సాధారణ డెలివరీ అప్డేట్,అధికారిక యాప్/వెబ్‌సైట్‌లో ట్రాక్ చేయండి.,1. అధికారిక యాప్/వెబ్‌సైట్‌లో ట్రాక్ చేయండి. 2. అధికారిక ఛానల్ ద్వారా స్వతంత్రంగా వెరిఫై చేయండి. 3. ఆధారాలను సేవ్ చేసి అవసరమైతే రిపోర్ట్ చేయండి.,Low,P4,Telugu synthetic/adapted example; not claimed as verbatim real-world data.,మీ ఆర్డర్ #402-1937460 షిప్ అయింది. ఇది 2 अक्टूबरన డెలివరీ అయ్యే అవకాశం ఉంది.
G0757,The SupportPilot API test report is ready for review. Thank you.,genuine,work,en,Research-backed synthetic,synthetic_research_backed,ordinary workplace communication,Open the report from the known work repository.,1. Verify the project context. 2. Review the report. 3. Share findings through the normal team channel.,Low,P4,"English dataset row; retained from the finalized 1,500-record ScamShield dataset.",the supportpilot api test report is ready for review. thank you.
S0278,Our AI trading group guarantees 20% daily profit. Deposit Rs 1299 today to activate your account. Do not ignore this message.,scam,investment_scam,en,Research-backed synthetic,synthetic_research_backed,"guaranteed returns, investment pressure, deposit request",Do not transfer money based on the message.,1. Do not deposit funds. 2. Verify the company independently. 3. Check regulatory status where applicable. 4. Report the solicitation.,Critical,P1,"English dataset row; retained from the finalized 1,500-record ScamShield dataset.",our ai trading group guarantees 20% daily profit. deposit rs 1299 today to activate your account. do not ignore this message.
G1044,याद दिलाया जाता है कि आपकी career counseling session 5 October को 4:30 PM बजे है। Please keep this for your records.,genuine,appointment,en,Research-backed synthetic,synthetic_research_backed,normal appointment reminder,Use the official provider channel for confirmation or changes.,1. समय जांचें। 2. कैलेंडर में सेव करें। 3. बदलाव के लिए आधिकारिक नंबर/पोर्टल इस्तेमाल करें।,Low,P4,"English dataset row; retained from the finalized 1,500-record ScamShield dataset.",याद दिलाया जाता है कि आपकी career counseling session 5 october को 4:30 pm बजे है। please keep this for your records.
HI-S0070,घर से काम करके रोज़ ₹199 कमाएं। नौकरी शुरू करने से पहले ₹499 रजिस्ट्रेशन शुल्क जमा करें।,scam,job_scam,hi,Research-backed synthetic multilingual,synthetic_research_backed,"फर्जी नौकरी, अवास्तविक कमाई, अग्रिम शुल्क",रजिस्ट्रेशन शुल्क न दें और नियोक्ता की स्वतंत्र रूप से जांच करें।,1. रजिस्ट्रेशन शुल्क न दें और नियोक्ता की स्वतंत्र रूप से जांच करें। 2. आधिकारिक चैनल से स्वतंत्र रूप से सत्यापन करें। 3. संदिग्ध होने पर संदेश/नंबर की रिपोर्ट करें।,High,P1,Hindi synthetic/adapted example; not claimed as verbatim real-world data.,घर से काम करके रोज़ ₹199 कमाएं। नौकरी शुरू करने से पहले ₹499 रजिस्ट्रेशन शुल्क जमा करें।
HI-S0082,₹999 का रिफंड पाने के लिए यह QR कोड स्कैन करें और UPI PIN डालें।,scam,upi_qr,hi,Research-backed synthetic multilingual,synthetic_research_backed,"QR के जरिए भुगतान, UPI PIN अनुरोध, रिफंड बहाना",QR स्कैन न करें और UPI PIN न डालें।,1. QR स्कैन न करें और UPI PIN न डालें। 2. आधिकारिक चैनल से स्वतंत्र रूप से सत्यापन करें। 3. संदिग्ध होने पर संदेश/नंबर की रिपोर्ट करें।,Critical,P1,Hindi synthetic/adapted example; not claimed as verbatim real-world data.,₹999 का रिफंड पाने के लिए यह qr कोड स्कैन करें और upi pin डालें।
S0453,Your parcel is held because of a Rs 499 customs/redelivery charge. Pay at http://account-check.invalid within 2 hours. Act now.,scam,delivery,en,Research-backed synthetic,synthetic_research_backed,"delivery impersonation, small fee, urgency, suspicious URL",Do not pay through the provided link.,1. Do not open the link. 2. Check the order on the official retailer/carrier site. 3. Verify any fee there. 4. Report the SMS.,High,P1,"English dataset row; retained from the finalized 1,500-record ScamShield dataset.",your parcel is held because of a rs 499 customs/redelivery charge. pay at http://account-check.invalid within 2 hours. act now.
G0989,Your verification code for Microsoft is M-562901. Do not share it with anyone. Thank you.,genuine,otp,en,Research-backed synthetic,synthetic_research_backed,legitimate verification-code notice,Use the code only in the login/verification flow you initiated.,"1. Use the code only on the official service. 2. Never forward the code. 3. If you did not request it, ignore it and review account security.",Low,P4,"English dataset row; retained from the finalized 1,500-record ScamShield dataset.",your verification code for microsoft is m-562901. do not share it with anyone. thank you.
G0519,Your Vistara booking R2N6VT is confirmed for 20 October. — Customer Notification.,genuine,travel,en,Research-backed synthetic,synthetic_research_backed,normal travel confirmation,Check the booking in the official airline/travel app.,1. Open the official travel account. 2. Verify the booking reference. 3. Check schedule changes through the official channel.,Low,P4,"English dataset row; retained from the finalized 1,500-record ScamShield dataset.",your vistara booking r2n6vt is confirmed for 20 october. — customer notification.
S1272,Congratulations! Your instant loan of Rs 4999 is approved. Pay Rs 499 processing charges to release the funds. Act now.,scam,loan_scam,en,Research-backed synthetic,synthetic_research_backed,"unsolicited loan, advance fee, pressure",Do not pay the fee.,1. Do not pay upfront charges. 2. Verify the lender independently. 3. Avoid sharing banking credentials. 4. Report the message.,High,P1,"English dataset row; retained from the finalized 1,500-record ScamShield dataset.",congratulations! your instant loan of rs 4999 is approved. pay rs 499 processing charges to release the funds. act now.
G0355,Reminder: your appointment is scheduled for 5 October at 2:00 PM.,genuine,appointment,en,Research-backed synthetic,synthetic_research_backed,normal appointment reminder,Confirm through the official provider if needed.,1. Confirm through the official provider if needed. 2. Verify the message in the official app/portal if needed. 3. Do not share sensitive information unnecessarily.,Low,P4,"English dataset row; retained from the finalized 1,500-record ScamShield dataset.",reminder: your appointment is scheduled for 5 october at 2:00 pm.
HI-S0013,आपका इंस्टेंट लोन स्वीकृत है। ऐप डाउनलोड करें और ₹199 देकर लोन जारी करवाएं।,scam,fake_loan_app,hi,Research-backed synthetic multilingual,synthetic_research_backed,"फर्जी लोन ऐप, ऐप इंस्टॉलेशन, अग्रिम शुल्क",अज्ञात ऐप इंस्टॉल न करें और शुल्क न दें।,1. अज्ञात ऐप इंस्टॉल न करें और शुल्क न दें। 2. आधिकारिक चैनल से स्वतंत्र रूप से सत्यापन करें। 3. संदिग्ध होने पर संदेश/नंबर की रिपोर्ट करें।,Critical,P1,Hindi synthetic/adapted example; not claimed as verbatim real-world data.,आपका इंस्टेंट लोन स्वीकृत है। ऐप डाउनलोड करें और ₹199 देकर लोन जारी करवाएं।
S0005,You have been selected for a work-from-home Frontend Developer paying Rs 499 per day. Pay Rs 299 as registration before joining. Act now.,scam,job_scam,en,Research-backed synthetic,synthetic_research_backed,"unrealistic earnings, upfront fee, unsolicited job",Do not pay the registration fee.,1. Do not pay. 2. Verify the employer independently. 3. Do not share identity/banking documents. 4. Block and report the sender.,High,P1,"English dataset row; retained from the finalized 1,500-record ScamShield dataset.",you have been selected for a work-from-home frontend developer paying rs 499 per day. pay rs 299 as registration before joining. act now.
G0426,The department seminar on Cloud Computing will be held on 30 September in sample-venue. Thank you.,genuine,college_announcement,en,Research-backed synthetic,synthetic_research_backed,normal institutional announcement,Check the official college communication channel for details.,1. Verify the announcement in the official portal/email. 2. Note the venue and time. 3. Attend if relevant.,Low,P4,"English dataset row; retained from the finalized 1,500-record ScamShield dataset.",the department seminar on cloud computing will be held on 30 september in sample-venue. thank you.
G1287,Reminder from CARE Hospital: your lab appointment is booked for 10 October at 6:00 PM. Please keep this for your records.,genuine,healthcare,en,Research-backed synthetic,synthetic_research_backed,normal healthcare reminder,Use the clinic's official contact details for changes.,1. Verify the appointment in the clinic system. 2. Add it to your calendar. 3. Contact the clinic through its official number if needed.,Low,P4,"English dataset row; retained from the finalized 1,500-record ScamShield dataset.",reminder from care hospital: your lab appointment is booked for 10 october at 6:00 pm. please keep this for your records.
S0214,"Hi, I lost my phone and need you to urgently transfer Rs 2499 to this new account. Please don't call. Act now.",scam,impersonation,en,Research-backed synthetic,synthetic_research_backed,"impersonation, money request, urgency, discouraging verification",Verify the person's identity through an independent channel before any payment.,1. Do not transfer money. 2. Call the person using a known number. 3. Confirm the request independently. 4. Report if fraudulent.,High,P1,"English dataset row; retained from the finalized 1,500-record ScamShield dataset.","hi, i lost my phone and need you to urgently transfer rs 2499 to this new account. please don't call. act now."
S1266,Congratulations! You won Rs 199 in a lucky draw. Pay Rs 499 tax/processing charges to claim your prize. Act now.,scam,lottery,en,Research-backed synthetic,synthetic_research_backed,"unexpected prize, upfront payment, lottery claim",Do not pay the fee.,1. Do not send money. 2. Do not share financial details. 3. Block the sender. 4. Report the message.,High,P1,"English dataset row; retained from the finalized 1,500-record ScamShield dataset.",congratulations! you won rs 199 in a lucky draw. pay rs 499 tax/processing charges to claim your prize. act now.
S1396,You have been selected for a work-from-home Data Analyst paying Rs 4999 per day. Pay Rs 999 as registration before joining. Do not ignore this message.,scam,job_scam,en,Research-backed synthetic,synthetic_research_backed,"unrealistic earnings, upfront fee, unsolicited job",Do not pay the registration fee.,1. Do not pay. 2. Verify the employer independently. 3. Do not share identity/banking documents. 4. Block and report the sender.,High,P1,"English dataset row; retained from the finalized 1,500-record ScamShield dataset.",you have been selected for a work-from-home data analyst paying rs 4999 per day. pay rs 999 as registration before joining. do not ignore this message.
HI-G0035,आपके Swiggy का ₹499 भुगतान सफलतापूर्वक प्रोसेस हो गया है।,genuine,transaction,hi,Research-backed synthetic multilingual,synthetic_research_backed,सामान्य लेनदेन सूचना,आधिकारिक ऐप में लेनदेन सत्यापित करें।,1. आधिकारिक ऐप में लेनदेन सत्यापित करें। 2. आधिकारिक चैनल से स्वतंत्र रूप से सत्यापन करें। 3. संदिग्ध होने पर संदेश/नंबर की रिपोर्ट करें।,Low,P4,Hindi synthetic/adapted example; not claimed as verbatim real-world data.,आपके swiggy का ₹499 भुगतान सफलतापूर्वक प्रोसेस हो गया है।
S0447,Our AI trading group guarantees 5% daily profit. Deposit Rs 499 today to activate your account. Immediate action required.,scam,investment_scam,en,Research-backed synthetic,synthetic_research_backed,"guaranteed returns, investment pressure, deposit request",Do not transfer money based on the message.,1. Do not deposit funds. 2. Verify the company independently. 3. Check regulatory status where applicable. 4. Report the solicitation.,Critical,P1,"English dataset row; retained from the finalized 1,500-record ScamShield dataset.",our ai trading group guarantees 5% daily profit. deposit rs 499 today to activate your account. immediate action required.
G0993,"Dear student, your library books are due on 15th October. Please return or renew them to avoid fines.",genuine,college_announcement,en,User-provided reference file,user_reference,,Return books,Verify through an official channel; follow the expected action above.,Low,P4,"English dataset row; retained from the finalized 1,500-record ScamShield dataset.","dear student, your library books are due on 15th october. please return or renew them to avoid fines."
HI-G0011,आपकी क्लिनिक अपॉइंटमेंट 30 सितंबर को 4:30 बजे बजे निर्धारित है।,genuine,healthcare,hi,Research-backed synthetic multilingual,synthetic_research_backed,सामान्य स्वास्थ्य रिमाइंडर,आधिकारिक क्लिनिक चैनल से विवरण सत्यापित करें।,1. आधिकारिक क्लिनिक चैनल से विवरण सत्यापित करें। 2. आधिकारिक चैनल से स्वतंत्र रूप से सत्यापन करें। 3. संदिग्ध होने पर संदेश/नंबर की रिपोर्ट करें।,Low,P4,Hindi synthetic/adapted example; not claimed as verbatim real-world data.,आपकी क्लिनिक अपॉइंटमेंट 30 सितंबर को 4:30 बजे बजे निर्धारित है।
S0898,Urgent: your HDFC Bank account will be blocked today because PAN/KYC is incomplete. Click http://secure-update.invalid to update now. Act now.,scam,bank_kyc,en,Research-backed synthetic,synthetic_research_backed,"bank impersonation, urgency, suspicious URL, KYC request",Do not click the link or share banking credentials.,1. Do not click the link. 2. Open the bank's official app/site manually. 3. Verify KYC status. 4. Report the message if fraudulent.,High,P1,"English dataset row; retained from the finalized 1,500-record ScamShield dataset.",urgent: your hdfc bank account will be blocked today because pan/kyc is incomplete. click http://secure-update.invalid to update now. act now.
G0361,Your Airtel data plan has 1.2 GB remaining and is valid until 2 October. Please keep this for your records.,genuine,telecom_genuine,en,Research-backed synthetic,synthetic_research_backed,normal telecom usage notice,Check usage in the official telecom app if needed.,1. Open the official provider app. 2. Review plan usage. 3. Recharge only through official channels.,Low,P4,"English dataset row; retained from the finalized 1,500-record ScamShield dataset.",your airtel data plan has 1.2 gb remaining and is valid until 2 october. please keep this for your records.
G0008,Interview reminder: your ML Intern interview is scheduled for 30 September at 6:00 PM. Thank you.,genuine,job_genuine,en,Research-backed synthetic,synthetic_research_backed,normal recruitment communication,Verify the interview through the official recruitment channel.,1. Check the original application. 2. Confirm the interview details. 3. Join through the verified meeting link.,Low,P4,"English dataset row; retained from the finalized 1,500-record ScamShield dataset.",interview reminder: your ml intern interview is scheduled for 30 september at 6:00 pm. thank you.
S0013,Meeru KBC lottery lo 25 lakshalu geluchukunaru. Claim cheyadaniki tax pay cheyandi.,scam,lottery,en,User-provided reference file,user_reference,"lottery win, upfront tax request",Do not pay,Verify through an official channel; follow the expected action above.,High,P1,"English dataset row; retained from the finalized 1,500-record ScamShield dataset.",meeru kbc lottery lo 25 lakshalu geluchukunaru. claim cheyadaniki tax pay cheyandi.
S0129,You have been selected for a work-from-home Python Developer paying Rs 499 per day. Pay Rs 299 as registration before joining.,scam,job_scam,en,Research-backed synthetic,synthetic_research_backed,"unrealistic earnings, upfront fee, unsolicited job",Do not pay the registration fee.,1. Do not pay. 2. Verify the employer independently. 3. Do not share identity/banking documents. 4. Block and report the sender.,High,P1,"English dataset row; retained from the finalized 1,500-record ScamShield dataset.",you have been selected for a work-from-home python developer paying rs 499 per day. pay rs 299 as registration before joining.
G1427,Rs 799 was spent at Swiggy using your credit card. — Customer Notification.,genuine,transaction,en,Research-backed synthetic,synthetic_research_backed,normal transaction notification,Verify the transaction in the official banking/payment app.,1. Open the official banking app. 2. Confirm the transaction. 3. Contact the bank only if it is unrecognized.,Low,P4,"English dataset row; retained from the finalized 1,500-record ScamShield dataset.",rs 799 was spent at swiggy using your credit card. — customer notification.
S1077,Congratulations! Your instant loan of Rs 199 is approved. Pay Rs 199 processing charges to release the funds. Immediate action required.,scam,loan_scam,en,Research-backed synthetic,synthetic_research_backed,"unsolicited loan, advance fee, pressure",Do not pay the fee.,1. Do not pay upfront charges. 2. Verify the lender independently. 3. Avoid sharing banking credentials. 4. Report the message.,High,P1,"English dataset row; retained from the finalized 1,500-record ScamShield dataset.",congratulations! your instant loan of rs 199 is approved. pay rs 199 processing charges to release the funds. immediate action required.
G0019,Your subscription to Microsoft has been renewed successfully.,genuine,subscription,en,Research-backed synthetic,synthetic_research_backed,normal subscription notice,Verify the renewal in the official account.,1. Open the official service app. 2. Check billing history. 3. Contact official support if the charge is unfamiliar.,Low,P4,"English dataset row; retained from the finalized 1,500-record ScamShield dataset.",your subscription to microsoft has been renewed successfully.
G1430,Your service request TKT-77104 has been completed. Please review the update in the official portal. — Customer Notification.,genuine,service_update,en,Research-backed synthetic,synthetic_research_backed,normal service update,Review the request through the official portal.,1. Open the official portal directly. 2. Check the request status. 3. Contact official support if the result is incorrect.,Low,P4,"English dataset row; retained from the finalized 1,500-record ScamShield dataset.",your service request tkt-77104 has been completed. please review the update in the official portal. — customer notification.
S1477,Your electricity connection will be disconnected tonight unless you pay the pending bill through http://account-check.invalid. Do not ignore this message.,scam,utility_scam,en,Research-backed synthetic,synthetic_research_backed,"utility impersonation, disconnection threat, suspicious URL",Verify the bill through the official utility portal.,1. Do not open the link. 2. Check the official utility account. 3. Pay only through the official portal. 4. Report the message.,High,P1,"English dataset row; retained from the finalized 1,500-record ScamShield dataset.",your electricity connection will be disconnected tonight unless you pay the pending bill through http://account-check.invalid. do not ignore this message.
G1473,Can you bring the book when you come to main gate? Please keep this for your records.,genuine,personal,en,Research-backed synthetic,synthetic_research_backed,ordinary personal communication,Reply normally if the request is expected.,1. Confirm the context. 2. Reply normally. 3. Ignore if the sender is unknown.,Low,P4,"English dataset row; retained from the finalized 1,500-record ScamShield dataset.",can you bring the book when you come to main gate? please keep this for your records.
G1066,Your support ticket SS-10482 has been updated. Please sign in to the official support portal to view the response. Please keep this for your records.,genuine,support_genuine,en,Research-backed synthetic,synthetic_research_backed,normal support-ticket notification,Open the known support portal directly.,1. Open the official support portal manually. 2. Search for the ticket number. 3. Review the response there.,Low,P4,"English dataset row; retained from the finalized 1,500-record ScamShield dataset.",your support ticket ss-10482 has been updated. please sign in to the official support portal to view the response. please keep this for your records.
G0873,The Cybersecurity assignment deadline is 20 October. Please submit it through the student portal.,genuine,education,en,Research-backed synthetic,synthetic_research_backed,normal educational announcement,Use the official student portal.,1. Check the assignment details. 2. Prepare the submission. 3. Upload through the official portal before the deadline.,Low,P4,"English dataset row; retained from the finalized 1,500-record ScamShield dataset.",the cybersecurity assignment deadline is 20 october. please submit it through the student portal.
HI-G0103,आपके Uber का ₹999 भुगतान सफलतापूर्वक प्रोसेस हो गया है।,genuine,transaction,hi,Research-backed synthetic multilingual,synthetic_research_backed,सामान्य लेनदेन सूचना,आधिकारिक ऐप में लेनदेन सत्यापित करें।,1. आधिकारिक ऐप में लेनदेन सत्यापित करें। 2. आधिकारिक चैनल से स्वतंत्र रूप से सत्यापन करें। 3. संदिग्ध होने पर संदेश/नंबर की रिपोर्ट करें।,Low,P4,Hindi synthetic/adapted example; not claimed as verbatim real-world data.,आपके uber का ₹999 भुगतान सफलतापूर्वक प्रोसेस हो गया है।
G0901,The Generative AI assignment deadline is 20 October. Please submit it through the student portal.,genuine,education,en,Research-backed synthetic,synthetic_research_backed,normal educational announcement,Use the official student portal.,1. Check the assignment details. 2. Prepare the submission. 3. Upload through the official portal before the deadline.,Low,P4,"English dataset row; retained from the finalized 1,500-record ScamShield dataset.",the generative ai assignment deadline is 20 october. please submit it through the student portal.
G1468,आपके Flipkart भुगतान का ₹199 का लेनदेन सफल रहा।,genuine,transaction,en,Research-backed synthetic,synthetic_research_backed,normal transaction notification,Verify the transaction through the official app.,1. आधिकारिक ऐप खोलें। 2. लेनदेन की राशि जांचें। 3. अनजान लेनदेन हो तो बैंक से संपर्क करें।,Low,P4,"English dataset row; retained from the finalized 1,500-record ScamShield dataset.",आपके flipkart भुगतान का ₹199 का लेनदेन सफल रहा।
S0209,Your insurance policy bonus is ready. Pay Rs 1499 service charges and send your Aadhaar and bank details to receive it.,scam,insurance_scam,en,Research-backed synthetic,synthetic_research_backed,"unexpected bonus, advance fee, identity-data request",Do not pay or send identity/bank documents.,1. Do not pay. 2. Contact the insurer through the official website/number. 3. Do not send identity documents. 4. Report the message.,High,P1,"English dataset row; retained from the finalized 1,500-record ScamShield dataset.",your insurance policy bonus is ready. pay rs 1499 service charges and send your aadhaar and bank details to receive it.
G0014,Amazon order #404-1234567 has shipped and will be delivered by tomorrow 9 PM.,genuine,delivery,en,User-provided reference file,user_reference,,,Verify through an official channel; follow the expected action above.,Low,P4,"English dataset row; retained from the finalized 1,500-record ScamShield dataset.",amazon order #404-1234567 has shipped and will be delivered by tomorrow 9 pm.
S0366,Please donate Rs 1299 for an emergency relief campaign. Transfer to this personal UPI ID today. Act now.,scam,charity_scam,en,Research-backed synthetic,synthetic_research_backed,"emotional appeal, personal payment destination, urgency",Verify the charity and donation channel independently.,1. Do not transfer to an unverified personal account. 2. Check the organization's official website. 3. Donate through verified channels. 4. Report the message.,Medium,P2,"English dataset row; retained from the finalized 1,500-record ScamShield dataset.",please donate rs 1299 for an emergency relief campaign. transfer to this personal upi id today. act now.
S1080,Your Netflix account has been locked. Verify your identity now at https://example.invalid/verify to avoid permanent closure.,scam,phishing,en,Research-backed synthetic,synthetic_research_backed,"account threat, urgency, suspicious URL, credential harvesting",Do not click the link.,1. Do not open the URL. 2. Visit the service by typing its official address. 3. Change credentials if exposed. 4. Report the message.,High,P1,"English dataset row; retained from the finalized 1,500-record ScamShield dataset.",your netflix account has been locked. verify your identity now at https://example.invalid/verify to avoid permanent closure.
G0362,Please review the latest Live Call Guardian build before the demo tomorrow. Please keep this for your records.,genuine,work,en,Research-backed synthetic,synthetic_research_backed,ordinary workplace communication,Review the work through the normal project channel.,1. Open the known project workspace. 2. Review the requested item. 3. Reply with feedback.,Low,P4,"English dataset row; retained from the finalized 1,500-record ScamShield dataset.",please review the latest live call guardian build before the demo tomorrow. please keep this for your records.
TE-G0013,మీ క్లినిక్ అపాయింట్‌మెంట్ 15 अक्टूबरన 4:30 बजेకి షెడ్యూల్ చేయబడింది.,genuine,healthcare,te,Research-backed synthetic multilingual,synthetic_research_backed,సాధారణ ఆరోగ్య రిమైండర్,అధికారిక క్లినిక్ ఛానల్ ద్వారా నిర్ధారించండి.,1. అధికారిక క్లినిక్ ఛానల్ ద్వారా నిర్ధారించండి. 2. అధికారిక ఛానల్ ద్వారా స్వతంత్రంగా వెరిఫై చేయండి. 3. ఆధారాలను సేవ్ చేసి అవసరమైతే రిపోర్ట్ చేయండి.,Low,P4,Telugu synthetic/adapted example; not claimed as verbatim real-world data.,మీ క్లినిక్ అపాయింట్‌మెంట్ 15 अक्टूबरన 4:30 बजेకి షెడ్యూల్ చేయబడింది.
S1242,We detected an issue with your WhatsApp account. Call +91 9XXXX XXXXX and provide your card details for verification. Immediate action required.,scam,customer_support,en,Research-backed synthetic,synthetic_research_backed,"fake support, request for financial data, unsolicited contact",Do not provide card or account details.,1. Do not call the supplied number. 2. Use official support channels. 3. Do not share card/OTP details. 4. Block the sender.,Critical,P1,"English dataset row; retained from the finalized 1,500-record ScamShield dataset.",we detected an issue with your whatsapp account. call +91 9xxxx xxxxx and provide your card details for verification. immediate action required.
S0201,Our AI trading group guarantees 5% daily profit. Deposit Rs 4999 today to activate your account.,scam,investment_scam,en,Research-backed synthetic,synthetic_research_backed,"guaranteed returns, investment pressure, deposit request",Do not transfer money based on the message.,1. Do not deposit funds. 2. Verify the company independently. 3. Check regulatory status where applicable. 4. Report the solicitation.,Critical,P1,"English dataset row; retained from the finalized 1,500-record ScamShield dataset.",our ai trading group guarantees 5% daily profit. deposit rs 4999 today to activate your account.
G0206,Your Amazon payment of Rs 799 was processed successfully.,genuine,transaction,en,Research-backed synthetic,synthetic_research_backed,normal transaction notification,Verify the transaction in the official app or bank statement.,1. Check the transaction in the official app. 2. Confirm the amount and merchant. 3. Keep the receipt if needed.,Low,P4,"English dataset row; retained from the finalized 1,500-record ScamShield dataset.",your amazon payment of rs 799 was processed successfully.
G0767,"Hi Rahul, are we still meeting at library around 10:00 AM today? — Customer Notification.",genuine,personal,en,Research-backed synthetic,synthetic_research_backed,ordinary personal communication,Reply through the normal conversation channel.,1. Check your plans. 2. Reply to the sender. 3. Do not take any financial action based only on this message.,Low,P4,"English dataset row; retained from the finalized 1,500-record ScamShield dataset.","hi rahul, are we still meeting at library around 10:00 am today? — customer notification."
G1088,Rs 2499 was spent at Spotify using your credit card. — Customer Notification.,genuine,transaction,en,Research-backed synthetic,synthetic_research_backed,normal transaction notification,Verify the transaction in the official banking/payment app.,1. Open the official banking app. 2. Confirm the transaction. 3. Contact the bank only if it is unrecognized.,Low,P4,"English dataset row; retained from the finalized 1,500-record ScamShield dataset.",rs 2499 was spent at spotify using your credit card. — customer notification.
G1429,Your order #404-7319056 from Croma has been confirmed for delivery. Thank you.,genuine,ecommerce,en,Research-backed synthetic,synthetic_research_backed,normal ecommerce order confirmation,Check order status in the official store account.,1. Open the official shopping app/site. 2. Verify the order. 3. Contact official support for changes.,Low,P4,"English dataset row; retained from the finalized 1,500-record ScamShield dataset.",your order #404-7319056 from croma has been confirmed for delivery. thank you.
HI-S0114,"घर से काम करके रोज़ ₹499 कमाएं। नौकरी शुरू करने से पहले ₹4,999 रजिस्ट्रेशन शुल्क जमा करें।",scam,job_scam,hi,Research-backed synthetic multilingual,synthetic_research_backed,"फर्जी नौकरी, अवास्तविक कमाई, अग्रिम शुल्क",रजिस्ट्रेशन शुल्क न दें और नियोक्ता की स्वतंत्र रूप से जांच करें।,1. रजिस्ट्रेशन शुल्क न दें और नियोक्ता की स्वतंत्र रूप से जांच करें। 2. आधिकारिक चैनल से स्वतंत्र रूप से सत्यापन करें। 3. संदिग्ध होने पर संदेश/नंबर की रिपोर्ट करें।,High,P1,Hindi synthetic/adapted example; not claimed as verbatim real-world data.,"घर से काम करके रोज़ ₹499 कमाएं। नौकरी शुरू करने से पहले ₹4,999 रजिस्ट्रेशन शुल्क जमा करें।"
S0914,Your Netflix account has been locked. Verify your identity now at http://account-check.invalid to avoid permanent closure. Do not ignore this message.,scam,phishing,en,Research-backed synthetic,synthetic_research_backed,"account threat, urgency, suspicious URL, credential harvesting",Do not click the link.,1. Do not open the URL. 2. Visit the service by typing its official address. 3. Change credentials if exposed. 4. Report the message.,High,P1,"English dataset row; retained from the finalized 1,500-record ScamShield dataset.",your netflix account has been locked. verify your identity now at http://account-check.invalid to avoid permanent closure. do not ignore this message.
HI-S0036,हमारा ट्रेडिंग प्लेटफॉर्म रोज़ 499% लाभ की गारंटी देता है। आज ₹499 जमा करें।,scam,investment_scam,hi,Research-backed synthetic multilingual,synthetic_research_backed,"गारंटीड रिटर्न, निवेश दबाव, पैसे जमा कराने का अनुरोध",पैसे जमा न करें और प्लेटफॉर्म की स्वतंत्र जांच करें।,1. पैसे जमा न करें और प्लेटफॉर्म की स्वतंत्र जांच करें। 2. आधिकारिक चैनल से स्वतंत्र रूप से सत्यापन करें। 3. संदिग्ध होने पर संदेश/नंबर की रिपोर्ट करें।,Critical,P1,Hindi synthetic/adapted example; not claimed as verbatim real-world data.,हमारा ट्रेडिंग प्लेटफॉर्म रोज़ 499% लाभ की गारंटी देता है। आज ₹499 जमा करें।
G0895,The Cybersecurity assignment deadline is 20 October. Please submit it through the student portal. — Customer Notification.,genuine,education,en,Research-backed synthetic,synthetic_research_backed,normal educational announcement,Use the official student portal.,1. Check the assignment details. 2. Prepare the submission. 3. Upload through the official portal before the deadline.,Low,P4,"English dataset row; retained from the finalized 1,500-record ScamShield dataset.",the cybersecurity assignment deadline is 20 october. please submit it through the student portal. — customer notification.
G0312,Reminder: your career counseling session is scheduled for 20 October at 9:30 AM. — Customer Notification.,genuine,appointment,en,Research-backed synthetic,synthetic_research_backed,normal appointment reminder,Confirm or reschedule through the official provider if necessary.,1. Check the appointment details. 2. Add it to your calendar. 3. Use the provider's official contact channel for changes.,Low,P4,"English dataset row; retained from the finalized 1,500-record ScamShield dataset.",reminder: your career counseling session is scheduled for 20 october at 9:30 am. — customer notification.
S0611,Your parcel is held because of a Rs 299 customs/redelivery charge. Pay at http://secure-update.invalid within 2 hours. Act now.,scam,delivery,en,Research-backed synthetic,synthetic_research_backed,"delivery impersonation, small fee, urgency, suspicious URL",Do not pay through the provided link.,1. Do not open the link. 2. Check the order on the official retailer/carrier site. 3. Verify any fee there. 4. Report the SMS.,High,P1,"English dataset row; retained from the finalized 1,500-record ScamShield dataset.",your parcel is held because of a rs 299 customs/redelivery charge. pay at http://secure-update.invalid within 2 hours. act now.
HI-S0071,"आपका ₹2,499 का इंस्टेंट लोन स्वीकृत है। राशि जारी कराने के लिए ₹499 प्रोसेसिंग शुल्क दें।",scam,loan_scam,hi,Research-backed synthetic multilingual,synthetic_research_backed,"फर्जी लोन, अग्रिम शुल्क, वित्तीय दबाव",शुल्क न दें और ऋणदाता की आधिकारिक जानकारी जांचें।,1. शुल्क न दें और ऋणदाता की आधिकारिक जानकारी जांचें। 2. आधिकारिक चैनल से स्वतंत्र रूप से सत्यापन करें। 3. संदिग्ध होने पर संदेश/नंबर की रिपोर्ट करें।,High,P1,Hindi synthetic/adapted example; not claimed as verbatim real-world data.,"आपका ₹2,499 का इंस्टेंट लोन स्वीकृत है। राशि जारी कराने के लिए ₹499 प्रोसेसिंग शुल्क दें।"
S0975,You have been selected for a work-from-home ML Intern paying Rs 1299 per day. Pay Rs 199 as registration before joining. Act now.,scam,job_scam,en,Research-backed synthetic,synthetic_research_backed,"unrealistic earnings, upfront fee, unsolicited job",Do not pay the registration fee.,1. Do not pay. 2. Verify the employer independently. 3. Do not share identity/banking documents. 4. Block and report the sender.,High,P1,"English dataset row; retained from the finalized 1,500-record ScamShield dataset.",you have been selected for a work-from-home ml intern paying rs 1299 per day. pay rs 199 as registration before joining. act now.
G0835,Your Google subscription renews on 30 September for Rs 499. Thank you.,genuine,subscription,en,Research-backed synthetic,synthetic_research_backed,normal subscription notice,Review the subscription in the official account settings.,1. Check the subscription details. 2. Confirm the renewal amount. 3. Cancel only through the official account if desired.,Low,P4,"English dataset row; retained from the finalized 1,500-record ScamShield dataset.",your google subscription renews on 30 september for rs 499. thank you.
HI-S0103,"आपका ₹5,000 का इंस्टेंट लोन स्वीकृत है। राशि जारी कराने के लिए ₹999 प्रोसेसिंग शुल्क दें।",scam,loan_scam,hi,Research-backed synthetic multilingual,synthetic_research_backed,"फर्जी लोन, अग्रिम शुल्क, वित्तीय दबाव",शुल्क न दें और ऋणदाता की आधिकारिक जानकारी जांचें।,1. शुल्क न दें और ऋणदाता की आधिकारिक जानकारी जांचें। 2. आधिकारिक चैनल से स्वतंत्र रूप से सत्यापन करें। 3. संदिग्ध होने पर संदेश/नंबर की रिपोर्ट करें।,High,P1,Hindi synthetic/adapted example; not claimed as verbatim real-world data.,"आपका ₹5,000 का इंस्टेंट लोन स्वीकृत है। राशि जारी कराने के लिए ₹999 प्रोसेसिंग शुल्क दें।"
S0099,You have been selected for a work-from-home Data Analyst paying Rs 499 per day. Pay Rs 1499 as registration before joining. Immediate action required.,scam,job_scam,en,Research-backed synthetic,synthetic_research_backed,"unrealistic earnings, upfront fee, unsolicited job",Do not pay the registration fee.,1. Do not pay. 2. Verify the employer independently. 3. Do not share identity/banking documents. 4. Block and report the sender.,High,P1,"English dataset row; retained from the finalized 1,500-record ScamShield dataset.",you have been selected for a work-from-home data analyst paying rs 499 per day. pay rs 1499 as registration before joining. immediate action required.
TE-S0111,"ఇంటినుంచి పని చేసి రోజుకు ₹499 సంపాదించండి. ఉద్యోగం ప్రారంభించడానికి ₹4,999 రిజిస్ట్రేషన్ ఫీజు చెల్లించండి.",scam,job_scam,te,Research-backed synthetic multilingual,synthetic_research_backed,"ఫేక్ ఉద్యోగం, ముందస్తు ఫీజు, అవాస్తవ ఆదాయం",ఫీజు చెల్లించకండి; ఉద్యోగదాతను స్వతంత్రంగా వెరిఫై చేయండి.,1. ఫీజు చెల్లించకండి; ఉద్యోగదాతను స్వతంత్రంగా వెరిఫై చేయండి. 2. అధికారిక ఛానల్ ద్వారా స్వతంత్రంగా వెరిఫై చేయండి. 3. ఆధారాలను సేవ్ చేసి అవసరమైతే రిపోర్ట్ చేయండి.,High,P1,Telugu synthetic/adapted example; not claimed as verbatim real-world data.,"ఇంటినుంచి పని చేసి రోజుకు ₹499 సంపాదించండి. ఉద్యోగం ప్రారంభించడానికి ₹4,999 రిజిస్ట్రేషన్ ఫీజు చెల్లించండి."
S1314,Your electricity connection will be disconnected tonight unless you pay the pending bill through http://account-check.invalid. Immediate action required.,scam,utility_scam,en,Research-backed synthetic,synthetic_research_backed,"utility impersonation, disconnection threat, suspicious URL",Verify the bill through the official utility portal.,1. Do not open the link. 2. Check the official utility account. 3. Pay only through the official portal. 4. Report the message.,High,P1,"English dataset row; retained from the finalized 1,500-record ScamShield dataset.",your electricity connection will be disconnected tonight unless you pay the pending bill through http://account-check.invalid. immediate action required.
TE-G0065,"మీ ₹2,499 విద్యుత్ బిల్లు 15 अक्टूबरన చెల్లించాలి.",genuine,utility_genuine,te,Research-backed synthetic multilingual,synthetic_research_backed,సాధారణ యుటిలిటీ రిమైండర్,అధికారిక విద్యుత్ పోర్టల్‌లో బిల్లు చెక్ చేయండి.,1. అధికారిక విద్యుత్ పోర్టల్‌లో బిల్లు చెక్ చేయండి. 2. అధికారిక ఛానల్ ద్వారా స్వతంత్రంగా వెరిఫై చేయండి. 3. ఆధారాలను సేవ్ చేసి అవసరమైతే రిపోర్ట్ చేయండి.,Low,P4,Telugu synthetic/adapted example; not claimed as verbatim real-world data.,"మీ ₹2,499 విద్యుత్ బిల్లు 15 अक्टूबरన చెల్లించాలి."
G1259,Your Air India booking R2N6VT is confirmed for 2 October.,genuine,travel,en,Research-backed synthetic,synthetic_research_backed,normal travel confirmation,Check the booking in the official airline/travel app.,1. Open the official travel account. 2. Verify the booking reference. 3. Check schedule changes through the official channel.,Low,P4,"English dataset row; retained from the finalized 1,500-record ScamShield dataset.",your air india booking r2n6vt is confirmed for 2 october.
TE-G0105,మీ Amazon వెరిఫికేషన్ కోడ్ A-739214. ఈ కోడ్‌ను ఎవరికీ షేర్ చేయకండి.,genuine,otp,te,Research-backed synthetic multilingual,synthetic_research_backed,వాలిడ్ OTP సమాచారం,మీరు ప్రారంభించిన వెరిఫికేషన్‌లో మాత్రమే ఉపయోగించండి.,1. మీరు ప్రారంభించిన వెరిఫికేషన్‌లో మాత్రమే ఉపయోగించండి. 2. అధికారిక ఛానల్ ద్వారా స్వతంత్రంగా వెరిఫై చేయండి. 3. ఆధారాలను సేవ్ చేసి అవసరమైతే రిపోర్ట్ చేయండి.,Low,P4,Telugu synthetic/adapted example; not claimed as verbatim real-world data.,మీ amazon వెరిఫికేషన్ కోడ్ a-739214. ఈ కోడ్‌ను ఎవరికీ షేర్ చేయకండి.
G0749,Please review the latest ScamShield build before the stand-up tomorrow. Please keep this for your records.,genuine,work,en,Research-backed synthetic,synthetic_research_backed,ordinary workplace communication,Review the work through the normal project channel.,1. Open the known project workspace. 2. Review the requested item. 3. Reply with feedback.,Low,P4,"English dataset row; retained from the finalized 1,500-record ScamShield dataset.",please review the latest scamshield build before the stand-up tomorrow. please keep this for your records.
HI-S0005,आपका ₹499 का इंस्टेंट लोन स्वीकृत है। राशि जारी कराने के लिए ₹199 प्रोसेसिंग शुल्क दें।,scam,loan_scam,hi,Research-backed synthetic multilingual,synthetic_research_backed,"फर्जी लोन, अग्रिम शुल्क, वित्तीय दबाव",शुल्क न दें और ऋणदाता की आधिकारिक जानकारी जांचें।,1. शुल्क न दें और ऋणदाता की आधिकारिक जानकारी जांचें। 2. आधिकारिक चैनल से स्वतंत्र रूप से सत्यापन करें। 3. संदिग्ध होने पर संदेश/नंबर की रिपोर्ट करें।,High,P1,Hindi synthetic/adapted example; not claimed as verbatim real-world data.,आपका ₹499 का इंस्टेंट लोन स्वीकृत है। राशि जारी कराने के लिए ₹199 प्रोसेसिंग शुल्क दें।
S0012,Your electricity connection will be disconnected tonight unless you pay the pending bill through https://example.invalid/verify. Immediate action required.,scam,utility_scam,en,Research-backed synthetic,synthetic_research_backed,"utility impersonation, disconnection threat, suspicious URL",Verify the bill through the official utility portal.,1. Do not open the link. 2. Check the official utility account. 3. Pay only through the official portal. 4. Report the message.,High,P1,"English dataset row; retained from the finalized 1,500-record ScamShield dataset.",your electricity connection will be disconnected tonight unless you pay the pending bill through https://example.invalid/verify. immediate action required.
S1475,Your Amazon account has been locked. Verify your identity now at http://account-check.invalid to avoid permanent closure. Do not ignore this message.,scam,phishing,en,Research-backed synthetic,synthetic_research_backed,"account threat, urgency, suspicious URL, credential harvesting",Do not click the link.,1. Do not open the URL. 2. Visit the service by typing its official address. 3. Change credentials if exposed. 4. Report the message.,High,P1,"English dataset row; retained from the finalized 1,500-record ScamShield dataset.",your amazon account has been locked. verify your identity now at http://account-check.invalid to avoid permanent closure. do not ignore this message.
HI-G0111,आपका Instagram सत्यापन कोड G-481205 है। इसे किसी के साथ साझा न करें।,genuine,otp,hi,Research-backed synthetic multilingual,synthetic_research_backed,वैध OTP सूचना,केवल आपके द्वारा शुरू किए गए सत्यापन में कोड का उपयोग करें।,1. केवल आपके द्वारा शुरू किए गए सत्यापन में कोड का उपयोग करें। 2. आधिकारिक चैनल से स्वतंत्र रूप से सत्यापन करें। 3. संदिग्ध होने पर संदेश/नंबर की रिपोर्ट करें।,Low,P4,Hindi synthetic/adapted example; not claimed as verbatim real-world data.,आपका instagram सत्यापन कोड g-481205 है। इसे किसी के साथ साझा न करें।
TE-G0014,మీ సపోర్ట్ టికెట్ SS-10482లో అప్డేట్ ఉంది. వివరాల కోసం అధికారిక సపోర్ట్ పోర్టల్‌లో చూడండి.,genuine,support_genuine,te,Research-backed synthetic multilingual,synthetic_research_backed,సాధారణ సపోర్ట్ సమాచారం,తెలిసిన అధికారిక పోర్టల్‌ను నేరుగా ఓపెన్ చేయండి.,1. తెలిసిన అధికారిక పోర్టల్‌ను నేరుగా ఓపెన్ చేయండి. 2. అధికారిక ఛానల్ ద్వారా స్వతంత్రంగా వెరిఫై చేయండి. 3. ఆధారాలను సేవ్ చేసి అవసరమైతే రిపోర్ట్ చేయండి.,Low,P4,Telugu synthetic/adapted example; not claimed as verbatim real-world data.,మీ సపోర్ట్ టికెట్ ss-10482లో అప్డేట్ ఉంది. వివరాల కోసం అధికారిక సపోర్ట్ పోర్టల్‌లో చూడండి.
TE-G0062,మీ మొబైల్ ప్లాన్‌లో 5 GB డేటా మిగిలి ఉంది మరియు ఇది 15 अक्टूबर వరకు చెల్లుతుంది.,genuine,telecom_genuine,te,Research-backed synthetic multilingual,synthetic_research_backed,సాధారణ టెలికాం సమాచారం,అధికారిక టెలికాం యాప్‌లో చెక్ చేయండి.,1. అధికారిక టెలికాం యాప్‌లో చెక్ చేయండి. 2. అధికారిక ఛానల్ ద్వారా స్వతంత్రంగా వెరిఫై చేయండి. 3. ఆధారాలను సేవ్ చేసి అవసరమైతే రిపోర్ట్ చేయండి.,Low,P4,Telugu synthetic/adapted example; not claimed as verbatim real-world data.,మీ మొబైల్ ప్లాన్‌లో 5 gb డేటా మిగిలి ఉంది మరియు ఇది 15 अक्टूबर వరకు చెల్లుతుంది.
HI-S0109,"आपका ₹10,000 का इंस्टेंट लोन स्वीकृत है। राशि जारी कराने के लिए ₹199 प्रोसेसिंग शुल्क दें।",scam,loan_scam,hi,Research-backed synthetic multilingual,synthetic_research_backed,"फर्जी लोन, अग्रिम शुल्क, वित्तीय दबाव",शुल्क न दें और ऋणदाता की आधिकारिक जानकारी जांचें।,1. शुल्क न दें और ऋणदाता की आधिकारिक जानकारी जांचें। 2. आधिकारिक चैनल से स्वतंत्र रूप से सत्यापन करें। 3. संदिग्ध होने पर संदेश/नंबर की रिपोर्ट करें।,High,P1,Hindi synthetic/adapted example; not claimed as verbatim real-world data.,"आपका ₹10,000 का इंस्टेंट लोन स्वीकृत है। राशि जारी कराने के लिए ₹199 प्रोसेसिंग शुल्क दें।"
G1384,Please review the latest SupportPilot build before the demo tomorrow. Please keep this for your records.,genuine,work,en,Research-backed synthetic,synthetic_research_backed,ordinary workplace communication,Review the work through the normal project channel.,1. Open the known project workspace. 2. Review the requested item. 3. Reply with feedback.,Low,P4,"English dataset row; retained from the finalized 1,500-record ScamShield dataset.",please review the latest supportpilot build before the demo tomorrow. please keep this for your records.
G0377,Reminder: your appointment is scheduled for 15 October at 2:00 PM.,genuine,appointment,en,Research-backed synthetic,synthetic_research_backed,normal appointment reminder,Confirm through the official provider if needed.,1. Confirm through the official provider if needed. 2. Verify the message in the official app/portal if needed. 3. Do not share sensitive information unnecessarily.,Low,P4,"English dataset row; retained from the finalized 1,500-record ScamShield dataset.",reminder: your appointment is scheduled for 15 october at 2:00 pm.
TE-S0058,మీ ICICI Bank బ్యాంక్ ఖాతా KYC/PAN అప్డేట్ కాలేదు. ఈరోజే ఖాతా బ్లాక్ అవుతుంది. వెంటనే http://secure-update.invalid ఓపెన్ చేసి అప్డేట్ చేయండి.,scam,bank_kyc,te,Research-backed synthetic multilingual,synthetic_research_backed,"బ్యాంక్ ఇంపర్సనేషన్, అత్యవసరం, అనుమానాస్పద లింక్",లింక్ క్లిక్ చేయకండి; అధికారిక బ్యాంక్ యాప్ ద్వారా చెక్ చేయండి.,1. లింక్ క్లిక్ చేయకండి; అధికారిక బ్యాంక్ యాప్ ద్వారా చెక్ చేయండి. 2. అధికారిక ఛానల్ ద్వారా స్వతంత్రంగా వెరిఫై చేయండి. 3. ఆధారాలను సేవ్ చేసి అవసరమైతే రిపోర్ట్ చేయండి.,High,P1,Telugu synthetic/adapted example; not claimed as verbatim real-world data.,మీ icici bank బ్యాంక్ ఖాతా kyc/pan అప్డేట్ కాలేదు. ఈరోజే ఖాతా బ్లాక్ అవుతుంది. వెంటనే http://secure-update.invalid ఓపెన్ చేసి అప్డేట్ చేయండి.
G0327,Your Flipkart payment of Rs 1299 was processed successfully. Please keep this for your records.,genuine,transaction,en,Research-backed synthetic,synthetic_research_backed,normal transaction notification,Verify the transaction in the official app or bank statement.,1. Check the transaction in the official app. 2. Confirm the amount and merchant. 3. Keep the receipt if needed.,Low,P4,"English dataset row; retained from the finalized 1,500-record ScamShield dataset.",your flipkart payment of rs 1299 was processed successfully. please keep this for your records.
S0494,Your Flipkart account has been locked. Verify your identity now at http://secure-update.invalid to avoid permanent closure. Act now.,scam,phishing,en,Research-backed synthetic,synthetic_research_backed,"account threat, urgency, suspicious URL, credential harvesting",Do not click the link.,1. Do not open the URL. 2. Visit the service by typing its official address. 3. Change credentials if exposed. 4. Report the message.,High,P1,"English dataset row; retained from the finalized 1,500-record ScamShield dataset.",your flipkart account has been locked. verify your identity now at http://secure-update.invalid to avoid permanent closure. act now.
G1170,याद दिलाया जाता है कि आपकी doctor consultation 2 October को 9:30 AM बजे है। Please keep this for your records.,genuine,appointment,en,Research-backed synthetic,synthetic_research_backed,normal appointment reminder,Use the official provider channel for confirmation or changes.,1. समय जांचें। 2. कैलेंडर में सेव करें। 3. बदलाव के लिए आधिकारिक नंबर/पोर्टल इस्तेमाल करें।,Low,P4,"English dataset row; retained from the finalized 1,500-record ScamShield dataset.",याद दिलाया जाता है कि आपकी doctor consultation 2 october को 9:30 am बजे है। please keep this for your records.
G0328,Your monthly investment statement for mutual fund is available in your official account. Thank you.,genuine,finance_genuine,en,Research-backed synthetic,synthetic_research_backed,normal financial statement,Review it through the official investment platform.,1. Sign in directly to the known platform. 2. Review the statement. 3. Contact the provider through official channels for discrepancies.,Low,P4,"English dataset row; retained from the finalized 1,500-record ScamShield dataset.",your monthly investment statement for mutual fund is available in your official account. thank you.
G1054,Your BookMyShow payment of Rs 249 was processed successfully. Thank you.,genuine,transaction,en,Research-backed synthetic,synthetic_research_backed,normal transaction notification,Verify the transaction in the official app or bank statement.,1. Check the transaction in the official app. 2. Confirm the amount and merchant. 3. Keep the receipt if needed.,Low,P4,"English dataset row; retained from the finalized 1,500-record ScamShield dataset.",your bookmyshow payment of rs 249 was processed successfully. thank you.
G0737,Delivery update: Amazon Logistics will attempt delivery of order #402-1937460 today. Please keep this for your records.,genuine,delivery,en,Research-backed synthetic,synthetic_research_backed,normal delivery update,Use the official tracking page or app.,1. Check official tracking. 2. Keep the delivery address accessible. 3. Contact the retailer through official support if there is a problem.,Low,P4,"English dataset row; retained from the finalized 1,500-record ScamShield dataset.",delivery update: amazon logistics will attempt delivery of order #402-1937460 today. please keep this for your records.
G0525,Reminder: your dentist appointment is scheduled for 5 October at 6:00 PM.,genuine,appointment,en,Research-backed synthetic,synthetic_research_backed,normal appointment reminder,Confirm or reschedule through the official provider if necessary.,1. Check the appointment details. 2. Add it to your calendar. 3. Use the provider's official contact channel for changes.,Low,P4,"English dataset row; retained from the finalized 1,500-record ScamShield dataset.",reminder: your dentist appointment is scheduled for 5 october at 6:00 pm.
G0871,Your subscription renews on 2 October for ₹2499.,genuine,subscription,en,Research-backed synthetic,synthetic_research_backed,normal subscription notice,Review the subscription in the official account settings.,1. Review the subscription in the official account settings. 2. Verify the message in the official app/portal if needed. 3. Do not share sensitive information unnecessarily.,Low,P4,"English dataset row; retained from the finalized 1,500-record ScamShield dataset.",your subscription renews on 2 october for ₹2499.
S0523,Your insurance policy bonus is ready. Pay Rs 999 service charges and send your Aadhaar and bank details to receive it.,scam,insurance_scam,en,Research-backed synthetic,synthetic_research_backed,"unexpected bonus, advance fee, identity-data request",Do not pay or send identity/bank documents.,1. Do not pay. 2. Contact the insurer through the official website/number. 3. Do not send identity documents. 4. Report the message.,High,P1,"English dataset row; retained from the finalized 1,500-record ScamShield dataset.",your insurance policy bonus is ready. pay rs 999 service charges and send your aadhaar and bank details to receive it.
S1226,Your SIM will be disconnected in 1 hours because it was used for illegal activity. Call this number immediately. Act now.,scam,telecom_threat,en,Research-backed synthetic,synthetic_research_backed,"telecom impersonation, urgency, threat, callback request",Do not call the supplied number.,1. Do not call the supplied number. 2. Check account status in the official telecom app. 3. Contact official support. 4. Report the message.,High,P1,"English dataset row; retained from the finalized 1,500-record ScamShield dataset.",your sim will be disconnected in 1 hours because it was used for illegal activity. call this number immediately. act now.
S0655,Premium apartment available at a very low rent. Send a refundable booking deposit of Rs 199 before viewing.,scam,rental_scam,en,Research-backed synthetic,synthetic_research_backed,"unusually low price, advance deposit, no viewing",Do not pay a deposit before independently verifying the property and owner.,1. Do not transfer the deposit. 2. Verify ownership/listing independently. 3. Inspect the property. 4. Report suspicious listings.,High,P2,"English dataset row; retained from the finalized 1,500-record ScamShield dataset.",premium apartment available at a very low rent. send a refundable booking deposit of rs 199 before viewing.
G0251,Please review the latest MediSync build before the review tomorrow.,genuine,work,en,Research-backed synthetic,synthetic_research_backed,ordinary workplace communication,Review the work through the normal project channel.,1. Open the known project workspace. 2. Review the requested item. 3. Reply with feedback.,Low,P4,"English dataset row; retained from the finalized 1,500-record ScamShield dataset.",please review the latest medisync build before the review tomorrow.
G0818,"Hi Rahul, are we still meeting at campus cafeteria around 4:30 PM today? — Customer Notification.",genuine,personal,en,Research-backed synthetic,synthetic_research_backed,ordinary personal communication,Reply through the normal conversation channel.,1. Check your plans. 2. Reply to the sender. 3. Do not take any financial action based only on this message.,Low,P4,"English dataset row; retained from the finalized 1,500-record ScamShield dataset.","hi rahul, are we still meeting at campus cafeteria around 4:30 pm today? — customer notification."
G1248,Delivery update: Delhivery will attempt delivery of order #402-1937460 today.,genuine,delivery,en,Research-backed synthetic,synthetic_research_backed,normal delivery update,Use the official tracking page or app.,1. Check official tracking. 2. Keep the delivery address accessible. 3. Contact the retailer through official support if there is a problem.,Low,P4,"English dataset row; retained from the finalized 1,500-record ScamShield dataset.",delivery update: delhivery will attempt delivery of order #402-1937460 today.
G0618,Your application for the ML Intern position has moved to the next stage. Please check the company careers portal.,genuine,job_genuine,en,Research-backed synthetic,synthetic_research_backed,normal recruitment communication,Access the known company careers portal directly.,1. Open the company website manually. 2. Check application status. 3. Follow the official recruitment process.,Low,P4,"English dataset row; retained from the finalized 1,500-record ScamShield dataset.",your application for the ml intern position has moved to the next stage. please check the company careers portal.
G0695,Your application for the ML Intern position has moved to the next stage. Please check the company careers portal. Please keep this for your records.,genuine,job_genuine,en,Research-backed synthetic,synthetic_research_backed,normal recruitment communication,Access the known company careers portal directly.,1. Open the company website manually. 2. Check application status. 3. Follow the official recruitment process.,Low,P4,"English dataset row; retained from the finalized 1,500-record ScamShield dataset.",your application for the ml intern position has moved to the next stage. please check the company careers portal. please keep this for your records.
HI-S0061,आपके Kotak Bank खाते का KYC/PAN अपडेट नहीं है। आज खाता बंद हो जाएगा। तुरंत http://verify-account.invalid पर जाकर अपडेट करें।,scam,bank_kyc,hi,Research-backed synthetic multilingual,synthetic_research_backed,"बैंक प्रतिरूपण, तात्कालिकता, संदिग्ध लिंक, KYC अनुरोध",लिंक पर क्लिक न करें और बैंक की आधिकारिक ऐप/वेबसाइट से जांच करें।,1. लिंक पर क्लिक न करें और बैंक की आधिकारिक ऐप/वेबसाइट से जांच करें। 2. आधिकारिक चैनल से स्वतंत्र रूप से सत्यापन करें। 3. संदिग्ध होने पर संदेश/नंबर की रिपोर्ट करें।,High,P1,Hindi synthetic/adapted example; not claimed as verbatim real-world data.,आपके kotak bank खाते का kyc/pan अपडेट नहीं है। आज खाता बंद हो जाएगा। तुरंत http://verify-account.invalid पर जाकर अपडेट करें।
HI-G0060,आपका ऑर्डर #402-1937460 भेज दिया गया है और 10 अक्टूबर तक पहुंचने की उम्मीद है।,genuine,delivery,hi,Research-backed synthetic multilingual,synthetic_research_backed,सामान्य डिलीवरी अपडेट,आधिकारिक ऐप/वेबसाइट से ट्रैक करें।,1. आधिकारिक ऐप/वेबसाइट से ट्रैक करें। 2. आधिकारिक चैनल से स्वतंत्र रूप से सत्यापन करें। 3. संदिग्ध होने पर संदेश/नंबर की रिपोर्ट करें।,Low,P4,Hindi synthetic/adapted example; not claimed as verbatim real-world data.,आपका ऑर्डर #402-1937460 भेज दिया गया है और 10 अक्टूबर तक पहुंचने की उम्मीद है।
S0414,"Hi, I lost my phone and need you to urgently transfer Rs 1299 to this new account. Please don't call. Act now.",scam,impersonation,en,Research-backed synthetic,synthetic_research_backed,"impersonation, money request, urgency, discouraging verification",Verify the person's identity through an independent channel before any payment.,1. Do not transfer money. 2. Call the person using a known number. 3. Confirm the request independently. 4. Report if fraudulent.,High,P1,"English dataset row; retained from the finalized 1,500-record ScamShield dataset.","hi, i lost my phone and need you to urgently transfer rs 1299 to this new account. please don't call. act now."
G1011,Your order #401-8246152 from BookMyShow has been confirmed for delivery. Thank you.,genuine,ecommerce,en,Research-backed synthetic,synthetic_research_backed,normal ecommerce order confirmation,Check order status in the official store account.,1. Open the official shopping app/site. 2. Verify the order. 3. Contact official support for changes.,Low,P4,"English dataset row; retained from the finalized 1,500-record ScamShield dataset.",your order #401-8246152 from bookmyshow has been confirmed for delivery. thank you.
TE-G0012,మీ మొబైల్ ప్లాన్‌లో 5 GB డేటా మిగిలి ఉంది మరియు ఇది 30 सितंबर వరకు చెల్లుతుంది.,genuine,telecom_genuine,te,Research-backed synthetic multilingual,synthetic_research_backed,సాధారణ టెలికాం సమాచారం,అధికారిక టెలికాం యాప్‌లో చెక్ చేయండి.,1. అధికారిక టెలికాం యాప్‌లో చెక్ చేయండి. 2. అధికారిక ఛానల్ ద్వారా స్వతంత్రంగా వెరిఫై చేయండి. 3. ఆధారాలను సేవ్ చేసి అవసరమైతే రిపోర్ట్ చేయండి.,Low,P4,Telugu synthetic/adapted example; not claimed as verbatim real-world data.,మీ మొబైల్ ప్లాన్‌లో 5 gb డేటా మిగిలి ఉంది మరియు ఇది 30 सितंबर వరకు చెల్లుతుంది.
S1021,Exclusive offer from a social-media ad: deposit ₹5000 and get guaranteed returns within 24 hours.,scam,fake_social_media_ad,en,Research-backed synthetic,synthetic_research_backed,"social-media advertisement, guaranteed return, deposit request",Do not transfer money from an unverified advertisement.,1. Do not transfer money from an unverified advertisement. 2. Verify independently using the official service/authority. 3. Preserve evidence. 4. Report suspected cyber fraud.,Critical,P1,"English dataset row; retained from the finalized 1,500-record ScamShield dataset.",exclusive offer from a social-media ad: deposit ₹5000 and get guaranteed returns within 24 hours.
S1062,Urgent: your Kotak Bank account will be blocked today because PAN/KYC is incomplete. Click http://secure-update.invalid to update now.,scam,bank_kyc,en,Research-backed synthetic,synthetic_research_backed,"bank impersonation, urgency, suspicious URL, KYC request",Do not click the link or share banking credentials.,1. Do not click the link. 2. Open the bank's official app/site manually. 3. Verify KYC status. 4. Report the message if fraudulent.,High,P1,"English dataset row; retained from the finalized 1,500-record ScamShield dataset.",urgent: your kotak bank account will be blocked today because pan/kyc is incomplete. click http://secure-update.invalid to update now.
HI-G0024,आपकी क्लिनिक अपॉइंटमेंट 2 अक्टूबर को 9:30 बजे बजे निर्धारित है।,genuine,healthcare,hi,Research-backed synthetic multilingual,synthetic_research_backed,सामान्य स्वास्थ्य रिमाइंडर,आधिकारिक क्लिनिक चैनल से विवरण सत्यापित करें।,1. आधिकारिक क्लिनिक चैनल से विवरण सत्यापित करें। 2. आधिकारिक चैनल से स्वतंत्र रूप से सत्यापन करें। 3. संदिग्ध होने पर संदेश/नंबर की रिपोर्ट करें।,Low,P4,Hindi synthetic/adapted example; not claimed as verbatim real-world data.,आपकी क्लिनिक अपॉइंटमेंट 2 अक्टूबर को 9:30 बजे बजे निर्धारित है।
S0771,You have been selected for a work-from-home Python Developer paying Rs 799 per day. Pay Rs 199 as registration before joining.,scam,job_scam,en,Research-backed synthetic,synthetic_research_backed,"unrealistic earnings, upfront fee, unsolicited job",Do not pay the registration fee.,1. Do not pay. 2. Verify the employer independently. 3. Do not share identity/banking documents. 4. Block and report the sender.,High,P1,"English dataset row; retained from the finalized 1,500-record ScamShield dataset.",you have been selected for a work-from-home python developer paying rs 799 per day. pay rs 199 as registration before joining.
HI-G0120,याद दिलाया जाता है कि आपकी अपॉइंटमेंट 2 अक्टूबर को 4:30 बजे बजे है।,genuine,appointment,hi,Research-backed synthetic multilingual,synthetic_research_backed,सामान्य अपॉइंटमेंट रिमाइंडर,आधिकारिक प्रदाता के माध्यम से पुष्टि/रीशेड्यूल करें।,1. आधिकारिक प्रदाता के माध्यम से पुष्टि/रीशेड्यूल करें। 2. आधिकारिक चैनल से स्वतंत्र रूप से सत्यापन करें। 3. संदिग्ध होने पर संदेश/नंबर की रिपोर्ट करें।,Low,P4,Hindi synthetic/adapted example; not claimed as verbatim real-world data.,याद दिलाया जाता है कि आपकी अपॉइंटमेंट 2 अक्टूबर को 4:30 बजे बजे है।
S1496,I need urgent financial help for a family emergency. Please send Rs 249 today and I will return it next week. Act now.,scam,romance_scam,en,Research-backed synthetic,synthetic_research_backed,"emotional pressure, urgent money request, unverifiable emergency",Verify the person's identity and situation independently before sending money.,1. Do not transfer money immediately. 2. Verify identity using another channel. 3. Discuss with someone you trust. 4. Report if fraudulent.,High,P2,"English dataset row; retained from the finalized 1,500-record ScamShield dataset.",i need urgent financial help for a family emergency. please send rs 249 today and i will return it next week. act now.
G0706,Your Air India booking R2N6VT is confirmed for 20 October. — Customer Notification.,genuine,travel,en,Research-backed synthetic,synthetic_research_backed,normal travel confirmation,Check the booking in the official airline/travel app.,1. Open the official travel account. 2. Verify the booking reference. 3. Check schedule changes through the official channel.,Low,P4,"English dataset row; retained from the finalized 1,500-record ScamShield dataset.",your air india booking r2n6vt is confirmed for 20 october. — customer notification.
G0833,Your Amazon payment of Rs 4999 was processed successfully. Thank you.,genuine,transaction,en,Research-backed synthetic,synthetic_research_backed,normal transaction notification,Verify the transaction in the official app or bank statement.,1. Check the transaction in the official app. 2. Confirm the amount and merchant. 3. Keep the receipt if needed.,Low,P4,"English dataset row; retained from the finalized 1,500-record ScamShield dataset.",your amazon payment of rs 4999 was processed successfully. thank you.
G1238,Amazon verification code G-481205 है। इसे किसी के साथ साझा न करें। Please keep this for your records.,genuine,otp,en,Research-backed synthetic,synthetic_research_backed,legitimate verification-code notice,Use only for the verification you initiated.,1. कोड केवल आधिकारिक स्क्रीन पर दर्ज करें। 2. किसी को न बताएं। 3. अनचाहा कोड हो तो पासवर्ड/सुरक्षा जांचें।,Low,P4,"English dataset row; retained from the finalized 1,500-record ScamShield dataset.",amazon verification code g-481205 है। इसे किसी के साथ साझा न करें। please keep this for your records.
G0400,Netflix verification code G-481205 है। इसे किसी के साथ साझा न करें। Please keep this for your records.,genuine,otp,en,Research-backed synthetic,synthetic_research_backed,legitimate verification-code notice,Use only for the verification you initiated.,1. कोड केवल आधिकारिक स्क्रीन पर दर्ज करें। 2. किसी को न बताएं। 3. अनचाहा कोड हो तो पासवर्ड/सुरक्षा जांचें।,Low,P4,"English dataset row; retained from the finalized 1,500-record ScamShield dataset.",netflix verification code g-481205 है। इसे किसी के साथ साझा न करें। please keep this for your records.
S0183,Our AI trading group guarantees 30% daily profit. Deposit Rs 799 today to activate your account.,scam,investment_scam,en,Research-backed synthetic,synthetic_research_backed,"guaranteed returns, investment pressure, deposit request",Do not transfer money based on the message.,1. Do not deposit funds. 2. Verify the company independently. 3. Check regulatory status where applicable. 4. Report the solicitation.,Critical,P1,"English dataset row; retained from the finalized 1,500-record ScamShield dataset.",our ai trading group guarantees 30% daily profit. deposit rs 799 today to activate your account.
S0861,You have been selected for a work-from-home ML Intern paying Rs 249 per day. Pay Rs 499 as registration before joining. Act now.,scam,job_scam,en,Research-backed synthetic,synthetic_research_backed,"unrealistic earnings, upfront fee, unsolicited job",Do not pay the registration fee.,1. Do not pay. 2. Verify the employer independently. 3. Do not share identity/banking documents. 4. Block and report the sender.,High,P1,"English dataset row; retained from the finalized 1,500-record ScamShield dataset.",you have been selected for a work-from-home ml intern paying rs 249 per day. pay rs 499 as registration before joining. act now.
S0770,You have been selected for a work-from-home ML Intern paying Rs 2499 per day. Pay Rs 299 as registration before joining. Immediate action required.,scam,job_scam,en,Research-backed synthetic,synthetic_research_backed,"unrealistic earnings, upfront fee, unsolicited job",Do not pay the registration fee.,1. Do not pay. 2. Verify the employer independently. 3. Do not share identity/banking documents. 4. Block and report the sender.,High,P1,"English dataset row; retained from the finalized 1,500-record ScamShield dataset.",you have been selected for a work-from-home ml intern paying rs 2499 per day. pay rs 299 as registration before joining. immediate action required.
TE-G0043,మీ Flipkart చెల్లింపు ₹499 విజయవంతంగా ప్రాసెస్ చేయబడింది.,genuine,transaction,te,Research-backed synthetic multilingual,synthetic_research_backed,సాధారణ ట్రాన్సాక్షన్ సమాచారం,అధికారిక యాప్‌లో ట్రాన్సాక్షన్‌ను చెక్ చేయండి.,1. అధికారిక యాప్‌లో ట్రాన్సాక్షన్‌ను చెక్ చేయండి. 2. అధికారిక ఛానల్ ద్వారా స్వతంత్రంగా వెరిఫై చేయండి. 3. ఆధారాలను సేవ్ చేసి అవసరమైతే రిపోర్ట్ చేయండి.,Low,P4,Telugu synthetic/adapted example; not claimed as verbatim real-world data.,మీ flipkart చెల్లింపు ₹499 విజయవంతంగా ప్రాసెస్ చేయబడింది.
S1486,Congratulations! You won Rs 2499 in a lucky draw. Pay Rs 299 tax/processing charges to claim your prize. Do not ignore this message.,scam,lottery,en,Research-backed synthetic,synthetic_research_backed,"unexpected prize, upfront payment, lottery claim",Do not pay the fee.,1. Do not send money. 2. Do not share financial details. 3. Block the sender. 4. Report the message.,High,P1,"English dataset row; retained from the finalized 1,500-record ScamShield dataset.",congratulations! you won rs 2499 in a lucky draw. pay rs 299 tax/processing charges to claim your prize. do not ignore this message.
HI-S0108,आपके Axis Bank खाते का KYC/PAN अपडेट नहीं है। आज खाता बंद हो जाएगा। तुरंत http://secure-update.invalid पर जाकर अपडेट करें।,scam,bank_kyc,hi,Research-backed synthetic multilingual,synthetic_research_backed,"बैंक प्रतिरूपण, तात्कालिकता, संदिग्ध लिंक, KYC अनुरोध",लिंक पर क्लिक न करें और बैंक की आधिकारिक ऐप/वेबसाइट से जांच करें।,1. लिंक पर क्लिक न करें और बैंक की आधिकारिक ऐप/वेबसाइट से जांच करें। 2. आधिकारिक चैनल से स्वतंत्र रूप से सत्यापन करें। 3. संदिग्ध होने पर संदेश/नंबर की रिपोर्ट करें।,High,P1,Hindi synthetic/adapted example; not claimed as verbatim real-world data.,आपके axis bank खाते का kyc/pan अपडेट नहीं है। आज खाता बंद हो जाएगा। तुरंत http://secure-update.invalid पर जाकर अपडेट करें।
G0531,Your subscription renews on 5 October for ₹199.,genuine,subscription,en,Research-backed synthetic,synthetic_research_backed,normal subscription notice,Review the subscription in the official account settings.,1. Review the subscription in the official account settings. 2. Verify the message in the official app/portal if needed. 3. Do not share sensitive information unnecessarily.,Low,P4,"English dataset row; retained from the finalized 1,500-record ScamShield dataset.",your subscription renews on 5 october for ₹199.
TE-S0005,మీ ఆధార్ అక్రమ కార్యకలాపాలతో లింక్ అయింది. పోలీస్ విచారణ జరుగుతోంది. కాల్ కట్ చేస్తే డిజిటల్ అరెస్ట్ చేస్తాం.,scam,digital_arrest,te,Research-backed synthetic multilingual,synthetic_research_backed,"చట్ట అమలు సంస్థల ఇంపర్సనేషన్, బెదిరింపు, భయం",కాల్ కట్ చేసి అధికారిక నంబర్ ద్వారా వెరిఫై చేయండి.,1. కాల్ కట్ చేసి అధికారిక నంబర్ ద్వారా వెరిఫై చేయండి. 2. అధికారిక ఛానల్ ద్వారా స్వతంత్రంగా వెరిఫై చేయండి. 3. ఆధారాలను సేవ్ చేసి అవసరమైతే రిపోర్ట్ చేయండి.,Critical,P1,Telugu synthetic/adapted example; not claimed as verbatim real-world data.,మీ ఆధార్ అక్రమ కార్యకలాపాలతో లింక్ అయింది. పోలీస్ విచారణ జరుగుతోంది. కాల్ కట్ చేస్తే డిజిటల్ అరెస్ట్ చేస్తాం.
G0712,Your Amazon Logistics order #402-1937460 has shipped and is expected to arrive on 30 September. — Customer Notification.,genuine,delivery,en,Research-backed synthetic,synthetic_research_backed,normal delivery update,Track through the official retailer/carrier app if needed.,1. Open the official app if tracking is required. 2. Check the order number. 3. No payment is required unless shown in the official order flow.,Low,P4,"English dataset row; retained from the finalized 1,500-record ScamShield dataset.",your amazon logistics order #402-1937460 has shipped and is expected to arrive on 30 september. — customer notification.
G0933,Your monthly investment statement for index fund is available in your official account. — Customer Notification.,genuine,finance_genuine,en,Research-backed synthetic,synthetic_research_backed,normal financial statement,Review it through the official investment platform.,1. Sign in directly to the known platform. 2. Review the statement. 3. Contact the provider through official channels for discrepancies.,Low,P4,"English dataset row; retained from the finalized 1,500-record ScamShield dataset.",your monthly investment statement for index fund is available in your official account. — customer notification.
HI-G0104,आपके मोबाइल प्लान में 1.2 GB डेटा शेष है और यह 5 अक्टूबर तक वैध है।,genuine,telecom_genuine,hi,Research-backed synthetic multilingual,synthetic_research_backed,सामान्य टेलीकॉम सूचना,आधिकारिक टेलीकॉम ऐप में उपयोग जांचें।,1. आधिकारिक टेलीकॉम ऐप में उपयोग जांचें। 2. आधिकारिक चैनल से स्वतंत्र रूप से सत्यापन करें। 3. संदिग्ध होने पर संदेश/नंबर की रिपोर्ट करें।,Low,P4,Hindi synthetic/adapted example; not claimed as verbatim real-world data.,आपके मोबाइल प्लान में 1.2 gb डेटा शेष है और यह 5 अक्टूबर तक वैध है।
HI-S0069,"आपदा राहत के लिए ₹2,499 तुरंत इस व्यक्तिगत UPI ID पर भेजें।",scam,charity_scam,hi,Research-backed synthetic multilingual,synthetic_research_backed,"भावनात्मक अपील, निजी भुगतान खाता, तात्कालिकता",संगठन और भुगतान चैनल को स्वतंत्र रूप से सत्यापित करें।,1. संगठन और भुगतान चैनल को स्वतंत्र रूप से सत्यापित करें। 2. आधिकारिक चैनल से स्वतंत्र रूप से सत्यापन करें। 3. संदिग्ध होने पर संदेश/नंबर की रिपोर्ट करें।,Medium,P2,Hindi synthetic/adapted example; not claimed as verbatim real-world data.,"आपदा राहत के लिए ₹2,499 तुरंत इस व्यक्तिगत upi id पर भेजें।"
G0880,Your order #401-8246152 from Myntra has been confirmed for delivery. Thank you.,genuine,ecommerce,en,Research-backed synthetic,synthetic_research_backed,normal ecommerce order confirmation,Check order status in the official store account.,1. Open the official shopping app/site. 2. Verify the order. 3. Contact official support for changes.,Low,P4,"English dataset row; retained from the finalized 1,500-record ScamShield dataset.",your order #401-8246152 from myntra has been confirmed for delivery. thank you.
S1346,Your instant loan is approved. Install this APK and pay ₹199 to unlock the disbursement.,scam,fake_loan_app,en,Research-backed synthetic,synthetic_research_backed,"fake loan app, APK, advance fee",Do not install the app or pay the fee.,1. Do not install the app or pay the fee. 2. Verify independently using the official service/authority. 3. Preserve evidence. 4. Report suspected cyber fraud.,Critical,P1,"English dataset row; retained from the finalized 1,500-record ScamShield dataset.",your instant loan is approved. install this apk and pay ₹199 to unlock the disbursement.
HI-G0115,आपका ₹499 बिजली बिल 30 सितंबर को देय है।,genuine,utility_genuine,hi,Research-backed synthetic multilingual,synthetic_research_backed,सामान्य यूटिलिटी रिमाइंडर,आधिकारिक बिजली पोर्टल पर बिल जांचें।,1. आधिकारिक बिजली पोर्टल पर बिल जांचें। 2. आधिकारिक चैनल से स्वतंत्र रूप से सत्यापन करें। 3. संदिग्ध होने पर संदेश/नंबर की रिपोर्ट करें।,Low,P4,Hindi synthetic/adapted example; not claimed as verbatim real-world data.,आपका ₹499 बिजली बिल 30 सितंबर को देय है।
S0437,I need urgent financial help for a family emergency. Please send Rs 4999 today and I will return it next week. Do not ignore this message.,scam,romance_scam,en,Research-backed synthetic,synthetic_research_backed,"emotional pressure, urgent money request, unverifiable emergency",Verify the person's identity and situation independently before sending money.,1. Do not transfer money immediately. 2. Verify identity using another channel. 3. Discuss with someone you trust. 4. Report if fraudulent.,High,P2,"English dataset row; retained from the finalized 1,500-record ScamShield dataset.",i need urgent financial help for a family emergency. please send rs 4999 today and i will return it next week. do not ignore this message.
G1330,JNTUHU Manthani Circular: B.Tech CSE final year project reviews are scheduled for next week. Please prepare your presentations.,genuine,college_announcement,en,User-provided reference file,user_reference,,Note date,Verify through an official channel; follow the expected action above.,Low,P4,"English dataset row; retained from the finalized 1,500-record ScamShield dataset.",jntuhu manthani circular: b.tech cse final year project reviews are scheduled for next week. please prepare your presentations.
S0087,We detected an issue with your Instagram account. Call +91 9XXXX XXXXX and provide your card details for verification. Act now.,scam,customer_support,en,Research-backed synthetic,synthetic_research_backed,"fake support, request for financial data, unsolicited contact",Do not provide card or account details.,1. Do not call the supplied number. 2. Use official support channels. 3. Do not share card/OTP details. 4. Block the sender.,Critical,P1,"English dataset row; retained from the finalized 1,500-record ScamShield dataset.",we detected an issue with your instagram account. call +91 9xxxx xxxxx and provide your card details for verification. act now.
TE-G0024,మీ సబ్‌స్క్రిప్షన్ 5 अक्टूबरన ₹499కి రిన్యూ అవుతుంది.,genuine,subscription,te,Research-backed synthetic multilingual,synthetic_research_backed,సాధారణ సబ్‌స్క్రిప్షన్ సమాచారం,అధికారిక అకౌంట్ సెట్టింగ్స్‌లో వివరాలు చెక్ చేయండి.,1. అధికారిక అకౌంట్ సెట్టింగ్స్‌లో వివరాలు చెక్ చేయండి. 2. అధికారిక ఛానల్ ద్వారా స్వతంత్రంగా వెరిఫై చేయండి. 3. ఆధారాలను సేవ్ చేసి అవసరమైతే రిపోర్ట్ చేయండి.,Low,P4,Telugu synthetic/adapted example; not claimed as verbatim real-world data.,మీ సబ్‌స్క్రిప్షన్ 5 अक्टूबरన ₹499కి రిన్యూ అవుతుంది.
TE-S0020,మీరు సోషల్ మీడియా క్రియేటర్ రివార్డ్ గెలిచారు. డబ్బు పొందడానికి వెరిఫికేషన్ కోడ్ పంపండి.,scam,social_media_fraud,te,Research-backed synthetic multilingual,synthetic_research_backed,"ఫేక్ రివార్డ్, కోడ్ అభ్యర్థన, సోషల్ మీడియా ఇంపర్సనేషన్",వెరిఫికేషన్ కోడ్ షేర్ చేయకండి.,1. వెరిఫికేషన్ కోడ్ షేర్ చేయకండి. 2. అధికారిక ఛానల్ ద్వారా స్వతంత్రంగా వెరిఫై చేయండి. 3. ఆధారాలను సేవ్ చేసి అవసరమైతే రిపోర్ట్ చేయండి.,High,P1,Telugu synthetic/adapted example; not claimed as verbatim real-world data.,మీరు సోషల్ మీడియా క్రియేటర్ రివార్డ్ గెలిచారు. డబ్బు పొందడానికి వెరిఫికేషన్ కోడ్ పంపండి.
G1258,Your Flipkart subscription renews on 10 October for Rs 249.,genuine,subscription,en,Research-backed synthetic,synthetic_research_backed,normal subscription notice,Review the subscription in the official account settings.,1. Check the subscription details. 2. Confirm the renewal amount. 3. Cancel only through the official account if desired.,Low,P4,"English dataset row; retained from the finalized 1,500-record ScamShield dataset.",your flipkart subscription renews on 10 october for rs 249.
G0664,Interview reminder: your Data Analyst interview is scheduled for 15 October at 9:30 AM. Thank you.,genuine,job_genuine,en,Research-backed synthetic,synthetic_research_backed,normal recruitment communication,Verify the interview through the official recruitment channel.,1. Check the original application. 2. Confirm the interview details. 3. Join through the verified meeting link.,Low,P4,"English dataset row; retained from the finalized 1,500-record ScamShield dataset.",interview reminder: your data analyst interview is scheduled for 15 october at 9:30 am. thank you.
G0429,Your Microsoft subscription renews on 10 October for Rs 4999. Thank you.,genuine,subscription,en,Research-backed synthetic,synthetic_research_backed,normal subscription notice,Review the subscription in the official account settings.,1. Check the subscription details. 2. Confirm the renewal amount. 3. Cancel only through the official account if desired.,Low,P4,"English dataset row; retained from the finalized 1,500-record ScamShield dataset.",your microsoft subscription renews on 10 october for rs 4999. thank you.
S0728,Congratulations! You won Rs 199 in a lucky draw. Pay Rs 999 tax/processing charges to claim your prize. Do not ignore this message.,scam,lottery,en,Research-backed synthetic,synthetic_research_backed,"unexpected prize, upfront payment, lottery claim",Do not pay the fee.,1. Do not send money. 2. Do not share financial details. 3. Block the sender. 4. Report the message.,High,P1,"English dataset row; retained from the finalized 1,500-record ScamShield dataset.",congratulations! you won rs 199 in a lucky draw. pay rs 999 tax/processing charges to claim your prize. do not ignore this message.
G1253,Your electricity bill of Rs 799 is due on 15 October. Please pay through the official utility portal.,genuine,utility_genuine,en,Research-backed synthetic,synthetic_research_backed,normal utility bill reminder,Use the official utility website/app.,1. Verify the bill in the official portal. 2. Check the due date and amount. 3. Pay only through the official channel.,Low,P4,"English dataset row; retained from the finalized 1,500-record ScamShield dataset.",your electricity bill of rs 799 is due on 15 october. please pay through the official utility portal.
HI-G0039,आपकी क्लिनिक अपॉइंटमेंट 15 अक्टूबर को 10:00 बजे बजे निर्धारित है।,genuine,healthcare,hi,Research-backed synthetic multilingual,synthetic_research_backed,सामान्य स्वास्थ्य रिमाइंडर,आधिकारिक क्लिनिक चैनल से विवरण सत्यापित करें।,1. आधिकारिक क्लिनिक चैनल से विवरण सत्यापित करें। 2. आधिकारिक चैनल से स्वतंत्र रूप से सत्यापन करें। 3. संदिग्ध होने पर संदेश/नंबर की रिपोर्ट करें।,Low,P4,Hindi synthetic/adapted example; not claimed as verbatim real-world data.,आपकी क्लिनिक अपॉइंटमेंट 15 अक्टूबर को 10:00 बजे बजे निर्धारित है।
S1349,Your refund of ₹2499 is pending. Share your card details and OTP so our agent can release it now.,scam,fake_refund,en,Research-backed synthetic,synthetic_research_backed,"refund pretext, card details, OTP",Do not share card details or OTP.,1. Do not share card details or OTP. 2. Verify independently using the official service/authority. 3. Preserve evidence. 4. Report suspected cyber fraud.,Critical,P1,"English dataset row; retained from the finalized 1,500-record ScamShield dataset.",your refund of ₹2499 is pending. share your card details and otp so our agent can release it now.
G0940,JNTUH Circular: B.Tech Computer Science and Engineering semester exams are scheduled for next month. Please check the portal for timetables.,genuine,college_announcement,en,User-provided reference file,user_reference,,,Verify through an official channel; follow the expected action above.,Low,P4,"English dataset row; retained from the finalized 1,500-record ScamShield dataset.",jntuh circular: b.tech computer science and engineering semester exams are scheduled for next month. please check the portal for timetables.
S0283,"To receive your refund of Rs 199, scan this QR and enter your UPI PIN.",scam,upi_qr,en,Research-backed synthetic,synthetic_research_backed,"QR-for-receiving-money, UPI PIN request, refund pretext",Do not scan the QR or enter the UPI PIN.,1. Do not scan the QR. 2. Never enter a UPI PIN to receive money. 3. Verify the refund in the official app. 4. Report the sender.,Critical,P1,"English dataset row; retained from the finalized 1,500-record ScamShield dataset.","to receive your refund of rs 199, scan this qr and enter your upi pin."
S0221,Our AI trading group guarantees 10% daily profit. Deposit Rs 4999 today to activate your account. Do not ignore this message.,scam,investment_scam,en,Research-backed synthetic,synthetic_research_backed,"guaranteed returns, investment pressure, deposit request",Do not transfer money based on the message.,1. Do not deposit funds. 2. Verify the company independently. 3. Check regulatory status where applicable. 4. Report the solicitation.,Critical,P1,"English dataset row; retained from the finalized 1,500-record ScamShield dataset.",our ai trading group guarantees 10% daily profit. deposit rs 4999 today to activate your account. do not ignore this message.
G0564,Delivery update: Delhivery will attempt delivery of order #402-1937460 today. Please keep this for your records.,genuine,delivery,en,Research-backed synthetic,synthetic_research_backed,normal delivery update,Use the official tracking page or app.,1. Check official tracking. 2. Keep the delivery address accessible. 3. Contact the retailer through official support if there is a problem.,Low,P4,"English dataset row; retained from the finalized 1,500-record ScamShield dataset.",delivery update: delhivery will attempt delivery of order #402-1937460 today. please keep this for your records.
S0353,Your insurance policy bonus is ready. Pay Rs 299 service charges and send your Aadhaar and bank details to receive it.,scam,insurance_scam,en,Research-backed synthetic,synthetic_research_backed,"unexpected bonus, advance fee, identity-data request",Do not pay or send identity/bank documents.,1. Do not pay. 2. Contact the insurer through the official website/number. 3. Do not send identity documents. 4. Report the message.,High,P1,"English dataset row; retained from the finalized 1,500-record ScamShield dataset.",your insurance policy bonus is ready. pay rs 299 service charges and send your aadhaar and bank details to receive it.
G0645,Your Amazon Logistics order #403-5820147 has shipped and is expected to arrive on 5 October. Please keep this for your records.,genuine,delivery,en,Research-backed synthetic,synthetic_research_backed,normal delivery update,Track through the official retailer/carrier app if needed.,1. Open the official app if tracking is required. 2. Check the order number. 3. No payment is required unless shown in the official order flow.,Low,P4,"English dataset row; retained from the finalized 1,500-record ScamShield dataset.",your amazon logistics order #403-5820147 has shipped and is expected to arrive on 5 october. please keep this for your records.
S0145,Your computer has a critical virus. Call our support number immediately and install this remote-access application. Act now.,scam,tech_support,en,Research-backed synthetic,synthetic_research_backed,"fake technical support, remote-access request, urgency",Do not install remote-access software or call the supplied number.,1. Disconnect from the conversation. 2. Do not install unknown software. 3. Use trusted security tools. 4. Contact the vendor through official support.,Critical,P1,"English dataset row; retained from the finalized 1,500-record ScamShield dataset.",your computer has a critical virus. call our support number immediately and install this remote-access application. act now.
S0017,Premium apartment available at a very low rent. Send a refundable booking deposit of Rs 299 before viewing. Do not ignore this message.,scam,rental_scam,en,Research-backed synthetic,synthetic_research_backed,"unusually low price, advance deposit, no viewing",Do not pay a deposit before independently verifying the property and owner.,1. Do not transfer the deposit. 2. Verify ownership/listing independently. 3. Inspect the property. 4. Report suspicious listings.,High,P2,"English dataset row; retained from the finalized 1,500-record ScamShield dataset.",premium apartment available at a very low rent. send a refundable booking deposit of rs 299 before viewing. do not ignore this message.
S0022,Urgent: your Canara Bank account will be blocked today because PAN/KYC is incomplete. Click http://account-check.invalid to update now.,scam,bank_kyc,en,Research-backed synthetic,synthetic_research_backed,"bank impersonation, urgency, suspicious URL, KYC request",Do not click the link or share banking credentials.,1. Do not click the link. 2. Open the bank's official app/site manually. 3. Verify KYC status. 4. Report the message if fraudulent.,High,P1,"English dataset row; retained from the finalized 1,500-record ScamShield dataset.",urgent: your canara bank account will be blocked today because pan/kyc is incomplete. click http://account-check.invalid to update now.
S0918,Please donate Rs 1299 for an emergency relief campaign. Transfer to this personal UPI ID today. Immediate action required.,scam,charity_scam,en,Research-backed synthetic,synthetic_research_backed,"emotional appeal, personal payment destination, urgency",Verify the charity and donation channel independently.,1. Do not transfer to an unverified personal account. 2. Check the organization's official website. 3. Donate through verified channels. 4. Report the message.,Medium,P2,"English dataset row; retained from the finalized 1,500-record ScamShield dataset.",please donate rs 1299 for an emergency relief campaign. transfer to this personal upi id today. immediate action required.
G0450,Delivery update: India Post will attempt delivery of order #401-8246152 today.,genuine,delivery,en,Research-backed synthetic,synthetic_research_backed,normal delivery update,Use the official tracking page or app.,1. Check official tracking. 2. Keep the delivery address accessible. 3. Contact the retailer through official support if there is a problem.,Low,P4,"English dataset row; retained from the finalized 1,500-record ScamShield dataset.",delivery update: india post will attempt delivery of order #401-8246152 today.
TE-G0007,"మీ సబ్‌స్క్రిప్షన్ 2 अक्टूबरన ₹5,000కి రిన్యూ అవుతుంది.",genuine,subscription,te,Research-backed synthetic multilingual,synthetic_research_backed,సాధారణ సబ్‌స్క్రిప్షన్ సమాచారం,అధికారిక అకౌంట్ సెట్టింగ్స్‌లో వివరాలు చెక్ చేయండి.,1. అధికారిక అకౌంట్ సెట్టింగ్స్‌లో వివరాలు చెక్ చేయండి. 2. అధికారిక ఛానల్ ద్వారా స్వతంత్రంగా వెరిఫై చేయండి. 3. ఆధారాలను సేవ్ చేసి అవసరమైతే రిపోర్ట్ చేయండి.,Low,P4,Telugu synthetic/adapted example; not claimed as verbatim real-world data.,"మీ సబ్‌స్క్రిప్షన్ 2 अक्टूबरన ₹5,000కి రిన్యూ అవుతుంది."
S0947,Earn ₹5000 daily by completing CAPTCHA tasks. Pay ₹499 registration/software charges to activate your account.,scam,fake_captcha_job,en,Research-backed synthetic,synthetic_research_backed,"upfront fee, unrealistic earnings, fake job platform",Do not pay the registration fee.,1. Do not pay the registration fee. 2. Verify independently using the official service/authority. 3. Preserve evidence. 4. Report suspected cyber fraud.,High,P1,"English dataset row; retained from the finalized 1,500-record ScamShield dataset.",earn ₹5000 daily by completing captcha tasks. pay ₹499 registration/software charges to activate your account.
S0484,Your WhatsApp account has been locked. Verify your identity now at http://account-check.invalid to avoid permanent closure. Do not ignore this message.,scam,phishing,en,Research-backed synthetic,synthetic_research_backed,"account threat, urgency, suspicious URL, credential harvesting",Do not click the link.,1. Do not open the URL. 2. Visit the service by typing its official address. 3. Change credentials if exposed. 4. Report the message.,High,P1,"English dataset row; retained from the finalized 1,500-record ScamShield dataset.",your whatsapp account has been locked. verify your identity now at http://account-check.invalid to avoid permanent closure. do not ignore this message.
S1156,Premium apartment available at a very low rent. Send a refundable booking deposit of Rs 1499 before viewing. Do not ignore this message.,scam,rental_scam,en,Research-backed synthetic,synthetic_research_backed,"unusually low price, advance deposit, no viewing",Do not pay a deposit before independently verifying the property and owner.,1. Do not transfer the deposit. 2. Verify ownership/listing independently. 3. Inspect the property. 4. Report suspicious listings.,High,P2,"English dataset row; retained from the finalized 1,500-record ScamShield dataset.",premium apartment available at a very low rent. send a refundable booking deposit of rs 1499 before viewing. do not ignore this message.
S0827,"Hi, I lost my phone and need you to urgently transfer Rs 2499 to this new account. Please don't call. Do not ignore this message.",scam,impersonation,en,Research-backed synthetic,synthetic_research_backed,"impersonation, money request, urgency, discouraging verification",Verify the person's identity through an independent channel before any payment.,1. Do not transfer money. 2. Call the person using a known number. 3. Confirm the request independently. 4. Report if fraudulent.,High,P1,"English dataset row; retained from the finalized 1,500-record ScamShield dataset.","hi, i lost my phone and need you to urgently transfer rs 2499 to this new account. please don't call. do not ignore this message."
S0612,You have been selected for a work-from-home Java Backend Developer paying Rs 249 per day. Pay Rs 199 as registration before joining. Immediate action required.,scam,job_scam,en,Research-backed synthetic,synthetic_research_backed,"unrealistic earnings, upfront fee, unsolicited job",Do not pay the registration fee.,1. Do not pay. 2. Verify the employer independently. 3. Do not share identity/banking documents. 4. Block and report the sender.,High,P1,"English dataset row; retained from the finalized 1,500-record ScamShield dataset.",you have been selected for a work-from-home java backend developer paying rs 249 per day. pay rs 199 as registration before joining. immediate action required.
G0454,Please review the latest project build before tomorrow's team meeting.,genuine,work,en,Research-backed synthetic,synthetic_research_backed,normal workplace communication,Review through the known project workspace.,1. Review through the known project workspace. 2. Verify the message in the official app/portal if needed. 3. Do not share sensitive information unnecessarily.,Low,P4,"English dataset row; retained from the finalized 1,500-record ScamShield dataset.",please review the latest project build before tomorrow's team meeting.
TE-S0041,మీ ₹199 ఇన్‌స్టంట్ లోన్ ఆమోదించబడింది. డబ్బు విడుదలకు ₹199 ప్రాసెసింగ్ ఫీజు చెల్లించండి.,scam,loan_scam,te,Research-backed synthetic multilingual,synthetic_research_backed,"ఫేక్ లోన్, ముందస్తు ఫీజు, ఆర్థిక ఒత్తిడి",ఫీజు చెల్లించకండి; లెండర్ వివరాలు వెరిఫై చేయండి.,1. ఫీజు చెల్లించకండి; లెండర్ వివరాలు వెరిఫై చేయండి. 2. అధికారిక ఛానల్ ద్వారా స్వతంత్రంగా వెరిఫై చేయండి. 3. ఆధారాలను సేవ్ చేసి అవసరమైతే రిపోర్ట్ చేయండి.,High,P1,Telugu synthetic/adapted example; not claimed as verbatim real-world data.,మీ ₹199 ఇన్‌స్టంట్ లోన్ ఆమోదించబడింది. డబ్బు విడుదలకు ₹199 ప్రాసెసింగ్ ఫీజు చెల్లించండి.
G0139,Your Paytm subscription renews on 5 October for Rs 1299.,genuine,subscription,en,Research-backed synthetic,synthetic_research_backed,normal subscription notice,Review the subscription in the official account settings.,1. Check the subscription details. 2. Confirm the renewal amount. 3. Cancel only through the official account if desired.,Low,P4,"English dataset row; retained from the finalized 1,500-record ScamShield dataset.",your paytm subscription renews on 5 october for rs 1299.
G0822,Your service request SUP-23817 has been completed. Please review the update in the official portal. Please keep this for your records.,genuine,service_update,en,Research-backed synthetic,synthetic_research_backed,normal service update,Review the request through the official portal.,1. Open the official portal directly. 2. Check the request status. 3. Contact official support if the result is incorrect.,Low,P4,"English dataset row; retained from the finalized 1,500-record ScamShield dataset.",your service request sup-23817 has been completed. please review the update in the official portal. please keep this for your records.
G0248,Your order #404-7319056 from Myntra has been confirmed for delivery. Thank you.,genuine,ecommerce,en,Research-backed synthetic,synthetic_research_backed,normal ecommerce order confirmation,Check order status in the official store account.,1. Open the official shopping app/site. 2. Verify the order. 3. Contact official support for changes.,Low,P4,"English dataset row; retained from the finalized 1,500-record ScamShield dataset.",your order #404-7319056 from myntra has been confirmed for delivery. thank you.
TE-G0021,"మీ ₹2,499 విద్యుత్ బిల్లు 2 अक्टूबरన చెల్లించాలి.",genuine,utility_genuine,te,Research-backed synthetic multilingual,synthetic_research_backed,సాధారణ యుటిలిటీ రిమైండర్,అధికారిక విద్యుత్ పోర్టల్‌లో బిల్లు చెక్ చేయండి.,1. అధికారిక విద్యుత్ పోర్టల్‌లో బిల్లు చెక్ చేయండి. 2. అధికారిక ఛానల్ ద్వారా స్వతంత్రంగా వెరిఫై చేయండి. 3. ఆధారాలను సేవ్ చేసి అవసరమైతే రిపోర్ట్ చేయండి.,Low,P4,Telugu synthetic/adapted example; not claimed as verbatim real-world data.,"మీ ₹2,499 విద్యుత్ బిల్లు 2 अक्टूबरన చెల్లించాలి."
S0167,Your electricity connection will be disconnected tonight unless you pay the pending bill through http://account-check.invalid.,scam,utility_scam,en,Research-backed synthetic,synthetic_research_backed,"utility impersonation, disconnection threat, suspicious URL",Verify the bill through the official utility portal.,1. Do not open the link. 2. Check the official utility account. 3. Pay only through the official portal. 4. Report the message.,High,P1,"English dataset row; retained from the finalized 1,500-record ScamShield dataset.",your electricity connection will be disconnected tonight unless you pay the pending bill through http://account-check.invalid.
G0868,Please review the latest ScamShield build before the review tomorrow.,genuine,work,en,Research-backed synthetic,synthetic_research_backed,ordinary workplace communication,Review the work through the normal project channel.,1. Open the known project workspace. 2. Review the requested item. 3. Reply with feedback.,Low,P4,"English dataset row; retained from the finalized 1,500-record ScamShield dataset.",please review the latest scamshield build before the review tomorrow.
S1225,Premium apartment available at a very low rent. Send a refundable booking deposit of Rs 1499 before viewing. Immediate action required.,scam,rental_scam,en,Research-backed synthetic,synthetic_research_backed,"unusually low price, advance deposit, no viewing",Do not pay a deposit before independently verifying the property and owner.,1. Do not transfer the deposit. 2. Verify ownership/listing independently. 3. Inspect the property. 4. Report suspicious listings.,High,P2,"English dataset row; retained from the finalized 1,500-record ScamShield dataset.",premium apartment available at a very low rent. send a refundable booking deposit of rs 1499 before viewing. immediate action required.
G0572,Your subscription renews on 2 October for ₹249.,genuine,subscription,en,Research-backed synthetic,synthetic_research_backed,normal subscription notice,Review the subscription in the official account settings.,1. Review the subscription in the official account settings. 2. Verify the message in the official app/portal if needed. 3. Do not share sensitive information unnecessarily.,Low,P4,"English dataset row; retained from the finalized 1,500-record ScamShield dataset.",your subscription renews on 2 october for ₹249.
G0674,Your electricity bill of Rs 799 is due on 2 October. Please pay through the official utility portal. Please keep this for your records.,genuine,utility_genuine,en,Research-backed synthetic,synthetic_research_backed,normal utility bill reminder,Use the official utility website/app.,1. Verify the bill in the official portal. 2. Check the due date and amount. 3. Pay only through the official channel.,Low,P4,"English dataset row; retained from the finalized 1,500-record ScamShield dataset.",your electricity bill of rs 799 is due on 2 october. please pay through the official utility portal. please keep this for your records.
S1223,Congratulations! Your instant loan of Rs 4999 is approved. Pay Rs 299 processing charges to release the funds. Do not ignore this message.,scam,loan_scam,en,Research-backed synthetic,synthetic_research_backed,"unsolicited loan, advance fee, pressure",Do not pay the fee.,1. Do not pay upfront charges. 2. Verify the lender independently. 3. Avoid sharing banking credentials. 4. Report the message.,High,P1,"English dataset row; retained from the finalized 1,500-record ScamShield dataset.",congratulations! your instant loan of rs 4999 is approved. pay rs 299 processing charges to release the funds. do not ignore this message.
HI-S0011,"मैं नया नंबर इस्तेमाल कर रहा हूं। बहुत जरूरी है, मुझे ₹499 अभी ट्रांसफर कर दो। मुझे कॉल मत करना।",scam,impersonation,hi,Research-backed synthetic multilingual,synthetic_research_backed,"व्यक्ति प्रतिरूपण, पैसे की मांग, सत्यापन रोकना",पैसे भेजने से पहले ज्ञात नंबर पर व्यक्ति की पहचान सत्यापित करें।,1. पैसे भेजने से पहले ज्ञात नंबर पर व्यक्ति की पहचान सत्यापित करें। 2. आधिकारिक चैनल से स्वतंत्र रूप से सत्यापन करें। 3. संदिग्ध होने पर संदेश/नंबर की रिपोर्ट करें।,High,P1,Hindi synthetic/adapted example; not claimed as verbatim real-world data.,"मैं नया नंबर इस्तेमाल कर रहा हूं। बहुत जरूरी है, मुझे ₹499 अभी ट्रांसफर कर दो। मुझे कॉल मत करना।"
S0619,Please donate Rs 1299 for an emergency relief campaign. Transfer to this personal UPI ID today.,scam,charity_scam,en,Research-backed synthetic,synthetic_research_backed,"emotional appeal, personal payment destination, urgency",Verify the charity and donation channel independently.,1. Do not transfer to an unverified personal account. 2. Check the organization's official website. 3. Donate through verified channels. 4. Report the message.,Medium,P2,"English dataset row; retained from the finalized 1,500-record ScamShield dataset.",please donate rs 1299 for an emergency relief campaign. transfer to this personal upi id today.
G0085,Your BSNL data plan has 1.2 GB remaining and is valid until 15 October. — Customer Notification.,genuine,telecom_genuine,en,Research-backed synthetic,synthetic_research_backed,normal telecom usage notice,Check usage in the official telecom app if needed.,1. Open the official provider app. 2. Review plan usage. 3. Recharge only through official channels.,Low,P4,"English dataset row; retained from the finalized 1,500-record ScamShield dataset.",your bsnl data plan has 1.2 gb remaining and is valid until 15 october. — customer notification.
HI-G0062,"आपका ₹10,000 बिजली बिल 15 अक्टूबर को देय है।",genuine,utility_genuine,hi,Research-backed synthetic multilingual,synthetic_research_backed,सामान्य यूटिलिटी रिमाइंडर,आधिकारिक बिजली पोर्टल पर बिल जांचें।,1. आधिकारिक बिजली पोर्टल पर बिल जांचें। 2. आधिकारिक चैनल से स्वतंत्र रूप से सत्यापन करें। 3. संदिग्ध होने पर संदेश/नंबर की रिपोर्ट करें।,Low,P4,Hindi synthetic/adapted example; not claimed as verbatim real-world data.,"आपका ₹10,000 बिजली बिल 15 अक्टूबर को देय है।"
HI-G0028,आपका ऑर्डर #401-8246152 भेज दिया गया है और 2 अक्टूबर तक पहुंचने की उम्मीद है।,genuine,delivery,hi,Research-backed synthetic multilingual,synthetic_research_backed,सामान्य डिलीवरी अपडेट,आधिकारिक ऐप/वेबसाइट से ट्रैक करें।,1. आधिकारिक ऐप/वेबसाइट से ट्रैक करें। 2. आधिकारिक चैनल से स्वतंत्र रूप से सत्यापन करें। 3. संदिग्ध होने पर संदेश/नंबर की रिपोर्ट करें।,Low,P4,Hindi synthetic/adapted example; not claimed as verbatim real-world data.,आपका ऑर्डर #401-8246152 भेज दिया गया है और 2 अक्टूबर तक पहुंचने की उम्मीद है।
G0662,Your Flipkart subscription renews on 5 October for Rs 4999.,genuine,subscription,en,Research-backed synthetic,synthetic_research_backed,normal subscription notice,Review the subscription in the official account settings.,1. Check the subscription details. 2. Confirm the renewal amount. 3. Cancel only through the official account if desired.,Low,P4,"English dataset row; retained from the finalized 1,500-record ScamShield dataset.",your flipkart subscription renews on 5 october for rs 4999.
G0807,The Cybersecurity assignment deadline is 2 October. Please submit it through the student portal.,genuine,education,en,Research-backed synthetic,synthetic_research_backed,normal educational announcement,Use the official student portal.,1. Check the assignment details. 2. Prepare the submission. 3. Upload through the official portal before the deadline.,Low,P4,"English dataset row; retained from the finalized 1,500-record ScamShield dataset.",the cybersecurity assignment deadline is 2 october. please submit it through the student portal.
G0569,Your subscription renews on 10 October for ₹249.,genuine,subscription,en,Research-backed synthetic,synthetic_research_backed,normal subscription notice,Review the subscription in the official account settings.,1. Review the subscription in the official account settings. 2. Verify the message in the official app/portal if needed. 3. Do not share sensitive information unnecessarily.,Low,P4,"English dataset row; retained from the finalized 1,500-record ScamShield dataset.",your subscription renews on 10 october for ₹249.
S0999,Congratulations! Your instant loan of Rs 799 is approved. Pay Rs 199 processing charges to release the funds. Act now.,scam,loan_scam,en,Research-backed synthetic,synthetic_research_backed,"unsolicited loan, advance fee, pressure",Do not pay the fee.,1. Do not pay upfront charges. 2. Verify the lender independently. 3. Avoid sharing banking credentials. 4. Report the message.,High,P1,"English dataset row; retained from the finalized 1,500-record ScamShield dataset.",congratulations! your instant loan of rs 799 is approved. pay rs 199 processing charges to release the funds. act now.
S0121,Congratulations! Your instant loan of Rs 249 is approved. Pay Rs 299 processing charges to release the funds. Act now.,scam,loan_scam,en,Research-backed synthetic,synthetic_research_backed,"unsolicited loan, advance fee, pressure",Do not pay the fee.,1. Do not pay upfront charges. 2. Verify the lender independently. 3. Avoid sharing banking credentials. 4. Report the message.,High,P1,"English dataset row; retained from the finalized 1,500-record ScamShield dataset.",congratulations! your instant loan of rs 249 is approved. pay rs 299 processing charges to release the funds. act now.
TE-G0030,"మీ Swiggy చెల్లింపు ₹2,499 విజయవంతంగా ప్రాసెస్ చేయబడింది.",genuine,transaction,te,Research-backed synthetic multilingual,synthetic_research_backed,సాధారణ ట్రాన్సాక్షన్ సమాచారం,అధికారిక యాప్‌లో ట్రాన్సాక్షన్‌ను చెక్ చేయండి.,1. అధికారిక యాప్‌లో ట్రాన్సాక్షన్‌ను చెక్ చేయండి. 2. అధికారిక ఛానల్ ద్వారా స్వతంత్రంగా వెరిఫై చేయండి. 3. ఆధారాలను సేవ్ చేసి అవసరమైతే రిపోర్ట్ చేయండి.,Low,P4,Telugu synthetic/adapted example; not claimed as verbatim real-world data.,"మీ swiggy చెల్లింపు ₹2,499 విజయవంతంగా ప్రాసెస్ చేయబడింది."
G1260,Your mobile plan has 800 MB remaining and is valid until 10 October.,genuine,telecom_genuine,en,Research-backed synthetic,synthetic_research_backed,normal telecom usage notice,Check usage in the official provider app.,1. Check usage in the official provider app. 2. Verify the message in the official app/portal if needed. 3. Do not share sensitive information unnecessarily.,Low,P4,"English dataset row; retained from the finalized 1,500-record ScamShield dataset.",your mobile plan has 800 mb remaining and is valid until 10 october.
G1164,Your Vi data plan has 5 GB remaining and is valid until 2 October. — Customer Notification.,genuine,telecom_genuine,en,Research-backed synthetic,synthetic_research_backed,normal telecom usage notice,Check usage in the official telecom app if needed.,1. Open the official provider app. 2. Review plan usage. 3. Recharge only through official channels.,Low,P4,"English dataset row; retained from the finalized 1,500-record ScamShield dataset.",your vi data plan has 5 gb remaining and is valid until 2 october. — customer notification.
TE-G0060,మీ ₹499 విద్యుత్ బిల్లు 15 अक्टूबरన చెల్లించాలి.,genuine,utility_genuine,te,Research-backed synthetic multilingual,synthetic_research_backed,సాధారణ యుటిలిటీ రిమైండర్,అధికారిక విద్యుత్ పోర్టల్‌లో బిల్లు చెక్ చేయండి.,1. అధికారిక విద్యుత్ పోర్టల్‌లో బిల్లు చెక్ చేయండి. 2. అధికారిక ఛానల్ ద్వారా స్వతంత్రంగా వెరిఫై చేయండి. 3. ఆధారాలను సేవ్ చేసి అవసరమైతే రిపోర్ట్ చేయండి.,Low,P4,Telugu synthetic/adapted example; not claimed as verbatim real-world data.,మీ ₹499 విద్యుత్ బిల్లు 15 अक्टूबरన చెల్లించాలి.
G0941,The Data Analytics assignment deadline is 5 October. Please submit it through the student portal. Thank you.,genuine,education,en,Research-backed synthetic,synthetic_research_backed,normal educational announcement,Use the official student portal.,1. Check the assignment details. 2. Prepare the submission. 3. Upload through the official portal before the deadline.,Low,P4,"English dataset row; retained from the finalized 1,500-record ScamShield dataset.",the data analytics assignment deadline is 5 october. please submit it through the student portal. thank you.
G1264,Your mobile plan has 5 GB remaining and is valid until 10 October.,genuine,telecom_genuine,en,Research-backed synthetic,synthetic_research_backed,normal telecom usage notice,Check usage in the official provider app.,1. Check usage in the official provider app. 2. Verify the message in the official app/portal if needed. 3. Do not share sensitive information unnecessarily.,Low,P4,"English dataset row; retained from the finalized 1,500-record ScamShield dataset.",your mobile plan has 5 gb remaining and is valid until 10 october.
S0235,Your electricity connection will be disconnected tonight unless you pay the pending bill through https://example.invalid/verify.,scam,utility_scam,en,Research-backed synthetic,synthetic_research_backed,"utility impersonation, disconnection threat, suspicious URL",Verify the bill through the official utility portal.,1. Do not open the link. 2. Check the official utility account. 3. Pay only through the official portal. 4. Report the message.,High,P1,"English dataset row; retained from the finalized 1,500-record ScamShield dataset.",your electricity connection will be disconnected tonight unless you pay the pending bill through https://example.invalid/verify.
S0023,Your Google account has been locked. Verify your identity now at http://account-check.invalid to avoid permanent closure. Immediate action required.,scam,phishing,en,Research-backed synthetic,synthetic_research_backed,"account threat, urgency, suspicious URL, credential harvesting",Do not click the link.,1. Do not open the URL. 2. Visit the service by typing its official address. 3. Change credentials if exposed. 4. Report the message.,High,P1,"English dataset row; retained from the finalized 1,500-record ScamShield dataset.",your google account has been locked. verify your identity now at http://account-check.invalid to avoid permanent closure. immediate action required.
S0550,Your Google account has been locked. Verify your identity now at http://secure-update.invalid to avoid permanent closure. Immediate action required.,scam,phishing,en,Research-backed synthetic,synthetic_research_backed,"account threat, urgency, suspicious URL, credential harvesting",Do not click the link.,1. Do not open the URL. 2. Visit the service by typing its official address. 3. Change credentials if exposed. 4. Report the message.,High,P1,"English dataset row; retained from the finalized 1,500-record ScamShield dataset.",your google account has been locked. verify your identity now at http://secure-update.invalid to avoid permanent closure. immediate action required.
G1436,Your WhatsApp subscription renews on 30 September for Rs 2499. Please keep this for your records.,genuine,subscription,en,Research-backed synthetic,synthetic_research_backed,normal subscription notice,Review the subscription in the official account settings.,1. Check the subscription details. 2. Confirm the renewal amount. 3. Cancel only through the official account if desired.,Low,P4,"English dataset row; retained from the finalized 1,500-record ScamShield dataset.",your whatsapp subscription renews on 30 september for rs 2499. please keep this for your records.
G0511,Your subscription renews on 30 September for ₹499.,genuine,subscription,en,Research-backed synthetic,synthetic_research_backed,normal subscription notice,Review the subscription in the official account settings.,1. Review the subscription in the official account settings. 2. Verify the message in the official app/portal if needed. 3. Do not share sensitive information unnecessarily.,Low,P4,"English dataset row; retained from the finalized 1,500-record ScamShield dataset.",your subscription renews on 30 september for ₹499.
S0168,Earn ₹2499 daily by completing CAPTCHA tasks. Pay ₹199 registration/software charges to activate your account.,scam,fake_captcha_job,en,Research-backed synthetic,synthetic_research_backed,"upfront fee, unrealistic earnings, fake job platform",Do not pay the registration fee.,1. Do not pay the registration fee. 2. Verify independently using the official service/authority. 3. Preserve evidence. 4. Report suspected cyber fraud.,High,P1,"English dataset row; retained from the finalized 1,500-record ScamShield dataset.",earn ₹2499 daily by completing captcha tasks. pay ₹199 registration/software charges to activate your account.
G1038,Reminder: your appointment is scheduled for 2 October at 9:30 AM.,genuine,appointment,en,Research-backed synthetic,synthetic_research_backed,normal appointment reminder,Confirm through the official provider if needed.,1. Confirm through the official provider if needed. 2. Verify the message in the official app/portal if needed. 3. Do not share sensitive information unnecessarily.,Low,P4,"English dataset row; retained from the finalized 1,500-record ScamShield dataset.",reminder: your appointment is scheduled for 2 october at 9:30 am.
S1202,Congratulations! You won Rs 499 in a lucky draw. Pay Rs 299 tax/processing charges to claim your prize.,scam,lottery,en,Research-backed synthetic,synthetic_research_backed,"unexpected prize, upfront payment, lottery claim",Do not pay the fee.,1. Do not send money. 2. Do not share financial details. 3. Block the sender. 4. Report the message.,High,P1,"English dataset row; retained from the finalized 1,500-record ScamShield dataset.",congratulations! you won rs 499 in a lucky draw. pay rs 299 tax/processing charges to claim your prize.
S0187,"Hi, I lost my phone and need you to urgently transfer Rs 1299 to this new account. Please don't call. Immediate action required.",scam,impersonation,en,Research-backed synthetic,synthetic_research_backed,"impersonation, money request, urgency, discouraging verification",Verify the person's identity through an independent channel before any payment.,1. Do not transfer money. 2. Call the person using a known number. 3. Confirm the request independently. 4. Report if fraudulent.,High,P1,"English dataset row; retained from the finalized 1,500-record ScamShield dataset.","hi, i lost my phone and need you to urgently transfer rs 1299 to this new account. please don't call. immediate action required."
G0680,Your application for the Data Analyst position has moved to the next stage. Please check the company careers portal.,genuine,job_genuine,en,Research-backed synthetic,synthetic_research_backed,normal recruitment communication,Access the known company careers portal directly.,1. Open the company website manually. 2. Check application status. 3. Follow the official recruitment process.,Low,P4,"English dataset row; retained from the finalized 1,500-record ScamShield dataset.",your application for the data analyst position has moved to the next stage. please check the company careers portal.
TE-G0046,మీ ట్రావెల్ బుకింగ్ R2N6VT 15 अक्टूबरకి కన్ఫర్మ్ అయింది.,genuine,travel,te,Research-backed synthetic multilingual,synthetic_research_backed,సాధారణ ట్రావెల్ కన్ఫర్మేషన్,అధికారిక ట్రావెల్ యాప్‌లో చెక్ చేయండి.,1. అధికారిక ట్రావెల్ యాప్‌లో చెక్ చేయండి. 2. అధికారిక ఛానల్ ద్వారా స్వతంత్రంగా వెరిఫై చేయండి. 3. ఆధారాలను సేవ్ చేసి అవసరమైతే రిపోర్ట్ చేయండి.,Low,P4,Telugu synthetic/adapted example; not claimed as verbatim real-world data.,మీ ట్రావెల్ బుకింగ్ r2n6vt 15 अक्टूबरకి కన్ఫర్మ్ అయింది.
G0630,Your application for the Data Analyst position has moved to the next stage. Please check the company careers portal. Thank you.,genuine,job_genuine,en,Research-backed synthetic,synthetic_research_backed,normal recruitment communication,Access the known company careers portal directly.,1. Open the company website manually. 2. Check application status. 3. Follow the official recruitment process.,Low,P4,"English dataset row; retained from the finalized 1,500-record ScamShield dataset.",your application for the data analyst position has moved to the next stage. please check the company careers portal. thank you.
S0896,Your parcel is held because of a Rs 999 customs/redelivery charge. Pay at http://account-check.invalid within 2 hours. Immediate action required.,scam,delivery,en,Research-backed synthetic,synthetic_research_backed,"delivery impersonation, small fee, urgency, suspicious URL",Do not pay through the provided link.,1. Do not open the link. 2. Check the order on the official retailer/carrier site. 3. Verify any fee there. 4. Report the SMS.,High,P1,"English dataset row; retained from the finalized 1,500-record ScamShield dataset.",your parcel is held because of a rs 999 customs/redelivery charge. pay at http://account-check.invalid within 2 hours. immediate action required.
HI-S0007,"आपका इंस्टेंट लोन स्वीकृत है। ऐप डाउनलोड करें और ₹4,999 देकर लोन जारी करवाएं।",scam,fake_loan_app,hi,Research-backed synthetic multilingual,synthetic_research_backed,"फर्जी लोन ऐप, ऐप इंस्टॉलेशन, अग्रिम शुल्क",अज्ञात ऐप इंस्टॉल न करें और शुल्क न दें।,1. अज्ञात ऐप इंस्टॉल न करें और शुल्क न दें। 2. आधिकारिक चैनल से स्वतंत्र रूप से सत्यापन करें। 3. संदिग्ध होने पर संदेश/नंबर की रिपोर्ट करें।,Critical,P1,Hindi synthetic/adapted example; not claimed as verbatim real-world data.,"आपका इंस्टेंट लोन स्वीकृत है। ऐप डाउनलोड करें और ₹4,999 देकर लोन जारी करवाएं।"
S0474,Urgent: your Kotak Bank account will be blocked today because PAN/KYC is incomplete. Click http://secure-update.invalid to update now. Immediate action required.,scam,bank_kyc,en,Research-backed synthetic,synthetic_research_backed,"bank impersonation, urgency, suspicious URL, KYC request",Do not click the link or share banking credentials.,1. Do not click the link. 2. Open the bank's official app/site manually. 3. Verify KYC status. 4. Report the message if fraudulent.,High,P1,"English dataset row; retained from the finalized 1,500-record ScamShield dataset.",urgent: your kotak bank account will be blocked today because pan/kyc is incomplete. click http://secure-update.invalid to update now. immediate action required.
G0521,Your Spotify payment of Rs 4999 was processed successfully. Please keep this for your records.,genuine,transaction,en,Research-backed synthetic,synthetic_research_backed,normal transaction notification,Verify the transaction in the official app or bank statement.,1. Check the transaction in the official app. 2. Confirm the amount and merchant. 3. Keep the receipt if needed.,Low,P4,"English dataset row; retained from the finalized 1,500-record ScamShield dataset.",your spotify payment of rs 4999 was processed successfully. please keep this for your records.
S0808,Please donate Rs 249 for an emergency relief campaign. Transfer to this personal UPI ID today. Do not ignore this message.,scam,charity_scam,en,Research-backed synthetic,synthetic_research_backed,"emotional appeal, personal payment destination, urgency",Verify the charity and donation channel independently.,1. Do not transfer to an unverified personal account. 2. Check the organization's official website. 3. Donate through verified channels. 4. Report the message.,Medium,P2,"English dataset row; retained from the finalized 1,500-record ScamShield dataset.",please donate rs 249 for an emergency relief campaign. transfer to this personal upi id today. do not ignore this message.
S0554,Congratulations! You won Rs 249 in a lucky draw. Pay Rs 299 tax/processing charges to claim your prize.,scam,lottery,en,Research-backed synthetic,synthetic_research_backed,"unexpected prize, upfront payment, lottery claim",Do not pay the fee.,1. Do not send money. 2. Do not share financial details. 3. Block the sender. 4. Report the message.,High,P1,"English dataset row; retained from the finalized 1,500-record ScamShield dataset.",congratulations! you won rs 249 in a lucky draw. pay rs 299 tax/processing charges to claim your prize.
S0625,Urgent: your HDFC Bank account will be blocked today because PAN/KYC is incomplete. Click http://account-check.invalid to update now. Do not ignore this message.,scam,bank_kyc,en,Research-backed synthetic,synthetic_research_backed,"bank impersonation, urgency, suspicious URL, KYC request",Do not click the link or share banking credentials.,1. Do not click the link. 2. Open the bank's official app/site manually. 3. Verify KYC status. 4. Report the message if fraudulent.,High,P1,"English dataset row; retained from the finalized 1,500-record ScamShield dataset.",urgent: your hdfc bank account will be blocked today because pan/kyc is incomplete. click http://account-check.invalid to update now. do not ignore this message.
HI-S0120,घर से काम करके रोज़ ₹199 कमाएं। नौकरी शुरू करने से पहले ₹199 रजिस्ट्रेशन शुल्क जमा करें।,scam,job_scam,hi,Research-backed synthetic multilingual,synthetic_research_backed,"फर्जी नौकरी, अवास्तविक कमाई, अग्रिम शुल्क",रजिस्ट्रेशन शुल्क न दें और नियोक्ता की स्वतंत्र रूप से जांच करें।,1. रजिस्ट्रेशन शुल्क न दें और नियोक्ता की स्वतंत्र रूप से जांच करें। 2. आधिकारिक चैनल से स्वतंत्र रूप से सत्यापन करें। 3. संदिग्ध होने पर संदेश/नंबर की रिपोर्ट करें।,High,P1,Hindi synthetic/adapted example; not claimed as verbatim real-world data.,घर से काम करके रोज़ ₹199 कमाएं। नौकरी शुरू करने से पहले ₹199 रजिस्ट्रेशन शुल्क जमा करें।
G0449,Your electricity bill of ₹199 is due on 30 September.,genuine,utility_genuine,en,Research-backed synthetic,synthetic_research_backed,normal utility reminder,Check the official utility portal.,1. Check the official utility portal. 2. Verify the message in the official app/portal if needed. 3. Do not share sensitive information unnecessarily.,Low,P4,"English dataset row; retained from the finalized 1,500-record ScamShield dataset.",your electricity bill of ₹199 is due on 30 september.
G1492,Your order #401-8246152 has shipped and is expected to arrive on 15 October.,genuine,delivery,en,Research-backed synthetic,synthetic_research_backed,normal delivery update,Track through the official retailer/carrier app.,1. Track through the official retailer/carrier app. 2. Verify the message in the official app/portal if needed. 3. Do not share sensitive information unnecessarily.,Low,P4,"English dataset row; retained from the finalized 1,500-record ScamShield dataset.",your order #401-8246152 has shipped and is expected to arrive on 15 october.
G0434,आपके Netflix भुगतान का ₹4999 का लेनदेन सफल रहा। Thank you.,genuine,transaction,en,Research-backed synthetic,synthetic_research_backed,normal transaction notification,Verify the transaction through the official app.,1. आधिकारिक ऐप खोलें। 2. लेनदेन की राशि जांचें। 3. अनजान लेनदेन हो तो बैंक से संपर्क करें।,Low,P4,"English dataset row; retained from the finalized 1,500-record ScamShield dataset.",आपके netflix भुगतान का ₹4999 का लेनदेन सफल रहा। thank you.
S0270,Our AI trading group guarantees 10% daily profit. Deposit Rs 249 today to activate your account. Act now.,scam,investment_scam,en,Research-backed synthetic,synthetic_research_backed,"guaranteed returns, investment pressure, deposit request",Do not transfer money based on the message.,1. Do not deposit funds. 2. Verify the company independently. 3. Check regulatory status where applicable. 4. Report the solicitation.,Critical,P1,"English dataset row; retained from the finalized 1,500-record ScamShield dataset.",our ai trading group guarantees 10% daily profit. deposit rs 249 today to activate your account. act now.
S0600,Urgent: your ICICI Bank account will be blocked today because PAN/KYC is incomplete. Click http://secure-update.invalid to update now.,scam,bank_kyc,en,Research-backed synthetic,synthetic_research_backed,"bank impersonation, urgency, suspicious URL, KYC request",Do not click the link or share banking credentials.,1. Do not click the link. 2. Open the bank's official app/site manually. 3. Verify KYC status. 4. Report the message if fraudulent.,High,P1,"English dataset row; retained from the finalized 1,500-record ScamShield dataset.",urgent: your icici bank account will be blocked today because pan/kyc is incomplete. click http://secure-update.invalid to update now.
G0669,Your verification code for Microsoft is A-739214. Do not share it with anyone.,genuine,otp,en,Research-backed synthetic,synthetic_research_backed,legitimate verification-code notice,Use the code only in the login/verification flow you initiated.,"1. Use the code only on the official service. 2. Never forward the code. 3. If you did not request it, ignore it and review account security.",Low,P4,"English dataset row; retained from the finalized 1,500-record ScamShield dataset.",your verification code for microsoft is a-739214. do not share it with anyone.
G0582,Reminder from KIMS: your lab appointment is booked for 2 October at 10:00 AM. Please keep this for your records.,genuine,healthcare,en,Research-backed synthetic,synthetic_research_backed,normal healthcare reminder,Use the clinic's official contact details for changes.,1. Verify the appointment in the clinic system. 2. Add it to your calendar. 3. Contact the clinic through its official number if needed.,Low,P4,"English dataset row; retained from the finalized 1,500-record ScamShield dataset.",reminder from kims: your lab appointment is booked for 2 october at 10:00 am. please keep this for your records.
HI-G0077,"आपका ₹5,000 बिजली बिल 5 अक्टूबर को देय है।",genuine,utility_genuine,hi,Research-backed synthetic multilingual,synthetic_research_backed,सामान्य यूटिलिटी रिमाइंडर,आधिकारिक बिजली पोर्टल पर बिल जांचें।,1. आधिकारिक बिजली पोर्टल पर बिल जांचें। 2. आधिकारिक चैनल से स्वतंत्र रूप से सत्यापन करें। 3. संदिग्ध होने पर संदेश/नंबर की रिपोर्ट करें।,Low,P4,Hindi synthetic/adapted example; not claimed as verbatim real-world data.,"आपका ₹5,000 बिजली बिल 5 अक्टूबर को देय है।"
HI-G0106,आपका Google सत्यापन कोड Q-183640 है। इसे किसी के साथ साझा न करें।,genuine,otp,hi,Research-backed synthetic multilingual,synthetic_research_backed,वैध OTP सूचना,केवल आपके द्वारा शुरू किए गए सत्यापन में कोड का उपयोग करें।,1. केवल आपके द्वारा शुरू किए गए सत्यापन में कोड का उपयोग करें। 2. आधिकारिक चैनल से स्वतंत्र रूप से सत्यापन करें। 3. संदिग्ध होने पर संदेश/नंबर की रिपोर्ट करें।,Low,P4,Hindi synthetic/adapted example; not claimed as verbatim real-world data.,आपका google सत्यापन कोड q-183640 है। इसे किसी के साथ साझा न करें।
S0241,Urgent: your ICICI Bank account will be blocked today because PAN/KYC is incomplete. Click http://secure-update.invalid to update now. Do not ignore this message.,scam,bank_kyc,en,Research-backed synthetic,synthetic_research_backed,"bank impersonation, urgency, suspicious URL, KYC request",Do not click the link or share banking credentials.,1. Do not click the link. 2. Open the bank's official app/site manually. 3. Verify KYC status. 4. Report the message if fraudulent.,High,P1,"English dataset row; retained from the finalized 1,500-record ScamShield dataset.",urgent: your icici bank account will be blocked today because pan/kyc is incomplete. click http://secure-update.invalid to update now. do not ignore this message.
S1192,Our crypto trading bot guarantees 20% profit every day. Deposit ₹10000 now to join.,scam,crypto_investment,en,Research-backed synthetic,synthetic_research_backed,"guaranteed returns, crypto solicitation, deposit request",Do not transfer money based on guaranteed-profit claims.,1. Do not transfer money based on guaranteed-profit claims. 2. Verify independently using the official service/authority. 3. Preserve evidence. 4. Report suspected cyber fraud.,Critical,P1,"English dataset row; retained from the finalized 1,500-record ScamShield dataset.",our crypto trading bot guarantees 20% profit every day. deposit ₹10000 now to join.
S0467,You have been selected for a work-from-home ML Intern paying Rs 249 per day. Pay Rs 1499 as registration before joining. Do not ignore this message.,scam,job_scam,en,Research-backed synthetic,synthetic_research_backed,"unrealistic earnings, upfront fee, unsolicited job",Do not pay the registration fee.,1. Do not pay. 2. Verify the employer independently. 3. Do not share identity/banking documents. 4. Block and report the sender.,High,P1,"English dataset row; retained from the finalized 1,500-record ScamShield dataset.",you have been selected for a work-from-home ml intern paying rs 249 per day. pay rs 1499 as registration before joining. do not ignore this message.
G1048,आपके Zomato भुगतान का ₹1299 का लेनदेन सफल रहा। Thank you.,genuine,transaction,en,Research-backed synthetic,synthetic_research_backed,normal transaction notification,Verify the transaction through the official app.,1. आधिकारिक ऐप खोलें। 2. लेनदेन की राशि जांचें। 3. अनजान लेनदेन हो तो बैंक से संपर्क करें।,Low,P4,"English dataset row; retained from the finalized 1,500-record ScamShield dataset.",आपके zomato भुगतान का ₹1299 का लेनदेन सफल रहा। thank you.
G0340,Please review the latest Live Call Guardian build before the stand-up tomorrow. — Customer Notification.,genuine,work,en,Research-backed synthetic,synthetic_research_backed,ordinary workplace communication,Review the work through the normal project channel.,1. Open the known project workspace. 2. Review the requested item. 3. Reply with feedback.,Low,P4,"English dataset row; retained from the finalized 1,500-record ScamShield dataset.",please review the latest live call guardian build before the stand-up tomorrow. — customer notification.
G1351,Your service request REQ-51942 has been completed. Please review the update in the official portal. Please keep this for your records.,genuine,service_update,en,Research-backed synthetic,synthetic_research_backed,normal service update,Review the request through the official portal.,1. Open the official portal directly. 2. Check the request status. 3. Contact official support if the result is incorrect.,Low,P4,"English dataset row; retained from the finalized 1,500-record ScamShield dataset.",your service request req-51942 has been completed. please review the update in the official portal. please keep this for your records.
G0788,आपके Spotify भुगतान का ₹1299 का लेनदेन सफल रहा। — Customer Notification.,genuine,transaction,en,Research-backed synthetic,synthetic_research_backed,normal transaction notification,Verify the transaction through the official app.,1. आधिकारिक ऐप खोलें। 2. लेनदेन की राशि जांचें। 3. अनजान लेनदेन हो तो बैंक से संपर्क करें।,Low,P4,"English dataset row; retained from the finalized 1,500-record ScamShield dataset.",आपके spotify भुगतान का ₹1299 का लेनदेन सफल रहा। — customer notification.
G0461,The department seminar on Generative AI will be held on 2 October in sample-venue. Thank you.,genuine,college_announcement,en,Research-backed synthetic,synthetic_research_backed,normal institutional announcement,Check the official college communication channel for details.,1. Verify the announcement in the official portal/email. 2. Note the venue and time. 3. Attend if relevant.,Low,P4,"English dataset row; retained from the finalized 1,500-record ScamShield dataset.",the department seminar on generative ai will be held on 2 october in sample-venue. thank you.
TE-G0124,"మీ Amazon చెల్లింపు ₹5,000 విజయవంతంగా ప్రాసెస్ చేయబడింది.",genuine,transaction,te,Research-backed synthetic multilingual,synthetic_research_backed,సాధారణ ట్రాన్సాక్షన్ సమాచారం,అధికారిక యాప్‌లో ట్రాన్సాక్షన్‌ను చెక్ చేయండి.,1. అధికారిక యాప్‌లో ట్రాన్సాక్షన్‌ను చెక్ చేయండి. 2. అధికారిక ఛానల్ ద్వారా స్వతంత్రంగా వెరిఫై చేయండి. 3. ఆధారాలను సేవ్ చేసి అవసరమైతే రిపోర్ట్ చేయండి.,Low,P4,Telugu synthetic/adapted example; not claimed as verbatim real-world data.,"మీ amazon చెల్లింపు ₹5,000 విజయవంతంగా ప్రాసెస్ చేయబడింది."
S0496,Our AI trading group guarantees 10% daily profit. Deposit Rs 4999 today to activate your account. Act now.,scam,investment_scam,en,Research-backed synthetic,synthetic_research_backed,"guaranteed returns, investment pressure, deposit request",Do not transfer money based on the message.,1. Do not deposit funds. 2. Verify the company independently. 3. Check regulatory status where applicable. 4. Report the solicitation.,Critical,P1,"English dataset row; retained from the finalized 1,500-record ScamShield dataset.",our ai trading group guarantees 10% daily profit. deposit rs 4999 today to activate your account. act now.
S0826,Urgent: your SBI account will be blocked today because PAN/KYC is incomplete. Click http://secure-update.invalid to update now. Act now.,scam,bank_kyc,en,Research-backed synthetic,synthetic_research_backed,"bank impersonation, urgency, suspicious URL, KYC request",Do not click the link or share banking credentials.,1. Do not click the link. 2. Open the bank's official app/site manually. 3. Verify KYC status. 4. Report the message if fraudulent.,High,P1,"English dataset row; retained from the finalized 1,500-record ScamShield dataset.",urgent: your sbi account will be blocked today because pan/kyc is incomplete. click http://secure-update.invalid to update now. act now.
S1333,Our AI trading group guarantees 20% daily profit. Deposit Rs 499 today to activate your account. Do not ignore this message.,scam,investment_scam,en,Research-backed synthetic,synthetic_research_backed,"guaranteed returns, investment pressure, deposit request",Do not transfer money based on the message.,1. Do not deposit funds. 2. Verify the company independently. 3. Check regulatory status where applicable. 4. Report the solicitation.,Critical,P1,"English dataset row; retained from the finalized 1,500-record ScamShield dataset.",our ai trading group guarantees 20% daily profit. deposit rs 499 today to activate your account. do not ignore this message.
S1383,Earn ₹10000 daily by completing CAPTCHA tasks. Pay ₹199 registration/software charges to activate your account.,scam,fake_captcha_job,en,Research-backed synthetic,synthetic_research_backed,"upfront fee, unrealistic earnings, fake job platform",Do not pay the registration fee.,1. Do not pay the registration fee. 2. Verify independently using the official service/authority. 3. Preserve evidence. 4. Report suspected cyber fraud.,High,P1,"English dataset row; retained from the finalized 1,500-record ScamShield dataset.",earn ₹10000 daily by completing captcha tasks. pay ₹199 registration/software charges to activate your account.
S1353,Urgent: your SBI account will be blocked today because PAN/KYC is incomplete. Click http://account-check.invalid to update now. Do not ignore this message.,scam,bank_kyc,en,Research-backed synthetic,synthetic_research_backed,"bank impersonation, urgency, suspicious URL, KYC request",Do not click the link or share banking credentials.,1. Do not click the link. 2. Open the bank's official app/site manually. 3. Verify KYC status. 4. Report the message if fraudulent.,High,P1,"English dataset row; retained from the finalized 1,500-record ScamShield dataset.",urgent: your sbi account will be blocked today because pan/kyc is incomplete. click http://account-check.invalid to update now. do not ignore this message.
S0212,Congratulations! You won Rs 199 in a lucky draw. Pay Rs 1499 tax/processing charges to claim your prize. Act now.,scam,lottery,en,Research-backed synthetic,synthetic_research_backed,"unexpected prize, upfront payment, lottery claim",Do not pay the fee.,1. Do not send money. 2. Do not share financial details. 3. Block the sender. 4. Report the message.,High,P1,"English dataset row; retained from the finalized 1,500-record ScamShield dataset.",congratulations! you won rs 199 in a lucky draw. pay rs 1499 tax/processing charges to claim your prize. act now.
G0972,Your order #402-1937460 from Croma has been confirmed for delivery. Thank you.,genuine,ecommerce,en,Research-backed synthetic,synthetic_research_backed,normal ecommerce order confirmation,Check order status in the official store account.,1. Open the official shopping app/site. 2. Verify the order. 3. Contact official support for changes.,Low,P4,"English dataset row; retained from the finalized 1,500-record ScamShield dataset.",your order #402-1937460 from croma has been confirmed for delivery. thank you.
S0604,Our AI trading group guarantees 5% daily profit. Deposit Rs 4999 today to activate your account. Act now.,scam,investment_scam,en,Research-backed synthetic,synthetic_research_backed,"guaranteed returns, investment pressure, deposit request",Do not transfer money based on the message.,1. Do not deposit funds. 2. Verify the company independently. 3. Check regulatory status where applicable. 4. Report the solicitation.,Critical,P1,"English dataset row; retained from the finalized 1,500-record ScamShield dataset.",our ai trading group guarantees 5% daily profit. deposit rs 4999 today to activate your account. act now.
TE-G0027,మీ మొబైల్ ప్లాన్‌లో 800 MB డేటా మిగిలి ఉంది మరియు ఇది 10 अक्टूबर వరకు చెల్లుతుంది.,genuine,telecom_genuine,te,Research-backed synthetic multilingual,synthetic_research_backed,సాధారణ టెలికాం సమాచారం,అధికారిక టెలికాం యాప్‌లో చెక్ చేయండి.,1. అధికారిక టెలికాం యాప్‌లో చెక్ చేయండి. 2. అధికారిక ఛానల్ ద్వారా స్వతంత్రంగా వెరిఫై చేయండి. 3. ఆధారాలను సేవ్ చేసి అవసరమైతే రిపోర్ట్ చేయండి.,Low,P4,Telugu synthetic/adapted example; not claimed as verbatim real-world data.,మీ మొబైల్ ప్లాన్‌లో 800 mb డేటా మిగిలి ఉంది మరియు ఇది 10 अक्टूबर వరకు చెల్లుతుంది.
HI-G0059,क्या हम आज 4:30 बजे बजे कॉलेज कैंटीन में मिल रहे हैं?,genuine,personal,hi,Research-backed synthetic multilingual,synthetic_research_backed,सामान्य व्यक्तिगत संदेश,सामान्य रूप से उत्तर दें।,1. सामान्य रूप से उत्तर दें। 2. आधिकारिक चैनल से स्वतंत्र रूप से सत्यापन करें। 3. संदिग्ध होने पर संदेश/नंबर की रिपोर्ट करें।,Low,P4,Hindi synthetic/adapted example; not claimed as verbatim real-world data.,क्या हम आज 4:30 बजे बजे कॉलेज कैंटीन में मिल रहे हैं?
HI-G0097,आपका ऑर्डर #402-1937460 भेज दिया गया है और 15 अक्टूबर तक पहुंचने की उम्मीद है।,genuine,delivery,hi,Research-backed synthetic multilingual,synthetic_research_backed,सामान्य डिलीवरी अपडेट,आधिकारिक ऐप/वेबसाइट से ट्रैक करें।,1. आधिकारिक ऐप/वेबसाइट से ट्रैक करें। 2. आधिकारिक चैनल से स्वतंत्र रूप से सत्यापन करें। 3. संदिग्ध होने पर संदेश/नंबर की रिपोर्ट करें।,Low,P4,Hindi synthetic/adapted example; not claimed as verbatim real-world data.,आपका ऑर्डर #402-1937460 भेज दिया गया है और 15 अक्टूबर तक पहुंचने की उम्मीद है।
S0288,Earn ₹999 daily by completing CAPTCHA tasks. Pay ₹4999 registration/software charges to activate your account.,scam,fake_captcha_job,en,Research-backed synthetic,synthetic_research_backed,"upfront fee, unrealistic earnings, fake job platform",Do not pay the registration fee.,1. Do not pay the registration fee. 2. Verify independently using the official service/authority. 3. Preserve evidence. 4. Report suspected cyber fraud.,High,P1,"English dataset row; retained from the finalized 1,500-record ScamShield dataset.",earn ₹999 daily by completing captcha tasks. pay ₹4999 registration/software charges to activate your account.
S1145,Please donate Rs 2499 for an emergency relief campaign. Transfer to this personal UPI ID today. Do not ignore this message.,scam,charity_scam,en,Research-backed synthetic,synthetic_research_backed,"emotional appeal, personal payment destination, urgency",Verify the charity and donation channel independently.,1. Do not transfer to an unverified personal account. 2. Check the organization's official website. 3. Donate through verified channels. 4. Report the message.,Medium,P2,"English dataset row; retained from the finalized 1,500-record ScamShield dataset.",please donate rs 2499 for an emergency relief campaign. transfer to this personal upi id today. do not ignore this message.
S0272,Congratulations! Your instant loan of Rs 2499 is approved. Pay Rs 499 processing charges to release the funds.,scam,loan_scam,en,Research-backed synthetic,synthetic_research_backed,"unsolicited loan, advance fee, pressure",Do not pay the fee.,1. Do not pay upfront charges. 2. Verify the lender independently. 3. Avoid sharing banking credentials. 4. Report the message.,High,P1,"English dataset row; retained from the finalized 1,500-record ScamShield dataset.",congratulations! your instant loan of rs 2499 is approved. pay rs 499 processing charges to release the funds.
S0226,"To receive your refund of Rs 1299, scan this QR and enter your UPI PIN.",scam,upi_qr,en,Research-backed synthetic,synthetic_research_backed,"QR-for-receiving-money, UPI PIN request, refund pretext",Do not scan the QR or enter the UPI PIN.,1. Do not scan the QR. 2. Never enter a UPI PIN to receive money. 3. Verify the refund in the official app. 4. Report the sender.,Critical,P1,"English dataset row; retained from the finalized 1,500-record ScamShield dataset.","to receive your refund of rs 1299, scan this qr and enter your upi pin."
S0908,Please donate Rs 4999 for an emergency relief campaign. Transfer to this personal UPI ID today. Immediate action required.,scam,charity_scam,en,Research-backed synthetic,synthetic_research_backed,"emotional appeal, personal payment destination, urgency",Verify the charity and donation channel independently.,1. Do not transfer to an unverified personal account. 2. Check the organization's official website. 3. Donate through verified channels. 4. Report the message.,Medium,P2,"English dataset row; retained from the finalized 1,500-record ScamShield dataset.",please donate rs 4999 for an emergency relief campaign. transfer to this personal upi id today. immediate action required.
S0060,Your UPS package could not be delivered. Please pay $1.99 redelivery fee at http://ups-redelivery-fee.com,scam,delivery,en,User-provided reference file,user_reference,"small fee, suspicious URL",Do not pay,Verify through an official channel; follow the expected action above.,High,P1,"English dataset row; retained from the finalized 1,500-record ScamShield dataset.",your ups package could not be delivered. please pay $1.99 redelivery fee at http://ups-redelivery-fee.com
TE-S0009,మీ Google అకౌంట్ లాక్ అయింది. మూసివేయకుండా ఉండేందుకు http://secure-update.invalidలో లాగిన్ అవ్వండి.,scam,phishing,te,Research-backed synthetic multilingual,synthetic_research_backed,"ఫిషింగ్ లింక్, అకౌంట్ బెదిరింపు, క్రెడెన్షియల్ అభ్యర్థన",లింక్ ఓపెన్ చేయకండి; అధికారిక యాప్‌లో చెక్ చేయండి.,1. లింక్ ఓపెన్ చేయకండి; అధికారిక యాప్‌లో చెక్ చేయండి. 2. అధికారిక ఛానల్ ద్వారా స్వతంత్రంగా వెరిఫై చేయండి. 3. ఆధారాలను సేవ్ చేసి అవసరమైతే రిపోర్ట్ చేయండి.,High,P1,Telugu synthetic/adapted example; not claimed as verbatim real-world data.,మీ google అకౌంట్ లాక్ అయింది. మూసివేయకుండా ఉండేందుకు http://secure-update.invalidలో లాగిన్ అవ్వండి.
S0526,Earn ₹10000 daily by completing CAPTCHA tasks. Pay ₹499 registration/software charges to activate your account.,scam,fake_captcha_job,en,Research-backed synthetic,synthetic_research_backed,"upfront fee, unrealistic earnings, fake job platform",Do not pay the registration fee.,1. Do not pay the registration fee. 2. Verify independently using the official service/authority. 3. Preserve evidence. 4. Report suspected cyber fraud.,High,P1,"English dataset row; retained from the finalized 1,500-record ScamShield dataset.",earn ₹10000 daily by completing captcha tasks. pay ₹499 registration/software charges to activate your account.
G0029,Your service request SUP-23817 has been completed. Please review the update in the official portal.,genuine,service_update,en,Research-backed synthetic,synthetic_research_backed,normal service update,Review the request through the official portal.,1. Open the official portal directly. 2. Check the request status. 3. Contact official support if the result is incorrect.,Low,P4,"English dataset row; retained from the finalized 1,500-record ScamShield dataset.",your service request sup-23817 has been completed. please review the update in the official portal.
G0793,याद दिलाया जाता है कि आपकी dentist appointment 10 October को 4:30 PM बजे है।,genuine,appointment,en,Research-backed synthetic,synthetic_research_backed,normal appointment reminder,Use the official provider channel for confirmation or changes.,1. समय जांचें। 2. कैलेंडर में सेव करें। 3. बदलाव के लिए आधिकारिक नंबर/पोर्टल इस्तेमाल करें।,Low,P4,"English dataset row; retained from the finalized 1,500-record ScamShield dataset.",याद दिलाया जाता है कि आपकी dentist appointment 10 october को 4:30 pm बजे है।
S0199,I need urgent financial help for a family emergency. Please send Rs 199 today and I will return it next week. Do not ignore this message.,scam,romance_scam,en,Research-backed synthetic,synthetic_research_backed,"emotional pressure, urgent money request, unverifiable emergency",Verify the person's identity and situation independently before sending money.,1. Do not transfer money immediately. 2. Verify identity using another channel. 3. Discuss with someone you trust. 4. Report if fraudulent.,High,P2,"English dataset row; retained from the finalized 1,500-record ScamShield dataset.",i need urgent financial help for a family emergency. please send rs 199 today and i will return it next week. do not ignore this message.
S0721,"Hi, I lost my phone and need you to urgently transfer Rs 199 to this new account. Please don't call. Do not ignore this message.",scam,impersonation,en,Research-backed synthetic,synthetic_research_backed,"impersonation, money request, urgency, discouraging verification",Verify the person's identity through an independent channel before any payment.,1. Do not transfer money. 2. Call the person using a known number. 3. Confirm the request independently. 4. Report if fraudulent.,High,P1,"English dataset row; retained from the finalized 1,500-record ScamShield dataset.","hi, i lost my phone and need you to urgently transfer rs 199 to this new account. please don't call. do not ignore this message."
S0440,Congratulations! Your instant loan of Rs 2499 is approved. Pay Rs 499 processing charges to release the funds. Do not ignore this message.,scam,loan_scam,en,Research-backed synthetic,synthetic_research_backed,"unsolicited loan, advance fee, pressure",Do not pay the fee.,1. Do not pay upfront charges. 2. Verify the lender independently. 3. Avoid sharing banking credentials. 4. Report the message.,High,P1,"English dataset row; retained from the finalized 1,500-record ScamShield dataset.",congratulations! your instant loan of rs 2499 is approved. pay rs 499 processing charges to release the funds. do not ignore this message.
TE-S0114,"₹5,000 రీఫండ్ పొందడానికి ఈ QR కోడ్ స్కాన్ చేసి UPI PIN నమోదు చేయండి.",scam,upi_qr,te,Research-backed synthetic multilingual,synthetic_research_backed,"QR మోసం, UPI PIN అభ్యర్థన, రీఫండ్ నెపం",QR స్కాన్ చేయకండి; UPI PIN ఇవ్వకండి.,1. QR స్కాన్ చేయకండి; UPI PIN ఇవ్వకండి. 2. అధికారిక ఛానల్ ద్వారా స్వతంత్రంగా వెరిఫై చేయండి. 3. ఆధారాలను సేవ్ చేసి అవసరమైతే రిపోర్ట్ చేయండి.,Critical,P1,Telugu synthetic/adapted example; not claimed as verbatim real-world data.,"₹5,000 రీఫండ్ పొందడానికి ఈ qr కోడ్ స్కాన్ చేసి upi pin నమోదు చేయండి."
S0724,You have been selected for a work-from-home Python Developer paying Rs 249 per day. Pay Rs 199 as registration before joining.,scam,job_scam,en,Research-backed synthetic,synthetic_research_backed,"unrealistic earnings, upfront fee, unsolicited job",Do not pay the registration fee.,1. Do not pay. 2. Verify the employer independently. 3. Do not share identity/banking documents. 4. Block and report the sender.,High,P1,"English dataset row; retained from the finalized 1,500-record ScamShield dataset.",you have been selected for a work-from-home python developer paying rs 249 per day. pay rs 199 as registration before joining.
S0778,Our AI trading group guarantees 5% daily profit. Deposit Rs 199 today to activate your account.,scam,investment_scam,en,Research-backed synthetic,synthetic_research_backed,"guaranteed returns, investment pressure, deposit request",Do not transfer money based on the message.,1. Do not deposit funds. 2. Verify the company independently. 3. Check regulatory status where applicable. 4. Report the solicitation.,Critical,P1,"English dataset row; retained from the finalized 1,500-record ScamShield dataset.",our ai trading group guarantees 5% daily profit. deposit rs 199 today to activate your account.
G1237,Reminder from local health clinic: your career counseling session is booked for 15 October at 9:30 AM. Thank you.,genuine,healthcare,en,Research-backed synthetic,synthetic_research_backed,normal healthcare reminder,Use the clinic's official contact details for changes.,1. Verify the appointment in the clinic system. 2. Add it to your calendar. 3. Contact the clinic through its official number if needed.,Low,P4,"English dataset row; retained from the finalized 1,500-record ScamShield dataset.",reminder from local health clinic: your career counseling session is booked for 15 october at 9:30 am. thank you.
S0050,Rent your WhatsApp account to earn ₹2499 per week. Send the verification code to activate the rental.,scam,whatsapp_web_renting,en,Research-backed synthetic,synthetic_research_backed,"account renting, OTP request, financial incentive",Do not share the verification code or account access.,1. Do not share the verification code or account access. 2. Verify independently using the official service/authority. 3. Preserve evidence. 4. Report suspected cyber fraud.,Critical,P1,"English dataset row; retained from the finalized 1,500-record ScamShield dataset.",rent your whatsapp account to earn ₹2499 per week. send the verification code to activate the rental.
G0182,The Machine Learning assignment deadline is 10 October. Please submit it through the student portal. — Customer Notification.,genuine,education,en,Research-backed synthetic,synthetic_research_backed,normal educational announcement,Use the official student portal.,1. Check the assignment details. 2. Prepare the submission. 3. Upload through the official portal before the deadline.,Low,P4,"English dataset row; retained from the finalized 1,500-record ScamShield dataset.",the machine learning assignment deadline is 10 october. please submit it through the student portal. — customer notification.
G1469,Your registration for coding contest is confirmed. The event begins at 6:00 PM on 5 October. Please keep this for your records.,genuine,event,en,Research-backed synthetic,synthetic_research_backed,normal event confirmation,Check the registration in the official event account/email.,1. Verify registration details. 2. Save the event information. 3. Use the organizer's official contact channel for changes.,Low,P4,"English dataset row; retained from the finalized 1,500-record ScamShield dataset.",your registration for coding contest is confirmed. the event begins at 6:00 pm on 5 october. please keep this for your records.
G0745,Your Akasa Air booking Q4M8LX is confirmed for 2 October. Please keep this for your records.,genuine,travel,en,Research-backed synthetic,synthetic_research_backed,normal travel confirmation,Check the booking in the official airline/travel app.,1. Open the official travel account. 2. Verify the booking reference. 3. Check schedule changes through the official channel.,Low,P4,"English dataset row; retained from the finalized 1,500-record ScamShield dataset.",your akasa air booking q4m8lx is confirmed for 2 october. please keep this for your records.
G0985,Your airline booking R2N6VT is confirmed for 5 October.,genuine,travel,en,Research-backed synthetic,synthetic_research_backed,normal travel confirmation,Check the booking in the official airline app.,1. Check the booking in the official airline app. 2. Verify the message in the official app/portal if needed. 3. Do not share sensitive information unnecessarily.,Low,P4,"English dataset row; retained from the finalized 1,500-record ScamShield dataset.",your airline booking r2n6vt is confirmed for 5 october.
S0170,Urgent: your SBI account will be blocked today because PAN/KYC is incomplete. Click https://example.invalid/verify to update now. Do not ignore this message.,scam,bank_kyc,en,Research-backed synthetic,synthetic_research_backed,"bank impersonation, urgency, suspicious URL, KYC request",Do not click the link or share banking credentials.,1. Do not click the link. 2. Open the bank's official app/site manually. 3. Verify KYC status. 4. Report the message if fraudulent.,High,P1,"English dataset row; retained from the finalized 1,500-record ScamShield dataset.",urgent: your sbi account will be blocked today because pan/kyc is incomplete. click https://example.invalid/verify to update now. do not ignore this message.
S0049,Congratulations! Your instant loan of Rs 1299 is approved. Pay Rs 199 processing charges to release the funds.,scam,loan_scam,en,Research-backed synthetic,synthetic_research_backed,"unsolicited loan, advance fee, pressure",Do not pay the fee.,1. Do not pay upfront charges. 2. Verify the lender independently. 3. Avoid sharing banking credentials. 4. Report the message.,High,P1,"English dataset row; retained from the finalized 1,500-record ScamShield dataset.",congratulations! your instant loan of rs 1299 is approved. pay rs 199 processing charges to release the funds.
S1417,I need urgent financial help for a family emergency. Please send Rs 799 today and I will return it next week. Do not ignore this message.,scam,romance_scam,en,Research-backed synthetic,synthetic_research_backed,"emotional pressure, urgent money request, unverifiable emergency",Verify the person's identity and situation independently before sending money.,1. Do not transfer money immediately. 2. Verify identity using another channel. 3. Discuss with someone you trust. 4. Report if fraudulent.,High,P2,"English dataset row; retained from the finalized 1,500-record ScamShield dataset.",i need urgent financial help for a family emergency. please send rs 799 today and i will return it next week. do not ignore this message.
HI-G0078,आपका WhatsApp सत्यापन कोड Q-183640 है। इसे किसी के साथ साझा न करें।,genuine,otp,hi,Research-backed synthetic multilingual,synthetic_research_backed,वैध OTP सूचना,केवल आपके द्वारा शुरू किए गए सत्यापन में कोड का उपयोग करें।,1. केवल आपके द्वारा शुरू किए गए सत्यापन में कोड का उपयोग करें। 2. आधिकारिक चैनल से स्वतंत्र रूप से सत्यापन करें। 3. संदिग्ध होने पर संदेश/नंबर की रिपोर्ट करें।,Low,P4,Hindi synthetic/adapted example; not claimed as verbatim real-world data.,आपका whatsapp सत्यापन कोड q-183640 है। इसे किसी के साथ साझा न करें।
G1389,Your mobile plan has 2.8 GB remaining and is valid until 2 October.,genuine,telecom_genuine,en,Research-backed synthetic,synthetic_research_backed,normal telecom usage notice,Check usage in the official provider app.,1. Check usage in the official provider app. 2. Verify the message in the official app/portal if needed. 3. Do not share sensitive information unnecessarily.,Low,P4,"English dataset row; retained from the finalized 1,500-record ScamShield dataset.",your mobile plan has 2.8 gb remaining and is valid until 2 october.
S0968,I need urgent financial help for a family emergency. Please send Rs 4999 today and I will return it next week. Immediate action required.,scam,romance_scam,en,Research-backed synthetic,synthetic_research_backed,"emotional pressure, urgent money request, unverifiable emergency",Verify the person's identity and situation independently before sending money.,1. Do not transfer money immediately. 2. Verify identity using another channel. 3. Discuss with someone you trust. 4. Report if fraudulent.,High,P2,"English dataset row; retained from the finalized 1,500-record ScamShield dataset.",i need urgent financial help for a family emergency. please send rs 4999 today and i will return it next week. immediate action required.
S0518,Your SIM will be disconnected in 1 hours because it was used for illegal activity. Call this number immediately.,scam,telecom_threat,en,Research-backed synthetic,synthetic_research_backed,"telecom impersonation, urgency, threat, callback request",Do not call the supplied number.,1. Do not call the supplied number. 2. Check account status in the official telecom app. 3. Contact official support. 4. Report the message.,High,P1,"English dataset row; retained from the finalized 1,500-record ScamShield dataset.",your sim will be disconnected in 1 hours because it was used for illegal activity. call this number immediately.
HI-S0100,आपका Microsoft अकाउंट लॉक हो गया है। इसे बंद होने से बचाने के लिए http://secure-update.invalid पर लॉगिन करें।,scam,phishing,hi,Research-backed synthetic multilingual,synthetic_research_backed,"फिशिंग लिंक, अकाउंट लॉक होने की धमकी, लॉगिन विवरण मांगना",लिंक न खोलें; आधिकारिक ऐप से अकाउंट जांचें।,1. लिंक न खोलें; आधिकारिक ऐप से अकाउंट जांचें। 2. आधिकारिक चैनल से स्वतंत्र रूप से सत्यापन करें। 3. संदिग्ध होने पर संदेश/नंबर की रिपोर्ट करें।,High,P1,Hindi synthetic/adapted example; not claimed as verbatim real-world data.,आपका microsoft अकाउंट लॉक हो गया है। इसे बंद होने से बचाने के लिए http://secure-update.invalid पर लॉगिन करें।
TE-S0029,"విపత్తు సహాయం కోసం ₹10,000 వెంటనే ఈ వ్యక్తిగత UPI IDకి పంపండి.",scam,charity_scam,te,Research-backed synthetic multilingual,synthetic_research_backed,"భావోద్వేగ అప్పీల్, వ్యక్తిగత UPI, అత్యవసరం",సంస్థను మరియు చెల్లింపు ఛానల్‌ను వెరిఫై చేయండి.,1. సంస్థను మరియు చెల్లింపు ఛానల్‌ను వెరిఫై చేయండి. 2. అధికారిక ఛానల్ ద్వారా స్వతంత్రంగా వెరిఫై చేయండి. 3. ఆధారాలను సేవ్ చేసి అవసరమైతే రిపోర్ట్ చేయండి.,Medium,P2,Telugu synthetic/adapted example; not claimed as verbatim real-world data.,"విపత్తు సహాయం కోసం ₹10,000 వెంటనే ఈ వ్యక్తిగత upi idకి పంపండి."
G0372,Your order #404-7319056 from Myntra has been confirmed for delivery.,genuine,ecommerce,en,Research-backed synthetic,synthetic_research_backed,normal ecommerce order confirmation,Check order status in the official store account.,1. Open the official shopping app/site. 2. Verify the order. 3. Contact official support for changes.,Low,P4,"English dataset row; retained from the finalized 1,500-record ScamShield dataset.",your order #404-7319056 from myntra has been confirmed for delivery.
G0158,Reminder from your clinic: your appointment is booked for 30 September at 4:30 PM.,genuine,healthcare,en,Research-backed synthetic,synthetic_research_backed,normal healthcare reminder,Use the clinic's official contact details for changes.,1. Use the clinic's official contact details for changes. 2. Verify the message in the official app/portal if needed. 3. Do not share sensitive information unnecessarily.,Low,P4,"English dataset row; retained from the finalized 1,500-record ScamShield dataset.",reminder from your clinic: your appointment is booked for 30 september at 4:30 pm.
TE-G0069,మీ క్లినిక్ అపాయింట్‌మెంట్ 15 अक्टूबरన 2:00 बजेకి షెడ్యూల్ చేయబడింది.,genuine,healthcare,te,Research-backed synthetic multilingual,synthetic_research_backed,సాధారణ ఆరోగ్య రిమైండర్,అధికారిక క్లినిక్ ఛానల్ ద్వారా నిర్ధారించండి.,1. అధికారిక క్లినిక్ ఛానల్ ద్వారా నిర్ధారించండి. 2. అధికారిక ఛానల్ ద్వారా స్వతంత్రంగా వెరిఫై చేయండి. 3. ఆధారాలను సేవ్ చేసి అవసరమైతే రిపోర్ట్ చేయండి.,Low,P4,Telugu synthetic/adapted example; not claimed as verbatim real-world data.,మీ క్లినిక్ అపాయింట్‌మెంట్ 15 अक्टूबरన 2:00 बजेకి షెడ్యూల్ చేయబడింది.
HI-G0119,आपका ₹999 बिजली बिल 30 सितंबर को देय है।,genuine,utility_genuine,hi,Research-backed synthetic multilingual,synthetic_research_backed,सामान्य यूटिलिटी रिमाइंडर,आधिकारिक बिजली पोर्टल पर बिल जांचें।,1. आधिकारिक बिजली पोर्टल पर बिल जांचें। 2. आधिकारिक चैनल से स्वतंत्र रूप से सत्यापन करें। 3. संदिग्ध होने पर संदेश/नंबर की रिपोर्ट करें।,Low,P4,Hindi synthetic/adapted example; not claimed as verbatim real-world data.,आपका ₹999 बिजली बिल 30 सितंबर को देय है।
S1110,"Hi, I lost my phone and need you to urgently transfer Rs 4999 to this new account. Please don't call. Act now.",scam,impersonation,en,Research-backed synthetic,synthetic_research_backed,"impersonation, money request, urgency, discouraging verification",Verify the person's identity through an independent channel before any payment.,1. Do not transfer money. 2. Call the person using a known number. 3. Confirm the request independently. 4. Report if fraudulent.,High,P1,"English dataset row; retained from the finalized 1,500-record ScamShield dataset.","hi, i lost my phone and need you to urgently transfer rs 4999 to this new account. please don't call. act now."
S0324,Our AI trading group guarantees 10% daily profit. Deposit Rs 799 today to activate your account. Do not ignore this message.,scam,investment_scam,en,Research-backed synthetic,synthetic_research_backed,"guaranteed returns, investment pressure, deposit request",Do not transfer money based on the message.,1. Do not deposit funds. 2. Verify the company independently. 3. Check regulatory status where applicable. 4. Report the solicitation.,Critical,P1,"English dataset row; retained from the finalized 1,500-record ScamShield dataset.",our ai trading group guarantees 10% daily profit. deposit rs 799 today to activate your account. do not ignore this message.
TE-S0115,"మీ ₹2,499 ఇన్‌స్టంట్ లోన్ ఆమోదించబడింది. డబ్బు విడుదలకు ₹999 ప్రాసెసింగ్ ఫీజు చెల్లించండి.",scam,loan_scam,te,Research-backed synthetic multilingual,synthetic_research_backed,"ఫేక్ లోన్, ముందస్తు ఫీజు, ఆర్థిక ఒత్తిడి",ఫీజు చెల్లించకండి; లెండర్ వివరాలు వెరిఫై చేయండి.,1. ఫీజు చెల్లించకండి; లెండర్ వివరాలు వెరిఫై చేయండి. 2. అధికారిక ఛానల్ ద్వారా స్వతంత్రంగా వెరిఫై చేయండి. 3. ఆధారాలను సేవ్ చేసి అవసరమైతే రిపోర్ట్ చేయండి.,High,P1,Telugu synthetic/adapted example; not claimed as verbatim real-world data.,"మీ ₹2,499 ఇన్‌స్టంట్ లోన్ ఆమోదించబడింది. డబ్బు విడుదలకు ₹999 ప్రాసెసింగ్ ఫీజు చెల్లించండి."
TE-S0120,"CAPTCHAలు పూర్తి చేసి రోజుకు ₹2,499 సంపాదించండి. అకౌంట్ యాక్టివేట్ చేయడానికి ₹1,999 ఫీజు చెల్లించండి.",scam,fake_captcha_job,te,Research-backed synthetic multilingual,synthetic_research_backed,"ఫేక్ CAPTCHA ఉద్యోగం, ముందస్తు ఫీజు",ఫీజు చెల్లించకండి; ఉద్యోగాన్ని వెరిఫై చేయండి.,1. ఫీజు చెల్లించకండి; ఉద్యోగాన్ని వెరిఫై చేయండి. 2. అధికారిక ఛానల్ ద్వారా స్వతంత్రంగా వెరిఫై చేయండి. 3. ఆధారాలను సేవ్ చేసి అవసరమైతే రిపోర్ట్ చేయండి.,High,P1,Telugu synthetic/adapted example; not claimed as verbatim real-world data.,"captchaలు పూర్తి చేసి రోజుకు ₹2,499 సంపాదించండి. అకౌంట్ యాక్టివేట్ చేయడానికి ₹1,999 ఫీజు చెల్లించండి."
G0915,Your service request REQ-51942 has been completed. Please review the update in the official portal.,genuine,service_update,en,Research-backed synthetic,synthetic_research_backed,normal service update,Review the request through the official portal.,1. Open the official portal directly. 2. Check the request status. 3. Contact official support if the result is incorrect.,Low,P4,"English dataset row; retained from the finalized 1,500-record ScamShield dataset.",your service request req-51942 has been completed. please review the update in the official portal.
G1087,Delivery update: Amazon Logistics will attempt delivery of order #401-8246152 today. Thank you.,genuine,delivery,en,Research-backed synthetic,synthetic_research_backed,normal delivery update,Use the official tracking page or app.,1. Check official tracking. 2. Keep the delivery address accessible. 3. Contact the retailer through official support if there is a problem.,Low,P4,"English dataset row; retained from the finalized 1,500-record ScamShield dataset.",delivery update: amazon logistics will attempt delivery of order #401-8246152 today. thank you.
S0529,Urgent: your HDFC Bank account will be blocked today because PAN/KYC is incomplete. Click https://example.invalid/verify to update now. Do not ignore this message.,scam,bank_kyc,en,Research-backed synthetic,synthetic_research_backed,"bank impersonation, urgency, suspicious URL, KYC request",Do not click the link or share banking credentials.,1. Do not click the link. 2. Open the bank's official app/site manually. 3. Verify KYC status. 4. Report the message if fraudulent.,High,P1,"English dataset row; retained from the finalized 1,500-record ScamShield dataset.",urgent: your hdfc bank account will be blocked today because pan/kyc is incomplete. click https://example.invalid/verify to update now. do not ignore this message.
HI-G0058,आपके मोबाइल प्लान में 5 GB डेटा शेष है और यह 30 सितंबर तक वैध है।,genuine,telecom_genuine,hi,Research-backed synthetic multilingual,synthetic_research_backed,सामान्य टेलीकॉम सूचना,आधिकारिक टेलीकॉम ऐप में उपयोग जांचें।,1. आधिकारिक टेलीकॉम ऐप में उपयोग जांचें। 2. आधिकारिक चैनल से स्वतंत्र रूप से सत्यापन करें। 3. संदिग्ध होने पर संदेश/नंबर की रिपोर्ट करें।,Low,P4,Hindi synthetic/adapted example; not claimed as verbatim real-world data.,आपके मोबाइल प्लान में 5 gb डेटा शेष है और यह 30 सितंबर तक वैध है।
S0399,I need urgent financial help for a family emergency. Please send Rs 799 today and I will return it next week. Immediate action required.,scam,romance_scam,en,Research-backed synthetic,synthetic_research_backed,"emotional pressure, urgent money request, unverifiable emergency",Verify the person's identity and situation independently before sending money.,1. Do not transfer money immediately. 2. Verify identity using another channel. 3. Discuss with someone you trust. 4. Report if fraudulent.,High,P2,"English dataset row; retained from the finalized 1,500-record ScamShield dataset.",i need urgent financial help for a family emergency. please send rs 799 today and i will return it next week. immediate action required.
TE-G0071,మీ Instagram వెరిఫికేషన్ కోడ్ Q-183640. ఈ కోడ్‌ను ఎవరికీ షేర్ చేయకండి.,genuine,otp,te,Research-backed synthetic multilingual,synthetic_research_backed,వాలిడ్ OTP సమాచారం,మీరు ప్రారంభించిన వెరిఫికేషన్‌లో మాత్రమే ఉపయోగించండి.,1. మీరు ప్రారంభించిన వెరిఫికేషన్‌లో మాత్రమే ఉపయోగించండి. 2. అధికారిక ఛానల్ ద్వారా స్వతంత్రంగా వెరిఫై చేయండి. 3. ఆధారాలను సేవ్ చేసి అవసరమైతే రిపోర్ట్ చేయండి.,Low,P4,Telugu synthetic/adapted example; not claimed as verbatim real-world data.,మీ instagram వెరిఫికేషన్ కోడ్ q-183640. ఈ కోడ్‌ను ఎవరికీ షేర్ చేయకండి.
S0286,Your Paytm account has been locked. Verify your identity now at http://account-check.invalid to avoid permanent closure. Act now.,scam,phishing,en,Research-backed synthetic,synthetic_research_backed,"account threat, urgency, suspicious URL, credential harvesting",Do not click the link.,1. Do not open the URL. 2. Visit the service by typing its official address. 3. Change credentials if exposed. 4. Report the message.,High,P1,"English dataset row; retained from the finalized 1,500-record ScamShield dataset.",your paytm account has been locked. verify your identity now at http://account-check.invalid to avoid permanent closure. act now.
G0395,Your order #401-8246152 from Flipkart has been confirmed for delivery. Please keep this for your records.,genuine,ecommerce,en,Research-backed synthetic,synthetic_research_backed,normal ecommerce order confirmation,Check order status in the official store account.,1. Open the official shopping app/site. 2. Verify the order. 3. Contact official support for changes.,Low,P4,"English dataset row; retained from the finalized 1,500-record ScamShield dataset.",your order #401-8246152 from flipkart has been confirmed for delivery. please keep this for your records.
S0953,This is an official investigation. Your Aadhaar/phone number is linked to illegal activity. Stay on the call or face digital arrest. Act now.,scam,digital_arrest,en,Research-backed synthetic,synthetic_research_backed,"law-enforcement impersonation, threat, fear, isolation",Disconnect and verify through official law-enforcement channels.,1. Disconnect the call. 2. Do not share documents or money. 3. Contact the relevant authority using an independently verified number. 4. Report the incident.,Critical,P1,"English dataset row; retained from the finalized 1,500-record ScamShield dataset.",this is an official investigation. your aadhaar/phone number is linked to illegal activity. stay on the call or face digital arrest. act now.
HI-S0042,आपका Microsoft अकाउंट लॉक हो गया है। इसे बंद होने से बचाने के लिए http://verify-account.invalid पर लॉगिन करें।,scam,phishing,hi,Research-backed synthetic multilingual,synthetic_research_backed,"फिशिंग लिंक, अकाउंट लॉक होने की धमकी, लॉगिन विवरण मांगना",लिंक न खोलें; आधिकारिक ऐप से अकाउंट जांचें।,1. लिंक न खोलें; आधिकारिक ऐप से अकाउंट जांचें। 2. आधिकारिक चैनल से स्वतंत्र रूप से सत्यापन करें। 3. संदिग्ध होने पर संदेश/नंबर की रिपोर्ट करें।,High,P1,Hindi synthetic/adapted example; not claimed as verbatim real-world data.,आपका microsoft अकाउंट लॉक हो गया है। इसे बंद होने से बचाने के लिए http://verify-account.invalid पर लॉगिन करें।
G1369,Rs 1299 was spent at Zomato using your mobile banking. — Customer Notification.,genuine,transaction,en,Research-backed synthetic,synthetic_research_backed,normal transaction notification,Verify the transaction in the official banking/payment app.,1. Open the official banking app. 2. Confirm the transaction. 3. Contact the bank only if it is unrecognized.,Low,P4,"English dataset row; retained from the finalized 1,500-record ScamShield dataset.",rs 1299 was spent at zomato using your mobile banking. — customer notification.
G1500,Your Jio data plan has 800 MB remaining and is valid until 10 October. Please keep this for your records.,genuine,telecom_genuine,en,Research-backed synthetic,synthetic_research_backed,normal telecom usage notice,Check usage in the official telecom app if needed.,1. Open the official provider app. 2. Review plan usage. 3. Recharge only through official channels.,Low,P4,"English dataset row; retained from the finalized 1,500-record ScamShield dataset.",your jio data plan has 800 mb remaining and is valid until 10 october. please keep this for your records.
HI-S0055,आपके SBI खाते का KYC/PAN अपडेट नहीं है। आज खाता बंद हो जाएगा। तुरंत http://secure-update.invalid पर जाकर अपडेट करें।,scam,bank_kyc,hi,Research-backed synthetic multilingual,synthetic_research_backed,"बैंक प्रतिरूपण, तात्कालिकता, संदिग्ध लिंक, KYC अनुरोध",लिंक पर क्लिक न करें और बैंक की आधिकारिक ऐप/वेबसाइट से जांच करें।,1. लिंक पर क्लिक न करें और बैंक की आधिकारिक ऐप/वेबसाइट से जांच करें। 2. आधिकारिक चैनल से स्वतंत्र रूप से सत्यापन करें। 3. संदिग्ध होने पर संदेश/नंबर की रिपोर्ट करें।,High,P1,Hindi synthetic/adapted example; not claimed as verbatim real-world data.,आपके sbi खाते का kyc/pan अपडेट नहीं है। आज खाता बंद हो जाएगा। तुरंत http://secure-update.invalid पर जाकर अपडेट करें।
G1342,Your Air India booking H9P3ZA is confirmed for 2 October. — Customer Notification.,genuine,travel,en,Research-backed synthetic,synthetic_research_backed,normal travel confirmation,Check the booking in the official airline/travel app.,1. Open the official travel account. 2. Verify the booking reference. 3. Check schedule changes through the official channel.,Low,P4,"English dataset row; retained from the finalized 1,500-record ScamShield dataset.",your air india booking h9p3za is confirmed for 2 october. — customer notification.
G0654,Your order #401-8246152 from BookMyShow has been confirmed for delivery. — Customer Notification.,genuine,ecommerce,en,Research-backed synthetic,synthetic_research_backed,normal ecommerce order confirmation,Check order status in the official store account.,1. Open the official shopping app/site. 2. Verify the order. 3. Contact official support for changes.,Low,P4,"English dataset row; retained from the finalized 1,500-record ScamShield dataset.",your order #401-8246152 from bookmyshow has been confirmed for delivery. — customer notification.
G1352,Your IndiGo booking Q4M8LX is confirmed for 2 October. Please keep this for your records.,genuine,travel,en,Research-backed synthetic,synthetic_research_backed,normal travel confirmation,Check the booking in the official airline/travel app.,1. Open the official travel account. 2. Verify the booking reference. 3. Check schedule changes through the official channel.,Low,P4,"English dataset row; retained from the finalized 1,500-record ScamShield dataset.",your indigo booking q4m8lx is confirmed for 2 october. please keep this for your records.
S0180,Congratulations! Your instant loan of Rs 249 is approved. Pay Rs 999 processing charges to release the funds. Immediate action required.,scam,loan_scam,en,Research-backed synthetic,synthetic_research_backed,"unsolicited loan, advance fee, pressure",Do not pay the fee.,1. Do not pay upfront charges. 2. Verify the lender independently. 3. Avoid sharing banking credentials. 4. Report the message.,High,P1,"English dataset row; retained from the finalized 1,500-record ScamShield dataset.",congratulations! your instant loan of rs 249 is approved. pay rs 999 processing charges to release the funds. immediate action required.
HI-G0004,सेमेस्टर परीक्षा की समय-सारणी कॉलेज पोर्टल पर प्रकाशित कर दी गई है।,genuine,education,hi,Research-backed synthetic multilingual,synthetic_research_backed,सामान्य शैक्षणिक सूचना,आधिकारिक कॉलेज पोर्टल पर समय-सारणी जांचें।,1. आधिकारिक कॉलेज पोर्टल पर समय-सारणी जांचें। 2. आधिकारिक चैनल से स्वतंत्र रूप से सत्यापन करें। 3. संदिग्ध होने पर संदेश/नंबर की रिपोर्ट करें।,Low,P4,Hindi synthetic/adapted example; not claimed as verbatim real-world data.,सेमेस्टर परीक्षा की समय-सारणी कॉलेज पोर्टल पर प्रकाशित कर दी गई है।
TE-G0067,"మీ ₹10,000 విద్యుత్ బిల్లు 30 सितंबरన చెల్లించాలి.",genuine,utility_genuine,te,Research-backed synthetic multilingual,synthetic_research_backed,సాధారణ యుటిలిటీ రిమైండర్,అధికారిక విద్యుత్ పోర్టల్‌లో బిల్లు చెక్ చేయండి.,1. అధికారిక విద్యుత్ పోర్టల్‌లో బిల్లు చెక్ చేయండి. 2. అధికారిక ఛానల్ ద్వారా స్వతంత్రంగా వెరిఫై చేయండి. 3. ఆధారాలను సేవ్ చేసి అవసరమైతే రిపోర్ట్ చేయండి.,Low,P4,Telugu synthetic/adapted example; not claimed as verbatim real-world data.,"మీ ₹10,000 విద్యుత్ బిల్లు 30 सितंबरన చెల్లించాలి."
G0036,Please review the latest ScamShield build before the review tomorrow. Thank you.,genuine,work,en,Research-backed synthetic,synthetic_research_backed,ordinary workplace communication,Review the work through the normal project channel.,1. Open the known project workspace. 2. Review the requested item. 3. Reply with feedback.,Low,P4,"English dataset row; retained from the finalized 1,500-record ScamShield dataset.",please review the latest scamshield build before the review tomorrow. thank you.
HI-G0070,आपके मोबाइल प्लान में 2.8 GB डेटा शेष है और यह 10 अक्टूबर तक वैध है।,genuine,telecom_genuine,hi,Research-backed synthetic multilingual,synthetic_research_backed,सामान्य टेलीकॉम सूचना,आधिकारिक टेलीकॉम ऐप में उपयोग जांचें।,1. आधिकारिक टेलीकॉम ऐप में उपयोग जांचें। 2. आधिकारिक चैनल से स्वतंत्र रूप से सत्यापन करें। 3. संदिग्ध होने पर संदेश/नंबर की रिपोर्ट करें।,Low,P4,Hindi synthetic/adapted example; not claimed as verbatim real-world data.,आपके मोबाइल प्लान में 2.8 gb डेटा शेष है और यह 10 अक्टूबर तक वैध है।
S1452,Your WhatsApp account has been locked. Verify your identity now at https://example.invalid/verify to avoid permanent closure.,scam,phishing,en,Research-backed synthetic,synthetic_research_backed,"account threat, urgency, suspicious URL, credential harvesting",Do not click the link.,1. Do not open the URL. 2. Visit the service by typing its official address. 3. Change credentials if exposed. 4. Report the message.,High,P1,"English dataset row; retained from the finalized 1,500-record ScamShield dataset.",your whatsapp account has been locked. verify your identity now at https://example.invalid/verify to avoid permanent closure.
S0024,You have been selected for a work-from-home Java Backend Developer paying Rs 1299 per day. Pay Rs 499 as registration before joining. Do not ignore this message.,scam,job_scam,en,Research-backed synthetic,synthetic_research_backed,"unrealistic earnings, upfront fee, unsolicited job",Do not pay the registration fee.,1. Do not pay. 2. Verify the employer independently. 3. Do not share identity/banking documents. 4. Block and report the sender.,High,P1,"English dataset row; retained from the finalized 1,500-record ScamShield dataset.",you have been selected for a work-from-home java backend developer paying rs 1299 per day. pay rs 499 as registration before joining. do not ignore this message.
G0292,Rs 2499 was spent at BookMyShow using your credit card. Thank you.,genuine,transaction,en,Research-backed synthetic,synthetic_research_backed,normal transaction notification,Verify the transaction in the official banking/payment app.,1. Open the official banking app. 2. Confirm the transaction. 3. Contact the bank only if it is unrecognized.,Low,P4,"English dataset row; retained from the finalized 1,500-record ScamShield dataset.",rs 2499 was spent at bookmyshow using your credit card. thank you.
S0444,Congratulations! Your instant loan of Rs 199 is approved. Pay Rs 1499 processing charges to release the funds. Do not ignore this message.,scam,loan_scam,en,Research-backed synthetic,synthetic_research_backed,"unsolicited loan, advance fee, pressure",Do not pay the fee.,1. Do not pay upfront charges. 2. Verify the lender independently. 3. Avoid sharing banking credentials. 4. Report the message.,High,P1,"English dataset row; retained from the finalized 1,500-record ScamShield dataset.",congratulations! your instant loan of rs 199 is approved. pay rs 1499 processing charges to release the funds. do not ignore this message.
S0656,Hey it's me. Can you send $50 to this Zelle? I lost my wallet.,scam,impersonation,en,User-provided reference file,user_reference,"money request, urgency",Verify via call,Verify through an official channel; follow the expected action above.,High,P1,"English dataset row; retained from the finalized 1,500-record ScamShield dataset.",hey it's me. can you send $50 to this zelle? i lost my wallet.
G0782,Please review the latest MediSync build before the stand-up tomorrow. — Customer Notification.,genuine,work,en,Research-backed synthetic,synthetic_research_backed,ordinary workplace communication,Review the work through the normal project channel.,1. Open the known project workspace. 2. Review the requested item. 3. Reply with feedback.,Low,P4,"English dataset row; retained from the finalized 1,500-record ScamShield dataset.",please review the latest medisync build before the stand-up tomorrow. — customer notification.
S1142,A refund of Rs 249 is waiting for you. Share your card number and OTP so we can process it immediately. Do not ignore this message.,scam,refund_scam,en,Research-backed synthetic,synthetic_research_backed,"refund pretext, card-data request, OTP request",Do not share card or OTP details.,1. Do not share credentials. 2. Check refunds in the official merchant app. 3. Contact official support. 4. Report the sender.,Critical,P1,"English dataset row; retained from the finalized 1,500-record ScamShield dataset.",a refund of rs 249 is waiting for you. share your card number and otp so we can process it immediately. do not ignore this message.
G0387,आपके Spotify भुगतान का ₹2499 का लेनदेन सफल रहा।,genuine,transaction,en,Research-backed synthetic,synthetic_research_backed,normal transaction notification,Verify the transaction through the official app.,1. आधिकारिक ऐप खोलें। 2. लेनदेन की राशि जांचें। 3. अनजान लेनदेन हो तो बैंक से संपर्क करें।,Low,P4,"English dataset row; retained from the finalized 1,500-record ScamShield dataset.",आपके spotify भुगतान का ₹2499 का लेनदेन सफल रहा।
HI-S0098,"आपका ₹2,499 का इंस्टेंट लोन स्वीकृत है। राशि जारी कराने के लिए ₹999 प्रोसेसिंग शुल्क दें।",scam,loan_scam,hi,Research-backed synthetic multilingual,synthetic_research_backed,"फर्जी लोन, अग्रिम शुल्क, वित्तीय दबाव",शुल्क न दें और ऋणदाता की आधिकारिक जानकारी जांचें।,1. शुल्क न दें और ऋणदाता की आधिकारिक जानकारी जांचें। 2. आधिकारिक चैनल से स्वतंत्र रूप से सत्यापन करें। 3. संदिग्ध होने पर संदेश/नंबर की रिपोर्ट करें।,High,P1,Hindi synthetic/adapted example; not claimed as verbatim real-world data.,"आपका ₹2,499 का इंस्टेंट लोन स्वीकृत है। राशि जारी कराने के लिए ₹999 प्रोसेसिंग शुल्क दें।"
G0512,"Hi Meera, are we still meeting at main gate around 10:00 AM today? — Customer Notification.",genuine,personal,en,Research-backed synthetic,synthetic_research_backed,ordinary personal communication,Reply through the normal conversation channel.,1. Check your plans. 2. Reply to the sender. 3. Do not take any financial action based only on this message.,Low,P4,"English dataset row; retained from the finalized 1,500-record ScamShield dataset.","hi meera, are we still meeting at main gate around 10:00 am today? — customer notification."
G0266,"Hi, are we still meeting at the campus cafeteria around 10:00 AM today?",genuine,personal,en,Research-backed synthetic,synthetic_research_backed,ordinary personal communication,Reply normally if expected.,1. Reply normally if expected. 2. Verify the message in the official app/portal if needed. 3. Do not share sensitive information unnecessarily.,Low,P4,"English dataset row; retained from the finalized 1,500-record ScamShield dataset.","hi, are we still meeting at the campus cafeteria around 10:00 am today?"
G0976,Your order #402-1937460 has shipped and is expected to arrive on 30 September.,genuine,delivery,en,Research-backed synthetic,synthetic_research_backed,normal delivery update,Track through the official retailer/carrier app.,1. Track through the official retailer/carrier app. 2. Verify the message in the official app/portal if needed. 3. Do not share sensitive information unnecessarily.,Low,P4,"English dataset row; retained from the finalized 1,500-record ScamShield dataset.",your order #402-1937460 has shipped and is expected to arrive on 30 september.
G1151,Your electricity bill of Rs 199 is due on 5 October. Please pay through the official utility portal. Please keep this for your records.,genuine,utility_genuine,en,Research-backed synthetic,synthetic_research_backed,normal utility bill reminder,Use the official utility website/app.,1. Verify the bill in the official portal. 2. Check the due date and amount. 3. Pay only through the official channel.,Low,P4,"English dataset row; retained from the finalized 1,500-record ScamShield dataset.",your electricity bill of rs 199 is due on 5 october. please pay through the official utility portal. please keep this for your records.
G0568,याद दिलाया जाता है कि आपकी dentist appointment 30 September को 2:00 PM बजे है। Thank you.,genuine,appointment,en,Research-backed synthetic,synthetic_research_backed,normal appointment reminder,Use the official provider channel for confirmation or changes.,1. समय जांचें। 2. कैलेंडर में सेव करें। 3. बदलाव के लिए आधिकारिक नंबर/पोर्टल इस्तेमाल करें।,Low,P4,"English dataset row; retained from the finalized 1,500-record ScamShield dataset.",याद दिलाया जाता है कि आपकी dentist appointment 30 september को 2:00 pm बजे है। thank you.
S1421,"Hi, I lost my phone and need you to urgently transfer Rs 249 to this new account. Please don't call. Act now.",scam,impersonation,en,Research-backed synthetic,synthetic_research_backed,"impersonation, money request, urgency, discouraging verification",Verify the person's identity through an independent channel before any payment.,1. Do not transfer money. 2. Call the person using a known number. 3. Confirm the request independently. 4. Report if fraudulent.,High,P1,"English dataset row; retained from the finalized 1,500-record ScamShield dataset.","hi, i lost my phone and need you to urgently transfer rs 249 to this new account. please don't call. act now."
TE-G0093,రిమైండర్: మీ అపాయింట్‌మెంట్ 15 अक्टूबरన 6:00 बजेకి ఉంది.,genuine,appointment,te,Research-backed synthetic multilingual,synthetic_research_backed,సాధారణ అపాయింట్‌మెంట్ రిమైండర్,అధికారిక ప్రొవైడర్ ద్వారా వివరాలను నిర్ధారించండి.,1. అధికారిక ప్రొవైడర్ ద్వారా వివరాలను నిర్ధారించండి. 2. అధికారిక ఛానల్ ద్వారా స్వతంత్రంగా వెరిఫై చేయండి. 3. ఆధారాలను సేవ్ చేసి అవసరమైతే రిపోర్ట్ చేయండి.,Low,P4,Telugu synthetic/adapted example; not claimed as verbatim real-world data.,రిమైండర్: మీ అపాయింట్‌మెంట్ 15 अक्टूबरన 6:00 बजेకి ఉంది.
TE-S0096,"నేను కొత్త నంబర్ ఉపయోగిస్తున్నాను. చాలా అత్యవసరం, నాకు ₹10,000 వెంటనే ట్రాన్స్‌ఫర్ చేయండి. నాకు కాల్ చేయకండి.",scam,impersonation,te,Research-backed synthetic multilingual,synthetic_research_backed,"వ్యక్తి ఇంపర్సనేషన్, డబ్బు డిమాండ్, వెరిఫికేషన్ నిరోధం",తెలిసిన నంబర్ ద్వారా వ్యక్తిని ధృవీకరించకుండా డబ్బు పంపకండి.,1. తెలిసిన నంబర్ ద్వారా వ్యక్తిని ధృవీకరించకుండా డబ్బు పంపకండి. 2. అధికారిక ఛానల్ ద్వారా స్వతంత్రంగా వెరిఫై చేయండి. 3. ఆధారాలను సేవ్ చేసి అవసరమైతే రిపోర్ట్ చేయండి.,High,P1,Telugu synthetic/adapted example; not claimed as verbatim real-world data.,"నేను కొత్త నంబర్ ఉపయోగిస్తున్నాను. చాలా అత్యవసరం, నాకు ₹10,000 వెంటనే ట్రాన్స్‌ఫర్ చేయండి. నాకు కాల్ చేయకండి."
G0579,Your Flipkart payment of Rs 1299 was processed successfully.,genuine,transaction,en,Research-backed synthetic,synthetic_research_backed,normal transaction notification,Verify the transaction in the official app or bank statement.,1. Check the transaction in the official app. 2. Confirm the amount and merchant. 3. Keep the receipt if needed.,Low,P4,"English dataset row; retained from the finalized 1,500-record ScamShield dataset.",your flipkart payment of rs 1299 was processed successfully.
S0211,Urgent: please update the vendor bank details and transfer the outstanding invoice to the new account before today.,scam,business_email_compromise,en,Research-backed synthetic,synthetic_research_backed,"payment diversion, impersonation, urgency, bank-detail change",Verify the request through an independent trusted channel.,1. Verify the request through an independent trusted channel. 2. Verify independently using the official service/authority. 3. Preserve evidence. 4. Report suspected cyber fraud.,Critical,P1,"English dataset row; retained from the finalized 1,500-record ScamShield dataset.",urgent: please update the vendor bank details and transfer the outstanding invoice to the new account before today.
S1462,You have been selected for a work-from-home Data Analyst paying Rs 799 per day. Pay Rs 199 as registration before joining.,scam,job_scam,en,Research-backed synthetic,synthetic_research_backed,"unrealistic earnings, upfront fee, unsolicited job",Do not pay the registration fee.,1. Do not pay. 2. Verify the employer independently. 3. Do not share identity/banking documents. 4. Block and report the sender.,High,P1,"English dataset row; retained from the finalized 1,500-record ScamShield dataset.",you have been selected for a work-from-home data analyst paying rs 799 per day. pay rs 199 as registration before joining.
S1363,You have been selected for a work-from-home Frontend Developer paying Rs 4999 per day. Pay Rs 499 as registration before joining. Act now.,scam,job_scam,en,Research-backed synthetic,synthetic_research_backed,"unrealistic earnings, upfront fee, unsolicited job",Do not pay the registration fee.,1. Do not pay. 2. Verify the employer independently. 3. Do not share identity/banking documents. 4. Block and report the sender.,High,P1,"English dataset row; retained from the finalized 1,500-record ScamShield dataset.",you have been selected for a work-from-home frontend developer paying rs 4999 per day. pay rs 499 as registration before joining. act now.
S0406,A refund of Rs 2499 is waiting for you. Share your card number and OTP so we can process it immediately. Immediate action required.,scam,refund_scam,en,Research-backed synthetic,synthetic_research_backed,"refund pretext, card-data request, OTP request",Do not share card or OTP details.,1. Do not share credentials. 2. Check refunds in the official merchant app. 3. Contact official support. 4. Report the sender.,Critical,P1,"English dataset row; retained from the finalized 1,500-record ScamShield dataset.",a refund of rs 2499 is waiting for you. share your card number and otp so we can process it immediately. immediate action required.
S0384,A refund of Rs 2499 is waiting for you. Share your card number and OTP so we can process it immediately. Act now.,scam,refund_scam,en,Research-backed synthetic,synthetic_research_backed,"refund pretext, card-data request, OTP request",Do not share card or OTP details.,1. Do not share credentials. 2. Check refunds in the official merchant app. 3. Contact official support. 4. Report the sender.,Critical,P1,"English dataset row; retained from the finalized 1,500-record ScamShield dataset.",a refund of rs 2499 is waiting for you. share your card number and otp so we can process it immediately. act now.
S1350,Our crypto trading bot guarantees 50% profit every day. Deposit ₹2499 now to join.,scam,crypto_investment,en,Research-backed synthetic,synthetic_research_backed,"guaranteed returns, crypto solicitation, deposit request",Do not transfer money based on guaranteed-profit claims.,1. Do not transfer money based on guaranteed-profit claims. 2. Verify independently using the official service/authority. 3. Preserve evidence. 4. Report suspected cyber fraud.,Critical,P1,"English dataset row; retained from the finalized 1,500-record ScamShield dataset.",our crypto trading bot guarantees 50% profit every day. deposit ₹2499 now to join.
G0716,Your verification code for Amazon is M-562901. Do not share it with anyone.,genuine,otp,en,Research-backed synthetic,synthetic_research_backed,legitimate verification-code notice,Use the code only in the login/verification flow you initiated.,"1. Use the code only on the official service. 2. Never forward the code. 3. If you did not request it, ignore it and review account security.",Low,P4,"English dataset row; retained from the finalized 1,500-record ScamShield dataset.",your verification code for amazon is m-562901. do not share it with anyone.
S1178,Your WhatsApp account has been locked. Verify your identity now at http://account-check.invalid to avoid permanent closure.,scam,phishing,en,Research-backed synthetic,synthetic_research_backed,"account threat, urgency, suspicious URL, credential harvesting",Do not click the link.,1. Do not open the URL. 2. Visit the service by typing its official address. 3. Change credentials if exposed. 4. Report the message.,High,P1,"English dataset row; retained from the finalized 1,500-record ScamShield dataset.",your whatsapp account has been locked. verify your identity now at http://account-check.invalid to avoid permanent closure.
G1385,Your subscription renews on 5 October for ₹1299.,genuine,subscription,en,Research-backed synthetic,synthetic_research_backed,normal subscription notice,Review the subscription in the official account settings.,1. Review the subscription in the official account settings. 2. Verify the message in the official app/portal if needed. 3. Do not share sensitive information unnecessarily.,Low,P4,"English dataset row; retained from the finalized 1,500-record ScamShield dataset.",your subscription renews on 5 october for ₹1299.
S1400,Our AI trading group guarantees 10% daily profit. Deposit Rs 799 today to activate your account. Immediate action required.,scam,investment_scam,en,Research-backed synthetic,synthetic_research_backed,"guaranteed returns, investment pressure, deposit request",Do not transfer money based on the message.,1. Do not deposit funds. 2. Verify the company independently. 3. Check regulatory status where applicable. 4. Report the solicitation.,Critical,P1,"English dataset row; retained from the finalized 1,500-record ScamShield dataset.",our ai trading group guarantees 10% daily profit. deposit rs 799 today to activate your account. immediate action required.
S0096,You have been selected for a work-from-home Java Backend Developer paying Rs 4999 per day. Pay Rs 499 as registration before joining. Do not ignore this message.,scam,job_scam,en,Research-backed synthetic,synthetic_research_backed,"unrealistic earnings, upfront fee, unsolicited job",Do not pay the registration fee.,1. Do not pay. 2. Verify the employer independently. 3. Do not share identity/banking documents. 4. Block and report the sender.,High,P1,"English dataset row; retained from the finalized 1,500-record ScamShield dataset.",you have been selected for a work-from-home java backend developer paying rs 4999 per day. pay rs 499 as registration before joining. do not ignore this message.
S1487,Our AI trading group guarantees 30% daily profit. Deposit Rs 2499 today to activate your account. Immediate action required.,scam,investment_scam,en,Research-backed synthetic,synthetic_research_backed,"guaranteed returns, investment pressure, deposit request",Do not transfer money based on the message.,1. Do not deposit funds. 2. Verify the company independently. 3. Check regulatory status where applicable. 4. Report the solicitation.,Critical,P1,"English dataset row; retained from the finalized 1,500-record ScamShield dataset.",our ai trading group guarantees 30% daily profit. deposit rs 2499 today to activate your account. immediate action required.
TE-G0104,రిమైండర్: మీ అపాయింట్‌మెంట్ 10 अक्टूबरన 6:00 बजेకి ఉంది.,genuine,appointment,te,Research-backed synthetic multilingual,synthetic_research_backed,సాధారణ అపాయింట్‌మెంట్ రిమైండర్,అధికారిక ప్రొవైడర్ ద్వారా వివరాలను నిర్ధారించండి.,1. అధికారిక ప్రొవైడర్ ద్వారా వివరాలను నిర్ధారించండి. 2. అధికారిక ఛానల్ ద్వారా స్వతంత్రంగా వెరిఫై చేయండి. 3. ఆధారాలను సేవ్ చేసి అవసరమైతే రిపోర్ట్ చేయండి.,Low,P4,Telugu synthetic/adapted example; not claimed as verbatim real-world data.,రిమైండర్: మీ అపాయింట్‌మెంట్ 10 अक्टूबरన 6:00 बजेకి ఉంది.
G1466,Your subscription to WhatsApp has been renewed successfully. — Customer Notification.,genuine,subscription,en,Research-backed synthetic,synthetic_research_backed,normal subscription notice,Verify the renewal in the official account.,1. Open the official service app. 2. Check billing history. 3. Contact official support if the charge is unfamiliar.,Low,P4,"English dataset row; retained from the finalized 1,500-record ScamShield dataset.",your subscription to whatsapp has been renewed successfully. — customer notification.
G1113,The Data Analytics assignment deadline is 10 October. Please submit it through the student portal. — Customer Notification.,genuine,education,en,Research-backed synthetic,synthetic_research_backed,normal educational announcement,Use the official student portal.,1. Check the assignment details. 2. Prepare the submission. 3. Upload through the official portal before the deadline.,Low,P4,"English dataset row; retained from the finalized 1,500-record ScamShield dataset.",the data analytics assignment deadline is 10 october. please submit it through the student portal. — customer notification.
S0163,Congratulations! You won Rs 4999 in a lucky draw. Pay Rs 1499 tax/processing charges to claim your prize. Act now.,scam,lottery,en,Research-backed synthetic,synthetic_research_backed,"unexpected prize, upfront payment, lottery claim",Do not pay the fee.,1. Do not send money. 2. Do not share financial details. 3. Block the sender. 4. Report the message.,High,P1,"English dataset row; retained from the finalized 1,500-record ScamShield dataset.",congratulations! you won rs 4999 in a lucky draw. pay rs 1499 tax/processing charges to claim your prize. act now.
HI-S0060,आपका ₹199 का इंस्टेंट लोन स्वीकृत है। राशि जारी कराने के लिए ₹999 प्रोसेसिंग शुल्क दें।,scam,loan_scam,hi,Research-backed synthetic multilingual,synthetic_research_backed,"फर्जी लोन, अग्रिम शुल्क, वित्तीय दबाव",शुल्क न दें और ऋणदाता की आधिकारिक जानकारी जांचें।,1. शुल्क न दें और ऋणदाता की आधिकारिक जानकारी जांचें। 2. आधिकारिक चैनल से स्वतंत्र रूप से सत्यापन करें। 3. संदिग्ध होने पर संदेश/नंबर की रिपोर्ट करें।,High,P1,Hindi synthetic/adapted example; not claimed as verbatim real-world data.,आपका ₹199 का इंस्टेंट लोन स्वीकृत है। राशि जारी कराने के लिए ₹999 प्रोसेसिंग शुल्क दें।
HI-G0093,"आपकी सदस्यता 15 अक्टूबर को ₹10,000 में नवीनीकृत होगी।",genuine,subscription,hi,Research-backed synthetic multilingual,synthetic_research_backed,सामान्य सदस्यता सूचना,आधिकारिक अकाउंट सेटिंग्स में विवरण जांचें।,1. आधिकारिक अकाउंट सेटिंग्स में विवरण जांचें। 2. आधिकारिक चैनल से स्वतंत्र रूप से सत्यापन करें। 3. संदिग्ध होने पर संदेश/नंबर की रिपोर्ट करें।,Low,P4,Hindi synthetic/adapted example; not claimed as verbatim real-world data.,"आपकी सदस्यता 15 अक्टूबर को ₹10,000 में नवीनीकृत होगी।"
S0847,Congratulations! You won Rs 199 in a lucky draw. Pay Rs 1499 tax/processing charges to claim your prize. Immediate action required.,scam,lottery,en,Research-backed synthetic,synthetic_research_backed,"unexpected prize, upfront payment, lottery claim",Do not pay the fee.,1. Do not send money. 2. Do not share financial details. 3. Block the sender. 4. Report the message.,High,P1,"English dataset row; retained from the finalized 1,500-record ScamShield dataset.",congratulations! you won rs 199 in a lucky draw. pay rs 1499 tax/processing charges to claim your prize. immediate action required.
TE-S0076,"మీ ₹199 ఇన్‌స్టంట్ లోన్ ఆమోదించబడింది. డబ్బు విడుదలకు ₹1,999 ప్రాసెసింగ్ ఫీజు చెల్లించండి.",scam,loan_scam,te,Research-backed synthetic multilingual,synthetic_research_backed,"ఫేక్ లోన్, ముందస్తు ఫీజు, ఆర్థిక ఒత్తిడి",ఫీజు చెల్లించకండి; లెండర్ వివరాలు వెరిఫై చేయండి.,1. ఫీజు చెల్లించకండి; లెండర్ వివరాలు వెరిఫై చేయండి. 2. అధికారిక ఛానల్ ద్వారా స్వతంత్రంగా వెరిఫై చేయండి. 3. ఆధారాలను సేవ్ చేసి అవసరమైతే రిపోర్ట్ చేయండి.,High,P1,Telugu synthetic/adapted example; not claimed as verbatim real-world data.,"మీ ₹199 ఇన్‌స్టంట్ లోన్ ఆమోదించబడింది. డబ్బు విడుదలకు ₹1,999 ప్రాసెసింగ్ ఫీజు చెల్లించండి."
HI-S0009,₹499 का रिफंड पाने के लिए यह QR कोड स्कैन करें और UPI PIN डालें।,scam,upi_qr,hi,Research-backed synthetic multilingual,synthetic_research_backed,"QR के जरिए भुगतान, UPI PIN अनुरोध, रिफंड बहाना",QR स्कैन न करें और UPI PIN न डालें।,1. QR स्कैन न करें और UPI PIN न डालें। 2. आधिकारिक चैनल से स्वतंत्र रूप से सत्यापन करें। 3. संदिग्ध होने पर संदेश/नंबर की रिपोर्ट करें।,Critical,P1,Hindi synthetic/adapted example; not claimed as verbatim real-world data.,₹499 का रिफंड पाने के लिए यह qr कोड स्कैन करें और upi pin डालें।
G0907,"Hi, are we still meeting at the campus cafeteria around 9:30 AM today?",genuine,personal,en,Research-backed synthetic,synthetic_research_backed,ordinary personal communication,Reply normally if expected.,1. Reply normally if expected. 2. Verify the message in the official app/portal if needed. 3. Do not share sensitive information unnecessarily.,Low,P4,"English dataset row; retained from the finalized 1,500-record ScamShield dataset.","hi, are we still meeting at the campus cafeteria around 9:30 am today?"
S0471,"Hi, I lost my phone and need you to urgently transfer Rs 4999 to this new account. Please don't call. Do not ignore this message.",scam,impersonation,en,Research-backed synthetic,synthetic_research_backed,"impersonation, money request, urgency, discouraging verification",Verify the person's identity through an independent channel before any payment.,1. Do not transfer money. 2. Call the person using a known number. 3. Confirm the request independently. 4. Report if fraudulent.,High,P1,"English dataset row; retained from the finalized 1,500-record ScamShield dataset.","hi, i lost my phone and need you to urgently transfer rs 4999 to this new account. please don't call. do not ignore this message."
S1102,Congratulations! You won Rs 1299 in a lucky draw. Pay Rs 999 tax/processing charges to claim your prize. Act now.,scam,lottery,en,Research-backed synthetic,synthetic_research_backed,"unexpected prize, upfront payment, lottery claim",Do not pay the fee.,1. Do not send money. 2. Do not share financial details. 3. Block the sender. 4. Report the message.,High,P1,"English dataset row; retained from the finalized 1,500-record ScamShield dataset.",congratulations! you won rs 1299 in a lucky draw. pay rs 999 tax/processing charges to claim your prize. act now.
G0178,Your application for the Python Developer position has moved to the next stage. Please check the company careers portal.,genuine,job_genuine,en,Research-backed synthetic,synthetic_research_backed,normal recruitment communication,Access the known company careers portal directly.,1. Open the company website manually. 2. Check application status. 3. Follow the official recruitment process.,Low,P4,"English dataset row; retained from the finalized 1,500-record ScamShield dataset.",your application for the python developer position has moved to the next stage. please check the company careers portal.
TE-S0091,"ఇంటినుంచి పని చేసి రోజుకు ₹199 సంపాదించండి. ఉద్యోగం ప్రారంభించడానికి ₹4,999 రిజిస్ట్రేషన్ ఫీజు చెల్లించండి.",scam,job_scam,te,Research-backed synthetic multilingual,synthetic_research_backed,"ఫేక్ ఉద్యోగం, ముందస్తు ఫీజు, అవాస్తవ ఆదాయం",ఫీజు చెల్లించకండి; ఉద్యోగదాతను స్వతంత్రంగా వెరిఫై చేయండి.,1. ఫీజు చెల్లించకండి; ఉద్యోగదాతను స్వతంత్రంగా వెరిఫై చేయండి. 2. అధికారిక ఛానల్ ద్వారా స్వతంత్రంగా వెరిఫై చేయండి. 3. ఆధారాలను సేవ్ చేసి అవసరమైతే రిపోర్ట్ చేయండి.,High,P1,Telugu synthetic/adapted example; not claimed as verbatim real-world data.,"ఇంటినుంచి పని చేసి రోజుకు ₹199 సంపాదించండి. ఉద్యోగం ప్రారంభించడానికి ₹4,999 రిజిస్ట్రేషన్ ఫీజు చెల్లించండి."
G0169,The Data Analytics assignment deadline is 5 October. Please submit it through the student portal. — Customer Notification.,genuine,education,en,Research-backed synthetic,synthetic_research_backed,normal educational announcement,Use the official student portal.,1. Check the assignment details. 2. Prepare the submission. 3. Upload through the official portal before the deadline.,Low,P4,"English dataset row; retained from the finalized 1,500-record ScamShield dataset.",the data analytics assignment deadline is 5 october. please submit it through the student portal. — customer notification.
S0832,Congratulations! You won Rs 1299 in a lucky draw. Pay Rs 499 tax/processing charges to claim your prize. Act now.,scam,lottery,en,Research-backed synthetic,synthetic_research_backed,"unexpected prize, upfront payment, lottery claim",Do not pay the fee.,1. Do not send money. 2. Do not share financial details. 3. Block the sender. 4. Report the message.,High,P1,"English dataset row; retained from the finalized 1,500-record ScamShield dataset.",congratulations! you won rs 1299 in a lucky draw. pay rs 499 tax/processing charges to claim your prize. act now.
G0877,Reminder: your dentist appointment is scheduled for 10 October at 2:00 PM. Thank you.,genuine,appointment,en,Research-backed synthetic,synthetic_research_backed,normal appointment reminder,Confirm or reschedule through the official provider if necessary.,1. Check the appointment details. 2. Add it to your calendar. 3. Use the provider's official contact channel for changes.,Low,P4,"English dataset row; retained from the finalized 1,500-record ScamShield dataset.",reminder: your dentist appointment is scheduled for 10 october at 2:00 pm. thank you.
G0325,Your Air India booking R2N6VT is confirmed for 15 October. Thank you.,genuine,travel,en,Research-backed synthetic,synthetic_research_backed,normal travel confirmation,Check the booking in the official airline/travel app.,1. Open the official travel account. 2. Verify the booking reference. 3. Check schedule changes through the official channel.,Low,P4,"English dataset row; retained from the finalized 1,500-record ScamShield dataset.",your air india booking r2n6vt is confirmed for 15 october. thank you.
TE-S0106,"మీ ₹5,000 ఇన్‌స్టంట్ లోన్ ఆమోదించబడింది. డబ్బు విడుదలకు ₹4,999 ప్రాసెసింగ్ ఫీజు చెల్లించండి.",scam,loan_scam,te,Research-backed synthetic multilingual,synthetic_research_backed,"ఫేక్ లోన్, ముందస్తు ఫీజు, ఆర్థిక ఒత్తిడి",ఫీజు చెల్లించకండి; లెండర్ వివరాలు వెరిఫై చేయండి.,1. ఫీజు చెల్లించకండి; లెండర్ వివరాలు వెరిఫై చేయండి. 2. అధికారిక ఛానల్ ద్వారా స్వతంత్రంగా వెరిఫై చేయండి. 3. ఆధారాలను సేవ్ చేసి అవసరమైతే రిపోర్ట్ చేయండి.,High,P1,Telugu synthetic/adapted example; not claimed as verbatim real-world data.,"మీ ₹5,000 ఇన్‌స్టంట్ లోన్ ఆమోదించబడింది. డబ్బు విడుదలకు ₹4,999 ప్రాసెసింగ్ ఫీజు చెల్లించండి."
TE-G0075,మీ Amazon చెల్లింపు ₹199 విజయవంతంగా ప్రాసెస్ చేయబడింది.,genuine,transaction,te,Research-backed synthetic multilingual,synthetic_research_backed,సాధారణ ట్రాన్సాక్షన్ సమాచారం,అధికారిక యాప్‌లో ట్రాన్సాక్షన్‌ను చెక్ చేయండి.,1. అధికారిక యాప్‌లో ట్రాన్సాక్షన్‌ను చెక్ చేయండి. 2. అధికారిక ఛానల్ ద్వారా స్వతంత్రంగా వెరిఫై చేయండి. 3. ఆధారాలను సేవ్ చేసి అవసరమైతే రిపోర్ట్ చేయండి.,Low,P4,Telugu synthetic/adapted example; not claimed as verbatim real-world data.,మీ amazon చెల్లింపు ₹199 విజయవంతంగా ప్రాసెస్ చేయబడింది.
G0516,Reminder from your clinic: your appointment is booked for 5 October at 2:00 PM.,genuine,healthcare,en,Research-backed synthetic,synthetic_research_backed,normal healthcare reminder,Use the clinic's official contact details for changes.,1. Use the clinic's official contact details for changes. 2. Verify the message in the official app/portal if needed. 3. Do not share sensitive information unnecessarily.,Low,P4,"English dataset row; retained from the finalized 1,500-record ScamShield dataset.",reminder from your clinic: your appointment is booked for 5 october at 2:00 pm.
HI-S0004,आपका खाता बंद होने वाला है। सत्यापन के लिए अभी प्राप्त OTP हमें भेजें।,scam,otp,hi,Research-backed synthetic multilingual,synthetic_research_backed,"OTP अनुरोध, डर/धमकी, तात्कालिकता",OTP साझा न करें।,1. OTP साझा न करें। 2. आधिकारिक चैनल से स्वतंत्र रूप से सत्यापन करें। 3. संदिग्ध होने पर संदेश/नंबर की रिपोर्ट करें।,Critical,P1,Hindi synthetic/adapted example; not claimed as verbatim real-world data.,आपका खाता बंद होने वाला है। सत्यापन के लिए अभी प्राप्त otp हमें भेजें।
G0059,Your monthly investment statement for index fund is available in your official account.,genuine,finance_genuine,en,Research-backed synthetic,synthetic_research_backed,normal financial statement,Review it through the official investment platform.,1. Sign in directly to the known platform. 2. Review the statement. 3. Contact the provider through official channels for discrepancies.,Low,P4,"English dataset row; retained from the finalized 1,500-record ScamShield dataset.",your monthly investment statement for index fund is available in your official account.
S1093,You have been selected for a work-from-home ML Intern paying Rs 199 per day. Pay Rs 299 as registration before joining. Immediate action required.,scam,job_scam,en,Research-backed synthetic,synthetic_research_backed,"unrealistic earnings, upfront fee, unsolicited job",Do not pay the registration fee.,1. Do not pay. 2. Verify the employer independently. 3. Do not share identity/banking documents. 4. Block and report the sender.,High,P1,"English dataset row; retained from the finalized 1,500-record ScamShield dataset.",you have been selected for a work-from-home ml intern paying rs 199 per day. pay rs 299 as registration before joining. immediate action required.
G0323,Interview reminder: your Data Analyst interview is scheduled for 10 October at 6:00 PM.,genuine,job_genuine,en,Research-backed synthetic,synthetic_research_backed,normal recruitment communication,Verify the interview through the official recruitment channel.,1. Check the original application. 2. Confirm the interview details. 3. Join through the verified meeting link.,Low,P4,"English dataset row; retained from the finalized 1,500-record ScamShield dataset.",interview reminder: your data analyst interview is scheduled for 10 october at 6:00 pm.
S0906,Your overseas online job placement is approved. Pay ₹999 for processing and travel documents before deployment.,scam,cyber_slavery,en,Research-backed synthetic,synthetic_research_backed,"fake overseas job, upfront payment, recruitment deception",Do not pay before independently verifying the recruiter.,1. Do not pay before independently verifying the recruiter. 2. Verify independently using the official service/authority. 3. Preserve evidence. 4. Report suspected cyber fraud.,High,P1,"English dataset row; retained from the finalized 1,500-record ScamShield dataset.",your overseas online job placement is approved. pay ₹999 for processing and travel documents before deployment.
S1257,Congratulations! You won Rs 4999 in a lucky draw. Pay Rs 199 tax/processing charges to claim your prize.,scam,lottery,en,Research-backed synthetic,synthetic_research_backed,"unexpected prize, upfront payment, lottery claim",Do not pay the fee.,1. Do not send money. 2. Do not share financial details. 3. Block the sender. 4. Report the message.,High,P1,"English dataset row; retained from the finalized 1,500-record ScamShield dataset.",congratulations! you won rs 4999 in a lucky draw. pay rs 199 tax/processing charges to claim your prize.
G0738,Your Labmentix internship induction program will begin shortly. Please join the meeting link provided in your email.,genuine,appointment,en,User-provided reference file,user_reference,,Join meeting,Verify through an official channel; follow the expected action above.,Low,P4,"English dataset row; retained from the finalized 1,500-record ScamShield dataset.",your labmentix internship induction program will begin shortly. please join the meeting link provided in your email.
S1036,We detected an issue with your Netflix account. Call +91 9XXXX XXXXX and provide your card details for verification.,scam,customer_support,en,Research-backed synthetic,synthetic_research_backed,"fake support, request for financial data, unsolicited contact",Do not provide card or account details.,1. Do not call the supplied number. 2. Use official support channels. 3. Do not share card/OTP details. 4. Block the sender.,Critical,P1,"English dataset row; retained from the finalized 1,500-record ScamShield dataset.",we detected an issue with your netflix account. call +91 9xxxx xxxxx and provide your card details for verification.
G0620,Your verification code for Flipkart is M-562901. Do not share it with anyone. Thank you.,genuine,otp,en,Research-backed synthetic,synthetic_research_backed,legitimate verification-code notice,Use the code only in the login/verification flow you initiated.,"1. Use the code only on the official service. 2. Never forward the code. 3. If you did not request it, ignore it and review account security.",Low,P4,"English dataset row; retained from the finalized 1,500-record ScamShield dataset.",your verification code for flipkart is m-562901. do not share it with anyone. thank you.
G1031,"Hi, are we still meeting at the campus cafeteria around 2:00 PM today?",genuine,personal,en,Research-backed synthetic,synthetic_research_backed,ordinary personal communication,Reply normally if expected.,1. Reply normally if expected. 2. Verify the message in the official app/portal if needed. 3. Do not share sensitive information unnecessarily.,Low,P4,"English dataset row; retained from the finalized 1,500-record ScamShield dataset.","hi, are we still meeting at the campus cafeteria around 2:00 pm today?"
G0342,Your order #403-5820147 has shipped and is expected to arrive on 5 October.,genuine,delivery,en,Research-backed synthetic,synthetic_research_backed,normal delivery update,Track through the official retailer/carrier app.,1. Track through the official retailer/carrier app. 2. Verify the message in the official app/portal if needed. 3. Do not share sensitive information unnecessarily.,Low,P4,"English dataset row; retained from the finalized 1,500-record ScamShield dataset.",your order #403-5820147 has shipped and is expected to arrive on 5 october.
S1373,Your refund of ₹10000 is pending. Share your card details and OTP so our agent can release it now.,scam,fake_refund,en,Research-backed synthetic,synthetic_research_backed,"refund pretext, card details, OTP",Do not share card details or OTP.,1. Do not share card details or OTP. 2. Verify independently using the official service/authority. 3. Preserve evidence. 4. Report suspected cyber fraud.,Critical,P1,"English dataset row; retained from the finalized 1,500-record ScamShield dataset.",your refund of ₹10000 is pending. share your card details and otp so our agent can release it now.
G1284,Your service request TKT-77104 has been completed. Please review the update in the official portal. Please keep this for your records.,genuine,service_update,en,Research-backed synthetic,synthetic_research_backed,normal service update,Review the request through the official portal.,1. Open the official portal directly. 2. Check the request status. 3. Contact official support if the result is incorrect.,Low,P4,"English dataset row; retained from the finalized 1,500-record ScamShield dataset.",your service request tkt-77104 has been completed. please review the update in the official portal. please keep this for your records.
S0482,You have been selected for a work-from-home ML Intern paying Rs 249 per day. Pay Rs 199 as registration before joining. Act now.,scam,job_scam,en,Research-backed synthetic,synthetic_research_backed,"unrealistic earnings, upfront fee, unsolicited job",Do not pay the registration fee.,1. Do not pay. 2. Verify the employer independently. 3. Do not share identity/banking documents. 4. Block and report the sender.,High,P1,"English dataset row; retained from the finalized 1,500-record ScamShield dataset.",you have been selected for a work-from-home ml intern paying rs 249 per day. pay rs 199 as registration before joining. act now.
HI-G0116,आपकी क्लिनिक अपॉइंटमेंट 10 अक्टूबर को 2:00 बजे बजे निर्धारित है।,genuine,healthcare,hi,Research-backed synthetic multilingual,synthetic_research_backed,सामान्य स्वास्थ्य रिमाइंडर,आधिकारिक क्लिनिक चैनल से विवरण सत्यापित करें।,1. आधिकारिक क्लिनिक चैनल से विवरण सत्यापित करें। 2. आधिकारिक चैनल से स्वतंत्र रूप से सत्यापन करें। 3. संदिग्ध होने पर संदेश/नंबर की रिपोर्ट करें।,Low,P4,Hindi synthetic/adapted example; not claimed as verbatim real-world data.,आपकी क्लिनिक अपॉइंटमेंट 10 अक्टूबर को 2:00 बजे बजे निर्धारित है।
G0876,The department seminar on Cybersecurity will be held on 15 October in sample-venue.,genuine,college_announcement,en,Research-backed synthetic,synthetic_research_backed,normal institutional announcement,Check the official college communication channel for details.,1. Verify the announcement in the official portal/email. 2. Note the venue and time. 3. Attend if relevant.,Low,P4,"English dataset row; retained from the finalized 1,500-record ScamShield dataset.",the department seminar on cybersecurity will be held on 15 october in sample-venue.
S0624,Exclusive offer from a social-media ad: deposit ₹2499 and get guaranteed returns within 24 hours.,scam,fake_social_media_ad,en,Research-backed synthetic,synthetic_research_backed,"social-media advertisement, guaranteed return, deposit request",Do not transfer money from an unverified advertisement.,1. Do not transfer money from an unverified advertisement. 2. Verify independently using the official service/authority. 3. Preserve evidence. 4. Report suspected cyber fraud.,Critical,P1,"English dataset row; retained from the finalized 1,500-record ScamShield dataset.",exclusive offer from a social-media ad: deposit ₹2499 and get guaranteed returns within 24 hours.
S1085,Our AI trading group guarantees 5% daily profit. Deposit Rs 499 today to activate your account. Act now.,scam,investment_scam,en,Research-backed synthetic,synthetic_research_backed,"guaranteed returns, investment pressure, deposit request",Do not transfer money based on the message.,1. Do not deposit funds. 2. Verify the company independently. 3. Check regulatory status where applicable. 4. Report the solicitation.,Critical,P1,"English dataset row; retained from the finalized 1,500-record ScamShield dataset.",our ai trading group guarantees 5% daily profit. deposit rs 499 today to activate your account. act now.
TE-S0077,ఇప్పుడే ₹199 పంపండి. లేకపోతే మీ ప్రైవేట్ వీడియోను మీ కాంటాక్ట్స్‌కు పంపిస్తాం.,scam,sextortion,te,Research-backed synthetic multilingual,synthetic_research_backed,"బ్లాక్‌మెయిల్, బెదిరింపు, డబ్బు డిమాండ్",డబ్బు పంపకండి; ఆధారాలను భద్రపరచి రిపోర్ట్ చేయండి.,1. డబ్బు పంపకండి; ఆధారాలను భద్రపరచి రిపోర్ట్ చేయండి. 2. అధికారిక ఛానల్ ద్వారా స్వతంత్రంగా వెరిఫై చేయండి. 3. ఆధారాలను సేవ్ చేసి అవసరమైతే రిపోర్ట్ చేయండి.,Critical,P1,Telugu synthetic/adapted example; not claimed as verbatim real-world data.,ఇప్పుడే ₹199 పంపండి. లేకపోతే మీ ప్రైవేట్ వీడియోను మీ కాంటాక్ట్స్‌కు పంపిస్తాం.
TE-S0060,"మా ట్రేడింగ్ ప్లాట్‌ఫారమ్ రోజూ 2,499% లాభం గ్యారంటీ చేస్తుంది. వెంటనే ₹2,499 డిపాజిట్ చేయండి.",scam,investment_scam,te,Research-backed synthetic multilingual,synthetic_research_backed,"గ్యారంటీడ్ రిటర్న్స్, పెట్టుబడి ఒత్తిడి",డబ్బు పంపకండి; ప్లాట్‌ఫారమ్‌ను స్వతంత్రంగా వెరిఫై చేయండి.,1. డబ్బు పంపకండి; ప్లాట్‌ఫారమ్‌ను స్వతంత్రంగా వెరిఫై చేయండి. 2. అధికారిక ఛానల్ ద్వారా స్వతంత్రంగా వెరిఫై చేయండి. 3. ఆధారాలను సేవ్ చేసి అవసరమైతే రిపోర్ట్ చేయండి.,Critical,P1,Telugu synthetic/adapted example; not claimed as verbatim real-world data.,"మా ట్రేడింగ్ ప్లాట్‌ఫారమ్ రోజూ 2,499% లాభం గ్యారంటీ చేస్తుంది. వెంటనే ₹2,499 డిపాజిట్ చేయండి."
S0240,Our crypto trading bot guarantees 30% profit every day. Deposit ₹5000 now to join.,scam,crypto_investment,en,Research-backed synthetic,synthetic_research_backed,"guaranteed returns, crypto solicitation, deposit request",Do not transfer money based on guaranteed-profit claims.,1. Do not transfer money based on guaranteed-profit claims. 2. Verify independently using the official service/authority. 3. Preserve evidence. 4. Report suspected cyber fraud.,Critical,P1,"English dataset row; retained from the finalized 1,500-record ScamShield dataset.",our crypto trading bot guarantees 30% profit every day. deposit ₹5000 now to join.
S0651,You have been selected for a work-from-home Data Analyst paying Rs 799 per day. Pay Rs 299 as registration before joining.,scam,job_scam,en,Research-backed synthetic,synthetic_research_backed,"unrealistic earnings, upfront fee, unsolicited job",Do not pay the registration fee.,1. Do not pay. 2. Verify the employer independently. 3. Do not share identity/banking documents. 4. Block and report the sender.,High,P1,"English dataset row; retained from the finalized 1,500-record ScamShield dataset.",you have been selected for a work-from-home data analyst paying rs 799 per day. pay rs 299 as registration before joining.
TE-G0102,మీ ఆర్డర్ #401-8246152 షిప్ అయింది. ఇది 2 अक्टूबरన డెలివరీ అయ్యే అవకాశం ఉంది.,genuine,delivery,te,Research-backed synthetic multilingual,synthetic_research_backed,సాధారణ డెలివరీ అప్డేట్,అధికారిక యాప్/వెబ్‌సైట్‌లో ట్రాక్ చేయండి.,1. అధికారిక యాప్/వెబ్‌సైట్‌లో ట్రాక్ చేయండి. 2. అధికారిక ఛానల్ ద్వారా స్వతంత్రంగా వెరిఫై చేయండి. 3. ఆధారాలను సేవ్ చేసి అవసరమైతే రిపోర్ట్ చేయండి.,Low,P4,Telugu synthetic/adapted example; not claimed as verbatim real-world data.,మీ ఆర్డర్ #401-8246152 షిప్ అయింది. ఇది 2 अक्टूबरన డెలివరీ అయ్యే అవకాశం ఉంది.
G0548,याद दिलाया जाता है कि आपकी career counseling session 20 October को 2:00 PM बजे है। Please keep this for your records.,genuine,appointment,en,Research-backed synthetic,synthetic_research_backed,normal appointment reminder,Use the official provider channel for confirmation or changes.,1. समय जांचें। 2. कैलेंडर में सेव करें। 3. बदलाव के लिए आधिकारिक नंबर/पोर्टल इस्तेमाल करें।,Low,P4,"English dataset row; retained from the finalized 1,500-record ScamShield dataset.",याद दिलाया जाता है कि आपकी career counseling session 20 october को 2:00 pm बजे है। please keep this for your records.
TE-S0003,మీ SBI బ్యాంక్ ఖాతా KYC/PAN అప్డేట్ కాలేదు. ఈరోజే ఖాతా బ్లాక్ అవుతుంది. వెంటనే http://secure-update.invalid ఓపెన్ చేసి అప్డేట్ చేయండి.,scam,bank_kyc,te,Research-backed synthetic multilingual,synthetic_research_backed,"బ్యాంక్ ఇంపర్సనేషన్, అత్యవసరం, అనుమానాస్పద లింక్",లింక్ క్లిక్ చేయకండి; అధికారిక బ్యాంక్ యాప్ ద్వారా చెక్ చేయండి.,1. లింక్ క్లిక్ చేయకండి; అధికారిక బ్యాంక్ యాప్ ద్వారా చెక్ చేయండి. 2. అధికారిక ఛానల్ ద్వారా స్వతంత్రంగా వెరిఫై చేయండి. 3. ఆధారాలను సేవ్ చేసి అవసరమైతే రిపోర్ట్ చేయండి.,High,P1,Telugu synthetic/adapted example; not claimed as verbatim real-world data.,మీ sbi బ్యాంక్ ఖాతా kyc/pan అప్డేట్ కాలేదు. ఈరోజే ఖాతా బ్లాక్ అవుతుంది. వెంటనే http://secure-update.invalid ఓపెన్ చేసి అప్డేట్ చేయండి.
S1464,You have been selected for a work-from-home Frontend Developer paying Rs 2499 per day. Pay Rs 299 as registration before joining. Act now.,scam,job_scam,en,Research-backed synthetic,synthetic_research_backed,"unrealistic earnings, upfront fee, unsolicited job",Do not pay the registration fee.,1. Do not pay. 2. Verify the employer independently. 3. Do not share identity/banking documents. 4. Block and report the sender.,High,P1,"English dataset row; retained from the finalized 1,500-record ScamShield dataset.",you have been selected for a work-from-home frontend developer paying rs 2499 per day. pay rs 299 as registration before joining. act now.
HI-S0026,आज रात बिजली कनेक्शन काट दिया जाएगा। बिल भरने के लिए इस लिंक पर तुरंत भुगतान करें।,scam,utility_scam,hi,Research-backed synthetic multilingual,synthetic_research_backed,"यूटिलिटी प्रतिरूपण, कनेक्शन काटने की धमकी, संदिग्ध लिंक",आधिकारिक बिजली पोर्टल पर बिल जांचें।,1. आधिकारिक बिजली पोर्टल पर बिल जांचें। 2. आधिकारिक चैनल से स्वतंत्र रूप से सत्यापन करें। 3. संदिग्ध होने पर संदेश/नंबर की रिपोर्ट करें।,High,P1,Hindi synthetic/adapted example; not claimed as verbatim real-world data.,आज रात बिजली कनेक्शन काट दिया जाएगा। बिल भरने के लिए इस लिंक पर तुरंत भुगतान करें।
TE-S0028,"నేను కొత్త నంబర్ ఉపయోగిస్తున్నాను. చాలా అత్యవసరం, నాకు ₹499 వెంటనే ట్రాన్స్‌ఫర్ చేయండి. నాకు కాల్ చేయకండి.",scam,impersonation,te,Research-backed synthetic multilingual,synthetic_research_backed,"వ్యక్తి ఇంపర్సనేషన్, డబ్బు డిమాండ్, వెరిఫికేషన్ నిరోధం",తెలిసిన నంబర్ ద్వారా వ్యక్తిని ధృవీకరించకుండా డబ్బు పంపకండి.,1. తెలిసిన నంబర్ ద్వారా వ్యక్తిని ధృవీకరించకుండా డబ్బు పంపకండి. 2. అధికారిక ఛానల్ ద్వారా స్వతంత్రంగా వెరిఫై చేయండి. 3. ఆధారాలను సేవ్ చేసి అవసరమైతే రిపోర్ట్ చేయండి.,High,P1,Telugu synthetic/adapted example; not claimed as verbatim real-world data.,"నేను కొత్త నంబర్ ఉపయోగిస్తున్నాను. చాలా అత్యవసరం, నాకు ₹499 వెంటనే ట్రాన్స్‌ఫర్ చేయండి. నాకు కాల్ చేయకండి."
S1020,Your Instagram account is under review. Send your login code to this agent to restore access. Act now.,scam,social_media,en,Research-backed synthetic,synthetic_research_backed,"account takeover, login-code request, impersonation",Do not share the login code.,1. Do not share the code. 2. Open the platform directly. 3. Review security settings and sessions. 4. Report the account.,Critical,P1,"English dataset row; retained from the finalized 1,500-record ScamShield dataset.",your instagram account is under review. send your login code to this agent to restore access. act now.
G0375,Your airline booking AI7K2P is confirmed for 2 October.,genuine,travel,en,Research-backed synthetic,synthetic_research_backed,normal travel confirmation,Check the booking in the official airline app.,1. Check the booking in the official airline app. 2. Verify the message in the official app/portal if needed. 3. Do not share sensitive information unnecessarily.,Low,P4,"English dataset row; retained from the finalized 1,500-record ScamShield dataset.",your airline booking ai7k2p is confirmed for 2 october.
G1193,Your registration for AI workshop is confirmed. The event begins at 4:30 PM on 20 October.,genuine,event,en,Research-backed synthetic,synthetic_research_backed,normal event confirmation,Check the registration in the official event account/email.,1. Verify registration details. 2. Save the event information. 3. Use the organizer's official contact channel for changes.,Low,P4,"English dataset row; retained from the finalized 1,500-record ScamShield dataset.",your registration for ai workshop is confirmed. the event begins at 4:30 pm on 20 october.
S0404,This is an official investigation. Your Aadhaar/phone number is linked to illegal activity. Stay on the call or face digital arrest. Immediate action required.,scam,digital_arrest,en,Research-backed synthetic,synthetic_research_backed,"law-enforcement impersonation, threat, fear, isolation",Disconnect and verify through official law-enforcement channels.,1. Disconnect the call. 2. Do not share documents or money. 3. Contact the relevant authority using an independently verified number. 4. Report the incident.,Critical,P1,"English dataset row; retained from the finalized 1,500-record ScamShield dataset.",this is an official investigation. your aadhaar/phone number is linked to illegal activity. stay on the call or face digital arrest. immediate action required.
G0955,Your subscription to WhatsApp has been renewed successfully. Thank you.,genuine,subscription,en,Research-backed synthetic,synthetic_research_backed,normal subscription notice,Verify the renewal in the official account.,1. Open the official service app. 2. Check billing history. 3. Contact official support if the charge is unfamiliar.,Low,P4,"English dataset row; retained from the finalized 1,500-record ScamShield dataset.",your subscription to whatsapp has been renewed successfully. thank you.
G0599,Your Uber payment of Rs 249 was processed successfully. Please keep this for your records.,genuine,transaction,en,Research-backed synthetic,synthetic_research_backed,normal transaction notification,Verify the transaction in the official app or bank statement.,1. Check the transaction in the official app. 2. Confirm the amount and merchant. 3. Keep the receipt if needed.,Low,P4,"English dataset row; retained from the finalized 1,500-record ScamShield dataset.",your uber payment of rs 249 was processed successfully. please keep this for your records.
HI-S0035,"आपका ₹10,000 रिफंड लंबित है। इसे जारी करने के लिए कार्ड नंबर और OTP भेजें।",scam,fake_refund,hi,Research-backed synthetic multilingual,synthetic_research_backed,"फर्जी रिफंड, कार्ड विवरण, OTP अनुरोध",कार्ड विवरण या OTP साझा न करें।,1. कार्ड विवरण या OTP साझा न करें। 2. आधिकारिक चैनल से स्वतंत्र रूप से सत्यापन करें। 3. संदिग्ध होने पर संदेश/नंबर की रिपोर्ट करें।,Critical,P1,Hindi synthetic/adapted example; not claimed as verbatim real-world data.,"आपका ₹10,000 रिफंड लंबित है। इसे जारी करने के लिए कार्ड नंबर और otp भेजें।"
G0790,Your Spotify payment of ₹499 was processed successfully.,genuine,transaction,en,Research-backed synthetic,synthetic_research_backed,normal transaction notification,Verify in the official app.,1. Verify in the official app. 2. Verify the message in the official app/portal if needed. 3. Do not share sensitive information unnecessarily.,Low,P4,"English dataset row; retained from the finalized 1,500-record ScamShield dataset.",your spotify payment of ₹499 was processed successfully.
HI-G0019,आपके मोबाइल प्लान में 5 GB डेटा शेष है और यह 15 अक्टूबर तक वैध है।,genuine,telecom_genuine,hi,Research-backed synthetic multilingual,synthetic_research_backed,सामान्य टेलीकॉम सूचना,आधिकारिक टेलीकॉम ऐप में उपयोग जांचें।,1. आधिकारिक टेलीकॉम ऐप में उपयोग जांचें। 2. आधिकारिक चैनल से स्वतंत्र रूप से सत्यापन करें। 3. संदिग्ध होने पर संदेश/नंबर की रिपोर्ट करें।,Low,P4,Hindi synthetic/adapted example; not claimed as verbatim real-world data.,आपके मोबाइल प्लान में 5 gb डेटा शेष है और यह 15 अक्टूबर तक वैध है।
TE-G0053,ఈరోజు 4:30 बजेకి కాలేజ్ క్యాంటీన్‌లో కలుద్దామా?,genuine,personal,te,Research-backed synthetic multilingual,synthetic_research_backed,సాధారణ వ్యక్తిగత సందేశం,సాధారణంగా రిప్లై ఇవ్వండి.,1. సాధారణంగా రిప్లై ఇవ్వండి. 2. అధికారిక ఛానల్ ద్వారా స్వతంత్రంగా వెరిఫై చేయండి. 3. ఆధారాలను సేవ్ చేసి అవసరమైతే రిపోర్ట్ చేయండి.,Low,P4,Telugu synthetic/adapted example; not claimed as verbatim real-world data.,ఈరోజు 4:30 बजेకి కాలేజ్ క్యాంటీన్‌లో కలుద్దామా?
G0430,Your Netflix subscription renews on 2 October for Rs 249. Please keep this for your records.,genuine,subscription,en,Research-backed synthetic,synthetic_research_backed,normal subscription notice,Review the subscription in the official account settings.,1. Check the subscription details. 2. Confirm the renewal amount. 3. Cancel only through the official account if desired.,Low,P4,"English dataset row; retained from the finalized 1,500-record ScamShield dataset.",your netflix subscription renews on 2 october for rs 249. please keep this for your records.
S0598,Congratulations! You won Rs 4999 in a lucky draw. Pay Rs 199 tax/processing charges to claim your prize. Act now.,scam,lottery,en,Research-backed synthetic,synthetic_research_backed,"unexpected prize, upfront payment, lottery claim",Do not pay the fee.,1. Do not send money. 2. Do not share financial details. 3. Block the sender. 4. Report the message.,High,P1,"English dataset row; retained from the finalized 1,500-record ScamShield dataset.",congratulations! you won rs 4999 in a lucky draw. pay rs 199 tax/processing charges to claim your prize. act now.
G0403,Your scheduled payment of $15.99 to Netflix has been processed.,genuine,transaction,en,User-provided reference file,user_reference,,,Verify through an official channel; follow the expected action above.,Low,P4,"English dataset row; retained from the finalized 1,500-record ScamShield dataset.",your scheduled payment of $15.99 to netflix has been processed.
TE-S0061,మీ ఇన్‌స్టంట్ లోన్ ఆమోదించబడింది. ఈ APK డౌన్‌లోడ్ చేసి ₹999 చెల్లించండి.,scam,fake_loan_app,te,Research-backed synthetic multilingual,synthetic_research_backed,"ఫేక్ లోన్ యాప్, APK, ముందస్తు ఫీజు",తెలియని APK ఇన్‌స్టాల్ చేయకండి.,1. తెలియని APK ఇన్‌స్టాల్ చేయకండి. 2. అధికారిక ఛానల్ ద్వారా స్వతంత్రంగా వెరిఫై చేయండి. 3. ఆధారాలను సేవ్ చేసి అవసరమైతే రిపోర్ట్ చేయండి.,Critical,P1,Telugu synthetic/adapted example; not claimed as verbatim real-world data.,మీ ఇన్‌స్టంట్ లోన్ ఆమోదించబడింది. ఈ apk డౌన్‌లోడ్ చేసి ₹999 చెల్లించండి.
S0259,Your parcel is held because of a Rs 999 customs/redelivery charge. Pay at http://account-check.invalid within 2 hours. Act now.,scam,delivery,en,Research-backed synthetic,synthetic_research_backed,"delivery impersonation, small fee, urgency, suspicious URL",Do not pay through the provided link.,1. Do not open the link. 2. Check the order on the official retailer/carrier site. 3. Verify any fee there. 4. Report the SMS.,High,P1,"English dataset row; retained from the finalized 1,500-record ScamShield dataset.",your parcel is held because of a rs 999 customs/redelivery charge. pay at http://account-check.invalid within 2 hours. act now.
G0805,The department seminar on Generative AI will be held on 30 September in sample-venue. Please keep this for your records.,genuine,college_announcement,en,Research-backed synthetic,synthetic_research_backed,normal institutional announcement,Check the official college communication channel for details.,1. Verify the announcement in the official portal/email. 2. Note the venue and time. 3. Attend if relevant.,Low,P4,"English dataset row; retained from the finalized 1,500-record ScamShield dataset.",the department seminar on generative ai will be held on 30 september in sample-venue. please keep this for your records.
G1169,Your BSNL data plan has 5 GB remaining and is valid until 30 September. — Customer Notification.,genuine,telecom_genuine,en,Research-backed synthetic,synthetic_research_backed,normal telecom usage notice,Check usage in the official telecom app if needed.,1. Open the official provider app. 2. Review plan usage. 3. Recharge only through official channels.,Low,P4,"English dataset row; retained from the finalized 1,500-record ScamShield dataset.",your bsnl data plan has 5 gb remaining and is valid until 30 september. — customer notification.
G0439,Reminder: your career counseling session is scheduled for 10 October at 10:00 AM. Please keep this for your records.,genuine,appointment,en,Research-backed synthetic,synthetic_research_backed,normal appointment reminder,Confirm or reschedule through the official provider if necessary.,1. Check the appointment details. 2. Add it to your calendar. 3. Use the provider's official contact channel for changes.,Low,P4,"English dataset row; retained from the finalized 1,500-record ScamShield dataset.",reminder: your career counseling session is scheduled for 10 october at 10:00 am. please keep this for your records.
S1095,Our AI trading group guarantees 20% daily profit. Deposit Rs 799 today to activate your account. Act now.,scam,investment_scam,en,Research-backed synthetic,synthetic_research_backed,"guaranteed returns, investment pressure, deposit request",Do not transfer money based on the message.,1. Do not deposit funds. 2. Verify the company independently. 3. Check regulatory status where applicable. 4. Report the solicitation.,Critical,P1,"English dataset row; retained from the finalized 1,500-record ScamShield dataset.",our ai trading group guarantees 20% daily profit. deposit rs 799 today to activate your account. act now.
S1276,Your refund of ₹999 is pending. Share your card details and OTP so our agent can release it now.,scam,fake_refund,en,Research-backed synthetic,synthetic_research_backed,"refund pretext, card details, OTP",Do not share card details or OTP.,1. Do not share card details or OTP. 2. Verify independently using the official service/authority. 3. Preserve evidence. 4. Report suspected cyber fraud.,Critical,P1,"English dataset row; retained from the finalized 1,500-record ScamShield dataset.",your refund of ₹999 is pending. share your card details and otp so our agent can release it now.
S0891,You have been selected for a work-from-home ML Intern paying Rs 249 per day. Pay Rs 499 as registration before joining. Immediate action required.,scam,job_scam,en,Research-backed synthetic,synthetic_research_backed,"unrealistic earnings, upfront fee, unsolicited job",Do not pay the registration fee.,1. Do not pay. 2. Verify the employer independently. 3. Do not share identity/banking documents. 4. Block and report the sender.,High,P1,"English dataset row; retained from the finalized 1,500-record ScamShield dataset.",you have been selected for a work-from-home ml intern paying rs 249 per day. pay rs 499 as registration before joining. immediate action required.
S0054,Your Instagram account is under review. Send your login code to this agent to restore access.,scam,social_media,en,Research-backed synthetic,synthetic_research_backed,"account takeover, login-code request, impersonation",Do not share the login code.,1. Do not share the code. 2. Open the platform directly. 3. Review security settings and sessions. 4. Report the account.,Critical,P1,"English dataset row; retained from the finalized 1,500-record ScamShield dataset.",your instagram account is under review. send your login code to this agent to restore access.
G0958,Your Paytm subscription renews on 2 October for Rs 799. Thank you.,genuine,subscription,en,Research-backed synthetic,synthetic_research_backed,normal subscription notice,Review the subscription in the official account settings.,1. Check the subscription details. 2. Confirm the renewal amount. 3. Cancel only through the official account if desired.,Low,P4,"English dataset row; retained from the finalized 1,500-record ScamShield dataset.",your paytm subscription renews on 2 october for rs 799. thank you.
HI-S0052,"आपका इंस्टेंट लोन स्वीकृत है। ऐप डाउनलोड करें और ₹1,999 देकर लोन जारी करवाएं।",scam,fake_loan_app,hi,Research-backed synthetic multilingual,synthetic_research_backed,"फर्जी लोन ऐप, ऐप इंस्टॉलेशन, अग्रिम शुल्क",अज्ञात ऐप इंस्टॉल न करें और शुल्क न दें।,1. अज्ञात ऐप इंस्टॉल न करें और शुल्क न दें। 2. आधिकारिक चैनल से स्वतंत्र रूप से सत्यापन करें। 3. संदिग्ध होने पर संदेश/नंबर की रिपोर्ट करें।,Critical,P1,Hindi synthetic/adapted example; not claimed as verbatim real-world data.,"आपका इंस्टेंट लोन स्वीकृत है। ऐप डाउनलोड करें और ₹1,999 देकर लोन जारी करवाएं।"
G0797,The Cybersecurity assignment deadline is 30 September. Please submit it through the student portal. Please keep this for your records.,genuine,education,en,Research-backed synthetic,synthetic_research_backed,normal educational announcement,Use the official student portal.,1. Check the assignment details. 2. Prepare the submission. 3. Upload through the official portal before the deadline.,Low,P4,"English dataset row; retained from the finalized 1,500-record ScamShield dataset.",the cybersecurity assignment deadline is 30 september. please submit it through the student portal. please keep this for your records.
G0777,Your electricity bill of Rs 4999 is due on 20 October. Please pay through the official utility portal.,genuine,utility_genuine,en,Research-backed synthetic,synthetic_research_backed,normal utility bill reminder,Use the official utility website/app.,1. Verify the bill in the official portal. 2. Check the due date and amount. 3. Pay only through the official channel.,Low,P4,"English dataset row; retained from the finalized 1,500-record ScamShield dataset.",your electricity bill of rs 4999 is due on 20 october. please pay through the official utility portal.
TE-G0005,ఈరోజు 10:00 बजेకి కాలేజ్ క్యాంటీన్‌లో కలుద్దామా?,genuine,personal,te,Research-backed synthetic multilingual,synthetic_research_backed,సాధారణ వ్యక్తిగత సందేశం,సాధారణంగా రిప్లై ఇవ్వండి.,1. సాధారణంగా రిప్లై ఇవ్వండి. 2. అధికారిక ఛానల్ ద్వారా స్వతంత్రంగా వెరిఫై చేయండి. 3. ఆధారాలను సేవ్ చేసి అవసరమైతే రిపోర్ట్ చేయండి.,Low,P4,Telugu synthetic/adapted example; not claimed as verbatim real-world data.,ఈరోజు 10:00 बजेకి కాలేజ్ క్యాంటీన్‌లో కలుద్దామా?
S1005,I need urgent financial help for a family emergency. Please send Rs 249 today and I will return it next week. Do not ignore this message.,scam,romance_scam,en,Research-backed synthetic,synthetic_research_backed,"emotional pressure, urgent money request, unverifiable emergency",Verify the person's identity and situation independently before sending money.,1. Do not transfer money immediately. 2. Verify identity using another channel. 3. Discuss with someone you trust. 4. Report if fraudulent.,High,P2,"English dataset row; retained from the finalized 1,500-record ScamShield dataset.",i need urgent financial help for a family emergency. please send rs 249 today and i will return it next week. do not ignore this message.
S1472,You have been selected for a work-from-home Data Analyst paying Rs 2499 per day. Pay Rs 499 as registration before joining. Do not ignore this message.,scam,job_scam,en,Research-backed synthetic,synthetic_research_backed,"unrealistic earnings, upfront fee, unsolicited job",Do not pay the registration fee.,1. Do not pay. 2. Verify the employer independently. 3. Do not share identity/banking documents. 4. Block and report the sender.,High,P1,"English dataset row; retained from the finalized 1,500-record ScamShield dataset.",you have been selected for a work-from-home data analyst paying rs 2499 per day. pay rs 499 as registration before joining. do not ignore this message.
G1376,"Hi Joshii, are we still going to the campus cafeteria after the LangChain integration is done?",genuine,personal,en,User-provided reference file,user_reference,,Reply,Verify through an official channel; follow the expected action above.,Low,P4,"English dataset row; retained from the finalized 1,500-record ScamShield dataset.","hi joshii, are we still going to the campus cafeteria after the langchain integration is done?"
S0144,A refund of Rs 799 is waiting for you. Share your card number and OTP so we can process it immediately. Act now.,scam,refund_scam,en,Research-backed synthetic,synthetic_research_backed,"refund pretext, card-data request, OTP request",Do not share card or OTP details.,1. Do not share credentials. 2. Check refunds in the official merchant app. 3. Contact official support. 4. Report the sender.,Critical,P1,"English dataset row; retained from the finalized 1,500-record ScamShield dataset.",a refund of rs 799 is waiting for you. share your card number and otp so we can process it immediately. act now.
S0780,Your Aadhaar-enabled payment has failed. Send your Aadhaar number and OTP so we can reverse the transaction.,scam,aeps_fraud,en,Research-backed synthetic,synthetic_research_backed,"AEPS impersonation, Aadhaar request, OTP request",Do not share Aadhaar/OTP details through unsolicited messages.,1. Do not share Aadhaar/OTP details through unsolicited messages. 2. Verify independently using the official service/authority. 3. Preserve evidence. 4. Report suspected cyber fraud.,Critical,P1,"English dataset row; retained from the finalized 1,500-record ScamShield dataset.",your aadhaar-enabled payment has failed. send your aadhaar number and otp so we can reverse the transaction.
G1215,Reminder: your lab appointment is scheduled for 15 October at 6:00 PM. Please keep this for your records.,genuine,appointment,en,Research-backed synthetic,synthetic_research_backed,normal appointment reminder,Confirm or reschedule through the official provider if necessary.,1. Check the appointment details. 2. Add it to your calendar. 3. Use the provider's official contact channel for changes.,Low,P4,"English dataset row; retained from the finalized 1,500-record ScamShield dataset.",reminder: your lab appointment is scheduled for 15 october at 6:00 pm. please keep this for your records.
S1040,Premium apartment available at a very low rent. Send a refundable booking deposit of Rs 1499 before viewing. Act now.,scam,rental_scam,en,Research-backed synthetic,synthetic_research_backed,"unusually low price, advance deposit, no viewing",Do not pay a deposit before independently verifying the property and owner.,1. Do not transfer the deposit. 2. Verify ownership/listing independently. 3. Inspect the property. 4. Report suspicious listings.,High,P2,"English dataset row; retained from the finalized 1,500-record ScamShield dataset.",premium apartment available at a very low rent. send a refundable booking deposit of rs 1499 before viewing. act now.
S1059,Our AI trading group guarantees 5% daily profit. Deposit Rs 2499 today to activate your account. Immediate action required.,scam,investment_scam,en,Research-backed synthetic,synthetic_research_backed,"guaranteed returns, investment pressure, deposit request",Do not transfer money based on the message.,1. Do not deposit funds. 2. Verify the company independently. 3. Check regulatory status where applicable. 4. Report the solicitation.,Critical,P1,"English dataset row; retained from the finalized 1,500-record ScamShield dataset.",our ai trading group guarantees 5% daily profit. deposit rs 2499 today to activate your account. immediate action required.
G1270,याद दिलाया जाता है कि आपकी doctor consultation 10 October को 6:00 PM बजे है।,genuine,appointment,en,Research-backed synthetic,synthetic_research_backed,normal appointment reminder,Use the official provider channel for confirmation or changes.,1. समय जांचें। 2. कैलेंडर में सेव करें। 3. बदलाव के लिए आधिकारिक नंबर/पोर्टल इस्तेमाल करें।,Low,P4,"English dataset row; retained from the finalized 1,500-record ScamShield dataset.",याद दिलाया जाता है कि आपकी doctor consultation 10 october को 6:00 pm बजे है।
S1279,You have been selected for a work-from-home Java Backend Developer paying Rs 799 per day. Pay Rs 999 as registration before joining. Act now.,scam,job_scam,en,Research-backed synthetic,synthetic_research_backed,"unrealistic earnings, upfront fee, unsolicited job",Do not pay the registration fee.,1. Do not pay. 2. Verify the employer independently. 3. Do not share identity/banking documents. 4. Block and report the sender.,High,P1,"English dataset row; retained from the finalized 1,500-record ScamShield dataset.",you have been selected for a work-from-home java backend developer paying rs 799 per day. pay rs 999 as registration before joining. act now.
HI-S0073,"₹10,000 का रिफंड पाने के लिए यह QR कोड स्कैन करें और UPI PIN डालें।",scam,upi_qr,hi,Research-backed synthetic multilingual,synthetic_research_backed,"QR के जरिए भुगतान, UPI PIN अनुरोध, रिफंड बहाना",QR स्कैन न करें और UPI PIN न डालें।,1. QR स्कैन न करें और UPI PIN न डालें। 2. आधिकारिक चैनल से स्वतंत्र रूप से सत्यापन करें। 3. संदिग्ध होने पर संदेश/नंबर की रिपोर्ट करें।,Critical,P1,Hindi synthetic/adapted example; not claimed as verbatim real-world data.,"₹10,000 का रिफंड पाने के लिए यह qr कोड स्कैन करें और upi pin डालें।"
S0134,Congratulations! You won Rs 799 in a lucky draw. Pay Rs 199 tax/processing charges to claim your prize. Act now.,scam,lottery,en,Research-backed synthetic,synthetic_research_backed,"unexpected prize, upfront payment, lottery claim",Do not pay the fee.,1. Do not send money. 2. Do not share financial details. 3. Block the sender. 4. Report the message.,High,P1,"English dataset row; retained from the finalized 1,500-record ScamShield dataset.",congratulations! you won rs 799 in a lucky draw. pay rs 199 tax/processing charges to claim your prize. act now.
S1063,Congratulations! You won Rs 499 in a lucky draw. Pay Rs 499 tax/processing charges to claim your prize. Act now.,scam,lottery,en,Research-backed synthetic,synthetic_research_backed,"unexpected prize, upfront payment, lottery claim",Do not pay the fee.,1. Do not send money. 2. Do not share financial details. 3. Block the sender. 4. Report the message.,High,P1,"English dataset row; retained from the finalized 1,500-record ScamShield dataset.",congratulations! you won rs 499 in a lucky draw. pay rs 499 tax/processing charges to claim your prize. act now.
TE-G0080,"మీ ₹5,000 విద్యుత్ బిల్లు 5 अक्टूबरన చెల్లించాలి.",genuine,utility_genuine,te,Research-backed synthetic multilingual,synthetic_research_backed,సాధారణ యుటిలిటీ రిమైండర్,అధికారిక విద్యుత్ పోర్టల్‌లో బిల్లు చెక్ చేయండి.,1. అధికారిక విద్యుత్ పోర్టల్‌లో బిల్లు చెక్ చేయండి. 2. అధికారిక ఛానల్ ద్వారా స్వతంత్రంగా వెరిఫై చేయండి. 3. ఆధారాలను సేవ్ చేసి అవసరమైతే రిపోర్ట్ చేయండి.,Low,P4,Telugu synthetic/adapted example; not claimed as verbatim real-world data.,"మీ ₹5,000 విద్యుత్ బిల్లు 5 अक्टूबरన చెల్లించాలి."
G0844,Your mobile plan has 5 GB remaining and is valid until 2 October.,genuine,telecom_genuine,en,Research-backed synthetic,synthetic_research_backed,normal telecom usage notice,Check usage in the official provider app.,1. Check usage in the official provider app. 2. Verify the message in the official app/portal if needed. 3. Do not share sensitive information unnecessarily.,Low,P4,"English dataset row; retained from the finalized 1,500-record ScamShield dataset.",your mobile plan has 5 gb remaining and is valid until 2 october.
S0149,I need urgent financial help for a family emergency. Please send Rs 4999 today and I will return it next week.,scam,romance_scam,en,Research-backed synthetic,synthetic_research_backed,"emotional pressure, urgent money request, unverifiable emergency",Verify the person's identity and situation independently before sending money.,1. Do not transfer money immediately. 2. Verify identity using another channel. 3. Discuss with someone you trust. 4. Report if fraudulent.,High,P2,"English dataset row; retained from the finalized 1,500-record ScamShield dataset.",i need urgent financial help for a family emergency. please send rs 4999 today and i will return it next week.
TE-G0076,మీ మొబైల్ ప్లాన్‌లో 2.8 GB డేటా మిగిలి ఉంది మరియు ఇది 2 अक्टूबर వరకు చెల్లుతుంది.,genuine,telecom_genuine,te,Research-backed synthetic multilingual,synthetic_research_backed,సాధారణ టెలికాం సమాచారం,అధికారిక టెలికాం యాప్‌లో చెక్ చేయండి.,1. అధికారిక టెలికాం యాప్‌లో చెక్ చేయండి. 2. అధికారిక ఛానల్ ద్వారా స్వతంత్రంగా వెరిఫై చేయండి. 3. ఆధారాలను సేవ్ చేసి అవసరమైతే రిపోర్ట్ చేయండి.,Low,P4,Telugu synthetic/adapted example; not claimed as verbatim real-world data.,మీ మొబైల్ ప్లాన్‌లో 2.8 gb డేటా మిగిలి ఉంది మరియు ఇది 2 अक्टूबर వరకు చెల్లుతుంది.
TE-S0066,₹999 రీఫండ్ పొందడానికి ఈ QR కోడ్ స్కాన్ చేసి UPI PIN నమోదు చేయండి.,scam,upi_qr,te,Research-backed synthetic multilingual,synthetic_research_backed,"QR మోసం, UPI PIN అభ్యర్థన, రీఫండ్ నెపం",QR స్కాన్ చేయకండి; UPI PIN ఇవ్వకండి.,1. QR స్కాన్ చేయకండి; UPI PIN ఇవ్వకండి. 2. అధికారిక ఛానల్ ద్వారా స్వతంత్రంగా వెరిఫై చేయండి. 3. ఆధారాలను సేవ్ చేసి అవసరమైతే రిపోర్ట్ చేయండి.,Critical,P1,Telugu synthetic/adapted example; not claimed as verbatim real-world data.,₹999 రీఫండ్ పొందడానికి ఈ qr కోడ్ స్కాన్ చేసి upi pin నమోదు చేయండి.
S1072,You have been selected for a work-from-home Data Analyst paying Rs 4999 per day. Pay Rs 299 as registration before joining.,scam,job_scam,en,Research-backed synthetic,synthetic_research_backed,"unrealistic earnings, upfront fee, unsolicited job",Do not pay the registration fee.,1. Do not pay. 2. Verify the employer independently. 3. Do not share identity/banking documents. 4. Block and report the sender.,High,P1,"English dataset row; retained from the finalized 1,500-record ScamShield dataset.",you have been selected for a work-from-home data analyst paying rs 4999 per day. pay rs 299 as registration before joining.
G1395,Reminder from KIMS: your dentist appointment is booked for 15 October at 6:00 PM. Please keep this for your records.,genuine,healthcare,en,Research-backed synthetic,synthetic_research_backed,normal healthcare reminder,Use the clinic's official contact details for changes.,1. Verify the appointment in the clinic system. 2. Add it to your calendar. 3. Contact the clinic through its official number if needed.,Low,P4,"English dataset row; retained from the finalized 1,500-record ScamShield dataset.",reminder from kims: your dentist appointment is booked for 15 october at 6:00 pm. please keep this for your records.
HI-G0092,आपकी सदस्यता 30 सितंबर को ₹499 में नवीनीकृत होगी।,genuine,subscription,hi,Research-backed synthetic multilingual,synthetic_research_backed,सामान्य सदस्यता सूचना,आधिकारिक अकाउंट सेटिंग्स में विवरण जांचें।,1. आधिकारिक अकाउंट सेटिंग्स में विवरण जांचें। 2. आधिकारिक चैनल से स्वतंत्र रूप से सत्यापन करें। 3. संदिग्ध होने पर संदेश/नंबर की रिपोर्ट करें।,Low,P4,Hindi synthetic/adapted example; not claimed as verbatim real-world data.,आपकी सदस्यता 30 सितंबर को ₹499 में नवीनीकृत होगी।
S1099,Security alert: your account will be suspended unless you send the OTP A-739214 to our support agent immediately. Do not ignore this message.,scam,otp,en,Research-backed synthetic,synthetic_research_backed,"OTP request, urgency, account-threat language",Do not share the OTP.,1. Do not share the OTP. 2. End the conversation. 3. Review account security in the official app. 4. Report the sender.,Critical,P1,"English dataset row; retained from the finalized 1,500-record ScamShield dataset.",security alert: your account will be suspended unless you send the otp a-739214 to our support agent immediately. do not ignore this message.
S0699,"Your card will be blocked today. Confirm the card number, expiry and CVV with our verification agent.",scam,card_fraud,en,Research-backed synthetic,synthetic_research_backed,"card-data request, urgency, impersonation",Do not provide card details.,1. Do not provide card details. 2. Verify independently using the official service/authority. 3. Preserve evidence. 4. Report suspected cyber fraud.,Critical,P1,"English dataset row; retained from the finalized 1,500-record ScamShield dataset.","your card will be blocked today. confirm the card number, expiry and cvv with our verification agent."
G1057,Flipkart verification code G-481205 है। इसे किसी के साथ साझा न करें। Please keep this for your records.,genuine,otp,en,Research-backed synthetic,synthetic_research_backed,legitimate verification-code notice,Use only for the verification you initiated.,1. कोड केवल आधिकारिक स्क्रीन पर दर्ज करें। 2. किसी को न बताएं। 3. अनचाहा कोड हो तो पासवर्ड/सुरक्षा जांचें।,Low,P4,"English dataset row; retained from the finalized 1,500-record ScamShield dataset.",flipkart verification code g-481205 है। इसे किसी के साथ साझा न करें। please keep this for your records.
S0698,Congratulations! You won Rs 199 in a lucky draw. Pay Rs 999 tax/processing charges to claim your prize. Act now.,scam,lottery,en,Research-backed synthetic,synthetic_research_backed,"unexpected prize, upfront payment, lottery claim",Do not pay the fee.,1. Do not send money. 2. Do not share financial details. 3. Block the sender. 4. Report the message.,High,P1,"English dataset row; retained from the finalized 1,500-record ScamShield dataset.",congratulations! you won rs 199 in a lucky draw. pay rs 999 tax/processing charges to claim your prize. act now.
S0368,Your SIM will be disconnected in 4 hours because it was used for illegal activity. Call this number immediately. Act now.,scam,telecom_threat,en,Research-backed synthetic,synthetic_research_backed,"telecom impersonation, urgency, threat, callback request",Do not call the supplied number.,1. Do not call the supplied number. 2. Check account status in the official telecom app. 3. Contact official support. 4. Report the message.,High,P1,"English dataset row; retained from the finalized 1,500-record ScamShield dataset.",your sim will be disconnected in 4 hours because it was used for illegal activity. call this number immediately. act now.
G0542,Your monthly investment statement for retirement fund is available in your official account. Please keep this for your records.,genuine,finance_genuine,en,Research-backed synthetic,synthetic_research_backed,normal financial statement,Review it through the official investment platform.,1. Sign in directly to the known platform. 2. Review the statement. 3. Contact the provider through official channels for discrepancies.,Low,P4,"English dataset row; retained from the finalized 1,500-record ScamShield dataset.",your monthly investment statement for retirement fund is available in your official account. please keep this for your records.
G1278,Reminder from local health clinic: your lab appointment is booked for 20 October at 2:00 PM. Please keep this for your records.,genuine,healthcare,en,Research-backed synthetic,synthetic_research_backed,normal healthcare reminder,Use the clinic's official contact details for changes.,1. Verify the appointment in the clinic system. 2. Add it to your calendar. 3. Contact the clinic through its official number if needed.,Low,P4,"English dataset row; retained from the finalized 1,500-record ScamShield dataset.",reminder from local health clinic: your lab appointment is booked for 20 october at 2:00 pm. please keep this for your records.
G0264,Reminder from Apollo Clinic: your lab appointment is booked for 20 October at 2:00 PM. Thank you.,genuine,healthcare,en,Research-backed synthetic,synthetic_research_backed,normal healthcare reminder,Use the clinic's official contact details for changes.,1. Verify the appointment in the clinic system. 2. Add it to your calendar. 3. Contact the clinic through its official number if needed.,Low,P4,"English dataset row; retained from the finalized 1,500-record ScamShield dataset.",reminder from apollo clinic: your lab appointment is booked for 20 october at 2:00 pm. thank you.
S0143,Our crypto trading bot guarantees 10% profit every day. Deposit ₹25000 now to join.,scam,crypto_investment,en,Research-backed synthetic,synthetic_research_backed,"guaranteed returns, crypto solicitation, deposit request",Do not transfer money based on guaranteed-profit claims.,1. Do not transfer money based on guaranteed-profit claims. 2. Verify independently using the official service/authority. 3. Preserve evidence. 4. Report suspected cyber fraud.,Critical,P1,"English dataset row; retained from the finalized 1,500-record ScamShield dataset.",our crypto trading bot guarantees 10% profit every day. deposit ₹25000 now to join.
G0016,Your verification code for Microsoft is G-481205. Do not share it with anyone.,genuine,otp,en,Research-backed synthetic,synthetic_research_backed,legitimate verification-code notice,Use the code only in the login/verification flow you initiated.,"1. Use the code only on the official service. 2. Never forward the code. 3. If you did not request it, ignore it and review account security.",Low,P4,"English dataset row; retained from the finalized 1,500-record ScamShield dataset.",your verification code for microsoft is g-481205. do not share it with anyone.
S0125,Congratulations! You won Rs 249 in a lucky draw. Pay Rs 299 tax/processing charges to claim your prize. Do not ignore this message.,scam,lottery,en,Research-backed synthetic,synthetic_research_backed,"unexpected prize, upfront payment, lottery claim",Do not pay the fee.,1. Do not send money. 2. Do not share financial details. 3. Block the sender. 4. Report the message.,High,P1,"English dataset row; retained from the finalized 1,500-record ScamShield dataset.",congratulations! you won rs 249 in a lucky draw. pay rs 299 tax/processing charges to claim your prize. do not ignore this message.
G0472,Reminder from your clinic: your appointment is booked for 15 October at 4:30 PM.,genuine,healthcare,en,Research-backed synthetic,synthetic_research_backed,normal healthcare reminder,Use the clinic's official contact details for changes.,1. Use the clinic's official contact details for changes. 2. Verify the message in the official app/portal if needed. 3. Do not share sensitive information unnecessarily.,Low,P4,"English dataset row; retained from the finalized 1,500-record ScamShield dataset.",reminder from your clinic: your appointment is booked for 15 october at 4:30 pm.
TE-S0038,మీ Microsoft అకౌంట్ లాక్ అయింది. మూసివేయకుండా ఉండేందుకు http://secure-update.invalidలో లాగిన్ అవ్వండి.,scam,phishing,te,Research-backed synthetic multilingual,synthetic_research_backed,"ఫిషింగ్ లింక్, అకౌంట్ బెదిరింపు, క్రెడెన్షియల్ అభ్యర్థన",లింక్ ఓపెన్ చేయకండి; అధికారిక యాప్‌లో చెక్ చేయండి.,1. లింక్ ఓపెన్ చేయకండి; అధికారిక యాప్‌లో చెక్ చేయండి. 2. అధికారిక ఛానల్ ద్వారా స్వతంత్రంగా వెరిఫై చేయండి. 3. ఆధారాలను సేవ్ చేసి అవసరమైతే రిపోర్ట్ చేయండి.,High,P1,Telugu synthetic/adapted example; not claimed as verbatim real-world data.,మీ microsoft అకౌంట్ లాక్ అయింది. మూసివేయకుండా ఉండేందుకు http://secure-update.invalidలో లాగిన్ అవ్వండి.
G0676,The Machine Learning assignment deadline is 15 October. Please submit it through the student portal. — Customer Notification.,genuine,education,en,Research-backed synthetic,synthetic_research_backed,normal educational announcement,Use the official student portal.,1. Check the assignment details. 2. Prepare the submission. 3. Upload through the official portal before the deadline.,Low,P4,"English dataset row; retained from the finalized 1,500-record ScamShield dataset.",the machine learning assignment deadline is 15 october. please submit it through the student portal. — customer notification.
S1338,Your insurance policy bonus is ready. Pay Rs 1499 service charges and send your Aadhaar and bank details to receive it. Do not ignore this message.,scam,insurance_scam,en,Research-backed synthetic,synthetic_research_backed,"unexpected bonus, advance fee, identity-data request",Do not pay or send identity/bank documents.,1. Do not pay. 2. Contact the insurer through the official website/number. 3. Do not send identity documents. 4. Report the message.,High,P1,"English dataset row; retained from the finalized 1,500-record ScamShield dataset.",your insurance policy bonus is ready. pay rs 1499 service charges and send your aadhaar and bank details to receive it. do not ignore this message.
S1196,You have been selected for a work-from-home ML Intern paying Rs 2499 per day. Pay Rs 299 as registration before joining. Act now.,scam,job_scam,en,Research-backed synthetic,synthetic_research_backed,"unrealistic earnings, upfront fee, unsolicited job",Do not pay the registration fee.,1. Do not pay. 2. Verify the employer independently. 3. Do not share identity/banking documents. 4. Block and report the sender.,High,P1,"English dataset row; retained from the finalized 1,500-record ScamShield dataset.",you have been selected for a work-from-home ml intern paying rs 2499 per day. pay rs 299 as registration before joining. act now.
S0041,Please donate Rs 1299 for an emergency relief campaign. Transfer to this personal UPI ID today. Do not ignore this message.,scam,charity_scam,en,Research-backed synthetic,synthetic_research_backed,"emotional appeal, personal payment destination, urgency",Verify the charity and donation channel independently.,1. Do not transfer to an unverified personal account. 2. Check the organization's official website. 3. Donate through verified channels. 4. Report the message.,Medium,P2,"English dataset row; retained from the finalized 1,500-record ScamShield dataset.",please donate rs 1299 for an emergency relief campaign. transfer to this personal upi id today. do not ignore this message.
G1360,Your Zomato payment of ₹499 was processed successfully.,genuine,transaction,en,Research-backed synthetic,synthetic_research_backed,normal transaction notification,Verify in the official app.,1. Verify in the official app. 2. Verify the message in the official app/portal if needed. 3. Do not share sensitive information unnecessarily.,Low,P4,"English dataset row; retained from the finalized 1,500-record ScamShield dataset.",your zomato payment of ₹499 was processed successfully.
TE-G0058,మీ Paytm వెరిఫికేషన్ కోడ్ G-481205. ఈ కోడ్‌ను ఎవరికీ షేర్ చేయకండి.,genuine,otp,te,Research-backed synthetic multilingual,synthetic_research_backed,వాలిడ్ OTP సమాచారం,మీరు ప్రారంభించిన వెరిఫికేషన్‌లో మాత్రమే ఉపయోగించండి.,1. మీరు ప్రారంభించిన వెరిఫికేషన్‌లో మాత్రమే ఉపయోగించండి. 2. అధికారిక ఛానల్ ద్వారా స్వతంత్రంగా వెరిఫై చేయండి. 3. ఆధారాలను సేవ్ చేసి అవసరమైతే రిపోర్ట్ చేయండి.,Low,P4,Telugu synthetic/adapted example; not claimed as verbatim real-world data.,మీ paytm వెరిఫికేషన్ కోడ్ g-481205. ఈ కోడ్‌ను ఎవరికీ షేర్ చేయకండి.
G1301,Your subscription to Microsoft has been renewed successfully. Please keep this for your records.,genuine,subscription,en,Research-backed synthetic,synthetic_research_backed,normal subscription notice,Verify the renewal in the official account.,1. Open the official service app. 2. Check billing history. 3. Contact official support if the charge is unfamiliar.,Low,P4,"English dataset row; retained from the finalized 1,500-record ScamShield dataset.",your subscription to microsoft has been renewed successfully. please keep this for your records.
G0862,Reminder from local health clinic: your career counseling session is booked for 10 October at 2:00 PM. Thank you.,genuine,healthcare,en,Research-backed synthetic,synthetic_research_backed,normal healthcare reminder,Use the clinic's official contact details for changes.,1. Verify the appointment in the clinic system. 2. Add it to your calendar. 3. Contact the clinic through its official number if needed.,Low,P4,"English dataset row; retained from the finalized 1,500-record ScamShield dataset.",reminder from local health clinic: your career counseling session is booked for 10 october at 2:00 pm. thank you.
G0194,The department seminar on Machine Learning will be held on 30 September in sample-venue. — Customer Notification.,genuine,college_announcement,en,Research-backed synthetic,synthetic_research_backed,normal institutional announcement,Check the official college communication channel for details.,1. Verify the announcement in the official portal/email. 2. Note the venue and time. 3. Attend if relevant.,Low,P4,"English dataset row; retained from the finalized 1,500-record ScamShield dataset.",the department seminar on machine learning will be held on 30 september in sample-venue. — customer notification.
HI-G0044,आपकी सदस्यता 15 अक्टूबर को ₹199 में नवीनीकृत होगी।,genuine,subscription,hi,Research-backed synthetic multilingual,synthetic_research_backed,सामान्य सदस्यता सूचना,आधिकारिक अकाउंट सेटिंग्स में विवरण जांचें।,1. आधिकारिक अकाउंट सेटिंग्स में विवरण जांचें। 2. आधिकारिक चैनल से स्वतंत्र रूप से सत्यापन करें। 3. संदिग्ध होने पर संदेश/नंबर की रिपोर्ट करें।,Low,P4,Hindi synthetic/adapted example; not claimed as verbatim real-world data.,आपकी सदस्यता 15 अक्टूबर को ₹199 में नवीनीकृत होगी।
TE-G0035,మీ ఖాతా చివరి నాలుగు అంకెలు 2481 ఉన్న బ్యాంక్ స్టేట్‌మెంట్ ఆన్‌లైన్ బ్యాంకింగ్‌లో అందుబాటులో ఉంది.,genuine,banking_genuine,te,Research-backed synthetic multilingual,synthetic_research_backed,సాధారణ బ్యాంకింగ్ సమాచారం,బ్యాంక్ అధికారిక యాప్/వెబ్‌సైట్‌ను ఓపెన్ చేయండి.,1. బ్యాంక్ అధికారిక యాప్/వెబ్‌సైట్‌ను ఓపెన్ చేయండి. 2. అధికారిక ఛానల్ ద్వారా స్వతంత్రంగా వెరిఫై చేయండి. 3. ఆధారాలను సేవ్ చేసి అవసరమైతే రిపోర్ట్ చేయండి.,Low,P4,Telugu synthetic/adapted example; not claimed as verbatim real-world data.,మీ ఖాతా చివరి నాలుగు అంకెలు 2481 ఉన్న బ్యాంక్ స్టేట్‌మెంట్ ఆన్‌లైన్ బ్యాంకింగ్‌లో అందుబాటులో ఉంది.
TE-S0057,మీ ₹999 రీఫండ్ పెండింగ్‌లో ఉంది. రీఫండ్ కోసం కార్డ్ నంబర్ మరియు OTP పంపండి.,scam,fake_refund,te,Research-backed synthetic multilingual,synthetic_research_backed,"ఫేక్ రీఫండ్, కార్డ్ వివరాలు, OTP",కార్డ్ వివరాలు లేదా OTP షేర్ చేయకండి.,1. కార్డ్ వివరాలు లేదా OTP షేర్ చేయకండి. 2. అధికారిక ఛానల్ ద్వారా స్వతంత్రంగా వెరిఫై చేయండి. 3. ఆధారాలను సేవ్ చేసి అవసరమైతే రిపోర్ట్ చేయండి.,Critical,P1,Telugu synthetic/adapted example; not claimed as verbatim real-world data.,మీ ₹999 రీఫండ్ పెండింగ్‌లో ఉంది. రీఫండ్ కోసం కార్డ్ నంబర్ మరియు otp పంపండి.
S0899,Your WhatsApp/email account will be deleted unless you send the 6-digit verification code now. Act now.,scam,account_takeover,en,Research-backed synthetic,synthetic_research_backed,"OTP request, account takeover, urgency",Do not share the verification code.,1. Do not share the code. 2. Open the official app and review active sessions. 3. Enable two-step verification. 4. Report the sender.,Critical,P1,"English dataset row; retained from the finalized 1,500-record ScamShield dataset.",your whatsapp/email account will be deleted unless you send the 6-digit verification code now. act now.
S0758,Congratulations! Your instant loan of Rs 2499 is approved. Pay Rs 199 processing charges to release the funds.,scam,loan_scam,en,Research-backed synthetic,synthetic_research_backed,"unsolicited loan, advance fee, pressure",Do not pay the fee.,1. Do not pay upfront charges. 2. Verify the lender independently. 3. Avoid sharing banking credentials. 4. Report the message.,High,P1,"English dataset row; retained from the finalized 1,500-record ScamShield dataset.",congratulations! your instant loan of rs 2499 is approved. pay rs 199 processing charges to release the funds.
G0912,Interview reminder: your Python Developer interview is scheduled for 15 October at 6:00 PM. — Customer Notification.,genuine,job_genuine,en,Research-backed synthetic,synthetic_research_backed,normal recruitment communication,Verify the interview through the official recruitment channel.,1. Check the original application. 2. Confirm the interview details. 3. Join through the verified meeting link.,Low,P4,"English dataset row; retained from the finalized 1,500-record ScamShield dataset.",interview reminder: your python developer interview is scheduled for 15 october at 6:00 pm. — customer notification.
TE-G0036,మీ క్లినిక్ అపాయింట్‌మెంట్ 5 अक्टूबरన 4:30 बजेకి షెడ్యూల్ చేయబడింది.,genuine,healthcare,te,Research-backed synthetic multilingual,synthetic_research_backed,సాధారణ ఆరోగ్య రిమైండర్,అధికారిక క్లినిక్ ఛానల్ ద్వారా నిర్ధారించండి.,1. అధికారిక క్లినిక్ ఛానల్ ద్వారా నిర్ధారించండి. 2. అధికారిక ఛానల్ ద్వారా స్వతంత్రంగా వెరిఫై చేయండి. 3. ఆధారాలను సేవ్ చేసి అవసరమైతే రిపోర్ట్ చేయండి.,Low,P4,Telugu synthetic/adapted example; not claimed as verbatim real-world data.,మీ క్లినిక్ అపాయింట్‌మెంట్ 5 अक्टूबरన 4:30 बजेకి షెడ్యూల్ చేయబడింది.
S0809,Congratulations! Your instant loan of Rs 249 is approved. Pay Rs 1499 processing charges to release the funds. Do not ignore this message.,scam,loan_scam,en,Research-backed synthetic,synthetic_research_backed,"unsolicited loan, advance fee, pressure",Do not pay the fee.,1. Do not pay upfront charges. 2. Verify the lender independently. 3. Avoid sharing banking credentials. 4. Report the message.,High,P1,"English dataset row; retained from the finalized 1,500-record ScamShield dataset.",congratulations! your instant loan of rs 249 is approved. pay rs 1499 processing charges to release the funds. do not ignore this message.
S0154,Send ₹999 now or your private video will be shared with your contacts.,scam,sextortion,en,Research-backed synthetic,synthetic_research_backed,"blackmail, extortion, urgent payment demand",Do not pay or engage further; preserve evidence and report the incident.,1. Do not pay or engage further; preserve evidence and report the incident. 2. Verify independently using the official service/authority. 3. Preserve evidence. 4. Report suspected cyber fraud.,Critical,P1,"English dataset row; retained from the finalized 1,500-record ScamShield dataset.",send ₹999 now or your private video will be shared with your contacts.
G0117,Your electricity bill of Rs 199 is due on 20 October. Please pay through the official utility portal. Thank you.,genuine,utility_genuine,en,Research-backed synthetic,synthetic_research_backed,normal utility bill reminder,Use the official utility website/app.,1. Verify the bill in the official portal. 2. Check the due date and amount. 3. Pay only through the official channel.,Low,P4,"English dataset row; retained from the finalized 1,500-record ScamShield dataset.",your electricity bill of rs 199 is due on 20 october. please pay through the official utility portal. thank you.
TE-G0078,రిమైండర్: మీ అపాయింట్‌మెంట్ 30 सितंबरన 10:00 बजेకి ఉంది.,genuine,appointment,te,Research-backed synthetic multilingual,synthetic_research_backed,సాధారణ అపాయింట్‌మెంట్ రిమైండర్,అధికారిక ప్రొవైడర్ ద్వారా వివరాలను నిర్ధారించండి.,1. అధికారిక ప్రొవైడర్ ద్వారా వివరాలను నిర్ధారించండి. 2. అధికారిక ఛానల్ ద్వారా స్వతంత్రంగా వెరిఫై చేయండి. 3. ఆధారాలను సేవ్ చేసి అవసరమైతే రిపోర్ట్ చేయండి.,Low,P4,Telugu synthetic/adapted example; not claimed as verbatim real-world data.,రిమైండర్: మీ అపాయింట్‌మెంట్ 30 सितंबरన 10:00 बजेకి ఉంది.
S0796,Our AI trading group guarantees 5% daily profit. Deposit Rs 1299 today to activate your account. Do not ignore this message.,scam,investment_scam,en,Research-backed synthetic,synthetic_research_backed,"guaranteed returns, investment pressure, deposit request",Do not transfer money based on the message.,1. Do not deposit funds. 2. Verify the company independently. 3. Check regulatory status where applicable. 4. Report the solicitation.,Critical,P1,"English dataset row; retained from the finalized 1,500-record ScamShield dataset.",our ai trading group guarantees 5% daily profit. deposit rs 1299 today to activate your account. do not ignore this message.
G1222,Your Uber payment of ₹199 was processed successfully.,genuine,transaction,en,Research-backed synthetic,synthetic_research_backed,normal transaction notification,Verify in the official app.,1. Verify in the official app. 2. Verify the message in the official app/portal if needed. 3. Do not share sensitive information unnecessarily.,Low,P4,"English dataset row; retained from the finalized 1,500-record ScamShield dataset.",your uber payment of ₹199 was processed successfully.
TE-G0042,మీ ఖాతా చివరి నాలుగు అంకెలు 1024 ఉన్న బ్యాంక్ స్టేట్‌మెంట్ ఆన్‌లైన్ బ్యాంకింగ్‌లో అందుబాటులో ఉంది.,genuine,banking_genuine,te,Research-backed synthetic multilingual,synthetic_research_backed,సాధారణ బ్యాంకింగ్ సమాచారం,బ్యాంక్ అధికారిక యాప్/వెబ్‌సైట్‌ను ఓపెన్ చేయండి.,1. బ్యాంక్ అధికారిక యాప్/వెబ్‌సైట్‌ను ఓపెన్ చేయండి. 2. అధికారిక ఛానల్ ద్వారా స్వతంత్రంగా వెరిఫై చేయండి. 3. ఆధారాలను సేవ్ చేసి అవసరమైతే రిపోర్ట్ చేయండి.,Low,P4,Telugu synthetic/adapted example; not claimed as verbatim real-world data.,మీ ఖాతా చివరి నాలుగు అంకెలు 1024 ఉన్న బ్యాంక్ స్టేట్‌మెంట్ ఆన్‌లైన్ బ్యాంకింగ్‌లో అందుబాటులో ఉంది.
TE-S0125,"CAPTCHAలు పూర్తి చేసి రోజుకు ₹5,000 సంపాదించండి. అకౌంట్ యాక్టివేట్ చేయడానికి ₹999 ఫీజు చెల్లించండి.",scam,fake_captcha_job,te,Research-backed synthetic multilingual,synthetic_research_backed,"ఫేక్ CAPTCHA ఉద్యోగం, ముందస్తు ఫీజు",ఫీజు చెల్లించకండి; ఉద్యోగాన్ని వెరిఫై చేయండి.,1. ఫీజు చెల్లించకండి; ఉద్యోగాన్ని వెరిఫై చేయండి. 2. అధికారిక ఛానల్ ద్వారా స్వతంత్రంగా వెరిఫై చేయండి. 3. ఆధారాలను సేవ్ చేసి అవసరమైతే రిపోర్ట్ చేయండి.,High,P1,Telugu synthetic/adapted example; not claimed as verbatim real-world data.,"captchaలు పూర్తి చేసి రోజుకు ₹5,000 సంపాదించండి. అకౌంట్ యాక్టివేట్ చేయడానికి ₹999 ఫీజు చెల్లించండి."
S1219,Please donate Rs 499 for an emergency relief campaign. Transfer to this personal UPI ID today. Immediate action required.,scam,charity_scam,en,Research-backed synthetic,synthetic_research_backed,"emotional appeal, personal payment destination, urgency",Verify the charity and donation channel independently.,1. Do not transfer to an unverified personal account. 2. Check the organization's official website. 3. Donate through verified channels. 4. Report the message.,Medium,P2,"English dataset row; retained from the finalized 1,500-record ScamShield dataset.",please donate rs 499 for an emergency relief campaign. transfer to this personal upi id today. immediate action required.
S0217,Congratulations! You won Rs 1299 in a lucky draw. Pay Rs 1499 tax/processing charges to claim your prize.,scam,lottery,en,Research-backed synthetic,synthetic_research_backed,"unexpected prize, upfront payment, lottery claim",Do not pay the fee.,1. Do not send money. 2. Do not share financial details. 3. Block the sender. 4. Report the message.,High,P1,"English dataset row; retained from the finalized 1,500-record ScamShield dataset.",congratulations! you won rs 1299 in a lucky draw. pay rs 1499 tax/processing charges to claim your prize.
S1182,You have been selected for a work-from-home Java Backend Developer paying Rs 2499 per day. Pay Rs 499 as registration before joining.,scam,job_scam,en,Research-backed synthetic,synthetic_research_backed,"unrealistic earnings, upfront fee, unsolicited job",Do not pay the registration fee.,1. Do not pay. 2. Verify the employer independently. 3. Do not share identity/banking documents. 4. Block and report the sender.,High,P1,"English dataset row; retained from the finalized 1,500-record ScamShield dataset.",you have been selected for a work-from-home java backend developer paying rs 2499 per day. pay rs 499 as registration before joining.
G0257,Rs 499 was spent at Flipkart using your UPI. Please keep this for your records.,genuine,transaction,en,Research-backed synthetic,synthetic_research_backed,normal transaction notification,Verify the transaction in the official banking/payment app.,1. Open the official banking app. 2. Confirm the transaction. 3. Contact the bank only if it is unrecognized.,Low,P4,"English dataset row; retained from the finalized 1,500-record ScamShield dataset.",rs 499 was spent at flipkart using your upi. please keep this for your records.
S1292,Your insurance policy bonus is ready. Pay Rs 1499 service charges and send your Aadhaar and bank details to receive it. Immediate action required.,scam,insurance_scam,en,Research-backed synthetic,synthetic_research_backed,"unexpected bonus, advance fee, identity-data request",Do not pay or send identity/bank documents.,1. Do not pay. 2. Contact the insurer through the official website/number. 3. Do not send identity documents. 4. Report the message.,High,P1,"English dataset row; retained from the finalized 1,500-record ScamShield dataset.",your insurance policy bonus is ready. pay rs 1499 service charges and send your aadhaar and bank details to receive it. immediate action required.
G0622,Your service request SUP-23817 has been completed. Please review the update in the official portal. — Customer Notification.,genuine,service_update,en,Research-backed synthetic,synthetic_research_backed,normal service update,Review the request through the official portal.,1. Open the official portal directly. 2. Check the request status. 3. Contact official support if the result is incorrect.,Low,P4,"English dataset row; retained from the finalized 1,500-record ScamShield dataset.",your service request sup-23817 has been completed. please review the update in the official portal. — customer notification.
HI-G0086,आपकी क्लिनिक अपॉइंटमेंट 2 अक्टूबर को 10:00 बजे बजे निर्धारित है।,genuine,healthcare,hi,Research-backed synthetic multilingual,synthetic_research_backed,सामान्य स्वास्थ्य रिमाइंडर,आधिकारिक क्लिनिक चैनल से विवरण सत्यापित करें।,1. आधिकारिक क्लिनिक चैनल से विवरण सत्यापित करें। 2. आधिकारिक चैनल से स्वतंत्र रूप से सत्यापन करें। 3. संदिग्ध होने पर संदेश/नंबर की रिपोर्ट करें।,Low,P4,Hindi synthetic/adapted example; not claimed as verbatim real-world data.,आपकी क्लिनिक अपॉइंटमेंट 2 अक्टूबर को 10:00 बजे बजे निर्धारित है।
G1387,Your verification code for Paytm is Q-183640. Do not share it with anyone.,genuine,otp,en,Research-backed synthetic,synthetic_research_backed,legitimate verification-code notice,Use the code only in the login/verification flow you initiated.,"1. Use the code only on the official service. 2. Never forward the code. 3. If you did not request it, ignore it and review account security.",Low,P4,"English dataset row; retained from the finalized 1,500-record ScamShield dataset.",your verification code for paytm is q-183640. do not share it with anyone.
S1316,"Hi, I lost my phone and need you to urgently transfer Rs 199 to this new account. Please don't call. Immediate action required.",scam,impersonation,en,Research-backed synthetic,synthetic_research_backed,"impersonation, money request, urgency, discouraging verification",Verify the person's identity through an independent channel before any payment.,1. Do not transfer money. 2. Call the person using a known number. 3. Confirm the request independently. 4. Report if fraudulent.,High,P1,"English dataset row; retained from the finalized 1,500-record ScamShield dataset.","hi, i lost my phone and need you to urgently transfer rs 199 to this new account. please don't call. immediate action required."
S0172,You have been selected for a work-from-home Data Analyst paying Rs 199 per day. Pay Rs 299 as registration before joining.,scam,job_scam,en,Research-backed synthetic,synthetic_research_backed,"unrealistic earnings, upfront fee, unsolicited job",Do not pay the registration fee.,1. Do not pay. 2. Verify the employer independently. 3. Do not share identity/banking documents. 4. Block and report the sender.,High,P1,"English dataset row; retained from the finalized 1,500-record ScamShield dataset.",you have been selected for a work-from-home data analyst paying rs 199 per day. pay rs 299 as registration before joining.
G1052,Reminder: your appointment is scheduled for 2 October at 10:00 AM.,genuine,appointment,en,Research-backed synthetic,synthetic_research_backed,normal appointment reminder,Confirm through the official provider if needed.,1. Confirm through the official provider if needed. 2. Verify the message in the official app/portal if needed. 3. Do not share sensitive information unnecessarily.,Low,P4,"English dataset row; retained from the finalized 1,500-record ScamShield dataset.",reminder: your appointment is scheduled for 2 october at 10:00 am.
TE-S0101,"ఇంటినుంచి పని చేసి రోజుకు ₹2,499 సంపాదించండి. ఉద్యోగం ప్రారంభించడానికి ₹199 రిజిస్ట్రేషన్ ఫీజు చెల్లించండి.",scam,job_scam,te,Research-backed synthetic multilingual,synthetic_research_backed,"ఫేక్ ఉద్యోగం, ముందస్తు ఫీజు, అవాస్తవ ఆదాయం",ఫీజు చెల్లించకండి; ఉద్యోగదాతను స్వతంత్రంగా వెరిఫై చేయండి.,1. ఫీజు చెల్లించకండి; ఉద్యోగదాతను స్వతంత్రంగా వెరిఫై చేయండి. 2. అధికారిక ఛానల్ ద్వారా స్వతంత్రంగా వెరిఫై చేయండి. 3. ఆధారాలను సేవ్ చేసి అవసరమైతే రిపోర్ట్ చేయండి.,High,P1,Telugu synthetic/adapted example; not claimed as verbatim real-world data.,"ఇంటినుంచి పని చేసి రోజుకు ₹2,499 సంపాదించండి. ఉద్యోగం ప్రారంభించడానికి ₹199 రిజిస్ట్రేషన్ ఫీజు చెల్లించండి."
S0927,Our AI trading group guarantees 5% daily profit. Deposit Rs 249 today to activate your account.,scam,investment_scam,en,Research-backed synthetic,synthetic_research_backed,"guaranteed returns, investment pressure, deposit request",Do not transfer money based on the message.,1. Do not deposit funds. 2. Verify the company independently. 3. Check regulatory status where applicable. 4. Report the solicitation.,Critical,P1,"English dataset row; retained from the finalized 1,500-record ScamShield dataset.",our ai trading group guarantees 5% daily profit. deposit rs 249 today to activate your account.
G0254,Reminder from Apollo Clinic: your lab appointment is booked for 15 October at 9:30 AM. — Customer Notification.,genuine,healthcare,en,Research-backed synthetic,synthetic_research_backed,normal healthcare reminder,Use the clinic's official contact details for changes.,1. Verify the appointment in the clinic system. 2. Add it to your calendar. 3. Contact the clinic through its official number if needed.,Low,P4,"English dataset row; retained from the finalized 1,500-record ScamShield dataset.",reminder from apollo clinic: your lab appointment is booked for 15 october at 9:30 am. — customer notification.
G0504,आपके Uber भुगतान का ₹1299 का लेनदेन सफल रहा। — Customer Notification.,genuine,transaction,en,Research-backed synthetic,synthetic_research_backed,normal transaction notification,Verify the transaction through the official app.,1. आधिकारिक ऐप खोलें। 2. लेनदेन की राशि जांचें। 3. अनजान लेनदेन हो तो बैंक से संपर्क करें।,Low,P4,"English dataset row; retained from the finalized 1,500-record ScamShield dataset.",आपके uber भुगतान का ₹1299 का लेनदेन सफल रहा। — customer notification.
S1047,Your SIM will be disconnected in 3 hours because it was used for illegal activity. Call this number immediately. Do not ignore this message.,scam,telecom_threat,en,Research-backed synthetic,synthetic_research_backed,"telecom impersonation, urgency, threat, callback request",Do not call the supplied number.,1. Do not call the supplied number. 2. Check account status in the official telecom app. 3. Contact official support. 4. Report the message.,High,P1,"English dataset row; retained from the finalized 1,500-record ScamShield dataset.",your sim will be disconnected in 3 hours because it was used for illegal activity. call this number immediately. do not ignore this message.
G1143,Your Amazon Logistics order #402-1937460 has shipped and is expected to arrive on 30 September.,genuine,delivery,en,Research-backed synthetic,synthetic_research_backed,normal delivery update,Track through the official retailer/carrier app if needed.,1. Open the official app if tracking is required. 2. Check the order number. 3. No payment is required unless shown in the official order flow.,Low,P4,"English dataset row; retained from the finalized 1,500-record ScamShield dataset.",your amazon logistics order #402-1937460 has shipped and is expected to arrive on 30 september.
TE-G0052,రిమైండర్: మీ అపాయింట్‌మెంట్ 10 अक्टूबरన 2:00 बजेకి ఉంది.,genuine,appointment,te,Research-backed synthetic multilingual,synthetic_research_backed,సాధారణ అపాయింట్‌మెంట్ రిమైండర్,అధికారిక ప్రొవైడర్ ద్వారా వివరాలను నిర్ధారించండి.,1. అధికారిక ప్రొవైడర్ ద్వారా వివరాలను నిర్ధారించండి. 2. అధికారిక ఛానల్ ద్వారా స్వతంత్రంగా వెరిఫై చేయండి. 3. ఆధారాలను సేవ్ చేసి అవసరమైతే రిపోర్ట్ చేయండి.,Low,P4,Telugu synthetic/adapted example; not claimed as verbatim real-world data.,రిమైండర్: మీ అపాయింట్‌మెంట్ 10 अक्टूबरన 2:00 बजेకి ఉంది.
S1166,Premium apartment available at a very low rent. Send a refundable booking deposit of Rs 199 before viewing. Do not ignore this message.,scam,rental_scam,en,Research-backed synthetic,synthetic_research_backed,"unusually low price, advance deposit, no viewing",Do not pay a deposit before independently verifying the property and owner.,1. Do not transfer the deposit. 2. Verify ownership/listing independently. 3. Inspect the property. 4. Report suspicious listings.,High,P2,"English dataset row; retained from the finalized 1,500-record ScamShield dataset.",premium apartment available at a very low rent. send a refundable booking deposit of rs 199 before viewing. do not ignore this message.
G0092,याद दिलाया जाता है कि आपकी career counseling session 5 October को 2:00 PM बजे है। Please keep this for your records.,genuine,appointment,en,Research-backed synthetic,synthetic_research_backed,normal appointment reminder,Use the official provider channel for confirmation or changes.,1. समय जांचें। 2. कैलेंडर में सेव करें। 3. बदलाव के लिए आधिकारिक नंबर/पोर्टल इस्तेमाल करें।,Low,P4,"English dataset row; retained from the finalized 1,500-record ScamShield dataset.",याद दिलाया जाता है कि आपकी career counseling session 5 october को 2:00 pm बजे है। please keep this for your records.
S0657,"Hi, I lost my phone and need you to urgently transfer Rs 799 to this new account. Please don't call. Do not ignore this message.",scam,impersonation,en,Research-backed synthetic,synthetic_research_backed,"impersonation, money request, urgency, discouraging verification",Verify the person's identity through an independent channel before any payment.,1. Do not transfer money. 2. Call the person using a known number. 3. Confirm the request independently. 4. Report if fraudulent.,High,P1,"English dataset row; retained from the finalized 1,500-record ScamShield dataset.","hi, i lost my phone and need you to urgently transfer rs 799 to this new account. please don't call. do not ignore this message."
HI-S0075,आपका ₹499 रिफंड लंबित है। इसे जारी करने के लिए कार्ड नंबर और OTP भेजें।,scam,fake_refund,hi,Research-backed synthetic multilingual,synthetic_research_backed,"फर्जी रिफंड, कार्ड विवरण, OTP अनुरोध",कार्ड विवरण या OTP साझा न करें।,1. कार्ड विवरण या OTP साझा न करें। 2. आधिकारिक चैनल से स्वतंत्र रूप से सत्यापन करें। 3. संदिग्ध होने पर संदेश/नंबर की रिपोर्ट करें।,Critical,P1,Hindi synthetic/adapted example; not claimed as verbatim real-world data.,आपका ₹499 रिफंड लंबित है। इसे जारी करने के लिए कार्ड नंबर और otp भेजें।
HI-S0028,₹199 का रिफंड पाने के लिए यह QR कोड स्कैन करें और UPI PIN डालें।,scam,upi_qr,hi,Research-backed synthetic multilingual,synthetic_research_backed,"QR के जरिए भुगतान, UPI PIN अनुरोध, रिफंड बहाना",QR स्कैन न करें और UPI PIN न डालें।,1. QR स्कैन न करें और UPI PIN न डालें। 2. आधिकारिक चैनल से स्वतंत्र रूप से सत्यापन करें। 3. संदिग्ध होने पर संदेश/नंबर की रिपोर्ट करें।,Critical,P1,Hindi synthetic/adapted example; not claimed as verbatim real-world data.,₹199 का रिफंड पाने के लिए यह qr कोड स्कैन करें और upi pin डालें।
G0204,Your airline booking R2N6VT is confirmed for 30 September.,genuine,travel,en,Research-backed synthetic,synthetic_research_backed,normal travel confirmation,Check the booking in the official airline app.,1. Check the booking in the official airline app. 2. Verify the message in the official app/portal if needed. 3. Do not share sensitive information unnecessarily.,Low,P4,"English dataset row; retained from the finalized 1,500-record ScamShield dataset.",your airline booking r2n6vt is confirmed for 30 september.
G1439,The Data Analytics assignment deadline is 5 October. Please submit it through the student portal.,genuine,education,en,Research-backed synthetic,synthetic_research_backed,normal educational announcement,Use the official student portal.,1. Check the assignment details. 2. Prepare the submission. 3. Upload through the official portal before the deadline.,Low,P4,"English dataset row; retained from the finalized 1,500-record ScamShield dataset.",the data analytics assignment deadline is 5 october. please submit it through the student portal.
G0610,Your verification code for Google is G-123456. Do not share it with anyone.,genuine,otp,en,User-provided reference file,user_reference,,,Verify through an official channel; follow the expected action above.,Low,P4,"English dataset row; retained from the finalized 1,500-record ScamShield dataset.",your verification code for google is g-123456. do not share it with anyone.
HI-S0022,"हमारा ट्रेडिंग प्लेटफॉर्म रोज़ 5,000% लाभ की गारंटी देता है। आज ₹5,000 जमा करें।",scam,investment_scam,hi,Research-backed synthetic multilingual,synthetic_research_backed,"गारंटीड रिटर्न, निवेश दबाव, पैसे जमा कराने का अनुरोध",पैसे जमा न करें और प्लेटफॉर्म की स्वतंत्र जांच करें।,1. पैसे जमा न करें और प्लेटफॉर्म की स्वतंत्र जांच करें। 2. आधिकारिक चैनल से स्वतंत्र रूप से सत्यापन करें। 3. संदिग्ध होने पर संदेश/नंबर की रिपोर्ट करें।,Critical,P1,Hindi synthetic/adapted example; not claimed as verbatim real-world data.,"हमारा ट्रेडिंग प्लेटफॉर्म रोज़ 5,000% लाभ की गारंटी देता है। आज ₹5,000 जमा करें।"
S0297,Your parcel is held because of a Rs 199 customs/redelivery charge. Pay at https://example.invalid/verify within 2 hours. Do not ignore this message.,scam,delivery,en,Research-backed synthetic,synthetic_research_backed,"delivery impersonation, small fee, urgency, suspicious URL",Do not pay through the provided link.,1. Do not open the link. 2. Check the order on the official retailer/carrier site. 3. Verify any fee there. 4. Report the SMS.,High,P1,"English dataset row; retained from the finalized 1,500-record ScamShield dataset.",your parcel is held because of a rs 199 customs/redelivery charge. pay at https://example.invalid/verify within 2 hours. do not ignore this message.
G0828,"Hi Rahul, are we still meeting at main gate around 6:00 PM today? — Customer Notification.",genuine,personal,en,Research-backed synthetic,synthetic_research_backed,ordinary personal communication,Reply through the normal conversation channel.,1. Check your plans. 2. Reply to the sender. 3. Do not take any financial action based only on this message.,Low,P4,"English dataset row; retained from the finalized 1,500-record ScamShield dataset.","hi rahul, are we still meeting at main gate around 6:00 pm today? — customer notification."
HI-G0098,याद दिलाया जाता है कि आपकी अपॉइंटमेंट 10 अक्टूबर को 10:00 बजे बजे है।,genuine,appointment,hi,Research-backed synthetic multilingual,synthetic_research_backed,सामान्य अपॉइंटमेंट रिमाइंडर,आधिकारिक प्रदाता के माध्यम से पुष्टि/रीशेड्यूल करें।,1. आधिकारिक प्रदाता के माध्यम से पुष्टि/रीशेड्यूल करें। 2. आधिकारिक चैनल से स्वतंत्र रूप से सत्यापन करें। 3. संदिग्ध होने पर संदेश/नंबर की रिपोर्ट करें।,Low,P4,Hindi synthetic/adapted example; not claimed as verbatim real-world data.,याद दिलाया जाता है कि आपकी अपॉइंटमेंट 10 अक्टूबर को 10:00 बजे बजे है।
S0638,Your parcel is held because of a Rs 299 customs/redelivery charge. Pay at https://example.invalid/verify within 2 hours.,scam,delivery,en,Research-backed synthetic,synthetic_research_backed,"delivery impersonation, small fee, urgency, suspicious URL",Do not pay through the provided link.,1. Do not open the link. 2. Check the order on the official retailer/carrier site. 3. Verify any fee there. 4. Report the SMS.,High,P1,"English dataset row; retained from the finalized 1,500-record ScamShield dataset.",your parcel is held because of a rs 299 customs/redelivery charge. pay at https://example.invalid/verify within 2 hours.
G1209,Reminder: your appointment is scheduled for 30 September at 9:30 AM.,genuine,appointment,en,Research-backed synthetic,synthetic_research_backed,normal appointment reminder,Confirm through the official provider if needed.,1. Confirm through the official provider if needed. 2. Verify the message in the official app/portal if needed. 3. Do not share sensitive information unnecessarily.,Low,P4,"English dataset row; retained from the finalized 1,500-record ScamShield dataset.",reminder: your appointment is scheduled for 30 september at 9:30 am.
S0596,Your Google account has been locked. Verify your identity now at http://account-check.invalid to avoid permanent closure. Do not ignore this message.,scam,phishing,en,Research-backed synthetic,synthetic_research_backed,"account threat, urgency, suspicious URL, credential harvesting",Do not click the link.,1. Do not open the URL. 2. Visit the service by typing its official address. 3. Change credentials if exposed. 4. Report the message.,High,P1,"English dataset row; retained from the finalized 1,500-record ScamShield dataset.",your google account has been locked. verify your identity now at http://account-check.invalid to avoid permanent closure. do not ignore this message.
G0910,The department seminar on Data Analytics will be held on 2 October in sample-venue.,genuine,college_announcement,en,Research-backed synthetic,synthetic_research_backed,normal institutional announcement,Check the official college communication channel for details.,1. Verify the announcement in the official portal/email. 2. Note the venue and time. 3. Attend if relevant.,Low,P4,"English dataset row; retained from the finalized 1,500-record ScamShield dataset.",the department seminar on data analytics will be held on 2 october in sample-venue.
S0750,Your SIM will be disconnected in 1 hours because it was used for illegal activity. Call this number immediately. Immediate action required.,scam,telecom_threat,en,Research-backed synthetic,synthetic_research_backed,"telecom impersonation, urgency, threat, callback request",Do not call the supplied number.,1. Do not call the supplied number. 2. Check account status in the official telecom app. 3. Contact official support. 4. Report the message.,High,P1,"English dataset row; retained from the finalized 1,500-record ScamShield dataset.",your sim will be disconnected in 1 hours because it was used for illegal activity. call this number immediately. immediate action required.
HI-G0068,आपकी यात्रा बुकिंग R2N6VT 15 अक्टूबर के लिए कन्फर्म है।,genuine,travel,hi,Research-backed synthetic multilingual,synthetic_research_backed,सामान्य यात्रा पुष्टि,आधिकारिक एयरलाइन/ट्रैवल ऐप में बुकिंग जांचें।,1. आधिकारिक एयरलाइन/ट्रैवल ऐप में बुकिंग जांचें। 2. आधिकारिक चैनल से स्वतंत्र रूप से सत्यापन करें। 3. संदिग्ध होने पर संदेश/नंबर की रिपोर्ट करें।,Low,P4,Hindi synthetic/adapted example; not claimed as verbatim real-world data.,आपकी यात्रा बुकिंग r2n6vt 15 अक्टूबर के लिए कन्फर्म है।
TE-S0065,ఇంటినుంచి పని చేసి రోజుకు ₹999 సంపాదించండి. ఉద్యోగం ప్రారంభించడానికి ₹499 రిజిస్ట్రేషన్ ఫీజు చెల్లించండి.,scam,job_scam,te,Research-backed synthetic multilingual,synthetic_research_backed,"ఫేక్ ఉద్యోగం, ముందస్తు ఫీజు, అవాస్తవ ఆదాయం",ఫీజు చెల్లించకండి; ఉద్యోగదాతను స్వతంత్రంగా వెరిఫై చేయండి.,1. ఫీజు చెల్లించకండి; ఉద్యోగదాతను స్వతంత్రంగా వెరిఫై చేయండి. 2. అధికారిక ఛానల్ ద్వారా స్వతంత్రంగా వెరిఫై చేయండి. 3. ఆధారాలను సేవ్ చేసి అవసరమైతే రిపోర్ట్ చేయండి.,High,P1,Telugu synthetic/adapted example; not claimed as verbatim real-world data.,ఇంటినుంచి పని చేసి రోజుకు ₹999 సంపాదించండి. ఉద్యోగం ప్రారంభించడానికి ₹499 రిజిస్ట్రేషన్ ఫీజు చెల్లించండి.
S0307,Urgent: your ICICI Bank account will be blocked today because PAN/KYC is incomplete. Click http://account-check.invalid to update now. Do not ignore this message.,scam,bank_kyc,en,Research-backed synthetic,synthetic_research_backed,"bank impersonation, urgency, suspicious URL, KYC request",Do not click the link or share banking credentials.,1. Do not click the link. 2. Open the bank's official app/site manually. 3. Verify KYC status. 4. Report the message if fraudulent.,High,P1,"English dataset row; retained from the finalized 1,500-record ScamShield dataset.",urgent: your icici bank account will be blocked today because pan/kyc is incomplete. click http://account-check.invalid to update now. do not ignore this message.
HI-S0031,"हमारा ट्रेडिंग प्लेटफॉर्म रोज़ 2,499% लाभ की गारंटी देता है। आज ₹2,499 जमा करें।",scam,investment_scam,hi,Research-backed synthetic multilingual,synthetic_research_backed,"गारंटीड रिटर्न, निवेश दबाव, पैसे जमा कराने का अनुरोध",पैसे जमा न करें और प्लेटफॉर्म की स्वतंत्र जांच करें।,1. पैसे जमा न करें और प्लेटफॉर्म की स्वतंत्र जांच करें। 2. आधिकारिक चैनल से स्वतंत्र रूप से सत्यापन करें। 3. संदिग्ध होने पर संदेश/नंबर की रिपोर्ट करें।,Critical,P1,Hindi synthetic/adapted example; not claimed as verbatim real-world data.,"हमारा ट्रेडिंग प्लेटफॉर्म रोज़ 2,499% लाभ की गारंटी देता है। आज ₹2,499 जमा करें।"
TE-G0026,"మీ ₹10,000 విద్యుత్ బిల్లు 10 अक्टूबरన చెల్లించాలి.",genuine,utility_genuine,te,Research-backed synthetic multilingual,synthetic_research_backed,సాధారణ యుటిలిటీ రిమైండర్,అధికారిక విద్యుత్ పోర్టల్‌లో బిల్లు చెక్ చేయండి.,1. అధికారిక విద్యుత్ పోర్టల్‌లో బిల్లు చెక్ చేయండి. 2. అధికారిక ఛానల్ ద్వారా స్వతంత్రంగా వెరిఫై చేయండి. 3. ఆధారాలను సేవ్ చేసి అవసరమైతే రిపోర్ట్ చేయండి.,Low,P4,Telugu synthetic/adapted example; not claimed as verbatim real-world data.,"మీ ₹10,000 విద్యుత్ బిల్లు 10 अक्टूबरన చెల్లించాలి."
S0098,Your Instagram account is under review. Send your login code to this agent to restore access. Do not ignore this message.,scam,social_media,en,Research-backed synthetic,synthetic_research_backed,"account takeover, login-code request, impersonation",Do not share the login code.,1. Do not share the code. 2. Open the platform directly. 3. Review security settings and sessions. 4. Report the account.,Critical,P1,"English dataset row; retained from the finalized 1,500-record ScamShield dataset.",your instagram account is under review. send your login code to this agent to restore access. do not ignore this message.
HI-G0084,आपका ₹199 बिजली बिल 2 अक्टूबर को देय है।,genuine,utility_genuine,hi,Research-backed synthetic multilingual,synthetic_research_backed,सामान्य यूटिलिटी रिमाइंडर,आधिकारिक बिजली पोर्टल पर बिल जांचें।,1. आधिकारिक बिजली पोर्टल पर बिल जांचें। 2. आधिकारिक चैनल से स्वतंत्र रूप से सत्यापन करें। 3. संदिग्ध होने पर संदेश/नंबर की रिपोर्ट करें।,Low,P4,Hindi synthetic/adapted example; not claimed as verbatim real-world data.,आपका ₹199 बिजली बिल 2 अक्टूबर को देय है।
S0801,Our crypto trading bot guarantees 20% profit every day. Deposit ₹499 now to join.,scam,crypto_investment,en,Research-backed synthetic,synthetic_research_backed,"guaranteed returns, crypto solicitation, deposit request",Do not transfer money based on guaranteed-profit claims.,1. Do not transfer money based on guaranteed-profit claims. 2. Verify independently using the official service/authority. 3. Preserve evidence. 4. Report suspected cyber fraud.,Critical,P1,"English dataset row; retained from the finalized 1,500-record ScamShield dataset.",our crypto trading bot guarantees 20% profit every day. deposit ₹499 now to join.
S0762,Your electricity connection will be disconnected tonight unless you pay the pending bill through http://secure-update.invalid. Act now.,scam,utility_scam,en,Research-backed synthetic,synthetic_research_backed,"utility impersonation, disconnection threat, suspicious URL",Verify the bill through the official utility portal.,1. Do not open the link. 2. Check the official utility account. 3. Pay only through the official portal. 4. Report the message.,High,P1,"English dataset row; retained from the finalized 1,500-record ScamShield dataset.",your electricity connection will be disconnected tonight unless you pay the pending bill through http://secure-update.invalid. act now.
G0499,आपके BookMyShow भुगतान का ₹199 का लेनदेन सफल रहा। — Customer Notification.,genuine,transaction,en,Research-backed synthetic,synthetic_research_backed,normal transaction notification,Verify the transaction through the official app.,1. आधिकारिक ऐप खोलें। 2. लेनदेन की राशि जांचें। 3. अनजान लेनदेन हो तो बैंक से संपर्क करें।,Low,P4,"English dataset row; retained from the finalized 1,500-record ScamShield dataset.",आपके bookmyshow भुगतान का ₹199 का लेनदेन सफल रहा। — customer notification.
G1315,Can you bring the notes when you come to campus cafeteria? — Customer Notification.,genuine,personal,en,Research-backed synthetic,synthetic_research_backed,ordinary personal communication,Reply normally if the request is expected.,1. Confirm the context. 2. Reply normally. 3. Ignore if the sender is unknown.,Low,P4,"English dataset row; retained from the finalized 1,500-record ScamShield dataset.",can you bring the notes when you come to campus cafeteria? — customer notification.
S1149,"Dear Customer, your PAN is not updated. Your account will be blocked today. Click to update: http://sbi-kyc-update-portal.com",scam,bank_kyc,en,User-provided reference file,user_reference,"urgency, suspicious URL, bank impersonation",Do not click link,Verify through an official channel; follow the expected action above.,High,P1,"English dataset row; retained from the finalized 1,500-record ScamShield dataset.","dear customer, your pan is not updated. your account will be blocked today. click to update: http://sbi-kyc-update-portal.com"
S0083,Urgent: your Kotak Bank account will be blocked today because PAN/KYC is incomplete. Click http://secure-update.invalid to update now. Do not ignore this message.,scam,bank_kyc,en,Research-backed synthetic,synthetic_research_backed,"bank impersonation, urgency, suspicious URL, KYC request",Do not click the link or share banking credentials.,1. Do not click the link. 2. Open the bank's official app/site manually. 3. Verify KYC status. 4. Report the message if fraudulent.,High,P1,"English dataset row; retained from the finalized 1,500-record ScamShield dataset.",urgent: your kotak bank account will be blocked today because pan/kyc is incomplete. click http://secure-update.invalid to update now. do not ignore this message.
TE-G0029,మీ ఖాతా చివరి నాలుగు అంకెలు 5730 ఉన్న బ్యాంక్ స్టేట్‌మెంట్ ఆన్‌లైన్ బ్యాంకింగ్‌లో అందుబాటులో ఉంది.,genuine,banking_genuine,te,Research-backed synthetic multilingual,synthetic_research_backed,సాధారణ బ్యాంకింగ్ సమాచారం,బ్యాంక్ అధికారిక యాప్/వెబ్‌సైట్‌ను ఓపెన్ చేయండి.,1. బ్యాంక్ అధికారిక యాప్/వెబ్‌సైట్‌ను ఓపెన్ చేయండి. 2. అధికారిక ఛానల్ ద్వారా స్వతంత్రంగా వెరిఫై చేయండి. 3. ఆధారాలను సేవ్ చేసి అవసరమైతే రిపోర్ట్ చేయండి.,Low,P4,Telugu synthetic/adapted example; not claimed as verbatim real-world data.,మీ ఖాతా చివరి నాలుగు అంకెలు 5730 ఉన్న బ్యాంక్ స్టేట్‌మెంట్ ఆన్‌లైన్ బ్యాంకింగ్‌లో అందుబాటులో ఉంది.
G1043,Can you bring the book when you come to campus cafeteria? — Customer Notification.,genuine,personal,en,Research-backed synthetic,synthetic_research_backed,ordinary personal communication,Reply normally if the request is expected.,1. Confirm the context. 2. Reply normally. 3. Ignore if the sender is unknown.,Low,P4,"English dataset row; retained from the finalized 1,500-record ScamShield dataset.",can you bring the book when you come to campus cafeteria? — customer notification.
S0931,Please donate Rs 199 for an emergency relief campaign. Transfer to this personal UPI ID today.,scam,charity_scam,en,Research-backed synthetic,synthetic_research_backed,"emotional appeal, personal payment destination, urgency",Verify the charity and donation channel independently.,1. Do not transfer to an unverified personal account. 2. Check the organization's official website. 3. Donate through verified channels. 4. Report the message.,Medium,P2,"English dataset row; retained from the finalized 1,500-record ScamShield dataset.",please donate rs 199 for an emergency relief campaign. transfer to this personal upi id today.
TE-G0055,"మీ ₹5,000 విద్యుత్ బిల్లు 15 अक्टूबरన చెల్లించాలి.",genuine,utility_genuine,te,Research-backed synthetic multilingual,synthetic_research_backed,సాధారణ యుటిలిటీ రిమైండర్,అధికారిక విద్యుత్ పోర్టల్‌లో బిల్లు చెక్ చేయండి.,1. అధికారిక విద్యుత్ పోర్టల్‌లో బిల్లు చెక్ చేయండి. 2. అధికారిక ఛానల్ ద్వారా స్వతంత్రంగా వెరిఫై చేయండి. 3. ఆధారాలను సేవ్ చేసి అవసరమైతే రిపోర్ట్ చేయండి.,Low,P4,Telugu synthetic/adapted example; not claimed as verbatim real-world data.,"మీ ₹5,000 విద్యుత్ బిల్లు 15 अक्टूबरన చెల్లించాలి."
HI-S0107,"आपका ₹10,000 का इंस्टेंट लोन स्वीकृत है। राशि जारी कराने के लिए ₹1,999 प्रोसेसिंग शुल्क दें।",scam,loan_scam,hi,Research-backed synthetic multilingual,synthetic_research_backed,"फर्जी लोन, अग्रिम शुल्क, वित्तीय दबाव",शुल्क न दें और ऋणदाता की आधिकारिक जानकारी जांचें।,1. शुल्क न दें और ऋणदाता की आधिकारिक जानकारी जांचें। 2. आधिकारिक चैनल से स्वतंत्र रूप से सत्यापन करें। 3. संदिग्ध होने पर संदेश/नंबर की रिपोर्ट करें।,High,P1,Hindi synthetic/adapted example; not claimed as verbatim real-world data.,"आपका ₹10,000 का इंस्टेंट लोन स्वीकृत है। राशि जारी कराने के लिए ₹1,999 प्रोसेसिंग शुल्क दें।"
S0113,Your electricity connection will be disconnected tonight unless you pay the pending bill through https://example.invalid/verify. Act now.,scam,utility_scam,en,Research-backed synthetic,synthetic_research_backed,"utility impersonation, disconnection threat, suspicious URL",Verify the bill through the official utility portal.,1. Do not open the link. 2. Check the official utility account. 3. Pay only through the official portal. 4. Report the message.,High,P1,"English dataset row; retained from the finalized 1,500-record ScamShield dataset.",your electricity connection will be disconnected tonight unless you pay the pending bill through https://example.invalid/verify. act now.
S0678,I need urgent financial help for a family emergency. Please send Rs 199 today and I will return it next week. Act now.,scam,romance_scam,en,Research-backed synthetic,synthetic_research_backed,"emotional pressure, urgent money request, unverifiable emergency",Verify the person's identity and situation independently before sending money.,1. Do not transfer money immediately. 2. Verify identity using another channel. 3. Discuss with someone you trust. 4. Report if fraudulent.,High,P2,"English dataset row; retained from the finalized 1,500-record ScamShield dataset.",i need urgent financial help for a family emergency. please send rs 199 today and i will return it next week. act now.
S1300,Congratulations! Your instant loan of Rs 4999 is approved. Pay Rs 1499 processing charges to release the funds.,scam,loan_scam,en,Research-backed synthetic,synthetic_research_backed,"unsolicited loan, advance fee, pressure",Do not pay the fee.,1. Do not pay upfront charges. 2. Verify the lender independently. 3. Avoid sharing banking credentials. 4. Report the message.,High,P1,"English dataset row; retained from the finalized 1,500-record ScamShield dataset.",congratulations! your instant loan of rs 4999 is approved. pay rs 1499 processing charges to release the funds.
TE-G0077,ఈరోజు 2:00 बजेకి కాలేజ్ క్యాంటీన్‌లో కలుద్దామా?,genuine,personal,te,Research-backed synthetic multilingual,synthetic_research_backed,సాధారణ వ్యక్తిగత సందేశం,సాధారణంగా రిప్లై ఇవ్వండి.,1. సాధారణంగా రిప్లై ఇవ్వండి. 2. అధికారిక ఛానల్ ద్వారా స్వతంత్రంగా వెరిఫై చేయండి. 3. ఆధారాలను సేవ్ చేసి అవసరమైతే రిపోర్ట్ చేయండి.,Low,P4,Telugu synthetic/adapted example; not claimed as verbatim real-world data.,ఈరోజు 2:00 बजेకి కాలేజ్ క్యాంటీన్‌లో కలుద్దామా?
S0402,Send ₹1999 now or your private video will be shared with your contacts.,scam,sextortion,en,Research-backed synthetic,synthetic_research_backed,"blackmail, extortion, urgent payment demand",Do not pay or engage further; preserve evidence and report the incident.,1. Do not pay or engage further; preserve evidence and report the incident. 2. Verify independently using the official service/authority. 3. Preserve evidence. 4. Report suspected cyber fraud.,Critical,P1,"English dataset row; retained from the finalized 1,500-record ScamShield dataset.",send ₹1999 now or your private video will be shared with your contacts.
HI-S0104,CAPTCHA भरकर रोज़ ₹999 कमाएं। अकाउंट सक्रिय करने के लिए ₹199 शुल्क दें।,scam,fake_captcha_job,hi,Research-backed synthetic multilingual,synthetic_research_backed,"फर्जी CAPTCHA नौकरी, अग्रिम शुल्क, अवास्तविक कमाई",शुल्क न दें और नौकरी की स्वतंत्र जांच करें।,1. शुल्क न दें और नौकरी की स्वतंत्र जांच करें। 2. आधिकारिक चैनल से स्वतंत्र रूप से सत्यापन करें। 3. संदिग्ध होने पर संदेश/नंबर की रिपोर्ट करें।,High,P1,Hindi synthetic/adapted example; not claimed as verbatim real-world data.,captcha भरकर रोज़ ₹999 कमाएं। अकाउंट सक्रिय करने के लिए ₹199 शुल्क दें।
S1188,Your SIM upgrade request is pending. Send the OTP to confirm ownership or your number will be disconnected.,scam,sim_swap,en,Research-backed synthetic,synthetic_research_backed,"SIM-swap pretext, OTP request, threat",Do not share the OTP; contact your telecom provider directly.,1. Do not share the OTP; contact your telecom provider directly. 2. Verify independently using the official service/authority. 3. Preserve evidence. 4. Report suspected cyber fraud.,Critical,P1,"English dataset row; retained from the finalized 1,500-record ScamShield dataset.",your sim upgrade request is pending. send the otp to confirm ownership or your number will be disconnected.
S0560,Security alert: your account will be suspended unless you send the OTP M-562901 to our support agent immediately. Act now.,scam,otp,en,Research-backed synthetic,synthetic_research_backed,"OTP request, urgency, account-threat language",Do not share the OTP.,1. Do not share the OTP. 2. End the conversation. 3. Review account security in the official app. 4. Report the sender.,Critical,P1,"English dataset row; retained from the finalized 1,500-record ScamShield dataset.",security alert: your account will be suspended unless you send the otp m-562901 to our support agent immediately. act now.
G0535,Interview reminder: your ML Intern interview is scheduled for 30 September at 10:00 AM.,genuine,job_genuine,en,Research-backed synthetic,synthetic_research_backed,normal recruitment communication,Verify the interview through the official recruitment channel.,1. Check the original application. 2. Confirm the interview details. 3. Join through the verified meeting link.,Low,P4,"English dataset row; retained from the finalized 1,500-record ScamShield dataset.",interview reminder: your ml intern interview is scheduled for 30 september at 10:00 am.
HI-G0053,आपका Microsoft सत्यापन कोड Q-183640 है। इसे किसी के साथ साझा न करें।,genuine,otp,hi,Research-backed synthetic multilingual,synthetic_research_backed,वैध OTP सूचना,केवल आपके द्वारा शुरू किए गए सत्यापन में कोड का उपयोग करें।,1. केवल आपके द्वारा शुरू किए गए सत्यापन में कोड का उपयोग करें। 2. आधिकारिक चैनल से स्वतंत्र रूप से सत्यापन करें। 3. संदिग्ध होने पर संदेश/नंबर की रिपोर्ट करें।,Low,P4,Hindi synthetic/adapted example; not claimed as verbatim real-world data.,आपका microsoft सत्यापन कोड q-183640 है। इसे किसी के साथ साझा न करें।
S0994,Send ₹4999 now or your private video will be shared with your contacts.,scam,sextortion,en,Research-backed synthetic,synthetic_research_backed,"blackmail, extortion, urgent payment demand",Do not pay or engage further; preserve evidence and report the incident.,1. Do not pay or engage further; preserve evidence and report the incident. 2. Verify independently using the official service/authority. 3. Preserve evidence. 4. Report suspected cyber fraud.,Critical,P1,"English dataset row; retained from the finalized 1,500-record ScamShield dataset.",send ₹4999 now or your private video will be shared with your contacts.
G0605,The department has published the timetable for the end-term examination. Thank you.,genuine,education,en,Research-backed synthetic,synthetic_research_backed,normal educational announcement,Check the official college/university portal.,1. Open the official portal. 2. Confirm the timetable. 3. Note the exam date and time.,Low,P4,"English dataset row; retained from the finalized 1,500-record ScamShield dataset.",the department has published the timetable for the end-term examination. thank you.
TE-G0023,మీ ₹999 విద్యుత్ బిల్లు 15 अक्टूबरన చెల్లించాలి.,genuine,utility_genuine,te,Research-backed synthetic multilingual,synthetic_research_backed,సాధారణ యుటిలిటీ రిమైండర్,అధికారిక విద్యుత్ పోర్టల్‌లో బిల్లు చెక్ చేయండి.,1. అధికారిక విద్యుత్ పోర్టల్‌లో బిల్లు చెక్ చేయండి. 2. అధికారిక ఛానల్ ద్వారా స్వతంత్రంగా వెరిఫై చేయండి. 3. ఆధారాలను సేవ్ చేసి అవసరమైతే రిపోర్ట్ చేయండి.,Low,P4,Telugu synthetic/adapted example; not claimed as verbatim real-world data.,మీ ₹999 విద్యుత్ బిల్లు 15 अक्टूबरన చెల్లించాలి.
G0576,Rs 199 was spent at BookMyShow using your UPI. — Customer Notification.,genuine,transaction,en,Research-backed synthetic,synthetic_research_backed,normal transaction notification,Verify the transaction in the official banking/payment app.,1. Open the official banking app. 2. Confirm the transaction. 3. Contact the bank only if it is unrecognized.,Low,P4,"English dataset row; retained from the finalized 1,500-record ScamShield dataset.",rs 199 was spent at bookmyshow using your upi. — customer notification.
S0691,Your Flipkart account has been locked. Verify your identity now at http://secure-update.invalid to avoid permanent closure. Do not ignore this message.,scam,phishing,en,Research-backed synthetic,synthetic_research_backed,"account threat, urgency, suspicious URL, credential harvesting",Do not click the link.,1. Do not open the URL. 2. Visit the service by typing its official address. 3. Change credentials if exposed. 4. Report the message.,High,P1,"English dataset row; retained from the finalized 1,500-record ScamShield dataset.",your flipkart account has been locked. verify your identity now at http://secure-update.invalid to avoid permanent closure. do not ignore this message.
TE-S0079,"ఇంటినుంచి పని చేసి రోజుకు ₹10,000 సంపాదించండి. ఉద్యోగం ప్రారంభించడానికి ₹999 రిజిస్ట్రేషన్ ఫీజు చెల్లించండి.",scam,job_scam,te,Research-backed synthetic multilingual,synthetic_research_backed,"ఫేక్ ఉద్యోగం, ముందస్తు ఫీజు, అవాస్తవ ఆదాయం",ఫీజు చెల్లించకండి; ఉద్యోగదాతను స్వతంత్రంగా వెరిఫై చేయండి.,1. ఫీజు చెల్లించకండి; ఉద్యోగదాతను స్వతంత్రంగా వెరిఫై చేయండి. 2. అధికారిక ఛానల్ ద్వారా స్వతంత్రంగా వెరిఫై చేయండి. 3. ఆధారాలను సేవ్ చేసి అవసరమైతే రిపోర్ట్ చేయండి.,High,P1,Telugu synthetic/adapted example; not claimed as verbatim real-world data.,"ఇంటినుంచి పని చేసి రోజుకు ₹10,000 సంపాదించండి. ఉద్యోగం ప్రారంభించడానికి ₹999 రిజిస్ట్రేషన్ ఫీజు చెల్లించండి."
S0109,You have been selected for a work-from-home Python Developer paying Rs 799 per day. Pay Rs 1499 as registration before joining.,scam,job_scam,en,Research-backed synthetic,synthetic_research_backed,"unrealistic earnings, upfront fee, unsolicited job",Do not pay the registration fee.,1. Do not pay. 2. Verify the employer independently. 3. Do not share identity/banking documents. 4. Block and report the sender.,High,P1,"English dataset row; retained from the finalized 1,500-record ScamShield dataset.",you have been selected for a work-from-home python developer paying rs 799 per day. pay rs 1499 as registration before joining.
S1247,Your insurance policy bonus is ready. Pay Rs 999 service charges and send your Aadhaar and bank details to receive it. Act now.,scam,insurance_scam,en,Research-backed synthetic,synthetic_research_backed,"unexpected bonus, advance fee, identity-data request",Do not pay or send identity/bank documents.,1. Do not pay. 2. Contact the insurer through the official website/number. 3. Do not send identity documents. 4. Report the message.,High,P1,"English dataset row; retained from the finalized 1,500-record ScamShield dataset.",your insurance policy bonus is ready. pay rs 999 service charges and send your aadhaar and bank details to receive it. act now.
G0381,Your Jio data plan has 1.2 GB remaining and is valid until 5 October. Please keep this for your records.,genuine,telecom_genuine,en,Research-backed synthetic,synthetic_research_backed,normal telecom usage notice,Check usage in the official telecom app if needed.,1. Open the official provider app. 2. Review plan usage. 3. Recharge only through official channels.,Low,P4,"English dataset row; retained from the finalized 1,500-record ScamShield dataset.",your jio data plan has 1.2 gb remaining and is valid until 5 october. please keep this for your records.
HI-S0024,आपदा राहत के लिए ₹999 तुरंत इस व्यक्तिगत UPI ID पर भेजें।,scam,charity_scam,hi,Research-backed synthetic multilingual,synthetic_research_backed,"भावनात्मक अपील, निजी भुगतान खाता, तात्कालिकता",संगठन और भुगतान चैनल को स्वतंत्र रूप से सत्यापित करें।,1. संगठन और भुगतान चैनल को स्वतंत्र रूप से सत्यापित करें। 2. आधिकारिक चैनल से स्वतंत्र रूप से सत्यापन करें। 3. संदिग्ध होने पर संदेश/नंबर की रिपोर्ट करें।,Medium,P2,Hindi synthetic/adapted example; not claimed as verbatim real-world data.,आपदा राहत के लिए ₹999 तुरंत इस व्यक्तिगत upi id पर भेजें।
G1357,Your Swiggy payment of Rs 499 was processed successfully. Thank you.,genuine,transaction,en,Research-backed synthetic,synthetic_research_backed,normal transaction notification,Verify the transaction in the official app or bank statement.,1. Check the transaction in the official app. 2. Confirm the amount and merchant. 3. Keep the receipt if needed.,Low,P4,"English dataset row; retained from the finalized 1,500-record ScamShield dataset.",your swiggy payment of rs 499 was processed successfully. thank you.
HI-G0001,आपके खाते के अंतिम चार अंक 2481 वाले बैंक स्टेटमेंट की कॉपी ऑनलाइन बैंकिंग में उपलब्ध है।,genuine,banking_genuine,hi,Research-backed synthetic multilingual,synthetic_research_backed,सामान्य बैंकिंग सूचना,बैंक की आधिकारिक ऐप/वेबसाइट खोलें।,1. बैंक की आधिकारिक ऐप/वेबसाइट खोलें। 2. आधिकारिक चैनल से स्वतंत्र रूप से सत्यापन करें। 3. संदिग्ध होने पर संदेश/नंबर की रिपोर्ट करें।,Low,P4,Hindi synthetic/adapted example; not claimed as verbatim real-world data.,आपके खाते के अंतिम चार अंक 2481 वाले बैंक स्टेटमेंट की कॉपी ऑनलाइन बैंकिंग में उपलब्ध है।
S0946,I need urgent financial help for a family emergency. Please send Rs 249 today and I will return it next week. Immediate action required.,scam,romance_scam,en,Research-backed synthetic,synthetic_research_backed,"emotional pressure, urgent money request, unverifiable emergency",Verify the person's identity and situation independently before sending money.,1. Do not transfer money immediately. 2. Verify identity using another channel. 3. Discuss with someone you trust. 4. Report if fraudulent.,High,P2,"English dataset row; retained from the finalized 1,500-record ScamShield dataset.",i need urgent financial help for a family emergency. please send rs 249 today and i will return it next week. immediate action required.
TE-G0059,మీ ₹199 విద్యుత్ బిల్లు 2 अक्टूबरన చెల్లించాలి.,genuine,utility_genuine,te,Research-backed synthetic multilingual,synthetic_research_backed,సాధారణ యుటిలిటీ రిమైండర్,అధికారిక విద్యుత్ పోర్టల్‌లో బిల్లు చెక్ చేయండి.,1. అధికారిక విద్యుత్ పోర్టల్‌లో బిల్లు చెక్ చేయండి. 2. అధికారిక ఛానల్ ద్వారా స్వతంత్రంగా వెరిఫై చేయండి. 3. ఆధారాలను సేవ్ చేసి అవసరమైతే రిపోర్ట్ చేయండి.,Low,P4,Telugu synthetic/adapted example; not claimed as verbatim real-world data.,మీ ₹199 విద్యుత్ బిల్లు 2 अक्टूबरన చెల్లించాలి.
HI-G0107,आपका ₹499 बिजली बिल 2 अक्टूबर को देय है।,genuine,utility_genuine,hi,Research-backed synthetic multilingual,synthetic_research_backed,सामान्य यूटिलिटी रिमाइंडर,आधिकारिक बिजली पोर्टल पर बिल जांचें।,1. आधिकारिक बिजली पोर्टल पर बिल जांचें। 2. आधिकारिक चैनल से स्वतंत्र रूप से सत्यापन करें। 3. संदिग्ध होने पर संदेश/नंबर की रिपोर्ट करें।,Low,P4,Hindi synthetic/adapted example; not claimed as verbatim real-world data.,आपका ₹499 बिजली बिल 2 अक्टूबर को देय है।
G0964,Your Airtel data plan has 800 MB remaining and is valid until 10 October. Please keep this for your records.,genuine,telecom_genuine,en,Research-backed synthetic,synthetic_research_backed,normal telecom usage notice,Check usage in the official telecom app if needed.,1. Open the official provider app. 2. Review plan usage. 3. Recharge only through official channels.,Low,P4,"English dataset row; retained from the finalized 1,500-record ScamShield dataset.",your airtel data plan has 800 mb remaining and is valid until 10 october. please keep this for your records.
S0393,Your parcel is held because of a Rs 999 customs/redelivery charge. Pay at http://account-check.invalid within 2 hours.,scam,delivery,en,Research-backed synthetic,synthetic_research_backed,"delivery impersonation, small fee, urgency, suspicious URL",Do not pay through the provided link.,1. Do not open the link. 2. Check the order on the official retailer/carrier site. 3. Verify any fee there. 4. Report the SMS.,High,P1,"English dataset row; retained from the finalized 1,500-record ScamShield dataset.",your parcel is held because of a rs 999 customs/redelivery charge. pay at http://account-check.invalid within 2 hours.
G1013,Your Airtel data plan has 1.2 GB remaining and is valid until 5 October. — Customer Notification.,genuine,telecom_genuine,en,Research-backed synthetic,synthetic_research_backed,normal telecom usage notice,Check usage in the official telecom app if needed.,1. Open the official provider app. 2. Review plan usage. 3. Recharge only through official channels.,Low,P4,"English dataset row; retained from the finalized 1,500-record ScamShield dataset.",your airtel data plan has 1.2 gb remaining and is valid until 5 october. — customer notification.
S0224,Your account requires urgent verification. Visit http://verify-account.invalid and enter your login details within 30 minutes.,scam,smishing,en,Research-backed synthetic,synthetic_research_backed,"SMS phishing, suspicious URL, urgency",Do not open the link.,1. Do not open the link. 2. Verify independently using the official service/authority. 3. Preserve evidence. 4. Report suspected cyber fraud.,High,P1,"English dataset row; retained from the finalized 1,500-record ScamShield dataset.",your account requires urgent verification. visit http://verify-account.invalid and enter your login details within 30 minutes.
S0917,Our AI trading group guarantees 20% daily profit. Deposit Rs 799 today to activate your account. Immediate action required.,scam,investment_scam,en,Research-backed synthetic,synthetic_research_backed,"guaranteed returns, investment pressure, deposit request",Do not transfer money based on the message.,1. Do not deposit funds. 2. Verify the company independently. 3. Check regulatory status where applicable. 4. Report the solicitation.,Critical,P1,"English dataset row; retained from the finalized 1,500-record ScamShield dataset.",our ai trading group guarantees 20% daily profit. deposit rs 799 today to activate your account. immediate action required.
G1361,Delivery update: India Post will attempt delivery of order #403-5820147 today. Please keep this for your records.,genuine,delivery,en,Research-backed synthetic,synthetic_research_backed,normal delivery update,Use the official tracking page or app.,1. Check official tracking. 2. Keep the delivery address accessible. 3. Contact the retailer through official support if there is a problem.,Low,P4,"English dataset row; retained from the finalized 1,500-record ScamShield dataset.",delivery update: india post will attempt delivery of order #403-5820147 today. please keep this for your records.
G0332,Your monthly investment statement for mutual fund is available in your official account. — Customer Notification.,genuine,finance_genuine,en,Research-backed synthetic,synthetic_research_backed,normal financial statement,Review it through the official investment platform.,1. Sign in directly to the known platform. 2. Review the statement. 3. Contact the provider through official channels for discrepancies.,Low,P4,"English dataset row; retained from the finalized 1,500-record ScamShield dataset.",your monthly investment statement for mutual fund is available in your official account. — customer notification.
G0319,The Cloud Computing assignment deadline is 20 October. Please submit it through the student portal. Thank you.,genuine,education,en,Research-backed synthetic,synthetic_research_backed,normal educational announcement,Use the official student portal.,1. Check the assignment details. 2. Prepare the submission. 3. Upload through the official portal before the deadline.,Low,P4,"English dataset row; retained from the finalized 1,500-record ScamShield dataset.",the cloud computing assignment deadline is 20 october. please submit it through the student portal. thank you.
G1326,Your support ticket SUP-23817 has been updated. Please sign in to the official support portal to view the response. Please keep this for your records.,genuine,support_genuine,en,Research-backed synthetic,synthetic_research_backed,normal support-ticket notification,Open the known support portal directly.,1. Open the official support portal manually. 2. Search for the ticket number. 3. Review the response there.,Low,P4,"English dataset row; retained from the finalized 1,500-record ScamShield dataset.",your support ticket sup-23817 has been updated. please sign in to the official support portal to view the response. please keep this for your records.
HI-G0043,क्या हम आज 9:30 बजे बजे कॉलेज कैंटीन में मिल रहे हैं?,genuine,personal,hi,Research-backed synthetic multilingual,synthetic_research_backed,सामान्य व्यक्तिगत संदेश,सामान्य रूप से उत्तर दें।,1. सामान्य रूप से उत्तर दें। 2. आधिकारिक चैनल से स्वतंत्र रूप से सत्यापन करें। 3. संदिग्ध होने पर संदेश/नंबर की रिपोर्ट करें।,Low,P4,Hindi synthetic/adapted example; not claimed as verbatim real-world data.,क्या हम आज 9:30 बजे बजे कॉलेज कैंटीन में मिल रहे हैं?
S0765,Earn ₹10000 daily by completing CAPTCHA tasks. Pay ₹4999 registration/software charges to activate your account.,scam,fake_captcha_job,en,Research-backed synthetic,synthetic_research_backed,"upfront fee, unrealistic earnings, fake job platform",Do not pay the registration fee.,1. Do not pay the registration fee. 2. Verify independently using the official service/authority. 3. Preserve evidence. 4. Report suspected cyber fraud.,High,P1,"English dataset row; retained from the finalized 1,500-record ScamShield dataset.",earn ₹10000 daily by completing captcha tasks. pay ₹4999 registration/software charges to activate your account.
TE-G0011,మీ Java Developer అప్లికేషన్ తదుపరి దశకు ఎంపికైంది. అధికారిక కెరీర్ పోర్టల్‌ను చెక్ చేయండి.,genuine,job_genuine,te,Research-backed synthetic multilingual,synthetic_research_backed,సాధారణ రిక్రూట్‌మెంట్ సమాచారం,కంపెనీ అధికారిక కెరీర్ పోర్టల్ ద్వారా స్టేటస్ చెక్ చేయండి.,1. కంపెనీ అధికారిక కెరీర్ పోర్టల్ ద్వారా స్టేటస్ చెక్ చేయండి. 2. అధికారిక ఛానల్ ద్వారా స్వతంత్రంగా వెరిఫై చేయండి. 3. ఆధారాలను సేవ్ చేసి అవసరమైతే రిపోర్ట్ చేయండి.,Low,P4,Telugu synthetic/adapted example; not claimed as verbatim real-world data.,మీ java developer అప్లికేషన్ తదుపరి దశకు ఎంపికైంది. అధికారిక కెరీర్ పోర్టల్‌ను చెక్ చేయండి.
G0465,Your electricity bill of ₹2499 is due on 10 October.,genuine,utility_genuine,en,Research-backed synthetic,synthetic_research_backed,normal utility reminder,Check the official utility portal.,1. Check the official utility portal. 2. Verify the message in the official app/portal if needed. 3. Do not share sensitive information unnecessarily.,Low,P4,"English dataset row; retained from the finalized 1,500-record ScamShield dataset.",your electricity bill of ₹2499 is due on 10 october.
G0663,Your verification code for Google is G-987654. Do not share it with anyone.,genuine,otp,en,User-provided reference file,user_reference,,Use code securely,Verify through an official channel; follow the expected action above.,Low,P4,"English dataset row; retained from the finalized 1,500-record ScamShield dataset.",your verification code for google is g-987654. do not share it with anyone.
S1495,Exclusive offer from a social-media ad: deposit ₹25000 and get guaranteed returns within 24 hours.,scam,fake_social_media_ad,en,Research-backed synthetic,synthetic_research_backed,"social-media advertisement, guaranteed return, deposit request",Do not transfer money from an unverified advertisement.,1. Do not transfer money from an unverified advertisement. 2. Verify independently using the official service/authority. 3. Preserve evidence. 4. Report suspected cyber fraud.,Critical,P1,"English dataset row; retained from the finalized 1,500-record ScamShield dataset.",exclusive offer from a social-media ad: deposit ₹25000 and get guaranteed returns within 24 hours.
S0346,You have been selected for a work-from-home Data Analyst paying Rs 249 per day. Pay Rs 299 as registration before joining.,scam,job_scam,en,Research-backed synthetic,synthetic_research_backed,"unrealistic earnings, upfront fee, unsolicited job",Do not pay the registration fee.,1. Do not pay. 2. Verify the employer independently. 3. Do not share identity/banking documents. 4. Block and report the sender.,High,P1,"English dataset row; retained from the finalized 1,500-record ScamShield dataset.",you have been selected for a work-from-home data analyst paying rs 249 per day. pay rs 299 as registration before joining.
G0667,Microsoft verification code G-481205 है। इसे किसी के साथ साझा न करें। Thank you.,genuine,otp,en,Research-backed synthetic,synthetic_research_backed,legitimate verification-code notice,Use only for the verification you initiated.,1. कोड केवल आधिकारिक स्क्रीन पर दर्ज करें। 2. किसी को न बताएं। 3. अनचाहा कोड हो तो पासवर्ड/सुरक्षा जांचें।,Low,P4,"English dataset row; retained from the finalized 1,500-record ScamShield dataset.",microsoft verification code g-481205 है। इसे किसी के साथ साझा न करें। thank you.
HI-S0096,"CAPTCHA भरकर रोज़ ₹5,000 कमाएं। अकाउंट सक्रिय करने के लिए ₹1,999 शुल्क दें।",scam,fake_captcha_job,hi,Research-backed synthetic multilingual,synthetic_research_backed,"फर्जी CAPTCHA नौकरी, अग्रिम शुल्क, अवास्तविक कमाई",शुल्क न दें और नौकरी की स्वतंत्र जांच करें।,1. शुल्क न दें और नौकरी की स्वतंत्र जांच करें। 2. आधिकारिक चैनल से स्वतंत्र रूप से सत्यापन करें। 3. संदिग्ध होने पर संदेश/नंबर की रिपोर्ट करें।,High,P1,Hindi synthetic/adapted example; not claimed as verbatim real-world data.,"captcha भरकर रोज़ ₹5,000 कमाएं। अकाउंट सक्रिय करने के लिए ₹1,999 शुल्क दें।"
HI-S0048,"अभी ₹1,999 भेजें, वरना आपका निजी वीडियो आपके संपर्कों को भेज दिया जाएगा।",scam,sextortion,hi,Research-backed synthetic multilingual,synthetic_research_backed,"ब्लैकमेल, धमकी, जबरन भुगतान","पैसे न दें, सबूत सुरक्षित रखें और घटना की रिपोर्ट करें।","1. पैसे न दें, सबूत सुरक्षित रखें और घटना की रिपोर्ट करें। 2. आधिकारिक चैनल से स्वतंत्र रूप से सत्यापन करें। 3. संदिग्ध होने पर संदेश/नंबर की रिपोर्ट करें।",Critical,P1,Hindi synthetic/adapted example; not claimed as verbatim real-world data.,"अभी ₹1,999 भेजें, वरना आपका निजी वीडियो आपके संपर्कों को भेज दिया जाएगा।"
TE-G0088,రిమైండర్: మీ అపాయింట్‌మెంట్ 2 अक्टूबरన 10:00 बजेకి ఉంది.,genuine,appointment,te,Research-backed synthetic multilingual,synthetic_research_backed,సాధారణ అపాయింట్‌మెంట్ రిమైండర్,అధికారిక ప్రొవైడర్ ద్వారా వివరాలను నిర్ధారించండి.,1. అధికారిక ప్రొవైడర్ ద్వారా వివరాలను నిర్ధారించండి. 2. అధికారిక ఛానల్ ద్వారా స్వతంత్రంగా వెరిఫై చేయండి. 3. ఆధారాలను సేవ్ చేసి అవసరమైతే రిపోర్ట్ చేయండి.,Low,P4,Telugu synthetic/adapted example; not claimed as verbatim real-world data.,రిమైండర్: మీ అపాయింట్‌మెంట్ 2 अक्टूबरన 10:00 बजेకి ఉంది.
TE-G0004,రేపటి టీమ్ మీటింగ్‌కు ముందు తాజా ప్రాజెక్ట్ బిల్డ్‌ను రివ్యూ చేయండి.,genuine,work,te,Research-backed synthetic multilingual,synthetic_research_backed,సాధారణ వర్క్ మెసేజ్,తెలిసిన ప్రాజెక్ట్ వర్క్‌స్పేస్‌లో రివ్యూ చేయండి.,1. తెలిసిన ప్రాజెక్ట్ వర్క్‌స్పేస్‌లో రివ్యూ చేయండి. 2. అధికారిక ఛానల్ ద్వారా స్వతంత్రంగా వెరిఫై చేయండి. 3. ఆధారాలను సేవ్ చేసి అవసరమైతే రిపోర్ట్ చేయండి.,Low,P4,Telugu synthetic/adapted example; not claimed as verbatim real-world data.,రేపటి టీమ్ మీటింగ్‌కు ముందు తాజా ప్రాజెక్ట్ బిల్డ్‌ను రివ్యూ చేయండి.
TE-S0055,మీ ఇన్‌స్టంట్ లోన్ ఆమోదించబడింది. ఈ APK డౌన్‌లోడ్ చేసి ₹199 చెల్లించండి.,scam,fake_loan_app,te,Research-backed synthetic multilingual,synthetic_research_backed,"ఫేక్ లోన్ యాప్, APK, ముందస్తు ఫీజు",తెలియని APK ఇన్‌స్టాల్ చేయకండి.,1. తెలియని APK ఇన్‌స్టాల్ చేయకండి. 2. అధికారిక ఛానల్ ద్వారా స్వతంత్రంగా వెరిఫై చేయండి. 3. ఆధారాలను సేవ్ చేసి అవసరమైతే రిపోర్ట్ చేయండి.,Critical,P1,Telugu synthetic/adapted example; not claimed as verbatim real-world data.,మీ ఇన్‌స్టంట్ లోన్ ఆమోదించబడింది. ఈ apk డౌన్‌లోడ్ చేసి ₹199 చెల్లించండి.
G0606,The ScamShield API test report is ready for review.,genuine,work,en,Research-backed synthetic,synthetic_research_backed,ordinary workplace communication,Open the report from the known work repository.,1. Verify the project context. 2. Review the report. 3. Share findings through the normal team channel.,Low,P4,"English dataset row; retained from the finalized 1,500-record ScamShield dataset.",the scamshield api test report is ready for review.
S1372,Your Google account has been locked. Verify your identity now at https://example.invalid/verify to avoid permanent closure. Immediate action required.,scam,phishing,en,Research-backed synthetic,synthetic_research_backed,"account threat, urgency, suspicious URL, credential harvesting",Do not click the link.,1. Do not open the URL. 2. Visit the service by typing its official address. 3. Change credentials if exposed. 4. Report the message.,High,P1,"English dataset row; retained from the finalized 1,500-record ScamShield dataset.",your google account has been locked. verify your identity now at https://example.invalid/verify to avoid permanent closure. immediate action required.
HI-G0124,याद दिलाया जाता है कि आपकी अपॉइंटमेंट 10 अक्टूबर को 4:30 बजे बजे है।,genuine,appointment,hi,Research-backed synthetic multilingual,synthetic_research_backed,सामान्य अपॉइंटमेंट रिमाइंडर,आधिकारिक प्रदाता के माध्यम से पुष्टि/रीशेड्यूल करें।,1. आधिकारिक प्रदाता के माध्यम से पुष्टि/रीशेड्यूल करें। 2. आधिकारिक चैनल से स्वतंत्र रूप से सत्यापन करें। 3. संदिग्ध होने पर संदेश/नंबर की रिपोर्ट करें।,Low,P4,Hindi synthetic/adapted example; not claimed as verbatim real-world data.,याद दिलाया जाता है कि आपकी अपॉइंटमेंट 10 अक्टूबर को 4:30 बजे बजे है।
S0563,Your insurance policy bonus is ready. Pay Rs 499 service charges and send your Aadhaar and bank details to receive it. Act now.,scam,insurance_scam,en,Research-backed synthetic,synthetic_research_backed,"unexpected bonus, advance fee, identity-data request",Do not pay or send identity/bank documents.,1. Do not pay. 2. Contact the insurer through the official website/number. 3. Do not send identity documents. 4. Report the message.,High,P1,"English dataset row; retained from the finalized 1,500-record ScamShield dataset.",your insurance policy bonus is ready. pay rs 499 service charges and send your aadhaar and bank details to receive it. act now.
S0522,Your overseas online job placement is approved. Pay ₹1999 for processing and travel documents before deployment.,scam,cyber_slavery,en,Research-backed synthetic,synthetic_research_backed,"fake overseas job, upfront payment, recruitment deception",Do not pay before independently verifying the recruiter.,1. Do not pay before independently verifying the recruiter. 2. Verify independently using the official service/authority. 3. Preserve evidence. 4. Report suspected cyber fraud.,High,P1,"English dataset row; retained from the finalized 1,500-record ScamShield dataset.",your overseas online job placement is approved. pay ₹1999 for processing and travel documents before deployment.
S1450,Your computer has a critical virus. Call our support number immediately and install this remote-access application. Do not ignore this message.,scam,tech_support,en,Research-backed synthetic,synthetic_research_backed,"fake technical support, remote-access request, urgency",Do not install remote-access software or call the supplied number.,1. Disconnect from the conversation. 2. Do not install unknown software. 3. Use trusted security tools. 4. Contact the vendor through official support.,Critical,P1,"English dataset row; retained from the finalized 1,500-record ScamShield dataset.",your computer has a critical virus. call our support number immediately and install this remote-access application. do not ignore this message.
G1405,Your electricity bill of Rs 2499 is due on 30 September. Please pay through the official utility portal.,genuine,utility_genuine,en,Research-backed synthetic,synthetic_research_backed,normal utility bill reminder,Use the official utility website/app.,1. Verify the bill in the official portal. 2. Check the due date and amount. 3. Pay only through the official channel.,Low,P4,"English dataset row; retained from the finalized 1,500-record ScamShield dataset.",your electricity bill of rs 2499 is due on 30 september. please pay through the official utility portal.
S0082,Urgent: your Canara Bank account will be blocked today because PAN/KYC is incomplete. Click http://account-check.invalid to update now. Immediate action required.,scam,bank_kyc,en,Research-backed synthetic,synthetic_research_backed,"bank impersonation, urgency, suspicious URL, KYC request",Do not click the link or share banking credentials.,1. Do not click the link. 2. Open the bank's official app/site manually. 3. Verify KYC status. 4. Report the message if fraudulent.,High,P1,"English dataset row; retained from the finalized 1,500-record ScamShield dataset.",urgent: your canara bank account will be blocked today because pan/kyc is incomplete. click http://account-check.invalid to update now. immediate action required.
HI-G0010,आपके खाते के अंतिम चार अंक 8842 वाले बैंक स्टेटमेंट की कॉपी ऑनलाइन बैंकिंग में उपलब्ध है।,genuine,banking_genuine,hi,Research-backed synthetic multilingual,synthetic_research_backed,सामान्य बैंकिंग सूचना,बैंक की आधिकारिक ऐप/वेबसाइट खोलें।,1. बैंक की आधिकारिक ऐप/वेबसाइट खोलें। 2. आधिकारिक चैनल से स्वतंत्र रूप से सत्यापन करें। 3. संदिग्ध होने पर संदेश/नंबर की रिपोर्ट करें।,Low,P4,Hindi synthetic/adapted example; not claimed as verbatim real-world data.,आपके खाते के अंतिम चार अंक 8842 वाले बैंक स्टेटमेंट की कॉपी ऑनलाइन बैंकिंग में उपलब्ध है।
TE-G0091,"మీ ₹5,000 విద్యుత్ బిల్లు 30 सितंबरన చెల్లించాలి.",genuine,utility_genuine,te,Research-backed synthetic multilingual,synthetic_research_backed,సాధారణ యుటిలిటీ రిమైండర్,అధికారిక విద్యుత్ పోర్టల్‌లో బిల్లు చెక్ చేయండి.,1. అధికారిక విద్యుత్ పోర్టల్‌లో బిల్లు చెక్ చేయండి. 2. అధికారిక ఛానల్ ద్వారా స్వతంత్రంగా వెరిఫై చేయండి. 3. ఆధారాలను సేవ్ చేసి అవసరమైతే రిపోర్ట్ చేయండి.,Low,P4,Telugu synthetic/adapted example; not claimed as verbatim real-world data.,"మీ ₹5,000 విద్యుత్ బిల్లు 30 सितंबरన చెల్లించాలి."
G0836,Your application for the Java Backend Developer position has moved to the next stage. Please check the company careers portal. — Customer Notification.,genuine,job_genuine,en,Research-backed synthetic,synthetic_research_backed,normal recruitment communication,Access the known company careers portal directly.,1. Open the company website manually. 2. Check application status. 3. Follow the official recruitment process.,Low,P4,"English dataset row; retained from the finalized 1,500-record ScamShield dataset.",your application for the java backend developer position has moved to the next stage. please check the company careers portal. — customer notification.
S1107,Me bank account block aindi. Ee link click chesi KYC update cheyandi.,scam,bank_kyc,en,User-provided reference file,user_reference,"urgency, bank impersonation, malicious link",Do not click,Verify through an official channel; follow the expected action above.,High,P1,"English dataset row; retained from the finalized 1,500-record ScamShield dataset.",me bank account block aindi. ee link click chesi kyc update cheyandi.
S0784,Your Netflix account has been locked. Verify your identity now at http://secure-update.invalid to avoid permanent closure. Do not ignore this message.,scam,phishing,en,Research-backed synthetic,synthetic_research_backed,"account threat, urgency, suspicious URL, credential harvesting",Do not click the link.,1. Do not open the URL. 2. Visit the service by typing its official address. 3. Change credentials if exposed. 4. Report the message.,High,P1,"English dataset row; retained from the finalized 1,500-record ScamShield dataset.",your netflix account has been locked. verify your identity now at http://secure-update.invalid to avoid permanent closure. do not ignore this message.
HI-S0058,"मैं नया नंबर इस्तेमाल कर रहा हूं। बहुत जरूरी है, मुझे ₹5,000 अभी ट्रांसफर कर दो। मुझे कॉल मत करना।",scam,impersonation,hi,Research-backed synthetic multilingual,synthetic_research_backed,"व्यक्ति प्रतिरूपण, पैसे की मांग, सत्यापन रोकना",पैसे भेजने से पहले ज्ञात नंबर पर व्यक्ति की पहचान सत्यापित करें।,1. पैसे भेजने से पहले ज्ञात नंबर पर व्यक्ति की पहचान सत्यापित करें। 2. आधिकारिक चैनल से स्वतंत्र रूप से सत्यापन करें। 3. संदिग्ध होने पर संदेश/नंबर की रिपोर्ट करें।,High,P1,Hindi synthetic/adapted example; not claimed as verbatim real-world data.,"मैं नया नंबर इस्तेमाल कर रहा हूं। बहुत जरूरी है, मुझे ₹5,000 अभी ट्रांसफर कर दो। मुझे कॉल मत करना।"
TE-S0033,మీ Instagram అకౌంట్ లాక్ అయింది. మూసివేయకుండా ఉండేందుకు http://secure-update.invalidలో లాగిన్ అవ్వండి.,scam,phishing,te,Research-backed synthetic multilingual,synthetic_research_backed,"ఫిషింగ్ లింక్, అకౌంట్ బెదిరింపు, క్రెడెన్షియల్ అభ్యర్థన",లింక్ ఓపెన్ చేయకండి; అధికారిక యాప్‌లో చెక్ చేయండి.,1. లింక్ ఓపెన్ చేయకండి; అధికారిక యాప్‌లో చెక్ చేయండి. 2. అధికారిక ఛానల్ ద్వారా స్వతంత్రంగా వెరిఫై చేయండి. 3. ఆధారాలను సేవ్ చేసి అవసరమైతే రిపోర్ట్ చేయండి.,High,P1,Telugu synthetic/adapted example; not claimed as verbatim real-world data.,మీ instagram అకౌంట్ లాక్ అయింది. మూసివేయకుండా ఉండేందుకు http://secure-update.invalidలో లాగిన్ అవ్వండి.
TE-G0056,మీ ఖాతా చివరి నాలుగు అంకెలు 8842 ఉన్న బ్యాంక్ స్టేట్‌మెంట్ ఆన్‌లైన్ బ్యాంకింగ్‌లో అందుబాటులో ఉంది.,genuine,banking_genuine,te,Research-backed synthetic multilingual,synthetic_research_backed,సాధారణ బ్యాంకింగ్ సమాచారం,బ్యాంక్ అధికారిక యాప్/వెబ్‌సైట్‌ను ఓపెన్ చేయండి.,1. బ్యాంక్ అధికారిక యాప్/వెబ్‌సైట్‌ను ఓపెన్ చేయండి. 2. అధికారిక ఛానల్ ద్వారా స్వతంత్రంగా వెరిఫై చేయండి. 3. ఆధారాలను సేవ్ చేసి అవసరమైతే రిపోర్ట్ చేయండి.,Low,P4,Telugu synthetic/adapted example; not claimed as verbatim real-world data.,మీ ఖాతా చివరి నాలుగు అంకెలు 8842 ఉన్న బ్యాంక్ స్టేట్‌మెంట్ ఆన్‌లైన్ బ్యాంకింగ్‌లో అందుబాటులో ఉంది.
G1217,"Hi Kiran, are we still meeting at office around 10:00 AM today? Thank you.",genuine,personal,en,Research-backed synthetic,synthetic_research_backed,ordinary personal communication,Reply through the normal conversation channel.,1. Check your plans. 2. Reply to the sender. 3. Do not take any financial action based only on this message.,Low,P4,"English dataset row; retained from the finalized 1,500-record ScamShield dataset.","hi kiran, are we still meeting at office around 10:00 am today? thank you."
S1485,Urgent: your Axis Bank account will be blocked today because PAN/KYC is incomplete. Click https://example.invalid/verify to update now. Act now.,scam,bank_kyc,en,Research-backed synthetic,synthetic_research_backed,"bank impersonation, urgency, suspicious URL, KYC request",Do not click the link or share banking credentials.,1. Do not click the link. 2. Open the bank's official app/site manually. 3. Verify KYC status. 4. Report the message if fraudulent.,High,P1,"English dataset row; retained from the finalized 1,500-record ScamShield dataset.",urgent: your axis bank account will be blocked today because pan/kyc is incomplete. click https://example.invalid/verify to update now. act now.
G0423,The department has published the timetable for the semester examination. Please keep this for your records.,genuine,education,en,Research-backed synthetic,synthetic_research_backed,normal educational announcement,Check the official college/university portal.,1. Open the official portal. 2. Confirm the timetable. 3. Note the exam date and time.,Low,P4,"English dataset row; retained from the finalized 1,500-record ScamShield dataset.",the department has published the timetable for the semester examination. please keep this for your records.
TE-S0072,"ఇంటినుంచి పని చేసి రోజుకు ₹2,499 సంపాదించండి. ఉద్యోగం ప్రారంభించడానికి ₹4,999 రిజిస్ట్రేషన్ ఫీజు చెల్లించండి.",scam,job_scam,te,Research-backed synthetic multilingual,synthetic_research_backed,"ఫేక్ ఉద్యోగం, ముందస్తు ఫీజు, అవాస్తవ ఆదాయం",ఫీజు చెల్లించకండి; ఉద్యోగదాతను స్వతంత్రంగా వెరిఫై చేయండి.,1. ఫీజు చెల్లించకండి; ఉద్యోగదాతను స్వతంత్రంగా వెరిఫై చేయండి. 2. అధికారిక ఛానల్ ద్వారా స్వతంత్రంగా వెరిఫై చేయండి. 3. ఆధారాలను సేవ్ చేసి అవసరమైతే రిపోర్ట్ చేయండి.,High,P1,Telugu synthetic/adapted example; not claimed as verbatim real-world data.,"ఇంటినుంచి పని చేసి రోజుకు ₹2,499 సంపాదించండి. ఉద్యోగం ప్రారంభించడానికి ₹4,999 రిజిస్ట్రేషన్ ఫీజు చెల్లించండి."
S0682,You have been selected for a work-from-home Data Analyst paying Rs 499 per day. Pay Rs 299 as registration before joining. Do not ignore this message.,scam,job_scam,en,Research-backed synthetic,synthetic_research_backed,"unrealistic earnings, upfront fee, unsolicited job",Do not pay the registration fee.,1. Do not pay. 2. Verify the employer independently. 3. Do not share identity/banking documents. 4. Block and report the sender.,High,P1,"English dataset row; retained from the finalized 1,500-record ScamShield dataset.",you have been selected for a work-from-home data analyst paying rs 499 per day. pay rs 299 as registration before joining. do not ignore this message.
TE-S0108,"మీ ₹2,499 ఇన్‌స్టంట్ లోన్ ఆమోదించబడింది. డబ్బు విడుదలకు ₹199 ప్రాసెసింగ్ ఫీజు చెల్లించండి.",scam,loan_scam,te,Research-backed synthetic multilingual,synthetic_research_backed,"ఫేక్ లోన్, ముందస్తు ఫీజు, ఆర్థిక ఒత్తిడి",ఫీజు చెల్లించకండి; లెండర్ వివరాలు వెరిఫై చేయండి.,1. ఫీజు చెల్లించకండి; లెండర్ వివరాలు వెరిఫై చేయండి. 2. అధికారిక ఛానల్ ద్వారా స్వతంత్రంగా వెరిఫై చేయండి. 3. ఆధారాలను సేవ్ చేసి అవసరమైతే రిపోర్ట్ చేయండి.,High,P1,Telugu synthetic/adapted example; not claimed as verbatim real-world data.,"మీ ₹2,499 ఇన్‌స్టంట్ లోన్ ఆమోదించబడింది. డబ్బు విడుదలకు ₹199 ప్రాసెసింగ్ ఫీజు చెల్లించండి."
TE-S0046,ఇంటినుంచి పని చేసి రోజుకు ₹999 సంపాదించండి. ఉద్యోగం ప్రారంభించడానికి ₹999 రిజిస్ట్రేషన్ ఫీజు చెల్లించండి.,scam,job_scam,te,Research-backed synthetic multilingual,synthetic_research_backed,"ఫేక్ ఉద్యోగం, ముందస్తు ఫీజు, అవాస్తవ ఆదాయం",ఫీజు చెల్లించకండి; ఉద్యోగదాతను స్వతంత్రంగా వెరిఫై చేయండి.,1. ఫీజు చెల్లించకండి; ఉద్యోగదాతను స్వతంత్రంగా వెరిఫై చేయండి. 2. అధికారిక ఛానల్ ద్వారా స్వతంత్రంగా వెరిఫై చేయండి. 3. ఆధారాలను సేవ్ చేసి అవసరమైతే రిపోర్ట్ చేయండి.,High,P1,Telugu synthetic/adapted example; not claimed as verbatim real-world data.,ఇంటినుంచి పని చేసి రోజుకు ₹999 సంపాదించండి. ఉద్యోగం ప్రారంభించడానికి ₹999 రిజిస్ట్రేషన్ ఫీజు చెల్లించండి.
S1317,"To receive your refund of Rs 249, scan this QR and enter your UPI PIN. Immediate action required.",scam,upi_qr,en,Research-backed synthetic,synthetic_research_backed,"QR-for-receiving-money, UPI PIN request, refund pretext",Do not scan the QR or enter the UPI PIN.,1. Do not scan the QR. 2. Never enter a UPI PIN to receive money. 3. Verify the refund in the official app. 4. Report the sender.,Critical,P1,"English dataset row; retained from the finalized 1,500-record ScamShield dataset.","to receive your refund of rs 249, scan this qr and enter your upi pin. immediate action required."
S0752,"To receive your refund of Rs 4999, scan this QR and enter your UPI PIN.",scam,upi_qr,en,Research-backed synthetic,synthetic_research_backed,"QR-for-receiving-money, UPI PIN request, refund pretext",Do not scan the QR or enter the UPI PIN.,1. Do not scan the QR. 2. Never enter a UPI PIN to receive money. 3. Verify the refund in the official app. 4. Report the sender.,Critical,P1,"English dataset row; retained from the finalized 1,500-record ScamShield dataset.","to receive your refund of rs 4999, scan this qr and enter your upi pin."
HI-G0096,आपका WhatsApp सत्यापन कोड G-481205 है। इसे किसी के साथ साझा न करें।,genuine,otp,hi,Research-backed synthetic multilingual,synthetic_research_backed,वैध OTP सूचना,केवल आपके द्वारा शुरू किए गए सत्यापन में कोड का उपयोग करें।,1. केवल आपके द्वारा शुरू किए गए सत्यापन में कोड का उपयोग करें। 2. आधिकारिक चैनल से स्वतंत्र रूप से सत्यापन करें। 3. संदिग्ध होने पर संदेश/नंबर की रिपोर्ट करें।,Low,P4,Hindi synthetic/adapted example; not claimed as verbatim real-world data.,आपका whatsapp सत्यापन कोड g-481205 है। इसे किसी के साथ साझा न करें।
G0642,याद दिलाया जाता है कि आपकी dentist appointment 15 October को 2:00 PM बजे है। Please keep this for your records.,genuine,appointment,en,Research-backed synthetic,synthetic_research_backed,normal appointment reminder,Use the official provider channel for confirmation or changes.,1. समय जांचें। 2. कैलेंडर में सेव करें। 3. बदलाव के लिए आधिकारिक नंबर/पोर्टल इस्तेमाल करें।,Low,P4,"English dataset row; retained from the finalized 1,500-record ScamShield dataset.",याद दिलाया जाता है कि आपकी dentist appointment 15 october को 2:00 pm बजे है। please keep this for your records.
S0580,Your WhatsApp account will be deleted if you do not verify your identity. Share the 6-digit code sent to you.,scam,account_takeover,en,User-provided reference file,user_reference,"OTP request, urgency",Do not share OTP,Verify through an official channel; follow the expected action above.,High,P1,"English dataset row; retained from the finalized 1,500-record ScamShield dataset.",your whatsapp account will be deleted if you do not verify your identity. share the 6-digit code sent to you.
G1290,Your Zomato payment of Rs 4999 was processed successfully. Thank you.,genuine,transaction,en,Research-backed synthetic,synthetic_research_backed,normal transaction notification,Verify the transaction in the official app or bank statement.,1. Check the transaction in the official app. 2. Confirm the amount and merchant. 3. Keep the receipt if needed.,Low,P4,"English dataset row; retained from the finalized 1,500-record ScamShield dataset.",your zomato payment of rs 4999 was processed successfully. thank you.
HI-S0099,"अभी ₹4,999 भेजें, वरना आपका निजी वीडियो आपके संपर्कों को भेज दिया जाएगा।",scam,sextortion,hi,Research-backed synthetic multilingual,synthetic_research_backed,"ब्लैकमेल, धमकी, जबरन भुगतान","पैसे न दें, सबूत सुरक्षित रखें और घटना की रिपोर्ट करें।","1. पैसे न दें, सबूत सुरक्षित रखें और घटना की रिपोर्ट करें। 2. आधिकारिक चैनल से स्वतंत्र रूप से सत्यापन करें। 3. संदिग्ध होने पर संदेश/नंबर की रिपोर्ट करें।",Critical,P1,Hindi synthetic/adapted example; not claimed as verbatim real-world data.,"अभी ₹4,999 भेजें, वरना आपका निजी वीडियो आपके संपर्कों को भेज दिया जाएगा।"
HI-S0057,"मैं नया नंबर इस्तेमाल कर रहा हूं। बहुत जरूरी है, मुझे ₹10,000 अभी ट्रांसफर कर दो। मुझे कॉल मत करना।",scam,impersonation,hi,Research-backed synthetic multilingual,synthetic_research_backed,"व्यक्ति प्रतिरूपण, पैसे की मांग, सत्यापन रोकना",पैसे भेजने से पहले ज्ञात नंबर पर व्यक्ति की पहचान सत्यापित करें।,1. पैसे भेजने से पहले ज्ञात नंबर पर व्यक्ति की पहचान सत्यापित करें। 2. आधिकारिक चैनल से स्वतंत्र रूप से सत्यापन करें। 3. संदिग्ध होने पर संदेश/नंबर की रिपोर्ट करें।,High,P1,Hindi synthetic/adapted example; not claimed as verbatim real-world data.,"मैं नया नंबर इस्तेमाल कर रहा हूं। बहुत जरूरी है, मुझे ₹10,000 अभी ट्रांसफर कर दो। मुझे कॉल मत करना।"
S0376,Congratulations! Your instant loan of Rs 799 is approved. Pay Rs 199 processing charges to release the funds.,scam,loan_scam,en,Research-backed synthetic,synthetic_research_backed,"unsolicited loan, advance fee, pressure",Do not pay the fee.,1. Do not pay upfront charges. 2. Verify the lender independently. 3. Avoid sharing banking credentials. 4. Report the message.,High,P1,"English dataset row; retained from the finalized 1,500-record ScamShield dataset.",congratulations! your instant loan of rs 799 is approved. pay rs 199 processing charges to release the funds.
HI-S0063,आपका WhatsApp अकाउंट लॉक हो गया है। इसे बंद होने से बचाने के लिए http://verify-account.invalid पर लॉगिन करें।,scam,phishing,hi,Research-backed synthetic multilingual,synthetic_research_backed,"फिशिंग लिंक, अकाउंट लॉक होने की धमकी, लॉगिन विवरण मांगना",लिंक न खोलें; आधिकारिक ऐप से अकाउंट जांचें।,1. लिंक न खोलें; आधिकारिक ऐप से अकाउंट जांचें। 2. आधिकारिक चैनल से स्वतंत्र रूप से सत्यापन करें। 3. संदिग्ध होने पर संदेश/नंबर की रिपोर्ट करें।,High,P1,Hindi synthetic/adapted example; not claimed as verbatim real-world data.,आपका whatsapp अकाउंट लॉक हो गया है। इसे बंद होने से बचाने के लिए http://verify-account.invalid पर लॉगिन करें।
HI-S0124,"आपका ₹10,000 का इंस्टेंट लोन स्वीकृत है। राशि जारी कराने के लिए ₹4,999 प्रोसेसिंग शुल्क दें।",scam,loan_scam,hi,Research-backed synthetic multilingual,synthetic_research_backed,"फर्जी लोन, अग्रिम शुल्क, वित्तीय दबाव",शुल्क न दें और ऋणदाता की आधिकारिक जानकारी जांचें।,1. शुल्क न दें और ऋणदाता की आधिकारिक जानकारी जांचें। 2. आधिकारिक चैनल से स्वतंत्र रूप से सत्यापन करें। 3. संदिग्ध होने पर संदेश/नंबर की रिपोर्ट करें।,High,P1,Hindi synthetic/adapted example; not claimed as verbatim real-world data.,"आपका ₹10,000 का इंस्टेंट लोन स्वीकृत है। राशि जारी कराने के लिए ₹4,999 प्रोसेसिंग शुल्क दें।"
S1014,"Hi, I lost my phone and need you to urgently transfer Rs 799 to this new account. Please don't call. Immediate action required.",scam,impersonation,en,Research-backed synthetic,synthetic_research_backed,"impersonation, money request, urgency, discouraging verification",Verify the person's identity through an independent channel before any payment.,1. Do not transfer money. 2. Call the person using a known number. 3. Confirm the request independently. 4. Report if fraudulent.,High,P1,"English dataset row; retained from the finalized 1,500-record ScamShield dataset.","hi, i lost my phone and need you to urgently transfer rs 799 to this new account. please don't call. immediate action required."
G0011,Please review the latest Live Call Guardian build before the review tomorrow.,genuine,work,en,Research-backed synthetic,synthetic_research_backed,ordinary workplace communication,Review the work through the normal project channel.,1. Open the known project workspace. 2. Review the requested item. 3. Reply with feedback.,Low,P4,"English dataset row; retained from the finalized 1,500-record ScamShield dataset.",please review the latest live call guardian build before the review tomorrow.
TE-S0047,మీ ₹199 ఇన్‌స్టంట్ లోన్ ఆమోదించబడింది. డబ్బు విడుదలకు ₹999 ప్రాసెసింగ్ ఫీజు చెల్లించండి.,scam,loan_scam,te,Research-backed synthetic multilingual,synthetic_research_backed,"ఫేక్ లోన్, ముందస్తు ఫీజు, ఆర్థిక ఒత్తిడి",ఫీజు చెల్లించకండి; లెండర్ వివరాలు వెరిఫై చేయండి.,1. ఫీజు చెల్లించకండి; లెండర్ వివరాలు వెరిఫై చేయండి. 2. అధికారిక ఛానల్ ద్వారా స్వతంత్రంగా వెరిఫై చేయండి. 3. ఆధారాలను సేవ్ చేసి అవసరమైతే రిపోర్ట్ చేయండి.,High,P1,Telugu synthetic/adapted example; not claimed as verbatim real-world data.,మీ ₹199 ఇన్‌స్టంట్ లోన్ ఆమోదించబడింది. డబ్బు విడుదలకు ₹999 ప్రాసెసింగ్ ఫీజు చెల్లించండి.
TE-G0040,ఈరోజు 9:30 बजेకి కాలేజ్ క్యాంటీన్‌లో కలుద్దామా?,genuine,personal,te,Research-backed synthetic multilingual,synthetic_research_backed,సాధారణ వ్యక్తిగత సందేశం,సాధారణంగా రిప్లై ఇవ్వండి.,1. సాధారణంగా రిప్లై ఇవ్వండి. 2. అధికారిక ఛానల్ ద్వారా స్వతంత్రంగా వెరిఫై చేయండి. 3. ఆధారాలను సేవ్ చేసి అవసరమైతే రిపోర్ట్ చేయండి.,Low,P4,Telugu synthetic/adapted example; not claimed as verbatim real-world data.,ఈరోజు 9:30 बजेకి కాలేజ్ క్యాంటీన్‌లో కలుద్దామా?
HI-S0043,"घर से काम करके रोज़ ₹2,499 कमाएं। नौकरी शुरू करने से पहले ₹1,999 रजिस्ट्रेशन शुल्क जमा करें।",scam,job_scam,hi,Research-backed synthetic multilingual,synthetic_research_backed,"फर्जी नौकरी, अवास्तविक कमाई, अग्रिम शुल्क",रजिस्ट्रेशन शुल्क न दें और नियोक्ता की स्वतंत्र रूप से जांच करें।,1. रजिस्ट्रेशन शुल्क न दें और नियोक्ता की स्वतंत्र रूप से जांच करें। 2. आधिकारिक चैनल से स्वतंत्र रूप से सत्यापन करें। 3. संदिग्ध होने पर संदेश/नंबर की रिपोर्ट करें।,High,P1,Hindi synthetic/adapted example; not claimed as verbatim real-world data.,"घर से काम करके रोज़ ₹2,499 कमाएं। नौकरी शुरू करने से पहले ₹1,999 रजिस्ट्रेशन शुल्क जमा करें।"
HI-S0012,घर से काम करके रोज़ ₹999 कमाएं। नौकरी शुरू करने से पहले ₹499 रजिस्ट्रेशन शुल्क जमा करें।,scam,job_scam,hi,Research-backed synthetic multilingual,synthetic_research_backed,"फर्जी नौकरी, अवास्तविक कमाई, अग्रिम शुल्क",रजिस्ट्रेशन शुल्क न दें और नियोक्ता की स्वतंत्र रूप से जांच करें।,1. रजिस्ट्रेशन शुल्क न दें और नियोक्ता की स्वतंत्र रूप से जांच करें। 2. आधिकारिक चैनल से स्वतंत्र रूप से सत्यापन करें। 3. संदिग्ध होने पर संदेश/नंबर की रिपोर्ट करें।,High,P1,Hindi synthetic/adapted example; not claimed as verbatim real-world data.,घर से काम करके रोज़ ₹999 कमाएं। नौकरी शुरू करने से पहले ₹499 रजिस्ट्रेशन शुल्क जमा करें।
TE-G0018,మీ మొబైల్ ప్లాన్‌లో 1.2 GB డేటా మిగిలి ఉంది మరియు ఇది 2 अक्टूबर వరకు చెల్లుతుంది.,genuine,telecom_genuine,te,Research-backed synthetic multilingual,synthetic_research_backed,సాధారణ టెలికాం సమాచారం,అధికారిక టెలికాం యాప్‌లో చెక్ చేయండి.,1. అధికారిక టెలికాం యాప్‌లో చెక్ చేయండి. 2. అధికారిక ఛానల్ ద్వారా స్వతంత్రంగా వెరిఫై చేయండి. 3. ఆధారాలను సేవ్ చేసి అవసరమైతే రిపోర్ట్ చేయండి.,Low,P4,Telugu synthetic/adapted example; not claimed as verbatim real-world data.,మీ మొబైల్ ప్లాన్‌లో 1.2 gb డేటా మిగిలి ఉంది మరియు ఇది 2 अक्टूबर వరకు చెల్లుతుంది.
TE-S0081,"మీ ₹5,000 ఇన్‌స్టంట్ లోన్ ఆమోదించబడింది. డబ్బు విడుదలకు ₹1,999 ప్రాసెసింగ్ ఫీజు చెల్లించండి.",scam,loan_scam,te,Research-backed synthetic multilingual,synthetic_research_backed,"ఫేక్ లోన్, ముందస్తు ఫీజు, ఆర్థిక ఒత్తిడి",ఫీజు చెల్లించకండి; లెండర్ వివరాలు వెరిఫై చేయండి.,1. ఫీజు చెల్లించకండి; లెండర్ వివరాలు వెరిఫై చేయండి. 2. అధికారిక ఛానల్ ద్వారా స్వతంత్రంగా వెరిఫై చేయండి. 3. ఆధారాలను సేవ్ చేసి అవసరమైతే రిపోర్ట్ చేయండి.,High,P1,Telugu synthetic/adapted example; not claimed as verbatim real-world data.,"మీ ₹5,000 ఇన్‌స్టంట్ లోన్ ఆమోదించబడింది. డబ్బు విడుదలకు ₹1,999 ప్రాసెసింగ్ ఫీజు చెల్లించండి."
S0347,Congratulations! You won Rs 799 in a lucky draw. Pay Rs 1499 tax/processing charges to claim your prize. Immediate action required.,scam,lottery,en,Research-backed synthetic,synthetic_research_backed,"unexpected prize, upfront payment, lottery claim",Do not pay the fee.,1. Do not send money. 2. Do not share financial details. 3. Block the sender. 4. Report the message.,High,P1,"English dataset row; retained from the finalized 1,500-record ScamShield dataset.",congratulations! you won rs 799 in a lucky draw. pay rs 1499 tax/processing charges to claim your prize. immediate action required.
S0558,Congratulations! You won Rs 249 in a lucky draw. Pay Rs 999 tax/processing charges to claim your prize.,scam,lottery,en,Research-backed synthetic,synthetic_research_backed,"unexpected prize, upfront payment, lottery claim",Do not pay the fee.,1. Do not send money. 2. Do not share financial details. 3. Block the sender. 4. Report the message.,High,P1,"English dataset row; retained from the finalized 1,500-record ScamShield dataset.",congratulations! you won rs 249 in a lucky draw. pay rs 999 tax/processing charges to claim your prize.
S1494,Your parcel is held because of a Rs 1499 customs/redelivery charge. Pay at http://secure-update.invalid within 2 hours. Immediate action required.,scam,delivery,en,Research-backed synthetic,synthetic_research_backed,"delivery impersonation, small fee, urgency, suspicious URL",Do not pay through the provided link.,1. Do not open the link. 2. Check the order on the official retailer/carrier site. 3. Verify any fee there. 4. Report the SMS.,High,P1,"English dataset row; retained from the finalized 1,500-record ScamShield dataset.",your parcel is held because of a rs 1499 customs/redelivery charge. pay at http://secure-update.invalid within 2 hours. immediate action required.
G0641,Your Amazon payment of Rs 1299 was processed successfully.,genuine,transaction,en,Research-backed synthetic,synthetic_research_backed,normal transaction notification,Verify the transaction in the official app or bank statement.,1. Check the transaction in the official app. 2. Confirm the amount and merchant. 3. Keep the receipt if needed.,Low,P4,"English dataset row; retained from the finalized 1,500-record ScamShield dataset.",your amazon payment of rs 1299 was processed successfully.
S0464,Premium apartment available at a very low rent. Send a refundable booking deposit of Rs 499 before viewing. Act now.,scam,rental_scam,en,Research-backed synthetic,synthetic_research_backed,"unusually low price, advance deposit, no viewing",Do not pay a deposit before independently verifying the property and owner.,1. Do not transfer the deposit. 2. Verify ownership/listing independently. 3. Inspect the property. 4. Report suspicious listings.,High,P2,"English dataset row; retained from the finalized 1,500-record ScamShield dataset.",premium apartment available at a very low rent. send a refundable booking deposit of rs 499 before viewing. act now.
S0608,Our crypto trading bot guarantees 50% profit every day. Deposit ₹999 now to join.,scam,crypto_investment,en,Research-backed synthetic,synthetic_research_backed,"guaranteed returns, crypto solicitation, deposit request",Do not transfer money based on guaranteed-profit claims.,1. Do not transfer money based on guaranteed-profit claims. 2. Verify independently using the official service/authority. 3. Preserve evidence. 4. Report suspected cyber fraud.,Critical,P1,"English dataset row; retained from the finalized 1,500-record ScamShield dataset.",our crypto trading bot guarantees 50% profit every day. deposit ₹999 now to join.
S0135,Your Microsoft account has been locked. Verify your identity now at https://example.invalid/verify to avoid permanent closure. Immediate action required.,scam,phishing,en,Research-backed synthetic,synthetic_research_backed,"account threat, urgency, suspicious URL, credential harvesting",Do not click the link.,1. Do not open the URL. 2. Visit the service by typing its official address. 3. Change credentials if exposed. 4. Report the message.,High,P1,"English dataset row; retained from the finalized 1,500-record ScamShield dataset.",your microsoft account has been locked. verify your identity now at https://example.invalid/verify to avoid permanent closure. immediate action required.
G0846,Your application for the Python Developer position has moved to the next stage. Please check the company careers portal. Thank you.,genuine,job_genuine,en,Research-backed synthetic,synthetic_research_backed,normal recruitment communication,Access the known company careers portal directly.,1. Open the company website manually. 2. Check application status. 3. Follow the official recruitment process.,Low,P4,"English dataset row; retained from the finalized 1,500-record ScamShield dataset.",your application for the python developer position has moved to the next stage. please check the company careers portal. thank you.
G1065,Delivery update: Amazon Logistics will attempt delivery of order #404-7319056 today. — Customer Notification.,genuine,delivery,en,Research-backed synthetic,synthetic_research_backed,normal delivery update,Use the official tracking page or app.,1. Check official tracking. 2. Keep the delivery address accessible. 3. Contact the retailer through official support if there is a problem.,Low,P4,"English dataset row; retained from the finalized 1,500-record ScamShield dataset.",delivery update: amazon logistics will attempt delivery of order #404-7319056 today. — customer notification.
S0727,Congratulations! Your instant loan of Rs 1299 is approved. Pay Rs 499 processing charges to release the funds. Immediate action required.,scam,loan_scam,en,Research-backed synthetic,synthetic_research_backed,"unsolicited loan, advance fee, pressure",Do not pay the fee.,1. Do not pay upfront charges. 2. Verify the lender independently. 3. Avoid sharing banking credentials. 4. Report the message.,High,P1,"English dataset row; retained from the finalized 1,500-record ScamShield dataset.",congratulations! your instant loan of rs 1299 is approved. pay rs 499 processing charges to release the funds. immediate action required.
G1398,Your Instagram subscription renews on 10 October for Rs 4999. — Customer Notification.,genuine,subscription,en,Research-backed synthetic,synthetic_research_backed,normal subscription notice,Review the subscription in the official account settings.,1. Check the subscription details. 2. Confirm the renewal amount. 3. Cancel only through the official account if desired.,Low,P4,"English dataset row; retained from the finalized 1,500-record ScamShield dataset.",your instagram subscription renews on 10 october for rs 4999. — customer notification.
G0882,Rs 199 was spent at Netflix using your debit card. Please keep this for your records.,genuine,transaction,en,Research-backed synthetic,synthetic_research_backed,normal transaction notification,Verify the transaction in the official banking/payment app.,1. Open the official banking app. 2. Confirm the transaction. 3. Contact the bank only if it is unrecognized.,Low,P4,"English dataset row; retained from the finalized 1,500-record ScamShield dataset.",rs 199 was spent at netflix using your debit card. please keep this for your records.
S1426,Our AI trading group guarantees 30% daily profit. Deposit Rs 199 today to activate your account. Do not ignore this message.,scam,investment_scam,en,Research-backed synthetic,synthetic_research_backed,"guaranteed returns, investment pressure, deposit request",Do not transfer money based on the message.,1. Do not deposit funds. 2. Verify the company independently. 3. Check regulatory status where applicable. 4. Report the solicitation.,Critical,P1,"English dataset row; retained from the finalized 1,500-record ScamShield dataset.",our ai trading group guarantees 30% daily profit. deposit rs 199 today to activate your account. do not ignore this message.
S0479,This is an official investigation. Your Aadhaar/phone number is linked to illegal activity. Stay on the call or face digital arrest.,scam,digital_arrest,en,Research-backed synthetic,synthetic_research_backed,"law-enforcement impersonation, threat, fear, isolation",Disconnect and verify through official law-enforcement channels.,1. Disconnect the call. 2. Do not share documents or money. 3. Contact the relevant authority using an independently verified number. 4. Report the incident.,Critical,P1,"English dataset row; retained from the finalized 1,500-record ScamShield dataset.",this is an official investigation. your aadhaar/phone number is linked to illegal activity. stay on the call or face digital arrest.
G0732,Your subscription to Flipkart has been renewed successfully.,genuine,subscription,en,Research-backed synthetic,synthetic_research_backed,normal subscription notice,Verify the renewal in the official account.,1. Open the official service app. 2. Check billing history. 3. Contact official support if the charge is unfamiliar.,Low,P4,"English dataset row; retained from the finalized 1,500-record ScamShield dataset.",your subscription to flipkart has been renewed successfully.
G1030,याद दिलाया जाता है कि आपकी dentist appointment 2 October को 2:00 PM बजे है। — Customer Notification.,genuine,appointment,en,Research-backed synthetic,synthetic_research_backed,normal appointment reminder,Use the official provider channel for confirmation or changes.,1. समय जांचें। 2. कैलेंडर में सेव करें। 3. बदलाव के लिए आधिकारिक नंबर/पोर्टल इस्तेमाल करें।,Low,P4,"English dataset row; retained from the finalized 1,500-record ScamShield dataset.",याद दिलाया जाता है कि आपकी dentist appointment 2 october को 2:00 pm बजे है। — customer notification.
S0791,We detected an issue with your Instagram account. Call +91 9XXXX XXXXX and provide your card details for verification.,scam,customer_support,en,Research-backed synthetic,synthetic_research_backed,"fake support, request for financial data, unsolicited contact",Do not provide card or account details.,1. Do not call the supplied number. 2. Use official support channels. 3. Do not share card/OTP details. 4. Block the sender.,Critical,P1,"English dataset row; retained from the finalized 1,500-record ScamShield dataset.",we detected an issue with your instagram account. call +91 9xxxx xxxxx and provide your card details for verification.
TE-G0054,మీ ట్రావెల్ బుకింగ్ Q4M8LX 30 सितंबरకి కన్ఫర్మ్ అయింది.,genuine,travel,te,Research-backed synthetic multilingual,synthetic_research_backed,సాధారణ ట్రావెల్ కన్ఫర్మేషన్,అధికారిక ట్రావెల్ యాప్‌లో చెక్ చేయండి.,1. అధికారిక ట్రావెల్ యాప్‌లో చెక్ చేయండి. 2. అధికారిక ఛానల్ ద్వారా స్వతంత్రంగా వెరిఫై చేయండి. 3. ఆధారాలను సేవ్ చేసి అవసరమైతే రిపోర్ట్ చేయండి.,Low,P4,Telugu synthetic/adapted example; not claimed as verbatim real-world data.,మీ ట్రావెల్ బుకింగ్ q4m8lx 30 सितंबरకి కన్ఫర్మ్ అయింది.
G1175,Your monthly investment statement for retirement fund is available in your official account. — Customer Notification.,genuine,finance_genuine,en,Research-backed synthetic,synthetic_research_backed,normal financial statement,Review it through the official investment platform.,1. Sign in directly to the known platform. 2. Review the statement. 3. Contact the provider through official channels for discrepancies.,Low,P4,"English dataset row; retained from the finalized 1,500-record ScamShield dataset.",your monthly investment statement for retirement fund is available in your official account. — customer notification.
HI-S0072,आपदा राहत के लिए ₹199 तुरंत इस व्यक्तिगत UPI ID पर भेजें।,scam,charity_scam,hi,Research-backed synthetic multilingual,synthetic_research_backed,"भावनात्मक अपील, निजी भुगतान खाता, तात्कालिकता",संगठन और भुगतान चैनल को स्वतंत्र रूप से सत्यापित करें।,1. संगठन और भुगतान चैनल को स्वतंत्र रूप से सत्यापित करें। 2. आधिकारिक चैनल से स्वतंत्र रूप से सत्यापन करें। 3. संदिग्ध होने पर संदेश/नंबर की रिपोर्ट करें।,Medium,P2,Hindi synthetic/adapted example; not claimed as verbatim real-world data.,आपदा राहत के लिए ₹199 तुरंत इस व्यक्तिगत upi id पर भेजें।
HI-S0113,"CAPTCHA भरकर रोज़ ₹2,499 कमाएं। अकाउंट सक्रिय करने के लिए ₹499 शुल्क दें।",scam,fake_captcha_job,hi,Research-backed synthetic multilingual,synthetic_research_backed,"फर्जी CAPTCHA नौकरी, अग्रिम शुल्क, अवास्तविक कमाई",शुल्क न दें और नौकरी की स्वतंत्र जांच करें।,1. शुल्क न दें और नौकरी की स्वतंत्र जांच करें। 2. आधिकारिक चैनल से स्वतंत्र रूप से सत्यापन करें। 3. संदिग्ध होने पर संदेश/नंबर की रिपोर्ट करें।,High,P1,Hindi synthetic/adapted example; not claimed as verbatim real-world data.,"captcha भरकर रोज़ ₹2,499 कमाएं। अकाउंट सक्रिय करने के लिए ₹499 शुल्क दें।"
S0787,Your parcel is held because of a Rs 1499 customs/redelivery charge. Pay at http://secure-update.invalid within 2 hours. Act now.,scam,delivery,en,Research-backed synthetic,synthetic_research_backed,"delivery impersonation, small fee, urgency, suspicious URL",Do not pay through the provided link.,1. Do not open the link. 2. Check the order on the official retailer/carrier site. 3. Verify any fee there. 4. Report the SMS.,High,P1,"English dataset row; retained from the finalized 1,500-record ScamShield dataset.",your parcel is held because of a rs 1499 customs/redelivery charge. pay at http://secure-update.invalid within 2 hours. act now.
HI-S0090,आपके ICICI Bank खाते का KYC/PAN अपडेट नहीं है। आज खाता बंद हो जाएगा। तुरंत http://secure-update.invalid पर जाकर अपडेट करें।,scam,bank_kyc,hi,Research-backed synthetic multilingual,synthetic_research_backed,"बैंक प्रतिरूपण, तात्कालिकता, संदिग्ध लिंक, KYC अनुरोध",लिंक पर क्लिक न करें और बैंक की आधिकारिक ऐप/वेबसाइट से जांच करें।,1. लिंक पर क्लिक न करें और बैंक की आधिकारिक ऐप/वेबसाइट से जांच करें। 2. आधिकारिक चैनल से स्वतंत्र रूप से सत्यापन करें। 3. संदिग्ध होने पर संदेश/नंबर की रिपोर्ट करें।,High,P1,Hindi synthetic/adapted example; not claimed as verbatim real-world data.,आपके icici bank खाते का kyc/pan अपडेट नहीं है। आज खाता बंद हो जाएगा। तुरंत http://secure-update.invalid पर जाकर अपडेट करें।
G0913,Your Air India booking R2N6VT is confirmed for 10 October.,genuine,travel,en,Research-backed synthetic,synthetic_research_backed,normal travel confirmation,Check the booking in the official airline/travel app.,1. Open the official travel account. 2. Verify the booking reference. 3. Check schedule changes through the official channel.,Low,P4,"English dataset row; retained from the finalized 1,500-record ScamShield dataset.",your air india booking r2n6vt is confirmed for 10 october.
G1067,Reminder: your lab appointment is scheduled for 20 October at 2:00 PM.,genuine,appointment,en,Research-backed synthetic,synthetic_research_backed,normal appointment reminder,Confirm or reschedule through the official provider if necessary.,1. Check the appointment details. 2. Add it to your calendar. 3. Use the provider's official contact channel for changes.,Low,P4,"English dataset row; retained from the finalized 1,500-record ScamShield dataset.",reminder: your lab appointment is scheduled for 20 october at 2:00 pm.
G0708,Your support ticket SS-10482 has been updated. Please sign in to the official support portal to view the response.,genuine,support_genuine,en,Research-backed synthetic,synthetic_research_backed,normal support-ticket notification,Open the known support portal directly.,1. Open the official support portal manually. 2. Search for the ticket number. 3. Review the response there.,Low,P4,"English dataset row; retained from the finalized 1,500-record ScamShield dataset.",your support ticket ss-10482 has been updated. please sign in to the official support portal to view the response.
S0842,You have been selected for a work-from-home Frontend Developer paying Rs 4999 per day. Pay Rs 999 as registration before joining. Immediate action required.,scam,job_scam,en,Research-backed synthetic,synthetic_research_backed,"unrealistic earnings, upfront fee, unsolicited job",Do not pay the registration fee.,1. Do not pay. 2. Verify the employer independently. 3. Do not share identity/banking documents. 4. Block and report the sender.,High,P1,"English dataset row; retained from the finalized 1,500-record ScamShield dataset.",you have been selected for a work-from-home frontend developer paying rs 4999 per day. pay rs 999 as registration before joining. immediate action required.
G1010,याद दिलाया जाता है कि आपकी lab appointment 2 October को 10:00 AM बजे है। Please keep this for your records.,genuine,appointment,en,Research-backed synthetic,synthetic_research_backed,normal appointment reminder,Use the official provider channel for confirmation or changes.,1. समय जांचें। 2. कैलेंडर में सेव करें। 3. बदलाव के लिए आधिकारिक नंबर/पोर्टल इस्तेमाल करें।,Low,P4,"English dataset row; retained from the finalized 1,500-record ScamShield dataset.",याद दिलाया जाता है कि आपकी lab appointment 2 october को 10:00 am बजे है। please keep this for your records.
S1128,Our crypto trading bot guarantees 10% profit every day. Deposit ₹999 now to join.,scam,crypto_investment,en,Research-backed synthetic,synthetic_research_backed,"guaranteed returns, crypto solicitation, deposit request",Do not transfer money based on guaranteed-profit claims.,1. Do not transfer money based on guaranteed-profit claims. 2. Verify independently using the official service/authority. 3. Preserve evidence. 4. Report suspected cyber fraud.,Critical,P1,"English dataset row; retained from the finalized 1,500-record ScamShield dataset.",our crypto trading bot guarantees 10% profit every day. deposit ₹999 now to join.
S0889,Your Instagram account has been locked. Verify your identity now at http://secure-update.invalid to avoid permanent closure. Immediate action required.,scam,phishing,en,Research-backed synthetic,synthetic_research_backed,"account threat, urgency, suspicious URL, credential harvesting",Do not click the link.,1. Do not open the URL. 2. Visit the service by typing its official address. 3. Change credentials if exposed. 4. Report the message.,High,P1,"English dataset row; retained from the finalized 1,500-record ScamShield dataset.",your instagram account has been locked. verify your identity now at http://secure-update.invalid to avoid permanent closure. immediate action required.
G0956,आपके Netflix भुगतान का ₹799 का लेनदेन सफल रहा। Thank you.,genuine,transaction,en,Research-backed synthetic,synthetic_research_backed,normal transaction notification,Verify the transaction through the official app.,1. आधिकारिक ऐप खोलें। 2. लेनदेन की राशि जांचें। 3. अनजान लेनदेन हो तो बैंक से संपर्क करें।,Low,P4,"English dataset row; retained from the finalized 1,500-record ScamShield dataset.",आपके netflix भुगतान का ₹799 का लेनदेन सफल रहा। thank you.
G0719,Your Blue Dart order #401-8246152 has shipped and is expected to arrive on 20 October.,genuine,delivery,en,Research-backed synthetic,synthetic_research_backed,normal delivery update,Track through the official retailer/carrier app if needed.,1. Open the official app if tracking is required. 2. Check the order number. 3. No payment is required unless shown in the official order flow.,Low,P4,"English dataset row; retained from the finalized 1,500-record ScamShield dataset.",your blue dart order #401-8246152 has shipped and is expected to arrive on 20 october.
TE-G0087,మీ ట్రావెల్ బుకింగ్ Q4M8LX 15 अक्टूबरకి కన్ఫర్మ్ అయింది.,genuine,travel,te,Research-backed synthetic multilingual,synthetic_research_backed,సాధారణ ట్రావెల్ కన్ఫర్మేషన్,అధికారిక ట్రావెల్ యాప్‌లో చెక్ చేయండి.,1. అధికారిక ట్రావెల్ యాప్‌లో చెక్ చేయండి. 2. అధికారిక ఛానల్ ద్వారా స్వతంత్రంగా వెరిఫై చేయండి. 3. ఆధారాలను సేవ్ చేసి అవసరమైతే రిపోర్ట్ చేయండి.,Low,P4,Telugu synthetic/adapted example; not claimed as verbatim real-world data.,మీ ట్రావెల్ బుకింగ్ q4m8lx 15 अक्टूबरకి కన్ఫర్మ్ అయింది.
TE-G0073,మీ ఆర్డర్ #402-1937460 షిప్ అయింది. ఇది 30 सितंबरన డెలివరీ అయ్యే అవకాశం ఉంది.,genuine,delivery,te,Research-backed synthetic multilingual,synthetic_research_backed,సాధారణ డెలివరీ అప్డేట్,అధికారిక యాప్/వెబ్‌సైట్‌లో ట్రాక్ చేయండి.,1. అధికారిక యాప్/వెబ్‌సైట్‌లో ట్రాక్ చేయండి. 2. అధికారిక ఛానల్ ద్వారా స్వతంత్రంగా వెరిఫై చేయండి. 3. ఆధారాలను సేవ్ చేసి అవసరమైతే రిపోర్ట్ చేయండి.,Low,P4,Telugu synthetic/adapted example; not claimed as verbatim real-world data.,మీ ఆర్డర్ #402-1937460 షిప్ అయింది. ఇది 30 सितंबरన డెలివరీ అయ్యే అవకాశం ఉంది.
G0001,Your monthly investment statement for mutual fund is available in your official account. Please keep this for your records.,genuine,finance_genuine,en,Research-backed synthetic,synthetic_research_backed,normal financial statement,Review it through the official investment platform.,1. Sign in directly to the known platform. 2. Review the statement. 3. Contact the provider through official channels for discrepancies.,Low,P4,"English dataset row; retained from the finalized 1,500-record ScamShield dataset.",your monthly investment statement for mutual fund is available in your official account. please keep this for your records.
S0815,Install this security update immediately using the attached APK to prevent your banking app from being disabled.,scam,malware,en,Research-backed synthetic,synthetic_research_backed,"malicious APK, urgency, banking pretext",Do not install unknown APK files.,1. Do not install unknown APK files. 2. Verify independently using the official service/authority. 3. Preserve evidence. 4. Report suspected cyber fraud.,Critical,P1,"English dataset row; retained from the finalized 1,500-record ScamShield dataset.",install this security update immediately using the attached apk to prevent your banking app from being disabled.
G0713,Interview reminder: your Python Developer interview is scheduled for 15 October at 2:00 PM. Thank you.,genuine,job_genuine,en,Research-backed synthetic,synthetic_research_backed,normal recruitment communication,Verify the interview through the official recruitment channel.,1. Check the original application. 2. Confirm the interview details. 3. Join through the verified meeting link.,Low,P4,"English dataset row; retained from the finalized 1,500-record ScamShield dataset.",interview reminder: your python developer interview is scheduled for 15 october at 2:00 pm. thank you.
G1009,Your scheduled payment of Rs 499 to Netflix has been processed successfully.,genuine,transaction,en,User-provided reference file,user_reference,,,Verify through an official channel; follow the expected action above.,Low,P4,"English dataset row; retained from the finalized 1,500-record ScamShield dataset.",your scheduled payment of rs 499 to netflix has been processed successfully.
S0987,Congratulations! Your instant loan of Rs 4999 is approved. Pay Rs 199 processing charges to release the funds. Immediate action required.,scam,loan_scam,en,Research-backed synthetic,synthetic_research_backed,"unsolicited loan, advance fee, pressure",Do not pay the fee.,1. Do not pay upfront charges. 2. Verify the lender independently. 3. Avoid sharing banking credentials. 4. Report the message.,High,P1,"English dataset row; retained from the finalized 1,500-record ScamShield dataset.",congratulations! your instant loan of rs 4999 is approved. pay rs 199 processing charges to release the funds. immediate action required.
S0886,Urgent: your HDFC Bank account will be blocked today because PAN/KYC is incomplete. Click http://account-check.invalid to update now. Immediate action required.,scam,bank_kyc,en,Research-backed synthetic,synthetic_research_backed,"bank impersonation, urgency, suspicious URL, KYC request",Do not click the link or share banking credentials.,1. Do not click the link. 2. Open the bank's official app/site manually. 3. Verify KYC status. 4. Report the message if fraudulent.,High,P1,"English dataset row; retained from the finalized 1,500-record ScamShield dataset.",urgent: your hdfc bank account will be blocked today because pan/kyc is incomplete. click http://account-check.invalid to update now. immediate action required.
S1465,You have been selected for a work-from-home Python Developer paying Rs 799 per day. Pay Rs 199 as registration before joining. Act now.,scam,job_scam,en,Research-backed synthetic,synthetic_research_backed,"unrealistic earnings, upfront fee, unsolicited job",Do not pay the registration fee.,1. Do not pay. 2. Verify the employer independently. 3. Do not share identity/banking documents. 4. Block and report the sender.,High,P1,"English dataset row; retained from the finalized 1,500-record ScamShield dataset.",you have been selected for a work-from-home python developer paying rs 799 per day. pay rs 199 as registration before joining. act now.
S0431,Congratulations! You won Rs 4999 in a lucky draw. Pay Rs 299 tax/processing charges to claim your prize.,scam,lottery,en,Research-backed synthetic,synthetic_research_backed,"unexpected prize, upfront payment, lottery claim",Do not pay the fee.,1. Do not send money. 2. Do not share financial details. 3. Block the sender. 4. Report the message.,High,P1,"English dataset row; retained from the finalized 1,500-record ScamShield dataset.",congratulations! you won rs 4999 in a lucky draw. pay rs 299 tax/processing charges to claim your prize.
S0305,Urgent: your Canara Bank account will be blocked today because PAN/KYC is incomplete. Click https://example.invalid/verify to update now. Do not ignore this message.,scam,bank_kyc,en,Research-backed synthetic,synthetic_research_backed,"bank impersonation, urgency, suspicious URL, KYC request",Do not click the link or share banking credentials.,1. Do not click the link. 2. Open the bank's official app/site manually. 3. Verify KYC status. 4. Report the message if fraudulent.,High,P1,"English dataset row; retained from the finalized 1,500-record ScamShield dataset.",urgent: your canara bank account will be blocked today because pan/kyc is incomplete. click https://example.invalid/verify to update now. do not ignore this message.
S0095,Congratulations! Your instant loan of Rs 499 is approved. Pay Rs 199 processing charges to release the funds.,scam,loan_scam,en,Research-backed synthetic,synthetic_research_backed,"unsolicited loan, advance fee, pressure",Do not pay the fee.,1. Do not pay upfront charges. 2. Verify the lender independently. 3. Avoid sharing banking credentials. 4. Report the message.,High,P1,"English dataset row; retained from the finalized 1,500-record ScamShield dataset.",congratulations! your instant loan of rs 499 is approved. pay rs 199 processing charges to release the funds.
HI-S0044,आपका ₹199 रिफंड लंबित है। इसे जारी करने के लिए कार्ड नंबर और OTP भेजें।,scam,fake_refund,hi,Research-backed synthetic multilingual,synthetic_research_backed,"फर्जी रिफंड, कार्ड विवरण, OTP अनुरोध",कार्ड विवरण या OTP साझा न करें।,1. कार्ड विवरण या OTP साझा न करें। 2. आधिकारिक चैनल से स्वतंत्र रूप से सत्यापन करें। 3. संदिग्ध होने पर संदेश/नंबर की रिपोर्ट करें।,Critical,P1,Hindi synthetic/adapted example; not claimed as verbatim real-world data.,आपका ₹199 रिफंड लंबित है। इसे जारी करने के लिए कार्ड नंबर और otp भेजें।
TE-S0017,మీ Paytm అకౌంట్ లాక్ అయింది. మూసివేయకుండా ఉండేందుకు http://secure-update.invalidలో లాగిన్ అవ్వండి.,scam,phishing,te,Research-backed synthetic multilingual,synthetic_research_backed,"ఫిషింగ్ లింక్, అకౌంట్ బెదిరింపు, క్రెడెన్షియల్ అభ్యర్థన",లింక్ ఓపెన్ చేయకండి; అధికారిక యాప్‌లో చెక్ చేయండి.,1. లింక్ ఓపెన్ చేయకండి; అధికారిక యాప్‌లో చెక్ చేయండి. 2. అధికారిక ఛానల్ ద్వారా స్వతంత్రంగా వెరిఫై చేయండి. 3. ఆధారాలను సేవ్ చేసి అవసరమైతే రిపోర్ట్ చేయండి.,High,P1,Telugu synthetic/adapted example; not claimed as verbatim real-world data.,మీ paytm అకౌంట్ లాక్ అయింది. మూసివేయకుండా ఉండేందుకు http://secure-update.invalidలో లాగిన్ అవ్వండి.
G0632,Your subscription to Amazon has been renewed successfully. — Customer Notification.,genuine,subscription,en,Research-backed synthetic,synthetic_research_backed,normal subscription notice,Verify the renewal in the official account.,1. Open the official service app. 2. Check billing history. 3. Contact official support if the charge is unfamiliar.,Low,P4,"English dataset row; retained from the finalized 1,500-record ScamShield dataset.",your subscription to amazon has been renewed successfully. — customer notification.
S0234,Security alert: your account will be suspended unless you send the OTP A-739214 to our support agent immediately. Immediate action required.,scam,otp,en,Research-backed synthetic,synthetic_research_backed,"OTP request, urgency, account-threat language",Do not share the OTP.,1. Do not share the OTP. 2. End the conversation. 3. Review account security in the official app. 4. Report the sender.,Critical,P1,"English dataset row; retained from the finalized 1,500-record ScamShield dataset.",security alert: your account will be suspended unless you send the otp a-739214 to our support agent immediately. immediate action required.
S0717,Security alert: your account will be suspended unless you send the OTP G-481205 to our support agent immediately. Do not ignore this message.,scam,otp,en,Research-backed synthetic,synthetic_research_backed,"OTP request, urgency, account-threat language",Do not share the OTP.,1. Do not share the OTP. 2. End the conversation. 3. Review account security in the official app. 4. Report the sender.,Critical,P1,"English dataset row; retained from the finalized 1,500-record ScamShield dataset.",security alert: your account will be suspended unless you send the otp g-481205 to our support agent immediately. do not ignore this message.
HI-G0100,आपकी यात्रा बुकिंग AI7K2P 30 सितंबर के लिए कन्फर्म है।,genuine,travel,hi,Research-backed synthetic multilingual,synthetic_research_backed,सामान्य यात्रा पुष्टि,आधिकारिक एयरलाइन/ट्रैवल ऐप में बुकिंग जांचें।,1. आधिकारिक एयरलाइन/ट्रैवल ऐप में बुकिंग जांचें। 2. आधिकारिक चैनल से स्वतंत्र रूप से सत्यापन करें। 3. संदिग्ध होने पर संदेश/नंबर की रिपोर्ट करें।,Low,P4,Hindi synthetic/adapted example; not claimed as verbatim real-world data.,आपकी यात्रा बुकिंग ai7k2p 30 सितंबर के लिए कन्फर्म है।
S1180,Your insurance policy bonus is ready. Pay Rs 499 service charges and send your Aadhaar and bank details to receive it. Immediate action required.,scam,insurance_scam,en,Research-backed synthetic,synthetic_research_backed,"unexpected bonus, advance fee, identity-data request",Do not pay or send identity/bank documents.,1. Do not pay. 2. Contact the insurer through the official website/number. 3. Do not send identity documents. 4. Report the message.,High,P1,"English dataset row; retained from the finalized 1,500-record ScamShield dataset.",your insurance policy bonus is ready. pay rs 499 service charges and send your aadhaar and bank details to receive it. immediate action required.
S1111,You have been selected for a work-from-home Java Backend Developer paying Rs 799 per day. Pay Rs 499 as registration before joining. Immediate action required.,scam,job_scam,en,Research-backed synthetic,synthetic_research_backed,"unrealistic earnings, upfront fee, unsolicited job",Do not pay the registration fee.,1. Do not pay. 2. Verify the employer independently. 3. Do not share identity/banking documents. 4. Block and report the sender.,High,P1,"English dataset row; retained from the finalized 1,500-record ScamShield dataset.",you have been selected for a work-from-home java backend developer paying rs 799 per day. pay rs 499 as registration before joining. immediate action required.
TE-S0103,మీ Amazon అకౌంట్ లాక్ అయింది. మూసివేయకుండా ఉండేందుకు http://secure-update.invalidలో లాగిన్ అవ్వండి.,scam,phishing,te,Research-backed synthetic multilingual,synthetic_research_backed,"ఫిషింగ్ లింక్, అకౌంట్ బెదిరింపు, క్రెడెన్షియల్ అభ్యర్థన",లింక్ ఓపెన్ చేయకండి; అధికారిక యాప్‌లో చెక్ చేయండి.,1. లింక్ ఓపెన్ చేయకండి; అధికారిక యాప్‌లో చెక్ చేయండి. 2. అధికారిక ఛానల్ ద్వారా స్వతంత్రంగా వెరిఫై చేయండి. 3. ఆధారాలను సేవ్ చేసి అవసరమైతే రిపోర్ట్ చేయండి.,High,P1,Telugu synthetic/adapted example; not claimed as verbatim real-world data.,మీ amazon అకౌంట్ లాక్ అయింది. మూసివేయకుండా ఉండేందుకు http://secure-update.invalidలో లాగిన్ అవ్వండి.
S0534,Security alert: your account will be suspended unless you send the OTP Q-183640 to our support agent immediately. Act now.,scam,otp,en,Research-backed synthetic,synthetic_research_backed,"OTP request, urgency, account-threat language",Do not share the OTP.,1. Do not share the OTP. 2. End the conversation. 3. Review account security in the official app. 4. Report the sender.,Critical,P1,"English dataset row; retained from the finalized 1,500-record ScamShield dataset.",security alert: your account will be suspended unless you send the otp q-183640 to our support agent immediately. act now.
S1328,"To receive your refund of Rs 499, scan this QR and enter your UPI PIN.",scam,upi_qr,en,Research-backed synthetic,synthetic_research_backed,"QR-for-receiving-money, UPI PIN request, refund pretext",Do not scan the QR or enter the UPI PIN.,1. Do not scan the QR. 2. Never enter a UPI PIN to receive money. 3. Verify the refund in the official app. 4. Report the sender.,Critical,P1,"English dataset row; retained from the finalized 1,500-record ScamShield dataset.","to receive your refund of rs 499, scan this qr and enter your upi pin."
S1470,Your SIM will be disconnected in 3 hours because it was used for illegal activity. Call this number immediately. Act now.,scam,telecom_threat,en,Research-backed synthetic,synthetic_research_backed,"telecom impersonation, urgency, threat, callback request",Do not call the supplied number.,1. Do not call the supplied number. 2. Check account status in the official telecom app. 3. Contact official support. 4. Report the message.,High,P1,"English dataset row; retained from the finalized 1,500-record ScamShield dataset.",your sim will be disconnected in 3 hours because it was used for illegal activity. call this number immediately. act now.
S0977,Our crypto trading bot guarantees 20% profit every day. Deposit ₹25000 now to join.,scam,crypto_investment,en,Research-backed synthetic,synthetic_research_backed,"guaranteed returns, crypto solicitation, deposit request",Do not transfer money based on guaranteed-profit claims.,1. Do not transfer money based on guaranteed-profit claims. 2. Verify independently using the official service/authority. 3. Preserve evidence. 4. Report suspected cyber fraud.,Critical,P1,"English dataset row; retained from the finalized 1,500-record ScamShield dataset.",our crypto trading bot guarantees 20% profit every day. deposit ₹25000 now to join.
TE-S0090,"CAPTCHAలు పూర్తి చేసి రోజుకు ₹10,000 సంపాదించండి. అకౌంట్ యాక్టివేట్ చేయడానికి ₹999 ఫీజు చెల్లించండి.",scam,fake_captcha_job,te,Research-backed synthetic multilingual,synthetic_research_backed,"ఫేక్ CAPTCHA ఉద్యోగం, ముందస్తు ఫీజు",ఫీజు చెల్లించకండి; ఉద్యోగాన్ని వెరిఫై చేయండి.,1. ఫీజు చెల్లించకండి; ఉద్యోగాన్ని వెరిఫై చేయండి. 2. అధికారిక ఛానల్ ద్వారా స్వతంత్రంగా వెరిఫై చేయండి. 3. ఆధారాలను సేవ్ చేసి అవసరమైతే రిపోర్ట్ చేయండి.,High,P1,Telugu synthetic/adapted example; not claimed as verbatim real-world data.,"captchaలు పూర్తి చేసి రోజుకు ₹10,000 సంపాదించండి. అకౌంట్ యాక్టివేట్ చేయడానికి ₹999 ఫీజు చెల్లించండి."
S1419,Congratulations! You won Rs 2499 in a lucky draw. Pay Rs 499 tax/processing charges to claim your prize. Do not ignore this message.,scam,lottery,en,Research-backed synthetic,synthetic_research_backed,"unexpected prize, upfront payment, lottery claim",Do not pay the fee.,1. Do not send money. 2. Do not share financial details. 3. Block the sender. 4. Report the message.,High,P1,"English dataset row; retained from the finalized 1,500-record ScamShield dataset.",congratulations! you won rs 2499 in a lucky draw. pay rs 499 tax/processing charges to claim your prize. do not ignore this message.
S0501,Congratulations! Your instant loan of Rs 2499 is approved. Pay Rs 199 processing charges to release the funds. Immediate action required.,scam,loan_scam,en,Research-backed synthetic,synthetic_research_backed,"unsolicited loan, advance fee, pressure",Do not pay the fee.,1. Do not pay upfront charges. 2. Verify the lender independently. 3. Avoid sharing banking credentials. 4. Report the message.,High,P1,"English dataset row; retained from the finalized 1,500-record ScamShield dataset.",congratulations! your instant loan of rs 2499 is approved. pay rs 199 processing charges to release the funds. immediate action required.
S1325,A refund of Rs 799 is waiting for you. Share your card number and OTP so we can process it immediately. Immediate action required.,scam,refund_scam,en,Research-backed synthetic,synthetic_research_backed,"refund pretext, card-data request, OTP request",Do not share card or OTP details.,1. Do not share credentials. 2. Check refunds in the official merchant app. 3. Contact official support. 4. Report the sender.,Critical,P1,"English dataset row; retained from the finalized 1,500-record ScamShield dataset.",a refund of rs 799 is waiting for you. share your card number and otp so we can process it immediately. immediate action required.
G1082,Google verification code M-562901 है। इसे किसी के साथ साझा न करें। — Customer Notification.,genuine,otp,en,Research-backed synthetic,synthetic_research_backed,legitimate verification-code notice,Use only for the verification you initiated.,1. कोड केवल आधिकारिक स्क्रीन पर दर्ज करें। 2. किसी को न बताएं। 3. अनचाहा कोड हो तो पासवर्ड/सुरक्षा जांचें।,Low,P4,"English dataset row; retained from the finalized 1,500-record ScamShield dataset.",google verification code m-562901 है। इसे किसी के साथ साझा न करें। — customer notification.
G0575,Please review the latest MediSync build before the demo tomorrow. Thank you.,genuine,work,en,Research-backed synthetic,synthetic_research_backed,ordinary workplace communication,Review the work through the normal project channel.,1. Open the known project workspace. 2. Review the requested item. 3. Reply with feedback.,Low,P4,"English dataset row; retained from the finalized 1,500-record ScamShield dataset.",please review the latest medisync build before the demo tomorrow. thank you.
G1161,The Cloud Computing assignment deadline is 15 October. Please submit it through the student portal. — Customer Notification.,genuine,education,en,Research-backed synthetic,synthetic_research_backed,normal educational announcement,Use the official student portal.,1. Check the assignment details. 2. Prepare the submission. 3. Upload through the official portal before the deadline.,Low,P4,"English dataset row; retained from the finalized 1,500-record ScamShield dataset.",the cloud computing assignment deadline is 15 october. please submit it through the student portal. — customer notification.
S0238,We detected an issue with your Instagram account. Call +91 9XXXX XXXXX and provide your card details for verification. Do not ignore this message.,scam,customer_support,en,Research-backed synthetic,synthetic_research_backed,"fake support, request for financial data, unsolicited contact",Do not provide card or account details.,1. Do not call the supplied number. 2. Use official support channels. 3. Do not share card/OTP details. 4. Block the sender.,Critical,P1,"English dataset row; retained from the finalized 1,500-record ScamShield dataset.",we detected an issue with your instagram account. call +91 9xxxx xxxxx and provide your card details for verification. do not ignore this message.
HI-S0091,आपका Instagram अकाउंट लॉक हो गया है। इसे बंद होने से बचाने के लिए http://secure-update.invalid पर लॉगिन करें।,scam,phishing,hi,Research-backed synthetic multilingual,synthetic_research_backed,"फिशिंग लिंक, अकाउंट लॉक होने की धमकी, लॉगिन विवरण मांगना",लिंक न खोलें; आधिकारिक ऐप से अकाउंट जांचें।,1. लिंक न खोलें; आधिकारिक ऐप से अकाउंट जांचें। 2. आधिकारिक चैनल से स्वतंत्र रूप से सत्यापन करें। 3. संदिग्ध होने पर संदेश/नंबर की रिपोर्ट करें।,High,P1,Hindi synthetic/adapted example; not claimed as verbatim real-world data.,आपका instagram अकाउंट लॉक हो गया है। इसे बंद होने से बचाने के लिए http://secure-update.invalid पर लॉगिन करें।
G0190,आपके Zomato भुगतान का ₹2499 का लेनदेन सफल रहा। Please keep this for your records.,genuine,transaction,en,Research-backed synthetic,synthetic_research_backed,normal transaction notification,Verify the transaction through the official app.,1. आधिकारिक ऐप खोलें। 2. लेनदेन की राशि जांचें। 3. अनजान लेनदेन हो तो बैंक से संपर्क करें।,Low,P4,"English dataset row; retained from the finalized 1,500-record ScamShield dataset.",आपके zomato भुगतान का ₹2499 का लेनदेन सफल रहा। please keep this for your records.
TE-S0016,"మీ ఇన్‌స్టంట్ లోన్ ఆమోదించబడింది. ఈ APK డౌన్‌లోడ్ చేసి ₹1,999 చెల్లించండి.",scam,fake_loan_app,te,Research-backed synthetic multilingual,synthetic_research_backed,"ఫేక్ లోన్ యాప్, APK, ముందస్తు ఫీజు",తెలియని APK ఇన్‌స్టాల్ చేయకండి.,1. తెలియని APK ఇన్‌స్టాల్ చేయకండి. 2. అధికారిక ఛానల్ ద్వారా స్వతంత్రంగా వెరిఫై చేయండి. 3. ఆధారాలను సేవ్ చేసి అవసరమైతే రిపోర్ట్ చేయండి.,Critical,P1,Telugu synthetic/adapted example; not claimed as verbatim real-world data.,"మీ ఇన్‌స్టంట్ లోన్ ఆమోదించబడింది. ఈ apk డౌన్‌లోడ్ చేసి ₹1,999 చెల్లించండి."
HI-G0071,"आपकी सदस्यता 5 अक्टूबर को ₹2,499 में नवीनीकृत होगी।",genuine,subscription,hi,Research-backed synthetic multilingual,synthetic_research_backed,सामान्य सदस्यता सूचना,आधिकारिक अकाउंट सेटिंग्स में विवरण जांचें।,1. आधिकारिक अकाउंट सेटिंग्स में विवरण जांचें। 2. आधिकारिक चैनल से स्वतंत्र रूप से सत्यापन करें। 3. संदिग्ध होने पर संदेश/नंबर की रिपोर्ट करें।,Low,P4,Hindi synthetic/adapted example; not claimed as verbatim real-world data.,"आपकी सदस्यता 5 अक्टूबर को ₹2,499 में नवीनीकृत होगी।"
S0227,Congratulations! You won Rs 1299 in a lucky draw. Pay Rs 999 tax/processing charges to claim your prize. Immediate action required.,scam,lottery,en,Research-backed synthetic,synthetic_research_backed,"unexpected prize, upfront payment, lottery claim",Do not pay the fee.,1. Do not send money. 2. Do not share financial details. 3. Block the sender. 4. Report the message.,High,P1,"English dataset row; retained from the finalized 1,500-record ScamShield dataset.",congratulations! you won rs 1299 in a lucky draw. pay rs 999 tax/processing charges to claim your prize. immediate action required.
TE-G0034,మీ సబ్‌స్క్రిప్షన్ 10 अक्टूबरన ₹199కి రిన్యూ అవుతుంది.,genuine,subscription,te,Research-backed synthetic multilingual,synthetic_research_backed,సాధారణ సబ్‌స్క్రిప్షన్ సమాచారం,అధికారిక అకౌంట్ సెట్టింగ్స్‌లో వివరాలు చెక్ చేయండి.,1. అధికారిక అకౌంట్ సెట్టింగ్స్‌లో వివరాలు చెక్ చేయండి. 2. అధికారిక ఛానల్ ద్వారా స్వతంత్రంగా వెరిఫై చేయండి. 3. ఆధారాలను సేవ్ చేసి అవసరమైతే రిపోర్ట్ చేయండి.,Low,P4,Telugu synthetic/adapted example; not claimed as verbatim real-world data.,మీ సబ్‌స్క్రిప్షన్ 10 अक्टूबरన ₹199కి రిన్యూ అవుతుంది.
S1197,Your Instagram account has been locked. Verify your identity now at http://account-check.invalid to avoid permanent closure. Do not ignore this message.,scam,phishing,en,Research-backed synthetic,synthetic_research_backed,"account threat, urgency, suspicious URL, credential harvesting",Do not click the link.,1. Do not open the URL. 2. Visit the service by typing its official address. 3. Change credentials if exposed. 4. Report the message.,High,P1,"English dataset row; retained from the finalized 1,500-record ScamShield dataset.",your instagram account has been locked. verify your identity now at http://account-check.invalid to avoid permanent closure. do not ignore this message.
HI-G0030,आपका Software Intern आवेदन अगले चरण के लिए चयनित हुआ है। आधिकारिक करियर पोर्टल देखें।,genuine,job_genuine,hi,Research-backed synthetic multilingual,synthetic_research_backed,सामान्य भर्ती सूचना,कंपनी के आधिकारिक करियर पोर्टल से आवेदन स्थिति जांचें।,1. कंपनी के आधिकारिक करियर पोर्टल से आवेदन स्थिति जांचें। 2. आधिकारिक चैनल से स्वतंत्र रूप से सत्यापन करें। 3. संदिग्ध होने पर संदेश/नंबर की रिपोर्ट करें।,Low,P4,Hindi synthetic/adapted example; not claimed as verbatim real-world data.,आपका software intern आवेदन अगले चरण के लिए चयनित हुआ है। आधिकारिक करियर पोर्टल देखें।
S1153,Your Instagram account has been locked. Verify your identity now at http://secure-update.invalid to avoid permanent closure.,scam,phishing,en,Research-backed synthetic,synthetic_research_backed,"account threat, urgency, suspicious URL, credential harvesting",Do not click the link.,1. Do not open the URL. 2. Visit the service by typing its official address. 3. Change credentials if exposed. 4. Report the message.,High,P1,"English dataset row; retained from the finalized 1,500-record ScamShield dataset.",your instagram account has been locked. verify your identity now at http://secure-update.invalid to avoid permanent closure.
S0959,You have been selected for a work-from-home Frontend Developer paying Rs 4999 per day. Pay Rs 999 as registration before joining.,scam,job_scam,en,Research-backed synthetic,synthetic_research_backed,"unrealistic earnings, upfront fee, unsolicited job",Do not pay the registration fee.,1. Do not pay. 2. Verify the employer independently. 3. Do not share identity/banking documents. 4. Block and report the sender.,High,P1,"English dataset row; retained from the finalized 1,500-record ScamShield dataset.",you have been selected for a work-from-home frontend developer paying rs 4999 per day. pay rs 999 as registration before joining.
G0069,Can you bring the book when you come to library? — Customer Notification.,genuine,personal,en,Research-backed synthetic,synthetic_research_backed,ordinary personal communication,Reply normally if the request is expected.,1. Confirm the context. 2. Reply normally. 3. Ignore if the sender is unknown.,Low,P4,"English dataset row; retained from the finalized 1,500-record ScamShield dataset.",can you bring the book when you come to library? — customer notification.
S0385,A refund of Rs 4999 is waiting for you. Share your card number and OTP so we can process it immediately.,scam,refund_scam,en,Research-backed synthetic,synthetic_research_backed,"refund pretext, card-data request, OTP request",Do not share card or OTP details.,1. Do not share credentials. 2. Check refunds in the official merchant app. 3. Contact official support. 4. Report the sender.,Critical,P1,"English dataset row; retained from the finalized 1,500-record ScamShield dataset.",a refund of rs 4999 is waiting for you. share your card number and otp so we can process it immediately.
S0162,Security alert: your account will be suspended unless you send the OTP A-739214 to our support agent immediately. Act now.,scam,otp,en,Research-backed synthetic,synthetic_research_backed,"OTP request, urgency, account-threat language",Do not share the OTP.,1. Do not share the OTP. 2. End the conversation. 3. Review account security in the official app. 4. Report the sender.,Critical,P1,"English dataset row; retained from the finalized 1,500-record ScamShield dataset.",security alert: your account will be suspended unless you send the otp a-739214 to our support agent immediately. act now.
S1499,You have been selected for a work-from-home Java Backend Developer paying Rs 4999 per day. Pay Rs 1499 as registration before joining. Immediate action required.,scam,job_scam,en,Research-backed synthetic,synthetic_research_backed,"unrealistic earnings, upfront fee, unsolicited job",Do not pay the registration fee.,1. Do not pay. 2. Verify the employer independently. 3. Do not share identity/banking documents. 4. Block and report the sender.,High,P1,"English dataset row; retained from the finalized 1,500-record ScamShield dataset.",you have been selected for a work-from-home java backend developer paying rs 4999 per day. pay rs 1499 as registration before joining. immediate action required.
TE-S0102,"నేను కొత్త నంబర్ ఉపయోగిస్తున్నాను. చాలా అత్యవసరం, నాకు ₹199 వెంటనే ట్రాన్స్‌ఫర్ చేయండి. నాకు కాల్ చేయకండి.",scam,impersonation,te,Research-backed synthetic multilingual,synthetic_research_backed,"వ్యక్తి ఇంపర్సనేషన్, డబ్బు డిమాండ్, వెరిఫికేషన్ నిరోధం",తెలిసిన నంబర్ ద్వారా వ్యక్తిని ధృవీకరించకుండా డబ్బు పంపకండి.,1. తెలిసిన నంబర్ ద్వారా వ్యక్తిని ధృవీకరించకుండా డబ్బు పంపకండి. 2. అధికారిక ఛానల్ ద్వారా స్వతంత్రంగా వెరిఫై చేయండి. 3. ఆధారాలను సేవ్ చేసి అవసరమైతే రిపోర్ట్ చేయండి.,High,P1,Telugu synthetic/adapted example; not claimed as verbatim real-world data.,"నేను కొత్త నంబర్ ఉపయోగిస్తున్నాను. చాలా అత్యవసరం, నాకు ₹199 వెంటనే ట్రాన్స్‌ఫర్ చేయండి. నాకు కాల్ చేయకండి."
S1252,Exclusive offer from a social-media ad: deposit ₹499 and get guaranteed returns within 24 hours.,scam,fake_social_media_ad,en,Research-backed synthetic,synthetic_research_backed,"social-media advertisement, guaranteed return, deposit request",Do not transfer money from an unverified advertisement.,1. Do not transfer money from an unverified advertisement. 2. Verify independently using the official service/authority. 3. Preserve evidence. 4. Report suspected cyber fraud.,Critical,P1,"English dataset row; retained from the finalized 1,500-record ScamShield dataset.",exclusive offer from a social-media ad: deposit ₹499 and get guaranteed returns within 24 hours.
G0736,Your verification code for Instagram is A-739214. Do not share it with anyone.,genuine,otp,en,Research-backed synthetic,synthetic_research_backed,legitimate verification-code notice,Use the code only in the login/verification flow you initiated.,"1. Use the code only on the official service. 2. Never forward the code. 3. If you did not request it, ignore it and review account security.",Low,P4,"English dataset row; retained from the finalized 1,500-record ScamShield dataset.",your verification code for instagram is a-739214. do not share it with anyone.
S0411,"Hi, I lost my phone and need you to urgently transfer Rs 199 to this new account. Please don't call.",scam,impersonation,en,Research-backed synthetic,synthetic_research_backed,"impersonation, money request, urgency, discouraging verification",Verify the person's identity through an independent channel before any payment.,1. Do not transfer money. 2. Call the person using a known number. 3. Confirm the request independently. 4. Report if fraudulent.,High,P1,"English dataset row; retained from the finalized 1,500-record ScamShield dataset.","hi, i lost my phone and need you to urgently transfer rs 199 to this new account. please don't call."
TE-S0117,మీ Google అకౌంట్ లాక్ అయింది. మూసివేయకుండా ఉండేందుకు http://verify-account.invalidలో లాగిన్ అవ్వండి.,scam,phishing,te,Research-backed synthetic multilingual,synthetic_research_backed,"ఫిషింగ్ లింక్, అకౌంట్ బెదిరింపు, క్రెడెన్షియల్ అభ్యర్థన",లింక్ ఓపెన్ చేయకండి; అధికారిక యాప్‌లో చెక్ చేయండి.,1. లింక్ ఓపెన్ చేయకండి; అధికారిక యాప్‌లో చెక్ చేయండి. 2. అధికారిక ఛానల్ ద్వారా స్వతంత్రంగా వెరిఫై చేయండి. 3. ఆధారాలను సేవ్ చేసి అవసరమైతే రిపోర్ట్ చేయండి.,High,P1,Telugu synthetic/adapted example; not claimed as verbatim real-world data.,మీ google అకౌంట్ లాక్ అయింది. మూసివేయకుండా ఉండేందుకు http://verify-account.invalidలో లాగిన్ అవ్వండి.
S0195,Congratulations! You won Rs 4999 in a lucky draw. Pay Rs 999 tax/processing charges to claim your prize.,scam,lottery,en,Research-backed synthetic,synthetic_research_backed,"unexpected prize, upfront payment, lottery claim",Do not pay the fee.,1. Do not send money. 2. Do not share financial details. 3. Block the sender. 4. Report the message.,High,P1,"English dataset row; retained from the finalized 1,500-record ScamShield dataset.",congratulations! you won rs 4999 in a lucky draw. pay rs 999 tax/processing charges to claim your prize.
G1267,आपके BookMyShow भुगतान का ₹1299 का लेनदेन सफल रहा।,genuine,transaction,en,Research-backed synthetic,synthetic_research_backed,normal transaction notification,Verify the transaction through the official app.,1. आधिकारिक ऐप खोलें। 2. लेनदेन की राशि जांचें। 3. अनजान लेनदेन हो तो बैंक से संपर्क करें।,Low,P4,"English dataset row; retained from the finalized 1,500-record ScamShield dataset.",आपके bookmyshow भुगतान का ₹1299 का लेनदेन सफल रहा।
G0595,Your electricity bill of Rs 249 is due on 30 September. Please pay through the official utility portal. Please keep this for your records.,genuine,utility_genuine,en,Research-backed synthetic,synthetic_research_backed,normal utility bill reminder,Use the official utility website/app.,1. Verify the bill in the official portal. 2. Check the due date and amount. 3. Pay only through the official channel.,Low,P4,"English dataset row; retained from the finalized 1,500-record ScamShield dataset.",your electricity bill of rs 249 is due on 30 september. please pay through the official utility portal. please keep this for your records.
TE-S0059,విపత్తు సహాయం కోసం ₹199 వెంటనే ఈ వ్యక్తిగత UPI IDకి పంపండి.,scam,charity_scam,te,Research-backed synthetic multilingual,synthetic_research_backed,"భావోద్వేగ అప్పీల్, వ్యక్తిగత UPI, అత్యవసరం",సంస్థను మరియు చెల్లింపు ఛానల్‌ను వెరిఫై చేయండి.,1. సంస్థను మరియు చెల్లింపు ఛానల్‌ను వెరిఫై చేయండి. 2. అధికారిక ఛానల్ ద్వారా స్వతంత్రంగా వెరిఫై చేయండి. 3. ఆధారాలను సేవ్ చేసి అవసరమైతే రిపోర్ట్ చేయండి.,Medium,P2,Telugu synthetic/adapted example; not claimed as verbatim real-world data.,విపత్తు సహాయం కోసం ₹199 వెంటనే ఈ వ్యక్తిగత upi idకి పంపండి.
S0647,"To receive your refund of Rs 249, scan this QR and enter your UPI PIN. Do not ignore this message.",scam,upi_qr,en,Research-backed synthetic,synthetic_research_backed,"QR-for-receiving-money, UPI PIN request, refund pretext",Do not scan the QR or enter the UPI PIN.,1. Do not scan the QR. 2. Never enter a UPI PIN to receive money. 3. Verify the refund in the official app. 4. Report the sender.,Critical,P1,"English dataset row; retained from the finalized 1,500-record ScamShield dataset.","to receive your refund of rs 249, scan this qr and enter your upi pin. do not ignore this message."
G0436,Reminder from local health clinic: your dentist appointment is booked for 2 October at 9:30 AM. Thank you.,genuine,healthcare,en,Research-backed synthetic,synthetic_research_backed,normal healthcare reminder,Use the clinic's official contact details for changes.,1. Verify the appointment in the clinic system. 2. Add it to your calendar. 3. Contact the clinic through its official number if needed.,Low,P4,"English dataset row; retained from the finalized 1,500-record ScamShield dataset.",reminder from local health clinic: your dentist appointment is booked for 2 october at 9:30 am. thank you.
G0991,Interview reminder: your ML Intern interview is scheduled for 15 October at 2:00 PM. Please keep this for your records.,genuine,job_genuine,en,Research-backed synthetic,synthetic_research_backed,normal recruitment communication,Verify the interview through the official recruitment channel.,1. Check the original application. 2. Confirm the interview details. 3. Join through the verified meeting link.,Low,P4,"English dataset row; retained from the finalized 1,500-record ScamShield dataset.",interview reminder: your ml intern interview is scheduled for 15 october at 2:00 pm. please keep this for your records.
G0357,Your IndiGo booking AI7K2P is confirmed for 2 October. Thank you.,genuine,travel,en,Research-backed synthetic,synthetic_research_backed,normal travel confirmation,Check the booking in the official airline/travel app.,1. Open the official travel account. 2. Verify the booking reference. 3. Check schedule changes through the official channel.,Low,P4,"English dataset row; retained from the finalized 1,500-record ScamShield dataset.",your indigo booking ai7k2p is confirmed for 2 october. thank you.
TE-G0066,"మీ ₹10,000 విద్యుత్ బిల్లు 15 अक्टूबरన చెల్లించాలి.",genuine,utility_genuine,te,Research-backed synthetic multilingual,synthetic_research_backed,సాధారణ యుటిలిటీ రిమైండర్,అధికారిక విద్యుత్ పోర్టల్‌లో బిల్లు చెక్ చేయండి.,1. అధికారిక విద్యుత్ పోర్టల్‌లో బిల్లు చెక్ చేయండి. 2. అధికారిక ఛానల్ ద్వారా స్వతంత్రంగా వెరిఫై చేయండి. 3. ఆధారాలను సేవ్ చేసి అవసరమైతే రిపోర్ట్ చేయండి.,Low,P4,Telugu synthetic/adapted example; not claimed as verbatim real-world data.,"మీ ₹10,000 విద్యుత్ బిల్లు 15 अक्टूबरన చెల్లించాలి."
S0734,Your Microsoft account has been locked. Verify your identity now at https://example.invalid/verify to avoid permanent closure. Act now.,scam,phishing,en,Research-backed synthetic,synthetic_research_backed,"account threat, urgency, suspicious URL, credential harvesting",Do not click the link.,1. Do not open the URL. 2. Visit the service by typing its official address. 3. Change credentials if exposed. 4. Report the message.,High,P1,"English dataset row; retained from the finalized 1,500-record ScamShield dataset.",your microsoft account has been locked. verify your identity now at https://example.invalid/verify to avoid permanent closure. act now.
G0703,Your Airtel data plan has 2.8 GB remaining and is valid until 20 October. Please keep this for your records.,genuine,telecom_genuine,en,Research-backed synthetic,synthetic_research_backed,normal telecom usage notice,Check usage in the official telecom app if needed.,1. Open the official provider app. 2. Review plan usage. 3. Recharge only through official channels.,Low,P4,"English dataset row; retained from the finalized 1,500-record ScamShield dataset.",your airtel data plan has 2.8 gb remaining and is valid until 20 october. please keep this for your records.
S0867,Earn ₹10000 daily by completing CAPTCHA tasks. Pay ₹999 registration/software charges to activate your account.,scam,fake_captcha_job,en,Research-backed synthetic,synthetic_research_backed,"upfront fee, unrealistic earnings, fake job platform",Do not pay the registration fee.,1. Do not pay the registration fee. 2. Verify independently using the official service/authority. 3. Preserve evidence. 4. Report suspected cyber fraud.,High,P1,"English dataset row; retained from the finalized 1,500-record ScamShield dataset.",earn ₹10000 daily by completing captcha tasks. pay ₹999 registration/software charges to activate your account.
HI-S0014,आपने सोशल मीडिया क्रिएटर रिवॉर्ड जीता है। भुगतान पाने के लिए अपना वेरिफिकेशन कोड भेजें।,scam,social_media_fraud,hi,Research-backed synthetic multilingual,synthetic_research_backed,"फर्जी रिवॉर्ड, OTP/कोड अनुरोध, सोशल मीडिया प्रतिरूपण",वेरिफिकेशन कोड साझा न करें।,1. वेरिफिकेशन कोड साझा न करें। 2. आधिकारिक चैनल से स्वतंत्र रूप से सत्यापन करें। 3. संदिग्ध होने पर संदेश/नंबर की रिपोर्ट करें।,High,P1,Hindi synthetic/adapted example; not claimed as verbatim real-world data.,आपने सोशल मीडिया क्रिएटर रिवॉर्ड जीता है। भुगतान पाने के लिए अपना वेरिफिकेशन कोड भेजें।
S0556,Your WhatsApp account has been locked. Verify your identity now at http://secure-update.invalid to avoid permanent closure. Immediate action required.,scam,phishing,en,Research-backed synthetic,synthetic_research_backed,"account threat, urgency, suspicious URL, credential harvesting",Do not click the link.,1. Do not open the URL. 2. Visit the service by typing its official address. 3. Change credentials if exposed. 4. Report the message.,High,P1,"English dataset row; retained from the finalized 1,500-record ScamShield dataset.",your whatsapp account has been locked. verify your identity now at http://secure-update.invalid to avoid permanent closure. immediate action required.
S0659,You have been selected for a work-from-home Java Backend Developer paying Rs 2499 per day. Pay Rs 499 as registration before joining. Do not ignore this message.,scam,job_scam,en,Research-backed synthetic,synthetic_research_backed,"unrealistic earnings, upfront fee, unsolicited job",Do not pay the registration fee.,1. Do not pay. 2. Verify the employer independently. 3. Do not share identity/banking documents. 4. Block and report the sender.,High,P1,"English dataset row; retained from the finalized 1,500-record ScamShield dataset.",you have been selected for a work-from-home java backend developer paying rs 2499 per day. pay rs 499 as registration before joining. do not ignore this message.
G0683,Your mobile plan has 800 MB remaining and is valid until 2 October.,genuine,telecom_genuine,en,Research-backed synthetic,synthetic_research_backed,normal telecom usage notice,Check usage in the official provider app.,1. Check usage in the official provider app. 2. Verify the message in the official app/portal if needed. 3. Do not share sensitive information unnecessarily.,Low,P4,"English dataset row; retained from the finalized 1,500-record ScamShield dataset.",your mobile plan has 800 mb remaining and is valid until 2 october.
G0369,Your Vistara booking R2N6VT is confirmed for 20 October. Please keep this for your records.,genuine,travel,en,Research-backed synthetic,synthetic_research_backed,normal travel confirmation,Check the booking in the official airline/travel app.,1. Open the official travel account. 2. Verify the booking reference. 3. Check schedule changes through the official channel.,Low,P4,"English dataset row; retained from the finalized 1,500-record ScamShield dataset.",your vistara booking r2n6vt is confirmed for 20 october. please keep this for your records.
G1327,Delivery update: Delhivery will attempt delivery of order #402-1937460 today. Thank you.,genuine,delivery,en,Research-backed synthetic,synthetic_research_backed,normal delivery update,Use the official tracking page or app.,1. Check official tracking. 2. Keep the delivery address accessible. 3. Contact the retailer through official support if there is a problem.,Low,P4,"English dataset row; retained from the finalized 1,500-record ScamShield dataset.",delivery update: delhivery will attempt delivery of order #402-1937460 today. thank you.
S1410,We detected an issue with your WhatsApp account. Call +91 9XXXX XXXXX and provide your card details for verification. Act now.,scam,customer_support,en,Research-backed synthetic,synthetic_research_backed,"fake support, request for financial data, unsolicited contact",Do not provide card or account details.,1. Do not call the supplied number. 2. Use official support channels. 3. Do not share card/OTP details. 4. Block the sender.,Critical,P1,"English dataset row; retained from the finalized 1,500-record ScamShield dataset.",we detected an issue with your whatsapp account. call +91 9xxxx xxxxx and provide your card details for verification. act now.
G0998,Reminder: your career counseling session is scheduled for 2 October at 10:00 AM.,genuine,appointment,en,Research-backed synthetic,synthetic_research_backed,normal appointment reminder,Confirm or reschedule through the official provider if necessary.,1. Check the appointment details. 2. Add it to your calendar. 3. Use the provider's official contact channel for changes.,Low,P4,"English dataset row; retained from the finalized 1,500-record ScamShield dataset.",reminder: your career counseling session is scheduled for 2 october at 10:00 am.
G1092,Can you bring the documents when you come to computer lab? — Customer Notification.,genuine,personal,en,Research-backed synthetic,synthetic_research_backed,ordinary personal communication,Reply normally if the request is expected.,1. Confirm the context. 2. Reply normally. 3. Ignore if the sender is unknown.,Low,P4,"English dataset row; retained from the finalized 1,500-record ScamShield dataset.",can you bring the documents when you come to computer lab? — customer notification.
S0866,Our AI trading group guarantees 30% daily profit. Deposit Rs 249 today to activate your account. Immediate action required.,scam,investment_scam,en,Research-backed synthetic,synthetic_research_backed,"guaranteed returns, investment pressure, deposit request",Do not transfer money based on the message.,1. Do not deposit funds. 2. Verify the company independently. 3. Check regulatory status where applicable. 4. Report the solicitation.,Critical,P1,"English dataset row; retained from the finalized 1,500-record ScamShield dataset.",our ai trading group guarantees 30% daily profit. deposit rs 249 today to activate your account. immediate action required.
G0948,Your registration for coding contest is confirmed. The event begins at 9:30 AM on 10 October. — Customer Notification.,genuine,event,en,Research-backed synthetic,synthetic_research_backed,normal event confirmation,Check the registration in the official event account/email.,1. Verify registration details. 2. Save the event information. 3. Use the organizer's official contact channel for changes.,Low,P4,"English dataset row; retained from the finalized 1,500-record ScamShield dataset.",your registration for coding contest is confirmed. the event begins at 9:30 am on 10 october. — customer notification.
G0870,Your Air India booking AI7K2P is confirmed for 15 October. Thank you.,genuine,travel,en,Research-backed synthetic,synthetic_research_backed,normal travel confirmation,Check the booking in the official airline/travel app.,1. Open the official travel account. 2. Verify the booking reference. 3. Check schedule changes through the official channel.,Low,P4,"English dataset row; retained from the finalized 1,500-record ScamShield dataset.",your air india booking ai7k2p is confirmed for 15 october. thank you.
TE-S0030,"₹2,499 రీఫండ్ పొందడానికి ఈ QR కోడ్ స్కాన్ చేసి UPI PIN నమోదు చేయండి.",scam,upi_qr,te,Research-backed synthetic multilingual,synthetic_research_backed,"QR మోసం, UPI PIN అభ్యర్థన, రీఫండ్ నెపం",QR స్కాన్ చేయకండి; UPI PIN ఇవ్వకండి.,1. QR స్కాన్ చేయకండి; UPI PIN ఇవ్వకండి. 2. అధికారిక ఛానల్ ద్వారా స్వతంత్రంగా వెరిఫై చేయండి. 3. ఆధారాలను సేవ్ చేసి అవసరమైతే రిపోర్ట్ చేయండి.,Critical,P1,Telugu synthetic/adapted example; not claimed as verbatim real-world data.,"₹2,499 రీఫండ్ పొందడానికి ఈ qr కోడ్ స్కాన్ చేసి upi pin నమోదు చేయండి."
TE-G0084,రిమైండర్: మీ అపాయింట్‌మెంట్ 10 अक्टूबरన 4:30 बजेకి ఉంది.,genuine,appointment,te,Research-backed synthetic multilingual,synthetic_research_backed,సాధారణ అపాయింట్‌మెంట్ రిమైండర్,అధికారిక ప్రొవైడర్ ద్వారా వివరాలను నిర్ధారించండి.,1. అధికారిక ప్రొవైడర్ ద్వారా వివరాలను నిర్ధారించండి. 2. అధికారిక ఛానల్ ద్వారా స్వతంత్రంగా వెరిఫై చేయండి. 3. ఆధారాలను సేవ్ చేసి అవసరమైతే రిపోర్ట్ చేయండి.,Low,P4,Telugu synthetic/adapted example; not claimed as verbatim real-world data.,రిమైండర్: మీ అపాయింట్‌మెంట్ 10 अक्टूबरన 4:30 बजेకి ఉంది.
G0420,Your subscription to Amazon has been renewed successfully. Please keep this for your records.,genuine,subscription,en,Research-backed synthetic,synthetic_research_backed,normal subscription notice,Verify the renewal in the official account.,1. Open the official service app. 2. Check billing history. 3. Contact official support if the charge is unfamiliar.,Low,P4,"English dataset row; retained from the finalized 1,500-record ScamShield dataset.",your subscription to amazon has been renewed successfully. please keep this for your records.
G0488,The department seminar on Cloud Computing will be held on 10 October in sample-venue. Thank you.,genuine,college_announcement,en,Research-backed synthetic,synthetic_research_backed,normal institutional announcement,Check the official college communication channel for details.,1. Verify the announcement in the official portal/email. 2. Note the venue and time. 3. Attend if relevant.,Low,P4,"English dataset row; retained from the finalized 1,500-record ScamShield dataset.",the department seminar on cloud computing will be held on 10 october in sample-venue. thank you.
HI-S0038,आपका इंस्टेंट लोन स्वीकृत है। ऐप डाउनलोड करें और ₹999 देकर लोन जारी करवाएं।,scam,fake_loan_app,hi,Research-backed synthetic multilingual,synthetic_research_backed,"फर्जी लोन ऐप, ऐप इंस्टॉलेशन, अग्रिम शुल्क",अज्ञात ऐप इंस्टॉल न करें और शुल्क न दें।,1. अज्ञात ऐप इंस्टॉल न करें और शुल्क न दें। 2. आधिकारिक चैनल से स्वतंत्र रूप से सत्यापन करें। 3. संदिग्ध होने पर संदेश/नंबर की रिपोर्ट करें।,Critical,P1,Hindi synthetic/adapted example; not claimed as verbatim real-world data.,आपका इंस्टेंट लोन स्वीकृत है। ऐप डाउनलोड करें और ₹999 देकर लोन जारी करवाएं।
TE-G0120,మీ సబ్‌స్క్రిప్షన్ 10 अक्टूबरన ₹499కి రిన్యూ అవుతుంది.,genuine,subscription,te,Research-backed synthetic multilingual,synthetic_research_backed,సాధారణ సబ్‌స్క్రిప్షన్ సమాచారం,అధికారిక అకౌంట్ సెట్టింగ్స్‌లో వివరాలు చెక్ చేయండి.,1. అధికారిక అకౌంట్ సెట్టింగ్స్‌లో వివరాలు చెక్ చేయండి. 2. అధికారిక ఛానల్ ద్వారా స్వతంత్రంగా వెరిఫై చేయండి. 3. ఆధారాలను సేవ్ చేసి అవసరమైతే రిపోర్ట్ చేయండి.,Low,P4,Telugu synthetic/adapted example; not claimed as verbatim real-world data.,మీ సబ్‌స్క్రిప్షన్ 10 अक्टूबरన ₹499కి రిన్యూ అవుతుంది.
S0616,Your Microsoft account has been locked. Verify your identity now at http://secure-update.invalid to avoid permanent closure. Do not ignore this message.,scam,phishing,en,Research-backed synthetic,synthetic_research_backed,"account threat, urgency, suspicious URL, credential harvesting",Do not click the link.,1. Do not open the URL. 2. Visit the service by typing its official address. 3. Change credentials if exposed. 4. Report the message.,High,P1,"English dataset row; retained from the finalized 1,500-record ScamShield dataset.",your microsoft account has been locked. verify your identity now at http://secure-update.invalid to avoid permanent closure. do not ignore this message.
S0660,Our AI trading group guarantees 20% daily profit. Deposit Rs 199 today to activate your account.,scam,investment_scam,en,Research-backed synthetic,synthetic_research_backed,"guaranteed returns, investment pressure, deposit request",Do not transfer money based on the message.,1. Do not deposit funds. 2. Verify the company independently. 3. Check regulatory status where applicable. 4. Report the solicitation.,Critical,P1,"English dataset row; retained from the finalized 1,500-record ScamShield dataset.",our ai trading group guarantees 20% daily profit. deposit rs 199 today to activate your account.
HI-S0050,आपका Instagram अकाउंट लॉक हो गया है। इसे बंद होने से बचाने के लिए http://verify-account.invalid पर लॉगिन करें।,scam,phishing,hi,Research-backed synthetic multilingual,synthetic_research_backed,"फिशिंग लिंक, अकाउंट लॉक होने की धमकी, लॉगिन विवरण मांगना",लिंक न खोलें; आधिकारिक ऐप से अकाउंट जांचें।,1. लिंक न खोलें; आधिकारिक ऐप से अकाउंट जांचें। 2. आधिकारिक चैनल से स्वतंत्र रूप से सत्यापन करें। 3. संदिग्ध होने पर संदेश/नंबर की रिपोर्ट करें।,High,P1,Hindi synthetic/adapted example; not claimed as verbatim real-world data.,आपका instagram अकाउंट लॉक हो गया है। इसे बंद होने से बचाने के लिए http://verify-account.invalid पर लॉगिन करें।
HI-S0088,"CAPTCHA भरकर रोज़ ₹10,000 कमाएं। अकाउंट सक्रिय करने के लिए ₹999 शुल्क दें।",scam,fake_captcha_job,hi,Research-backed synthetic multilingual,synthetic_research_backed,"फर्जी CAPTCHA नौकरी, अग्रिम शुल्क, अवास्तविक कमाई",शुल्क न दें और नौकरी की स्वतंत्र जांच करें।,1. शुल्क न दें और नौकरी की स्वतंत्र जांच करें। 2. आधिकारिक चैनल से स्वतंत्र रूप से सत्यापन करें। 3. संदिग्ध होने पर संदेश/नंबर की रिपोर्ट करें।,High,P1,Hindi synthetic/adapted example; not claimed as verbatim real-world data.,"captcha भरकर रोज़ ₹10,000 कमाएं। अकाउंट सक्रिय करने के लिए ₹999 शुल्क दें।"
G1268,Your subscription to Flipkart has been renewed successfully. Please keep this for your records.,genuine,subscription,en,Research-backed synthetic,synthetic_research_backed,normal subscription notice,Verify the renewal in the official account.,1. Open the official service app. 2. Check billing history. 3. Contact official support if the charge is unfamiliar.,Low,P4,"English dataset row; retained from the finalized 1,500-record ScamShield dataset.",your subscription to flipkart has been renewed successfully. please keep this for your records.
G1415,The department seminar on Data Analytics will be held on 20 October in sample-venue. Please keep this for your records.,genuine,college_announcement,en,Research-backed synthetic,synthetic_research_backed,normal institutional announcement,Check the official college communication channel for details.,1. Verify the announcement in the official portal/email. 2. Note the venue and time. 3. Attend if relevant.,Low,P4,"English dataset row; retained from the finalized 1,500-record ScamShield dataset.",the department seminar on data analytics will be held on 20 october in sample-venue. please keep this for your records.
S0557,Please donate Rs 799 for an emergency relief campaign. Transfer to this personal UPI ID today. Immediate action required.,scam,charity_scam,en,Research-backed synthetic,synthetic_research_backed,"emotional appeal, personal payment destination, urgency",Verify the charity and donation channel independently.,1. Do not transfer to an unverified personal account. 2. Check the organization's official website. 3. Donate through verified channels. 4. Report the message.,Medium,P2,"English dataset row; retained from the finalized 1,500-record ScamShield dataset.",please donate rs 799 for an emergency relief campaign. transfer to this personal upi id today. immediate action required.
G0298,The department seminar on Machine Learning will be held on 20 October in sample-venue. — Customer Notification.,genuine,college_announcement,en,Research-backed synthetic,synthetic_research_backed,normal institutional announcement,Check the official college communication channel for details.,1. Verify the announcement in the official portal/email. 2. Note the venue and time. 3. Attend if relevant.,Low,P4,"English dataset row; retained from the finalized 1,500-record ScamShield dataset.",the department seminar on machine learning will be held on 20 october in sample-venue. — customer notification.
S0549,You have been selected for a work-from-home Data Analyst paying Rs 249 per day. Pay Rs 999 as registration before joining. Immediate action required.,scam,job_scam,en,Research-backed synthetic,synthetic_research_backed,"unrealistic earnings, upfront fee, unsolicited job",Do not pay the registration fee.,1. Do not pay. 2. Verify the employer independently. 3. Do not share identity/banking documents. 4. Block and report the sender.,High,P1,"English dataset row; retained from the finalized 1,500-record ScamShield dataset.",you have been selected for a work-from-home data analyst paying rs 249 per day. pay rs 999 as registration before joining. immediate action required.
S0073,Your Google account has been locked. Verify your identity now at http://secure-update.invalid to avoid permanent closure. Act now.,scam,phishing,en,Research-backed synthetic,synthetic_research_backed,"account threat, urgency, suspicious URL, credential harvesting",Do not click the link.,1. Do not open the URL. 2. Visit the service by typing its official address. 3. Change credentials if exposed. 4. Report the message.,High,P1,"English dataset row; retained from the finalized 1,500-record ScamShield dataset.",your google account has been locked. verify your identity now at http://secure-update.invalid to avoid permanent closure. act now.
G1203,Your Spotify payment of Rs 499 was processed successfully. Thank you.,genuine,transaction,en,Research-backed synthetic,synthetic_research_backed,normal transaction notification,Verify the transaction in the official app or bank statement.,1. Check the transaction in the official app. 2. Confirm the amount and merchant. 3. Keep the receipt if needed.,Low,P4,"English dataset row; retained from the finalized 1,500-record ScamShield dataset.",your spotify payment of rs 499 was processed successfully. thank you.
S0166,Congratulations! Your instant loan of Rs 499 is approved. Pay Rs 999 processing charges to release the funds. Immediate action required.,scam,loan_scam,en,Research-backed synthetic,synthetic_research_backed,"unsolicited loan, advance fee, pressure",Do not pay the fee.,1. Do not pay upfront charges. 2. Verify the lender independently. 3. Avoid sharing banking credentials. 4. Report the message.,High,P1,"English dataset row; retained from the finalized 1,500-record ScamShield dataset.",congratulations! your instant loan of rs 499 is approved. pay rs 999 processing charges to release the funds. immediate action required.
G0673,Please review the latest Live Call Guardian build before the stand-up tomorrow. Thank you.,genuine,work,en,Research-backed synthetic,synthetic_research_backed,ordinary workplace communication,Review the work through the normal project channel.,1. Open the known project workspace. 2. Review the requested item. 3. Reply with feedback.,Low,P4,"English dataset row; retained from the finalized 1,500-record ScamShield dataset.",please review the latest live call guardian build before the stand-up tomorrow. thank you.
S0349,Your electricity connection will be disconnected tonight unless you pay the pending bill through http://account-check.invalid. Act now.,scam,utility_scam,en,Research-backed synthetic,synthetic_research_backed,"utility impersonation, disconnection threat, suspicious URL",Verify the bill through the official utility portal.,1. Do not open the link. 2. Check the official utility account. 3. Pay only through the official portal. 4. Report the message.,High,P1,"English dataset row; retained from the finalized 1,500-record ScamShield dataset.",your electricity connection will be disconnected tonight unless you pay the pending bill through http://account-check.invalid. act now.
HI-S0053,आपदा राहत के लिए ₹499 तुरंत इस व्यक्तिगत UPI ID पर भेजें।,scam,charity_scam,hi,Research-backed synthetic multilingual,synthetic_research_backed,"भावनात्मक अपील, निजी भुगतान खाता, तात्कालिकता",संगठन और भुगतान चैनल को स्वतंत्र रूप से सत्यापित करें।,1. संगठन और भुगतान चैनल को स्वतंत्र रूप से सत्यापित करें। 2. आधिकारिक चैनल से स्वतंत्र रूप से सत्यापन करें। 3. संदिग्ध होने पर संदेश/नंबर की रिपोर्ट करें।,Medium,P2,Hindi synthetic/adapted example; not claimed as verbatim real-world data.,आपदा राहत के लिए ₹499 तुरंत इस व्यक्तिगत upi id पर भेजें।
HI-S0018,मैं आपके बैंक की सुरक्षा टीम से बोल रहा हूं। संदिग्ध लेनदेन रोकने के लिए PIN और OTP बताएं।,scam,vishing,hi,Research-backed synthetic multilingual,synthetic_research_backed,"फोन पर बैंक प्रतिरूपण, PIN/OTP अनुरोध",कॉल समाप्त करें और बैंक के आधिकारिक नंबर पर स्वयं कॉल करें।,1. कॉल समाप्त करें और बैंक के आधिकारिक नंबर पर स्वयं कॉल करें। 2. आधिकारिक चैनल से स्वतंत्र रूप से सत्यापन करें। 3. संदिग्ध होने पर संदेश/नंबर की रिपोर्ट करें।,Critical,P1,Hindi synthetic/adapted example; not claimed as verbatim real-world data.,मैं आपके बैंक की सुरक्षा टीम से बोल रहा हूं। संदिग्ध लेनदेन रोकने के लिए pin और otp बताएं।
TE-G0083,మీ ₹199 విద్యుత్ బిల్లు 5 अक्टूबरన చెల్లించాలి.,genuine,utility_genuine,te,Research-backed synthetic multilingual,synthetic_research_backed,సాధారణ యుటిలిటీ రిమైండర్,అధికారిక విద్యుత్ పోర్టల్‌లో బిల్లు చెక్ చేయండి.,1. అధికారిక విద్యుత్ పోర్టల్‌లో బిల్లు చెక్ చేయండి. 2. అధికారిక ఛానల్ ద్వారా స్వతంత్రంగా వెరిఫై చేయండి. 3. ఆధారాలను సేవ్ చేసి అవసరమైతే రిపోర్ట్ చేయండి.,Low,P4,Telugu synthetic/adapted example; not claimed as verbatim real-world data.,మీ ₹199 విద్యుత్ బిల్లు 5 अक्टूबरన చెల్లించాలి.
G0823,Rs 799 was spent at Uber using your credit card.,genuine,transaction,en,Research-backed synthetic,synthetic_research_backed,normal transaction notification,Verify the transaction in the official banking/payment app.,1. Open the official banking app. 2. Confirm the transaction. 3. Contact the bank only if it is unrecognized.,Low,P4,"English dataset row; retained from the finalized 1,500-record ScamShield dataset.",rs 799 was spent at uber using your credit card.
G1271,"Hey Joshii, are we still meeting with Prajwala and Kittu at the campus cafeteria later today?",genuine,personal,en,User-provided reference file,user_reference,,,Verify through an official channel; follow the expected action above.,Low,P4,"English dataset row; retained from the finalized 1,500-record ScamShield dataset.","hey joshii, are we still meeting with prajwala and kittu at the campus cafeteria later today?"
G0427,Your Amazon Logistics order #401-8246152 has shipped and is expected to arrive on 15 October. — Customer Notification.,genuine,delivery,en,Research-backed synthetic,synthetic_research_backed,normal delivery update,Track through the official retailer/carrier app if needed.,1. Open the official app if tracking is required. 2. Check the order number. 3. No payment is required unless shown in the official order flow.,Low,P4,"English dataset row; retained from the finalized 1,500-record ScamShield dataset.",your amazon logistics order #401-8246152 has shipped and is expected to arrive on 15 october. — customer notification.
TE-G0003,సెమిస్టర్ పరీక్షల టైమ్‌టేబుల్ కాలేజ్ పోర్టల్‌లో విడుదలైంది.,genuine,education,te,Research-backed synthetic multilingual,synthetic_research_backed,సాధారణ విద్యా సమాచారం,అధికారిక కాలేజ్ పోర్టల్‌లో చెక్ చేయండి.,1. అధికారిక కాలేజ్ పోర్టల్‌లో చెక్ చేయండి. 2. అధికారిక ఛానల్ ద్వారా స్వతంత్రంగా వెరిఫై చేయండి. 3. ఆధారాలను సేవ్ చేసి అవసరమైతే రిపోర్ట్ చేయండి.,Low,P4,Telugu synthetic/adapted example; not claimed as verbatim real-world data.,సెమిస్టర్ పరీక్షల టైమ్‌టేబుల్ కాలేజ్ పోర్టల్‌లో విడుదలైంది.
S1078,Congratulations! Your instant loan of Rs 4999 is approved. Pay Rs 999 processing charges to release the funds.,scam,loan_scam,en,Research-backed synthetic,synthetic_research_backed,"unsolicited loan, advance fee, pressure",Do not pay the fee.,1. Do not pay upfront charges. 2. Verify the lender independently. 3. Avoid sharing banking credentials. 4. Report the message.,High,P1,"English dataset row; retained from the finalized 1,500-record ScamShield dataset.",congratulations! your instant loan of rs 4999 is approved. pay rs 999 processing charges to release the funds.
S0617,Premium apartment available at a very low rent. Send a refundable booking deposit of Rs 199 before viewing. Act now.,scam,rental_scam,en,Research-backed synthetic,synthetic_research_backed,"unusually low price, advance deposit, no viewing",Do not pay a deposit before independently verifying the property and owner.,1. Do not transfer the deposit. 2. Verify ownership/listing independently. 3. Inspect the property. 4. Report suspicious listings.,High,P2,"English dataset row; retained from the finalized 1,500-record ScamShield dataset.",premium apartment available at a very low rent. send a refundable booking deposit of rs 199 before viewing. act now.
S1449,We detected an issue with your Google account. Call +91 9XXXX XXXXX and provide your card details for verification.,scam,customer_support,en,Research-backed synthetic,synthetic_research_backed,"fake support, request for financial data, unsolicited contact",Do not provide card or account details.,1. Do not call the supplied number. 2. Use official support channels. 3. Do not share card/OTP details. 4. Block the sender.,Critical,P1,"English dataset row; retained from the finalized 1,500-record ScamShield dataset.",we detected an issue with your google account. call +91 9xxxx xxxxx and provide your card details for verification.
HI-G0066,आपके मोबाइल प्लान में 800 MB डेटा शेष है और यह 2 अक्टूबर तक वैध है।,genuine,telecom_genuine,hi,Research-backed synthetic multilingual,synthetic_research_backed,सामान्य टेलीकॉम सूचना,आधिकारिक टेलीकॉम ऐप में उपयोग जांचें।,1. आधिकारिक टेलीकॉम ऐप में उपयोग जांचें। 2. आधिकारिक चैनल से स्वतंत्र रूप से सत्यापन करें। 3. संदिग्ध होने पर संदेश/नंबर की रिपोर्ट करें।,Low,P4,Hindi synthetic/adapted example; not claimed as verbatim real-world data.,आपके मोबाइल प्लान में 800 mb डेटा शेष है और यह 2 अक्टूबर तक वैध है।
G1244,Reminder from local health clinic: your doctor consultation is booked for 5 October at 10:00 AM. — Customer Notification.,genuine,healthcare,en,Research-backed synthetic,synthetic_research_backed,normal healthcare reminder,Use the clinic's official contact details for changes.,1. Verify the appointment in the clinic system. 2. Add it to your calendar. 3. Contact the clinic through its official number if needed.,Low,P4,"English dataset row; retained from the finalized 1,500-record ScamShield dataset.",reminder from local health clinic: your doctor consultation is booked for 5 october at 10:00 am. — customer notification.
G0803,Your order #403-5820147 from the store has been confirmed.,genuine,ecommerce,en,Research-backed synthetic,synthetic_research_backed,normal ecommerce notification,Check the order in the official shopping account.,1. Check the order in the official shopping account. 2. Verify the message in the official app/portal if needed. 3. Do not share sensitive information unnecessarily.,Low,P4,"English dataset row; retained from the finalized 1,500-record ScamShield dataset.",your order #403-5820147 from the store has been confirmed.
S0207,Your Microsoft account has been locked. Verify your identity now at http://secure-update.invalid to avoid permanent closure. Immediate action required.,scam,phishing,en,Research-backed synthetic,synthetic_research_backed,"account threat, urgency, suspicious URL, credential harvesting",Do not click the link.,1. Do not open the URL. 2. Visit the service by typing its official address. 3. Change credentials if exposed. 4. Report the message.,High,P1,"English dataset row; retained from the finalized 1,500-record ScamShield dataset.",your microsoft account has been locked. verify your identity now at http://secure-update.invalid to avoid permanent closure. immediate action required.
G1428,The ScamShield API test report is ready for review. — Customer Notification.,genuine,work,en,Research-backed synthetic,synthetic_research_backed,ordinary workplace communication,Open the report from the known work repository.,1. Verify the project context. 2. Review the report. 3. Share findings through the normal team channel.,Low,P4,"English dataset row; retained from the finalized 1,500-record ScamShield dataset.",the scamshield api test report is ready for review. — customer notification.
HI-S0034,"घर से काम करके रोज़ ₹999 कमाएं। नौकरी शुरू करने से पहले ₹1,999 रजिस्ट्रेशन शुल्क जमा करें।",scam,job_scam,hi,Research-backed synthetic multilingual,synthetic_research_backed,"फर्जी नौकरी, अवास्तविक कमाई, अग्रिम शुल्क",रजिस्ट्रेशन शुल्क न दें और नियोक्ता की स्वतंत्र रूप से जांच करें।,1. रजिस्ट्रेशन शुल्क न दें और नियोक्ता की स्वतंत्र रूप से जांच करें। 2. आधिकारिक चैनल से स्वतंत्र रूप से सत्यापन करें। 3. संदिग्ध होने पर संदेश/नंबर की रिपोर्ट करें।,High,P1,Hindi synthetic/adapted example; not claimed as verbatim real-world data.,"घर से काम करके रोज़ ₹999 कमाएं। नौकरी शुरू करने से पहले ₹1,999 रजिस्ट्रेशन शुल्क जमा करें।"
S1471,Congratulations! Your instant loan of Rs 2499 is approved. Pay Rs 299 processing charges to release the funds. Act now.,scam,loan_scam,en,Research-backed synthetic,synthetic_research_backed,"unsolicited loan, advance fee, pressure",Do not pay the fee.,1. Do not pay upfront charges. 2. Verify the lender independently. 3. Avoid sharing banking credentials. 4. Report the message.,High,P1,"English dataset row; retained from the finalized 1,500-record ScamShield dataset.",congratulations! your instant loan of rs 2499 is approved. pay rs 299 processing charges to release the funds. act now.
TE-S0105,"మీ ₹999 ఇన్‌స్టంట్ లోన్ ఆమోదించబడింది. డబ్బు విడుదలకు ₹1,999 ప్రాసెసింగ్ ఫీజు చెల్లించండి.",scam,loan_scam,te,Research-backed synthetic multilingual,synthetic_research_backed,"ఫేక్ లోన్, ముందస్తు ఫీజు, ఆర్థిక ఒత్తిడి",ఫీజు చెల్లించకండి; లెండర్ వివరాలు వెరిఫై చేయండి.,1. ఫీజు చెల్లించకండి; లెండర్ వివరాలు వెరిఫై చేయండి. 2. అధికారిక ఛానల్ ద్వారా స్వతంత్రంగా వెరిఫై చేయండి. 3. ఆధారాలను సేవ్ చేసి అవసరమైతే రిపోర్ట్ చేయండి.,High,P1,Telugu synthetic/adapted example; not claimed as verbatim real-world data.,"మీ ₹999 ఇన్‌స్టంట్ లోన్ ఆమోదించబడింది. డబ్బు విడుదలకు ₹1,999 ప్రాసెసింగ్ ఫీజు చెల్లించండి."
G0565,Flipkart verification code G-481205 है। इसे किसी के साथ साझा न करें। Thank you.,genuine,otp,en,Research-backed synthetic,synthetic_research_backed,legitimate verification-code notice,Use only for the verification you initiated.,1. कोड केवल आधिकारिक स्क्रीन पर दर्ज करें। 2. किसी को न बताएं। 3. अनचाहा कोड हो तो पासवर्ड/सुरक्षा जांचें।,Low,P4,"English dataset row; retained from the finalized 1,500-record ScamShield dataset.",flipkart verification code g-481205 है। इसे किसी के साथ साझा न करें। thank you.
TE-G0063,మీ ఆర్డర్ #401-8246152 షిప్ అయింది. ఇది 5 अक्टूबरన డెలివరీ అయ్యే అవకాశం ఉంది.,genuine,delivery,te,Research-backed synthetic multilingual,synthetic_research_backed,సాధారణ డెలివరీ అప్డేట్,అధికారిక యాప్/వెబ్‌సైట్‌లో ట్రాక్ చేయండి.,1. అధికారిక యాప్/వెబ్‌సైట్‌లో ట్రాక్ చేయండి. 2. అధికారిక ఛానల్ ద్వారా స్వతంత్రంగా వెరిఫై చేయండి. 3. ఆధారాలను సేవ్ చేసి అవసరమైతే రిపోర్ట్ చేయండి.,Low,P4,Telugu synthetic/adapted example; not claimed as verbatim real-world data.,మీ ఆర్డర్ #401-8246152 షిప్ అయింది. ఇది 5 अक्टूबरన డెలివరీ అయ్యే అవకాశం ఉంది.
S0532,You have been selected for a work-from-home Frontend Developer paying Rs 499 per day. Pay Rs 499 as registration before joining. Act now.,scam,job_scam,en,Research-backed synthetic,synthetic_research_backed,"unrealistic earnings, upfront fee, unsolicited job",Do not pay the registration fee.,1. Do not pay. 2. Verify the employer independently. 3. Do not share identity/banking documents. 4. Block and report the sender.,High,P1,"English dataset row; retained from the finalized 1,500-record ScamShield dataset.",you have been selected for a work-from-home frontend developer paying rs 499 per day. pay rs 499 as registration before joining. act now.
G0255,Your bank statement for account ending 1024 is now available in online banking.,genuine,banking_genuine,en,Research-backed synthetic,synthetic_research_backed,normal banking notification,Open the bank's official app or website.,1. Sign in through the official app/site. 2. Review the statement. 3. Never use links from unexpected messages to sign in.,Low,P4,"English dataset row; retained from the finalized 1,500-record ScamShield dataset.",your bank statement for account ending 1024 is now available in online banking.
S0838,Congratulations! Your instant loan of Rs 199 is approved. Pay Rs 999 processing charges to release the funds. Immediate action required.,scam,loan_scam,en,Research-backed synthetic,synthetic_research_backed,"unsolicited loan, advance fee, pressure",Do not pay the fee.,1. Do not pay upfront charges. 2. Verify the lender independently. 3. Avoid sharing banking credentials. 4. Report the message.,High,P1,"English dataset row; retained from the finalized 1,500-record ScamShield dataset.",congratulations! your instant loan of rs 199 is approved. pay rs 999 processing charges to release the funds. immediate action required.
G0077,Your subscription renews on 10 October for ₹799.,genuine,subscription,en,Research-backed synthetic,synthetic_research_backed,normal subscription notice,Review the subscription in the official account settings.,1. Review the subscription in the official account settings. 2. Verify the message in the official app/portal if needed. 3. Do not share sensitive information unnecessarily.,Low,P4,"English dataset row; retained from the finalized 1,500-record ScamShield dataset.",your subscription renews on 10 october for ₹799.
G0916,Your support ticket TKT-77104 has been updated. Please sign in to the official support portal to view the response. Please keep this for your records.,genuine,support_genuine,en,Research-backed synthetic,synthetic_research_backed,normal support-ticket notification,Open the known support portal directly.,1. Open the official support portal manually. 2. Search for the ticket number. 3. Review the response there.,Low,P4,"English dataset row; retained from the finalized 1,500-record ScamShield dataset.",your support ticket tkt-77104 has been updated. please sign in to the official support portal to view the response. please keep this for your records.
G0198,Reminder from your clinic: your appointment is booked for 15 October at 9:30 AM.,genuine,healthcare,en,Research-backed synthetic,synthetic_research_backed,normal healthcare reminder,Use the clinic's official contact details for changes.,1. Use the clinic's official contact details for changes. 2. Verify the message in the official app/portal if needed. 3. Do not share sensitive information unnecessarily.,Low,P4,"English dataset row; retained from the finalized 1,500-record ScamShield dataset.",reminder from your clinic: your appointment is booked for 15 october at 9:30 am.
S0481,Congratulations! Your instant loan of Rs 799 is approved. Pay Rs 999 processing charges to release the funds.,scam,loan_scam,en,Research-backed synthetic,synthetic_research_backed,"unsolicited loan, advance fee, pressure",Do not pay the fee.,1. Do not pay upfront charges. 2. Verify the lender independently. 3. Avoid sharing banking credentials. 4. Report the message.,High,P1,"English dataset row; retained from the finalized 1,500-record ScamShield dataset.",congratulations! your instant loan of rs 799 is approved. pay rs 999 processing charges to release the funds.
G1139,The department has published the timetable for the end-term examination. — Customer Notification.,genuine,education,en,Research-backed synthetic,synthetic_research_backed,normal educational announcement,Check the official college/university portal.,1. Open the official portal. 2. Confirm the timetable. 3. Note the exam date and time.,Low,P4,"English dataset row; retained from the finalized 1,500-record ScamShield dataset.",the department has published the timetable for the end-term examination. — customer notification.
G0391,Your Jio data plan has 2.8 GB remaining and is valid until 15 October. Thank you.,genuine,telecom_genuine,en,Research-backed synthetic,synthetic_research_backed,normal telecom usage notice,Check usage in the official telecom app if needed.,1. Open the official provider app. 2. Review plan usage. 3. Recharge only through official channels.,Low,P4,"English dataset row; retained from the finalized 1,500-record ScamShield dataset.",your jio data plan has 2.8 gb remaining and is valid until 15 october. thank you.
S1004,Security alert: your account will be suspended unless you send the OTP Q-183640 to our support agent immediately.,scam,otp,en,Research-backed synthetic,synthetic_research_backed,"OTP request, urgency, account-threat language",Do not share the OTP.,1. Do not share the OTP. 2. End the conversation. 3. Review account security in the official app. 4. Report the sender.,Critical,P1,"English dataset row; retained from the finalized 1,500-record ScamShield dataset.",security alert: your account will be suspended unless you send the otp q-183640 to our support agent immediately.
S1136,Our AI trading group guarantees 20% daily profit. Deposit Rs 1299 today to activate your account. Act now.,scam,investment_scam,en,Research-backed synthetic,synthetic_research_backed,"guaranteed returns, investment pressure, deposit request",Do not transfer money based on the message.,1. Do not deposit funds. 2. Verify the company independently. 3. Check regulatory status where applicable. 4. Report the solicitation.,Critical,P1,"English dataset row; retained from the finalized 1,500-record ScamShield dataset.",our ai trading group guarantees 20% daily profit. deposit rs 1299 today to activate your account. act now.
S1029,We detected an issue with your Microsoft account. Call +91 9XXXX XXXXX and provide your card details for verification.,scam,customer_support,en,Research-backed synthetic,synthetic_research_backed,"fake support, request for financial data, unsolicited contact",Do not provide card or account details.,1. Do not call the supplied number. 2. Use official support channels. 3. Do not share card/OTP details. 4. Block the sender.,Critical,P1,"English dataset row; retained from the finalized 1,500-record ScamShield dataset.",we detected an issue with your microsoft account. call +91 9xxxx xxxxx and provide your card details for verification.
G0311,Your order #401-8246152 has shipped and is expected to arrive on 30 September.,genuine,delivery,en,Research-backed synthetic,synthetic_research_backed,normal delivery update,Track through the official retailer/carrier app.,1. Track through the official retailer/carrier app. 2. Verify the message in the official app/portal if needed. 3. Do not share sensitive information unnecessarily.,Low,P4,"English dataset row; retained from the finalized 1,500-record ScamShield dataset.",your order #401-8246152 has shipped and is expected to arrive on 30 september.
TE-S0036,మీ WhatsApp అకౌంట్ లాక్ అయింది. మూసివేయకుండా ఉండేందుకు http://secure-update.invalidలో లాగిన్ అవ్వండి.,scam,phishing,te,Research-backed synthetic multilingual,synthetic_research_backed,"ఫిషింగ్ లింక్, అకౌంట్ బెదిరింపు, క్రెడెన్షియల్ అభ్యర్థన",లింక్ ఓపెన్ చేయకండి; అధికారిక యాప్‌లో చెక్ చేయండి.,1. లింక్ ఓపెన్ చేయకండి; అధికారిక యాప్‌లో చెక్ చేయండి. 2. అధికారిక ఛానల్ ద్వారా స్వతంత్రంగా వెరిఫై చేయండి. 3. ఆధారాలను సేవ్ చేసి అవసరమైతే రిపోర్ట్ చేయండి.,High,P1,Telugu synthetic/adapted example; not claimed as verbatim real-world data.,మీ whatsapp అకౌంట్ లాక్ అయింది. మూసివేయకుండా ఉండేందుకు http://secure-update.invalidలో లాగిన్ అవ్వండి.
G1155,Your Netflix payment of ₹499 was processed successfully.,genuine,transaction,en,Research-backed synthetic,synthetic_research_backed,normal transaction notification,Verify in the official app.,1. Verify in the official app. 2. Verify the message in the official app/portal if needed. 3. Do not share sensitive information unnecessarily.,Low,P4,"English dataset row; retained from the finalized 1,500-record ScamShield dataset.",your netflix payment of ₹499 was processed successfully.
G1483,Delivery update: DTDC will attempt delivery of order #401-8246152 today. — Customer Notification.,genuine,delivery,en,Research-backed synthetic,synthetic_research_backed,normal delivery update,Use the official tracking page or app.,1. Check official tracking. 2. Keep the delivery address accessible. 3. Contact the retailer through official support if there is a problem.,Low,P4,"English dataset row; retained from the finalized 1,500-record ScamShield dataset.",delivery update: dtdc will attempt delivery of order #401-8246152 today. — customer notification.
HI-S0025,आपका ₹199 का इंस्टेंट लोन स्वीकृत है। राशि जारी कराने के लिए ₹199 प्रोसेसिंग शुल्क दें।,scam,loan_scam,hi,Research-backed synthetic multilingual,synthetic_research_backed,"फर्जी लोन, अग्रिम शुल्क, वित्तीय दबाव",शुल्क न दें और ऋणदाता की आधिकारिक जानकारी जांचें।,1. शुल्क न दें और ऋणदाता की आधिकारिक जानकारी जांचें। 2. आधिकारिक चैनल से स्वतंत्र रूप से सत्यापन करें। 3. संदिग्ध होने पर संदेश/नंबर की रिपोर्ट करें।,High,P1,Hindi synthetic/adapted example; not claimed as verbatim real-world data.,आपका ₹199 का इंस्टेंट लोन स्वीकृत है। राशि जारी कराने के लिए ₹199 प्रोसेसिंग शुल्क दें।
G1251,Please review the latest MediSync build before the review tomorrow. Thank you.,genuine,work,en,Research-backed synthetic,synthetic_research_backed,ordinary workplace communication,Review the work through the normal project channel.,1. Open the known project workspace. 2. Review the requested item. 3. Reply with feedback.,Low,P4,"English dataset row; retained from the finalized 1,500-record ScamShield dataset.",please review the latest medisync build before the review tomorrow. thank you.
G0485,Your order #403-5820147 from BookMyShow has been confirmed for delivery.,genuine,ecommerce,en,Research-backed synthetic,synthetic_research_backed,normal ecommerce order confirmation,Check order status in the official store account.,1. Open the official shopping app/site. 2. Verify the order. 3. Contact official support for changes.,Low,P4,"English dataset row; retained from the finalized 1,500-record ScamShield dataset.",your order #403-5820147 from bookmyshow has been confirmed for delivery.
TE-S0071,మీ Paytm అకౌంట్ లాక్ అయింది. మూసివేయకుండా ఉండేందుకు http://verify-account.invalidలో లాగిన్ అవ్వండి.,scam,phishing,te,Research-backed synthetic multilingual,synthetic_research_backed,"ఫిషింగ్ లింక్, అకౌంట్ బెదిరింపు, క్రెడెన్షియల్ అభ్యర్థన",లింక్ ఓపెన్ చేయకండి; అధికారిక యాప్‌లో చెక్ చేయండి.,1. లింక్ ఓపెన్ చేయకండి; అధికారిక యాప్‌లో చెక్ చేయండి. 2. అధికారిక ఛానల్ ద్వారా స్వతంత్రంగా వెరిఫై చేయండి. 3. ఆధారాలను సేవ్ చేసి అవసరమైతే రిపోర్ట్ చేయండి.,High,P1,Telugu synthetic/adapted example; not claimed as verbatim real-world data.,మీ paytm అకౌంట్ లాక్ అయింది. మూసివేయకుండా ఉండేందుకు http://verify-account.invalidలో లాగిన్ అవ్వండి.
S0685,"Hi, I lost my phone and need you to urgently transfer Rs 499 to this new account. Please don't call. Immediate action required.",scam,impersonation,en,Research-backed synthetic,synthetic_research_backed,"impersonation, money request, urgency, discouraging verification",Verify the person's identity through an independent channel before any payment.,1. Do not transfer money. 2. Call the person using a known number. 3. Confirm the request independently. 4. Report if fraudulent.,High,P1,"English dataset row; retained from the finalized 1,500-record ScamShield dataset.","hi, i lost my phone and need you to urgently transfer rs 499 to this new account. please don't call. immediate action required."
S1064,Your parcel is held because of a Rs 299 customs/redelivery charge. Pay at https://example.invalid/verify within 2 hours. Immediate action required.,scam,delivery,en,Research-backed synthetic,synthetic_research_backed,"delivery impersonation, small fee, urgency, suspicious URL",Do not pay through the provided link.,1. Do not open the link. 2. Check the order on the official retailer/carrier site. 3. Verify any fee there. 4. Report the SMS.,High,P1,"English dataset row; retained from the finalized 1,500-record ScamShield dataset.",your parcel is held because of a rs 299 customs/redelivery charge. pay at https://example.invalid/verify within 2 hours. immediate action required.
G0498,Rs 199 was spent at Zomato using your UPI. Thank you.,genuine,transaction,en,Research-backed synthetic,synthetic_research_backed,normal transaction notification,Verify the transaction in the official banking/payment app.,1. Open the official banking app. 2. Confirm the transaction. 3. Contact the bank only if it is unrecognized.,Low,P4,"English dataset row; retained from the finalized 1,500-record ScamShield dataset.",rs 199 was spent at zomato using your upi. thank you.
G0152,Delivery update: Delhivery will attempt delivery of order #403-5820147 today.,genuine,delivery,en,Research-backed synthetic,synthetic_research_backed,normal delivery update,Use the official tracking page or app.,1. Check official tracking. 2. Keep the delivery address accessible. 3. Contact the retailer through official support if there is a problem.,Low,P4,"English dataset row; retained from the finalized 1,500-record ScamShield dataset.",delivery update: delhivery will attempt delivery of order #403-5820147 today.
TE-S0063,మీ ₹199 రీఫండ్ పెండింగ్‌లో ఉంది. రీఫండ్ కోసం కార్డ్ నంబర్ మరియు OTP పంపండి.,scam,fake_refund,te,Research-backed synthetic multilingual,synthetic_research_backed,"ఫేక్ రీఫండ్, కార్డ్ వివరాలు, OTP",కార్డ్ వివరాలు లేదా OTP షేర్ చేయకండి.,1. కార్డ్ వివరాలు లేదా OTP షేర్ చేయకండి. 2. అధికారిక ఛానల్ ద్వారా స్వతంత్రంగా వెరిఫై చేయండి. 3. ఆధారాలను సేవ్ చేసి అవసరమైతే రిపోర్ట్ చేయండి.,Critical,P1,Telugu synthetic/adapted example; not claimed as verbatim real-world data.,మీ ₹199 రీఫండ్ పెండింగ్‌లో ఉంది. రీఫండ్ కోసం కార్డ్ నంబర్ మరియు otp పంపండి.
G0744,Your registration for placement orientation is confirmed. The event begins at 10:00 AM on 10 October. Thank you.,genuine,event,en,Research-backed synthetic,synthetic_research_backed,normal event confirmation,Check the registration in the official event account/email.,1. Verify registration details. 2. Save the event information. 3. Use the organizer's official contact channel for changes.,Low,P4,"English dataset row; retained from the finalized 1,500-record ScamShield dataset.",your registration for placement orientation is confirmed. the event begins at 10:00 am on 10 october. thank you.
G0006,Your Akasa Air booking H9P3ZA is confirmed for 5 October. Thank you.,genuine,travel,en,Research-backed synthetic,synthetic_research_backed,normal travel confirmation,Check the booking in the official airline/travel app.,1. Open the official travel account. 2. Verify the booking reference. 3. Check schedule changes through the official channel.,Low,P4,"English dataset row; retained from the finalized 1,500-record ScamShield dataset.",your akasa air booking h9p3za is confirmed for 5 october. thank you.
S0115,Our crypto trading bot guarantees 10% profit every day. Deposit ₹5000 now to join.,scam,crypto_investment,en,Research-backed synthetic,synthetic_research_backed,"guaranteed returns, crypto solicitation, deposit request",Do not transfer money based on guaranteed-profit claims.,1. Do not transfer money based on guaranteed-profit claims. 2. Verify independently using the official service/authority. 3. Preserve evidence. 4. Report suspected cyber fraud.,Critical,P1,"English dataset row; retained from the finalized 1,500-record ScamShield dataset.",our crypto trading bot guarantees 10% profit every day. deposit ₹5000 now to join.
G1243,Your Instagram subscription renews on 30 September for Rs 199. Thank you.,genuine,subscription,en,Research-backed synthetic,synthetic_research_backed,normal subscription notice,Review the subscription in the official account settings.,1. Check the subscription details. 2. Confirm the renewal amount. 3. Cancel only through the official account if desired.,Low,P4,"English dataset row; retained from the finalized 1,500-record ScamShield dataset.",your instagram subscription renews on 30 september for rs 199. thank you.
S1214,Urgent: your SBI account will be blocked today because PAN/KYC is incomplete. Click http://secure-update.invalid to update now. Do not ignore this message.,scam,bank_kyc,en,Research-backed synthetic,synthetic_research_backed,"bank impersonation, urgency, suspicious URL, KYC request",Do not click the link or share banking credentials.,1. Do not click the link. 2. Open the bank's official app/site manually. 3. Verify KYC status. 4. Report the message if fraudulent.,High,P1,"English dataset row; retained from the finalized 1,500-record ScamShield dataset.",urgent: your sbi account will be blocked today because pan/kyc is incomplete. click http://secure-update.invalid to update now. do not ignore this message.
G1386,The Live Call Guardian API test report is ready for review. — Customer Notification.,genuine,work,en,Research-backed synthetic,synthetic_research_backed,ordinary workplace communication,Open the report from the known work repository.,1. Verify the project context. 2. Review the report. 3. Share findings through the normal team channel.,Low,P4,"English dataset row; retained from the finalized 1,500-record ScamShield dataset.",the live call guardian api test report is ready for review. — customer notification.
S1125,"Congratulations! Your instant personal loan of 5,00,000 is approved. Pay 2500 processing fee to disburse.",scam,loan_scam,en,User-provided reference file,user_reference,"unsolicited loan, advance fee",Do not pay fee,Verify through an official channel; follow the expected action above.,High,P1,"English dataset row; retained from the finalized 1,500-record ScamShield dataset.","congratulations! your instant personal loan of 5,00,000 is approved. pay 2500 processing fee to disburse."
S1134,You have been selected for a work-from-home ML Intern paying Rs 199 per day. Pay Rs 199 as registration before joining. Immediate action required.,scam,job_scam,en,Research-backed synthetic,synthetic_research_backed,"unrealistic earnings, upfront fee, unsolicited job",Do not pay the registration fee.,1. Do not pay. 2. Verify the employer independently. 3. Do not share identity/banking documents. 4. Block and report the sender.,High,P1,"English dataset row; retained from the finalized 1,500-record ScamShield dataset.",you have been selected for a work-from-home ml intern paying rs 199 per day. pay rs 199 as registration before joining. immediate action required.
S1046,Your account has won a creator reward. Send the verification code to claim your payout.,scam,social_media_fraud,en,Research-backed synthetic,synthetic_research_backed,"social-media impersonation, OTP request, reward lure",Do not share the code.,1. Do not share the code. 2. Verify independently using the official service/authority. 3. Preserve evidence. 4. Report suspected cyber fraud.,High,P1,"English dataset row; retained from the finalized 1,500-record ScamShield dataset.",your account has won a creator reward. send the verification code to claim your payout.
G0124,Your Vistara booking Q4M8LX is confirmed for 30 September. Please keep this for your records.,genuine,travel,en,Research-backed synthetic,synthetic_research_backed,normal travel confirmation,Check the booking in the official airline/travel app.,1. Open the official travel account. 2. Verify the booking reference. 3. Check schedule changes through the official channel.,Low,P4,"English dataset row; retained from the finalized 1,500-record ScamShield dataset.",your vistara booking q4m8lx is confirmed for 30 september. please keep this for your records.
HI-G0042,"आपका ₹2,499 बिजली बिल 10 अक्टूबर को देय है।",genuine,utility_genuine,hi,Research-backed synthetic multilingual,synthetic_research_backed,सामान्य यूटिलिटी रिमाइंडर,आधिकारिक बिजली पोर्टल पर बिल जांचें।,1. आधिकारिक बिजली पोर्टल पर बिल जांचें। 2. आधिकारिक चैनल से स्वतंत्र रूप से सत्यापन करें। 3. संदिग्ध होने पर संदेश/नंबर की रिपोर्ट करें।,Low,P4,Hindi synthetic/adapted example; not claimed as verbatim real-world data.,"आपका ₹2,499 बिजली बिल 10 अक्टूबर को देय है।"
TE-G0094,మీ ట్రావెల్ బుకింగ్ Q4M8LX 10 अक्टूबरకి కన్ఫర్మ్ అయింది.,genuine,travel,te,Research-backed synthetic multilingual,synthetic_research_backed,సాధారణ ట్రావెల్ కన్ఫర్మేషన్,అధికారిక ట్రావెల్ యాప్‌లో చెక్ చేయండి.,1. అధికారిక ట్రావెల్ యాప్‌లో చెక్ చేయండి. 2. అధికారిక ఛానల్ ద్వారా స్వతంత్రంగా వెరిఫై చేయండి. 3. ఆధారాలను సేవ్ చేసి అవసరమైతే రిపోర్ట్ చేయండి.,Low,P4,Telugu synthetic/adapted example; not claimed as verbatim real-world data.,మీ ట్రావెల్ బుకింగ్ q4m8lx 10 अक्टूबरకి కన్ఫర్మ్ అయింది.
G0603,Your BSNL data plan has 2.8 GB remaining and is valid until 20 October. Please keep this for your records.,genuine,telecom_genuine,en,Research-backed synthetic,synthetic_research_backed,normal telecom usage notice,Check usage in the official telecom app if needed.,1. Open the official provider app. 2. Review plan usage. 3. Recharge only through official channels.,Low,P4,"English dataset row; retained from the finalized 1,500-record ScamShield dataset.",your bsnl data plan has 2.8 gb remaining and is valid until 20 october. please keep this for your records.
HI-S0037,"CAPTCHA भरकर रोज़ ₹499 कमाएं। अकाउंट सक्रिय करने के लिए ₹1,999 शुल्क दें।",scam,fake_captcha_job,hi,Research-backed synthetic multilingual,synthetic_research_backed,"फर्जी CAPTCHA नौकरी, अग्रिम शुल्क, अवास्तविक कमाई",शुल्क न दें और नौकरी की स्वतंत्र जांच करें।,1. शुल्क न दें और नौकरी की स्वतंत्र जांच करें। 2. आधिकारिक चैनल से स्वतंत्र रूप से सत्यापन करें। 3. संदिग्ध होने पर संदेश/नंबर की रिपोर्ट करें।,High,P1,Hindi synthetic/adapted example; not claimed as verbatim real-world data.,"captcha भरकर रोज़ ₹499 कमाएं। अकाउंट सक्रिय करने के लिए ₹1,999 शुल्क दें।"
G1167,Can you bring the book when you come to computer lab?,genuine,personal,en,Research-backed synthetic,synthetic_research_backed,ordinary personal communication,Reply normally if the request is expected.,1. Confirm the context. 2. Reply normally. 3. Ignore if the sender is unknown.,Low,P4,"English dataset row; retained from the finalized 1,500-record ScamShield dataset.",can you bring the book when you come to computer lab?
S0032,"Hi, I lost my phone and need you to urgently transfer Rs 1299 to this new account. Please don't call. Do not ignore this message.",scam,impersonation,en,Research-backed synthetic,synthetic_research_backed,"impersonation, money request, urgency, discouraging verification",Verify the person's identity through an independent channel before any payment.,1. Do not transfer money. 2. Call the person using a known number. 3. Confirm the request independently. 4. Report if fraudulent.,High,P1,"English dataset row; retained from the finalized 1,500-record ScamShield dataset.","hi, i lost my phone and need you to urgently transfer rs 1299 to this new account. please don't call. do not ignore this message."
G1234,Flipkart verification code Q-183640 है। इसे किसी के साथ साझा न करें।,genuine,otp,en,Research-backed synthetic,synthetic_research_backed,legitimate verification-code notice,Use only for the verification you initiated.,1. कोड केवल आधिकारिक स्क्रीन पर दर्ज करें। 2. किसी को न बताएं। 3. अनचाहा कोड हो तो पासवर्ड/सुरक्षा जांचें।,Low,P4,"English dataset row; retained from the finalized 1,500-record ScamShield dataset.",flipkart verification code q-183640 है। इसे किसी के साथ साझा न करें।
HI-G0069,आपका Java Developer आवेदन अगले चरण के लिए चयनित हुआ है। आधिकारिक करियर पोर्टल देखें।,genuine,job_genuine,hi,Research-backed synthetic multilingual,synthetic_research_backed,सामान्य भर्ती सूचना,कंपनी के आधिकारिक करियर पोर्टल से आवेदन स्थिति जांचें।,1. कंपनी के आधिकारिक करियर पोर्टल से आवेदन स्थिति जांचें। 2. आधिकारिक चैनल से स्वतंत्र रूप से सत्यापन करें। 3. संदिग्ध होने पर संदेश/नंबर की रिपोर्ट करें।,Low,P4,Hindi synthetic/adapted example; not claimed as verbatim real-world data.,आपका java developer आवेदन अगले चरण के लिए चयनित हुआ है। आधिकारिक करियर पोर्टल देखें।
S1089,We detected an issue with your Amazon account. Call +91 9XXXX XXXXX and provide your card details for verification. Immediate action required.,scam,customer_support,en,Research-backed synthetic,synthetic_research_backed,"fake support, request for financial data, unsolicited contact",Do not provide card or account details.,1. Do not call the supplied number. 2. Use official support channels. 3. Do not share card/OTP details. 4. Block the sender.,Critical,P1,"English dataset row; retained from the finalized 1,500-record ScamShield dataset.",we detected an issue with your amazon account. call +91 9xxxx xxxxx and provide your card details for verification. immediate action required.
S1163,Congratulations! Your instant loan of Rs 1299 is approved. Pay Rs 999 processing charges to release the funds. Act now.,scam,loan_scam,en,Research-backed synthetic,synthetic_research_backed,"unsolicited loan, advance fee, pressure",Do not pay the fee.,1. Do not pay upfront charges. 2. Verify the lender independently. 3. Avoid sharing banking credentials. 4. Report the message.,High,P1,"English dataset row; retained from the finalized 1,500-record ScamShield dataset.",congratulations! your instant loan of rs 1299 is approved. pay rs 999 processing charges to release the funds. act now.
G0601,Your Blue Dart order #403-5820147 has shipped and is expected to arrive on 30 September. Please keep this for your records.,genuine,delivery,en,Research-backed synthetic,synthetic_research_backed,normal delivery update,Track through the official retailer/carrier app if needed.,1. Open the official app if tracking is required. 2. Check the order number. 3. No payment is required unless shown in the official order flow.,Low,P4,"English dataset row; retained from the finalized 1,500-record ScamShield dataset.",your blue dart order #403-5820147 has shipped and is expected to arrive on 30 september. please keep this for your records.
HI-G0067,आपके सपोर्ट टिकट REQ-51942 में अपडेट है। विवरण देखने के लिए आधिकारिक सपोर्ट पोर्टल में साइन इन करें।,genuine,support_genuine,hi,Research-backed synthetic multilingual,synthetic_research_backed,सामान्य सपोर्ट सूचना,ज्ञात सपोर्ट पोर्टल सीधे खोलें।,1. ज्ञात सपोर्ट पोर्टल सीधे खोलें। 2. आधिकारिक चैनल से स्वतंत्र रूप से सत्यापन करें। 3. संदिग्ध होने पर संदेश/नंबर की रिपोर्ट करें।,Low,P4,Hindi synthetic/adapted example; not claimed as verbatim real-world data.,आपके सपोर्ट टिकट req-51942 में अपडेट है। विवरण देखने के लिए आधिकारिक सपोर्ट पोर्टल में साइन इन करें।
S1261,We detected an issue with your Amazon account. Call +91 9XXXX XXXXX and provide your card details for verification. Act now.,scam,customer_support,en,Research-backed synthetic,synthetic_research_backed,"fake support, request for financial data, unsolicited contact",Do not provide card or account details.,1. Do not call the supplied number. 2. Use official support channels. 3. Do not share card/OTP details. 4. Block the sender.,Critical,P1,"English dataset row; retained from the finalized 1,500-record ScamShield dataset.",we detected an issue with your amazon account. call +91 9xxxx xxxxx and provide your card details for verification. act now.
G1448,The MediSync API test report is ready for review.,genuine,work,en,Research-backed synthetic,synthetic_research_backed,ordinary workplace communication,Open the report from the known work repository.,1. Verify the project context. 2. Review the report. 3. Share findings through the normal team channel.,Low,P4,"English dataset row; retained from the finalized 1,500-record ScamShield dataset.",the medisync api test report is ready for review.
TE-S0011,మీ ఖాతా వెంటనే బ్లాక్ అవుతుంది. వెరిఫికేషన్ కోసం మీకు వచ్చిన OTPని మాకు పంపండి.,scam,otp,te,Research-backed synthetic multilingual,synthetic_research_backed,"OTP అభ్యర్థన, అత్యవసరం, బెదిరింపు",OTP ఎవరితోనూ షేర్ చేయకండి.,1. OTP ఎవరితోనూ షేర్ చేయకండి. 2. అధికారిక ఛానల్ ద్వారా స్వతంత్రంగా వెరిఫై చేయండి. 3. ఆధారాలను సేవ్ చేసి అవసరమైతే రిపోర్ట్ చేయండి.,Critical,P1,Telugu synthetic/adapted example; not claimed as verbatim real-world data.,మీ ఖాతా వెంటనే బ్లాక్ అవుతుంది. వెరిఫికేషన్ కోసం మీకు వచ్చిన otpని మాకు పంపండి.
HI-G0088,"आपके Amazon का ₹10,000 भुगतान सफलतापूर्वक प्रोसेस हो गया है।",genuine,transaction,hi,Research-backed synthetic multilingual,synthetic_research_backed,सामान्य लेनदेन सूचना,आधिकारिक ऐप में लेनदेन सत्यापित करें।,1. आधिकारिक ऐप में लेनदेन सत्यापित करें। 2. आधिकारिक चैनल से स्वतंत्र रूप से सत्यापन करें। 3. संदिग्ध होने पर संदेश/नंबर की रिपोर्ट करें।,Low,P4,Hindi synthetic/adapted example; not claimed as verbatim real-world data.,"आपके amazon का ₹10,000 भुगतान सफलतापूर्वक प्रोसेस हो गया है।"
S1119,Your insurance policy bonus is ready. Pay Rs 999 service charges and send your Aadhaar and bank details to receive it. Immediate action required.,scam,insurance_scam,en,Research-backed synthetic,synthetic_research_backed,"unexpected bonus, advance fee, identity-data request",Do not pay or send identity/bank documents.,1. Do not pay. 2. Contact the insurer through the official website/number. 3. Do not send identity documents. 4. Report the message.,High,P1,"English dataset row; retained from the finalized 1,500-record ScamShield dataset.",your insurance policy bonus is ready. pay rs 999 service charges and send your aadhaar and bank details to receive it. immediate action required.
G1409,"Hi Ravi, are we still meeting at main gate around 10:00 AM today? Thank you.",genuine,personal,en,Research-backed synthetic,synthetic_research_backed,ordinary personal communication,Reply through the normal conversation channel.,1. Check your plans. 2. Reply to the sender. 3. Do not take any financial action based only on this message.,Low,P4,"English dataset row; retained from the finalized 1,500-record ScamShield dataset.","hi ravi, are we still meeting at main gate around 10:00 am today? thank you."
S0094,Urgent: your Canara Bank account will be blocked today because PAN/KYC is incomplete. Click http://secure-update.invalid to update now.,scam,bank_kyc,en,Research-backed synthetic,synthetic_research_backed,"bank impersonation, urgency, suspicious URL, KYC request",Do not click the link or share banking credentials.,1. Do not click the link. 2. Open the bank's official app/site manually. 3. Verify KYC status. 4. Report the message if fraudulent.,High,P1,"English dataset row; retained from the finalized 1,500-record ScamShield dataset.",urgent: your canara bank account will be blocked today because pan/kyc is incomplete. click http://secure-update.invalid to update now.
G0524,The Data Analytics assignment deadline is 30 September. Please submit it through the student portal.,genuine,education,en,Research-backed synthetic,synthetic_research_backed,normal educational announcement,Use the official student portal.,1. Check the assignment details. 2. Prepare the submission. 3. Upload through the official portal before the deadline.,Low,P4,"English dataset row; retained from the finalized 1,500-record ScamShield dataset.",the data analytics assignment deadline is 30 september. please submit it through the student portal.
G0714,Your registration for placement orientation is confirmed. The event begins at 6:00 PM on 5 October. Please keep this for your records.,genuine,event,en,Research-backed synthetic,synthetic_research_backed,normal event confirmation,Check the registration in the official event account/email.,1. Verify registration details. 2. Save the event information. 3. Use the organizer's official contact channel for changes.,Low,P4,"English dataset row; retained from the finalized 1,500-record ScamShield dataset.",your registration for placement orientation is confirmed. the event begins at 6:00 pm on 5 october. please keep this for your records.
S0412,A refund of Rs 1299 is waiting for you. Share your card number and OTP so we can process it immediately. Do not ignore this message.,scam,refund_scam,en,Research-backed synthetic,synthetic_research_backed,"refund pretext, card-data request, OTP request",Do not share card or OTP details.,1. Do not share credentials. 2. Check refunds in the official merchant app. 3. Contact official support. 4. Report the sender.,Critical,P1,"English dataset row; retained from the finalized 1,500-record ScamShield dataset.",a refund of rs 1299 is waiting for you. share your card number and otp so we can process it immediately. do not ignore this message.
G0051,"Hi Priya, are we still meeting at library around 6:00 PM today?",genuine,personal,en,Research-backed synthetic,synthetic_research_backed,ordinary personal communication,Reply through the normal conversation channel.,1. Check your plans. 2. Reply to the sender. 3. Do not take any financial action based only on this message.,Low,P4,"English dataset row; retained from the finalized 1,500-record ScamShield dataset.","hi priya, are we still meeting at library around 6:00 pm today?"
S1096,Urgent: your HDFC Bank account will be blocked today because PAN/KYC is incomplete. Click https://example.invalid/verify to update now.,scam,bank_kyc,en,Research-backed synthetic,synthetic_research_backed,"bank impersonation, urgency, suspicious URL, KYC request",Do not click the link or share banking credentials.,1. Do not click the link. 2. Open the bank's official app/site manually. 3. Verify KYC status. 4. Report the message if fraudulent.,High,P1,"English dataset row; retained from the finalized 1,500-record ScamShield dataset.",urgent: your hdfc bank account will be blocked today because pan/kyc is incomplete. click https://example.invalid/verify to update now.
S0671,Your parcel is held because of a Rs 499 customs/redelivery charge. Pay at http://account-check.invalid within 2 hours. Immediate action required.,scam,delivery,en,Research-backed synthetic,synthetic_research_backed,"delivery impersonation, small fee, urgency, suspicious URL",Do not pay through the provided link.,1. Do not open the link. 2. Check the order on the official retailer/carrier site. 3. Verify any fee there. 4. Report the SMS.,High,P1,"English dataset row; retained from the finalized 1,500-record ScamShield dataset.",your parcel is held because of a rs 499 customs/redelivery charge. pay at http://account-check.invalid within 2 hours. immediate action required.
G1081,Your application for the Data Analyst position has moved to the next stage. Please check the company careers portal. — Customer Notification.,genuine,job_genuine,en,Research-backed synthetic,synthetic_research_backed,normal recruitment communication,Access the known company careers portal directly.,1. Open the company website manually. 2. Check application status. 3. Follow the official recruitment process.,Low,P4,"English dataset row; retained from the finalized 1,500-record ScamShield dataset.",your application for the data analyst position has moved to the next stage. please check the company careers portal. — customer notification.
HI-S0051,"आपका ₹5,000 रिफंड लंबित है। इसे जारी करने के लिए कार्ड नंबर और OTP भेजें।",scam,fake_refund,hi,Research-backed synthetic multilingual,synthetic_research_backed,"फर्जी रिफंड, कार्ड विवरण, OTP अनुरोध",कार्ड विवरण या OTP साझा न करें।,1. कार्ड विवरण या OTP साझा न करें। 2. आधिकारिक चैनल से स्वतंत्र रूप से सत्यापन करें। 3. संदिग्ध होने पर संदेश/नंबर की रिपोर्ट करें।,Critical,P1,Hindi synthetic/adapted example; not claimed as verbatim real-world data.,"आपका ₹5,000 रिफंड लंबित है। इसे जारी करने के लिए कार्ड नंबर और otp भेजें।"
G1206,Delivery update: Amazon Logistics will attempt delivery of order #403-5820147 today.,genuine,delivery,en,Research-backed synthetic,synthetic_research_backed,normal delivery update,Use the official tracking page or app.,1. Check official tracking. 2. Keep the delivery address accessible. 3. Contact the retailer through official support if there is a problem.,Low,P4,"English dataset row; retained from the finalized 1,500-record ScamShield dataset.",delivery update: amazon logistics will attempt delivery of order #403-5820147 today.
G1306,The Cybersecurity assignment deadline is 5 October. Please submit it through the student portal.,genuine,education,en,Research-backed synthetic,synthetic_research_backed,normal educational announcement,Use the official student portal.,1. Check the assignment details. 2. Prepare the submission. 3. Upload through the official portal before the deadline.,Low,P4,"English dataset row; retained from the finalized 1,500-record ScamShield dataset.",the cybersecurity assignment deadline is 5 october. please submit it through the student portal.
G0584,Your mobile plan has 5 GB remaining and is valid until 30 September.,genuine,telecom_genuine,en,Research-backed synthetic,synthetic_research_backed,normal telecom usage notice,Check usage in the official provider app.,1. Check usage in the official provider app. 2. Verify the message in the official app/portal if needed. 3. Do not share sensitive information unnecessarily.,Low,P4,"English dataset row; retained from the finalized 1,500-record ScamShield dataset.",your mobile plan has 5 gb remaining and is valid until 30 september.
S0120,Our AI trading group guarantees 5% daily profit. Deposit Rs 4999 today to activate your account. Immediate action required.,scam,investment_scam,en,Research-backed synthetic,synthetic_research_backed,"guaranteed returns, investment pressure, deposit request",Do not transfer money based on the message.,1. Do not deposit funds. 2. Verify the company independently. 3. Check regulatory status where applicable. 4. Report the solicitation.,Critical,P1,"English dataset row; retained from the finalized 1,500-record ScamShield dataset.",our ai trading group guarantees 5% daily profit. deposit rs 4999 today to activate your account. immediate action required.
S0928,Congratulations! Your instant loan of Rs 199 is approved. Pay Rs 499 processing charges to release the funds. Act now.,scam,loan_scam,en,Research-backed synthetic,synthetic_research_backed,"unsolicited loan, advance fee, pressure",Do not pay the fee.,1. Do not pay upfront charges. 2. Verify the lender independently. 3. Avoid sharing banking credentials. 4. Report the message.,High,P1,"English dataset row; retained from the finalized 1,500-record ScamShield dataset.",congratulations! your instant loan of rs 199 is approved. pay rs 499 processing charges to release the funds. act now.
S0280,Your parcel is held because of a Rs 999 customs/redelivery charge. Pay at https://example.invalid/verify within 2 hours.,scam,delivery,en,Research-backed synthetic,synthetic_research_backed,"delivery impersonation, small fee, urgency, suspicious URL",Do not pay through the provided link.,1. Do not open the link. 2. Check the order on the official retailer/carrier site. 3. Verify any fee there. 4. Report the SMS.,High,P1,"English dataset row; retained from the finalized 1,500-record ScamShield dataset.",your parcel is held because of a rs 999 customs/redelivery charge. pay at https://example.invalid/verify within 2 hours.
S0388,A refund of Rs 1299 is waiting for you. Share your card number and OTP so we can process it immediately. Act now.,scam,refund_scam,en,Research-backed synthetic,synthetic_research_backed,"refund pretext, card-data request, OTP request",Do not share card or OTP details.,1. Do not share credentials. 2. Check refunds in the official merchant app. 3. Contact official support. 4. Report the sender.,Critical,P1,"English dataset row; retained from the finalized 1,500-record ScamShield dataset.",a refund of rs 1299 is waiting for you. share your card number and otp so we can process it immediately. act now.
G1024,Your monthly investment statement for index fund is available in your official account. Thank you.,genuine,finance_genuine,en,Research-backed synthetic,synthetic_research_backed,normal financial statement,Review it through the official investment platform.,1. Sign in directly to the known platform. 2. Review the statement. 3. Contact the provider through official channels for discrepancies.,Low,P4,"English dataset row; retained from the finalized 1,500-record ScamShield dataset.",your monthly investment statement for index fund is available in your official account. thank you.
HI-G0109,आपकी सदस्यता 5 अक्टूबर को ₹999 में नवीनीकृत होगी।,genuine,subscription,hi,Research-backed synthetic multilingual,synthetic_research_backed,सामान्य सदस्यता सूचना,आधिकारिक अकाउंट सेटिंग्स में विवरण जांचें।,1. आधिकारिक अकाउंट सेटिंग्स में विवरण जांचें। 2. आधिकारिक चैनल से स्वतंत्र रूप से सत्यापन करें। 3. संदिग्ध होने पर संदेश/नंबर की रिपोर्ट करें।,Low,P4,Hindi synthetic/adapted example; not claimed as verbatim real-world data.,आपकी सदस्यता 5 अक्टूबर को ₹999 में नवीनीकृत होगी।
TE-G0082,మీ ట్రావెల్ బుకింగ్ AI7K2P 30 सितंबरకి కన్ఫర్మ్ అయింది.,genuine,travel,te,Research-backed synthetic multilingual,synthetic_research_backed,సాధారణ ట్రావెల్ కన్ఫర్మేషన్,అధికారిక ట్రావెల్ యాప్‌లో చెక్ చేయండి.,1. అధికారిక ట్రావెల్ యాప్‌లో చెక్ చేయండి. 2. అధికారిక ఛానల్ ద్వారా స్వతంత్రంగా వెరిఫై చేయండి. 3. ఆధారాలను సేవ్ చేసి అవసరమైతే రిపోర్ట్ చేయండి.,Low,P4,Telugu synthetic/adapted example; not claimed as verbatim real-world data.,మీ ట్రావెల్ బుకింగ్ ai7k2p 30 सितंबरకి కన్ఫర్మ్ అయింది.
S0103,Our crypto trading bot guarantees 20% profit every day. Deposit ₹5000 now to join.,scam,crypto_investment,en,Research-backed synthetic,synthetic_research_backed,"guaranteed returns, crypto solicitation, deposit request",Do not transfer money based on guaranteed-profit claims.,1. Do not transfer money based on guaranteed-profit claims. 2. Verify independently using the official service/authority. 3. Preserve evidence. 4. Report suspected cyber fraud.,Critical,P1,"English dataset row; retained from the finalized 1,500-record ScamShield dataset.",our crypto trading bot guarantees 20% profit every day. deposit ₹5000 now to join.
G0066,आपके Uber भुगतान का ₹2499 का लेनदेन सफल रहा। — Customer Notification.,genuine,transaction,en,Research-backed synthetic,synthetic_research_backed,normal transaction notification,Verify the transaction through the official app.,1. आधिकारिक ऐप खोलें। 2. लेनदेन की राशि जांचें। 3. अनजान लेनदेन हो तो बैंक से संपर्क करें।,Low,P4,"English dataset row; retained from the finalized 1,500-record ScamShield dataset.",आपके uber भुगतान का ₹2499 का लेनदेन सफल रहा। — customer notification.
G1204,Can you bring the ID card when you come to library? Please keep this for your records.,genuine,personal,en,Research-backed synthetic,synthetic_research_backed,ordinary personal communication,Reply normally if the request is expected.,1. Confirm the context. 2. Reply normally. 3. Ignore if the sender is unknown.,Low,P4,"English dataset row; retained from the finalized 1,500-record ScamShield dataset.",can you bring the id card when you come to library? please keep this for your records.
TE-G0001,మీ Python Developer అప్లికేషన్ తదుపరి దశకు ఎంపికైంది. అధికారిక కెరీర్ పోర్టల్‌ను చెక్ చేయండి.,genuine,job_genuine,te,Research-backed synthetic multilingual,synthetic_research_backed,సాధారణ రిక్రూట్‌మెంట్ సమాచారం,కంపెనీ అధికారిక కెరీర్ పోర్టల్ ద్వారా స్టేటస్ చెక్ చేయండి.,1. కంపెనీ అధికారిక కెరీర్ పోర్టల్ ద్వారా స్టేటస్ చెక్ చేయండి. 2. అధికారిక ఛానల్ ద్వారా స్వతంత్రంగా వెరిఫై చేయండి. 3. ఆధారాలను సేవ్ చేసి అవసరమైతే రిపోర్ట్ చేయండి.,Low,P4,Telugu synthetic/adapted example; not claimed as verbatim real-world data.,మీ python developer అప్లికేషన్ తదుపరి దశకు ఎంపికైంది. అధికారిక కెరీర్ పోర్టల్‌ను చెక్ చేయండి.
G1165,Your Jio data plan has 800 MB remaining and is valid until 15 October. — Customer Notification.,genuine,telecom_genuine,en,Research-backed synthetic,synthetic_research_backed,normal telecom usage notice,Check usage in the official telecom app if needed.,1. Open the official provider app. 2. Review plan usage. 3. Recharge only through official channels.,Low,P4,"English dataset row; retained from the finalized 1,500-record ScamShield dataset.",your jio data plan has 800 mb remaining and is valid until 15 october. — customer notification.
TE-G0111,"మీ సబ్‌స్క్రిప్షన్ 15 अक्टूबरన ₹5,000కి రిన్యూ అవుతుంది.",genuine,subscription,te,Research-backed synthetic multilingual,synthetic_research_backed,సాధారణ సబ్‌స్క్రిప్షన్ సమాచారం,అధికారిక అకౌంట్ సెట్టింగ్స్‌లో వివరాలు చెక్ చేయండి.,1. అధికారిక అకౌంట్ సెట్టింగ్స్‌లో వివరాలు చెక్ చేయండి. 2. అధికారిక ఛానల్ ద్వారా స్వతంత్రంగా వెరిఫై చేయండి. 3. ఆధారాలను సేవ్ చేసి అవసరమైతే రిపోర్ట్ చేయండి.,Low,P4,Telugu synthetic/adapted example; not claimed as verbatim real-world data.,"మీ సబ్‌స్క్రిప్షన్ 15 अक्टूबरన ₹5,000కి రిన్యూ అవుతుంది."
S0037,Congratulations! You won Rs 499 in a lucky draw. Pay Rs 299 tax/processing charges to claim your prize. Immediate action required.,scam,lottery,en,Research-backed synthetic,synthetic_research_backed,"unexpected prize, upfront payment, lottery claim",Do not pay the fee.,1. Do not send money. 2. Do not share financial details. 3. Block the sender. 4. Report the message.,High,P1,"English dataset row; retained from the finalized 1,500-record ScamShield dataset.",congratulations! you won rs 499 in a lucky draw. pay rs 299 tax/processing charges to claim your prize. immediate action required.
S0179,Congratulations! You won Rs 799 in a lucky draw. Pay Rs 199 tax/processing charges to claim your prize. Do not ignore this message.,scam,lottery,en,Research-backed synthetic,synthetic_research_backed,"unexpected prize, upfront payment, lottery claim",Do not pay the fee.,1. Do not send money. 2. Do not share financial details. 3. Block the sender. 4. Report the message.,High,P1,"English dataset row; retained from the finalized 1,500-record ScamShield dataset.",congratulations! you won rs 799 in a lucky draw. pay rs 199 tax/processing charges to claim your prize. do not ignore this message.
TE-S0035,"నేను కొత్త నంబర్ ఉపయోగిస్తున్నాను. చాలా అత్యవసరం, నాకు ₹5,000 వెంటనే ట్రాన్స్‌ఫర్ చేయండి. నాకు కాల్ చేయకండి.",scam,impersonation,te,Research-backed synthetic multilingual,synthetic_research_backed,"వ్యక్తి ఇంపర్సనేషన్, డబ్బు డిమాండ్, వెరిఫికేషన్ నిరోధం",తెలిసిన నంబర్ ద్వారా వ్యక్తిని ధృవీకరించకుండా డబ్బు పంపకండి.,1. తెలిసిన నంబర్ ద్వారా వ్యక్తిని ధృవీకరించకుండా డబ్బు పంపకండి. 2. అధికారిక ఛానల్ ద్వారా స్వతంత్రంగా వెరిఫై చేయండి. 3. ఆధారాలను సేవ్ చేసి అవసరమైతే రిపోర్ట్ చేయండి.,High,P1,Telugu synthetic/adapted example; not claimed as verbatim real-world data.,"నేను కొత్త నంబర్ ఉపయోగిస్తున్నాను. చాలా అత్యవసరం, నాకు ₹5,000 వెంటనే ట్రాన్స్‌ఫర్ చేయండి. నాకు కాల్ చేయకండి."
HI-S0110,"मैं नया नंबर इस्तेमाल कर रहा हूं। बहुत जरूरी है, मुझे ₹999 अभी ट्रांसफर कर दो। मुझे कॉल मत करना।",scam,impersonation,hi,Research-backed synthetic multilingual,synthetic_research_backed,"व्यक्ति प्रतिरूपण, पैसे की मांग, सत्यापन रोकना",पैसे भेजने से पहले ज्ञात नंबर पर व्यक्ति की पहचान सत्यापित करें।,1. पैसे भेजने से पहले ज्ञात नंबर पर व्यक्ति की पहचान सत्यापित करें। 2. आधिकारिक चैनल से स्वतंत्र रूप से सत्यापन करें। 3. संदिग्ध होने पर संदेश/नंबर की रिपोर्ट करें।,High,P1,Hindi synthetic/adapted example; not claimed as verbatim real-world data.,"मैं नया नंबर इस्तेमाल कर रहा हूं। बहुत जरूरी है, मुझे ₹999 अभी ट्रांसफर कर दो। मुझे कॉल मत करना।"
S0794,We detected an issue with your Paytm account. Call +91 9XXXX XXXXX and provide your card details for verification. Do not ignore this message.,scam,customer_support,en,Research-backed synthetic,synthetic_research_backed,"fake support, request for financial data, unsolicited contact",Do not provide card or account details.,1. Do not call the supplied number. 2. Use official support channels. 3. Do not share card/OTP details. 4. Block the sender.,Critical,P1,"English dataset row; retained from the finalized 1,500-record ScamShield dataset.",we detected an issue with your paytm account. call +91 9xxxx xxxxx and provide your card details for verification. do not ignore this message.
G0864,याद दिलाया जाता है कि आपकी lab appointment 10 October को 6:00 PM बजे है। — Customer Notification.,genuine,appointment,en,Research-backed synthetic,synthetic_research_backed,normal appointment reminder,Use the official provider channel for confirmation or changes.,1. समय जांचें। 2. कैलेंडर में सेव करें। 3. बदलाव के लिए आधिकारिक नंबर/पोर्टल इस्तेमाल करें।,Low,P4,"English dataset row; retained from the finalized 1,500-record ScamShield dataset.",याद दिलाया जाता है कि आपकी lab appointment 10 october को 6:00 pm बजे है। — customer notification.
S1375,I need urgent financial help for a family emergency. Please send Rs 4999 today and I will return it next week. Act now.,scam,romance_scam,en,Research-backed synthetic,synthetic_research_backed,"emotional pressure, urgent money request, unverifiable emergency",Verify the person's identity and situation independently before sending money.,1. Do not transfer money immediately. 2. Verify identity using another channel. 3. Discuss with someone you trust. 4. Report if fraudulent.,High,P2,"English dataset row; retained from the finalized 1,500-record ScamShield dataset.",i need urgent financial help for a family emergency. please send rs 4999 today and i will return it next week. act now.
TE-S0084,విపత్తు సహాయం కోసం ₹499 వెంటనే ఈ వ్యక్తిగత UPI IDకి పంపండి.,scam,charity_scam,te,Research-backed synthetic multilingual,synthetic_research_backed,"భావోద్వేగ అప్పీల్, వ్యక్తిగత UPI, అత్యవసరం",సంస్థను మరియు చెల్లింపు ఛానల్‌ను వెరిఫై చేయండి.,1. సంస్థను మరియు చెల్లింపు ఛానల్‌ను వెరిఫై చేయండి. 2. అధికారిక ఛానల్ ద్వారా స్వతంత్రంగా వెరిఫై చేయండి. 3. ఆధారాలను సేవ్ చేసి అవసరమైతే రిపోర్ట్ చేయండి.,Medium,P2,Telugu synthetic/adapted example; not claimed as verbatim real-world data.,విపత్తు సహాయం కోసం ₹499 వెంటనే ఈ వ్యక్తిగత upi idకి పంపండి.
S1296,Your WhatsApp/email account will be deleted unless you send the 6-digit verification code now. Immediate action required.,scam,account_takeover,en,Research-backed synthetic,synthetic_research_backed,"OTP request, account takeover, urgency",Do not share the verification code.,1. Do not share the code. 2. Open the official app and review active sessions. 3. Enable two-step verification. 4. Report the sender.,Critical,P1,"English dataset row; retained from the finalized 1,500-record ScamShield dataset.",your whatsapp/email account will be deleted unless you send the 6-digit verification code now. immediate action required.
S1482,"To receive your refund of Rs 199, scan this QR and enter your UPI PIN. Act now.",scam,upi_qr,en,Research-backed synthetic,synthetic_research_backed,"QR-for-receiving-money, UPI PIN request, refund pretext",Do not scan the QR or enter the UPI PIN.,1. Do not scan the QR. 2. Never enter a UPI PIN to receive money. 3. Verify the refund in the official app. 4. Report the sender.,Critical,P1,"English dataset row; retained from the finalized 1,500-record ScamShield dataset.","to receive your refund of rs 199, scan this qr and enter your upi pin. act now."
G0802,Can you bring the documents when you come to campus cafeteria? Thank you.,genuine,personal,en,Research-backed synthetic,synthetic_research_backed,ordinary personal communication,Reply normally if the request is expected.,1. Confirm the context. 2. Reply normally. 3. Ignore if the sender is unknown.,Low,P4,"English dataset row; retained from the finalized 1,500-record ScamShield dataset.",can you bring the documents when you come to campus cafeteria? thank you.
S0551,Your SIM will be disconnected in 2 hours because it was used for illegal activity. Call this number immediately. Act now.,scam,telecom_threat,en,Research-backed synthetic,synthetic_research_backed,"telecom impersonation, urgency, threat, callback request",Do not call the supplied number.,1. Do not call the supplied number. 2. Check account status in the official telecom app. 3. Contact official support. 4. Report the message.,High,P1,"English dataset row; retained from the finalized 1,500-record ScamShield dataset.",your sim will be disconnected in 2 hours because it was used for illegal activity. call this number immediately. act now.
S0101,Rent your WhatsApp account to earn ₹999 per week. Send the verification code to activate the rental.,scam,whatsapp_web_renting,en,Research-backed synthetic,synthetic_research_backed,"account renting, OTP request, financial incentive",Do not share the verification code or account access.,1. Do not share the verification code or account access. 2. Verify independently using the official service/authority. 3. Preserve evidence. 4. Report suspected cyber fraud.,Critical,P1,"English dataset row; retained from the finalized 1,500-record ScamShield dataset.",rent your whatsapp account to earn ₹999 per week. send the verification code to activate the rental.
S0062,Earn ₹2499 daily by completing CAPTCHA tasks. Pay ₹499 registration/software charges to activate your account.,scam,fake_captcha_job,en,Research-backed synthetic,synthetic_research_backed,"upfront fee, unrealistic earnings, fake job platform",Do not pay the registration fee.,1. Do not pay the registration fee. 2. Verify independently using the official service/authority. 3. Preserve evidence. 4. Report suspected cyber fraud.,High,P1,"English dataset row; retained from the finalized 1,500-record ScamShield dataset.",earn ₹2499 daily by completing captcha tasks. pay ₹499 registration/software charges to activate your account.
G1269,"A new beneficiary was added to your account. If you made this change, no action is required. — Customer Notification.",genuine,banking_genuine,en,Research-backed synthetic,synthetic_research_backed,normal banking security notification,Verify the beneficiary in the official banking app.,1. Open the official banking app. 2. Check the beneficiary list. 3. Contact the bank immediately if you did not make the change.,Low,P4,"English dataset row; retained from the finalized 1,500-record ScamShield dataset.","a new beneficiary was added to your account. if you made this change, no action is required. — customer notification."
S1049,We detected an issue with your Flipkart account. Call +91 9XXXX XXXXX and provide your card details for verification.,scam,customer_support,en,Research-backed synthetic,synthetic_research_backed,"fake support, request for financial data, unsolicited contact",Do not provide card or account details.,1. Do not call the supplied number. 2. Use official support channels. 3. Do not share card/OTP details. 4. Block the sender.,Critical,P1,"English dataset row; retained from the finalized 1,500-record ScamShield dataset.",we detected an issue with your flipkart account. call +91 9xxxx xxxxx and provide your card details for verification.
G1174,Microsoft verification code M-562901 है। इसे किसी के साथ साझा न करें। Please keep this for your records.,genuine,otp,en,Research-backed synthetic,synthetic_research_backed,legitimate verification-code notice,Use only for the verification you initiated.,1. कोड केवल आधिकारिक स्क्रीन पर दर्ज करें। 2. किसी को न बताएं। 3. अनचाहा कोड हो तो पासवर्ड/सुरक्षा जांचें।,Low,P4,"English dataset row; retained from the finalized 1,500-record ScamShield dataset.",microsoft verification code m-562901 है। इसे किसी के साथ साझा न करें। please keep this for your records.
G1079,Your bank statement for account ending 2481 is now available in online banking. — Customer Notification.,genuine,banking_genuine,en,Research-backed synthetic,synthetic_research_backed,normal banking notification,Open the bank's official app or website.,1. Sign in through the official app/site. 2. Review the statement. 3. Never use links from unexpected messages to sign in.,Low,P4,"English dataset row; retained from the finalized 1,500-record ScamShield dataset.",your bank statement for account ending 2481 is now available in online banking. — customer notification.
S0573,You have been selected for a work-from-home Frontend Developer paying Rs 199 per day. Pay Rs 199 as registration before joining. Immediate action required.,scam,job_scam,en,Research-backed synthetic,synthetic_research_backed,"unrealistic earnings, upfront fee, unsolicited job",Do not pay the registration fee.,1. Do not pay. 2. Verify the employer independently. 3. Do not share identity/banking documents. 4. Block and report the sender.,High,P1,"English dataset row; retained from the finalized 1,500-record ScamShield dataset.",you have been selected for a work-from-home frontend developer paying rs 199 per day. pay rs 199 as registration before joining. immediate action required.
G0932,Your service request TKT-77104 has been completed. Please review the update in the official portal.,genuine,service_update,en,Research-backed synthetic,synthetic_research_backed,normal service update,Review the request through the official portal.,1. Open the official portal directly. 2. Check the request status. 3. Contact official support if the result is incorrect.,Low,P4,"English dataset row; retained from the finalized 1,500-record ScamShield dataset.",your service request tkt-77104 has been completed. please review the update in the official portal.
TE-S0050,"మీ ఇన్‌స్టంట్ లోన్ ఆమోదించబడింది. ఈ APK డౌన్‌లోడ్ చేసి ₹4,999 చెల్లించండి.",scam,fake_loan_app,te,Research-backed synthetic multilingual,synthetic_research_backed,"ఫేక్ లోన్ యాప్, APK, ముందస్తు ఫీజు",తెలియని APK ఇన్‌స్టాల్ చేయకండి.,1. తెలియని APK ఇన్‌స్టాల్ చేయకండి. 2. అధికారిక ఛానల్ ద్వారా స్వతంత్రంగా వెరిఫై చేయండి. 3. ఆధారాలను సేవ్ చేసి అవసరమైతే రిపోర్ట్ చేయండి.,Critical,P1,Telugu synthetic/adapted example; not claimed as verbatim real-world data.,"మీ ఇన్‌స్టంట్ లోన్ ఆమోదించబడింది. ఈ apk డౌన్‌లోడ్ చేసి ₹4,999 చెల్లించండి."
G0161,Rs 249 was spent at BookMyShow using your debit card.,genuine,transaction,en,Research-backed synthetic,synthetic_research_backed,normal transaction notification,Verify the transaction in the official banking/payment app.,1. Open the official banking app. 2. Confirm the transaction. 3. Contact the bank only if it is unrecognized.,Low,P4,"English dataset row; retained from the finalized 1,500-record ScamShield dataset.",rs 249 was spent at bookmyshow using your debit card.
G0371,Your BSNL data plan has 2.8 GB remaining and is valid until 15 October. — Customer Notification.,genuine,telecom_genuine,en,Research-backed synthetic,synthetic_research_backed,normal telecom usage notice,Check usage in the official telecom app if needed.,1. Open the official provider app. 2. Review plan usage. 3. Recharge only through official channels.,Low,P4,"English dataset row; retained from the finalized 1,500-record ScamShield dataset.",your bsnl data plan has 2.8 gb remaining and is valid until 15 october. — customer notification.
G1168,"Hi Kiran, are we still meeting at office around 9:30 AM today? Please keep this for your records.",genuine,personal,en,Research-backed synthetic,synthetic_research_backed,ordinary personal communication,Reply through the normal conversation channel.,1. Check your plans. 2. Reply to the sender. 3. Do not take any financial action based only on this message.,Low,P4,"English dataset row; retained from the finalized 1,500-record ScamShield dataset.","hi kiran, are we still meeting at office around 9:30 am today? please keep this for your records."
G0545,Your Vi data plan has 800 MB remaining and is valid until 2 October. Thank you.,genuine,telecom_genuine,en,Research-backed synthetic,synthetic_research_backed,normal telecom usage notice,Check usage in the official telecom app if needed.,1. Open the official provider app. 2. Review plan usage. 3. Recharge only through official channels.,Low,P4,"English dataset row; retained from the finalized 1,500-record ScamShield dataset.",your vi data plan has 800 mb remaining and is valid until 2 october. thank you.
G0365,याद दिलाया जाता है कि आपकी dentist appointment 10 October को 6:00 PM बजे है। Thank you.,genuine,appointment,en,Research-backed synthetic,synthetic_research_backed,normal appointment reminder,Use the official provider channel for confirmation or changes.,1. समय जांचें। 2. कैलेंडर में सेव करें। 3. बदलाव के लिए आधिकारिक नंबर/पोर्टल इस्तेमाल करें।,Low,P4,"English dataset row; retained from the finalized 1,500-record ScamShield dataset.",याद दिलाया जाता है कि आपकी dentist appointment 10 october को 6:00 pm बजे है। thank you.
S0514,Congratulations! You won Rs 799 in a lucky draw. Pay Rs 1499 tax/processing charges to claim your prize. Do not ignore this message.,scam,lottery,en,Research-backed synthetic,synthetic_research_backed,"unexpected prize, upfront payment, lottery claim",Do not pay the fee.,1. Do not send money. 2. Do not share financial details. 3. Block the sender. 4. Report the message.,High,P1,"English dataset row; retained from the finalized 1,500-record ScamShield dataset.",congratulations! you won rs 799 in a lucky draw. pay rs 1499 tax/processing charges to claim your prize. do not ignore this message.
HI-S0118,"आपका ₹499 का इंस्टेंट लोन स्वीकृत है। राशि जारी कराने के लिए ₹1,999 प्रोसेसिंग शुल्क दें।",scam,loan_scam,hi,Research-backed synthetic multilingual,synthetic_research_backed,"फर्जी लोन, अग्रिम शुल्क, वित्तीय दबाव",शुल्क न दें और ऋणदाता की आधिकारिक जानकारी जांचें।,1. शुल्क न दें और ऋणदाता की आधिकारिक जानकारी जांचें। 2. आधिकारिक चैनल से स्वतंत्र रूप से सत्यापन करें। 3. संदिग्ध होने पर संदेश/नंबर की रिपोर्ट करें।,High,P1,Hindi synthetic/adapted example; not claimed as verbatim real-world data.,"आपका ₹499 का इंस्टेंट लोन स्वीकृत है। राशि जारी कराने के लिए ₹1,999 प्रोसेसिंग शुल्क दें।"
S1181,Congratulations! You won Rs 249 in a lucky draw. Pay Rs 199 tax/processing charges to claim your prize. Act now.,scam,lottery,en,Research-backed synthetic,synthetic_research_backed,"unexpected prize, upfront payment, lottery claim",Do not pay the fee.,1. Do not send money. 2. Do not share financial details. 3. Block the sender. 4. Report the message.,High,P1,"English dataset row; retained from the finalized 1,500-record ScamShield dataset.",congratulations! you won rs 249 in a lucky draw. pay rs 199 tax/processing charges to claim your prize. act now.
HI-G0036,आपकी यात्रा बुकिंग Q4M8LX 15 अक्टूबर के लिए कन्फर्म है।,genuine,travel,hi,Research-backed synthetic multilingual,synthetic_research_backed,सामान्य यात्रा पुष्टि,आधिकारिक एयरलाइन/ट्रैवल ऐप में बुकिंग जांचें।,1. आधिकारिक एयरलाइन/ट्रैवल ऐप में बुकिंग जांचें। 2. आधिकारिक चैनल से स्वतंत्र रूप से सत्यापन करें। 3. संदिग्ध होने पर संदेश/नंबर की रिपोर्ट करें।,Low,P4,Hindi synthetic/adapted example; not claimed as verbatim real-world data.,आपकी यात्रा बुकिंग q4m8lx 15 अक्टूबर के लिए कन्फर्म है।
G0237,Your order #402-1937460 from Croma has been confirmed for delivery.,genuine,ecommerce,en,Research-backed synthetic,synthetic_research_backed,normal ecommerce order confirmation,Check order status in the official store account.,1. Open the official shopping app/site. 2. Verify the order. 3. Contact official support for changes.,Low,P4,"English dataset row; retained from the finalized 1,500-record ScamShield dataset.",your order #402-1937460 from croma has been confirmed for delivery.
S0123,Congratulations! Your instant loan of Rs 4999 is approved. Pay Rs 499 processing charges to release the funds.,scam,loan_scam,en,Research-backed synthetic,synthetic_research_backed,"unsolicited loan, advance fee, pressure",Do not pay the fee.,1. Do not pay upfront charges. 2. Verify the lender independently. 3. Avoid sharing banking credentials. 4. Report the message.,High,P1,"English dataset row; retained from the finalized 1,500-record ScamShield dataset.",congratulations! your instant loan of rs 4999 is approved. pay rs 499 processing charges to release the funds.
S0463,Work from home and earn 5000 INR daily by liking YouTube videos. Pay 1000 INR registration fee to start.,scam,job_scam,en,User-provided reference file,user_reference,"easy money, upfront fee",Do not pay fee,Verify through an official channel; follow the expected action above.,High,P1,"English dataset row; retained from the finalized 1,500-record ScamShield dataset.",work from home and earn 5000 inr daily by liking youtube videos. pay 1000 inr registration fee to start.
G1246,The SupportPilot API test report is ready for review. Please keep this for your records.,genuine,work,en,Research-backed synthetic,synthetic_research_backed,ordinary workplace communication,Open the report from the known work repository.,1. Verify the project context. 2. Review the report. 3. Share findings through the normal team channel.,Low,P4,"English dataset row; retained from the finalized 1,500-record ScamShield dataset.",the supportpilot api test report is ready for review. please keep this for your records.
TE-G0032,మీ మొబైల్ ప్లాన్‌లో 1.2 GB డేటా మిగిలి ఉంది మరియు ఇది 5 अक्टूबर వరకు చెల్లుతుంది.,genuine,telecom_genuine,te,Research-backed synthetic multilingual,synthetic_research_backed,సాధారణ టెలికాం సమాచారం,అధికారిక టెలికాం యాప్‌లో చెక్ చేయండి.,1. అధికారిక టెలికాం యాప్‌లో చెక్ చేయండి. 2. అధికారిక ఛానల్ ద్వారా స్వతంత్రంగా వెరిఫై చేయండి. 3. ఆధారాలను సేవ్ చేసి అవసరమైతే రిపోర్ట్ చేయండి.,Low,P4,Telugu synthetic/adapted example; not claimed as verbatim real-world data.,మీ మొబైల్ ప్లాన్‌లో 1.2 gb డేటా మిగిలి ఉంది మరియు ఇది 5 अक्टूबर వరకు చెల్లుతుంది.
G1354,"A new beneficiary was added to your account. If you made this change, no action is required.",genuine,banking_genuine,en,Research-backed synthetic,synthetic_research_backed,normal banking security notification,Verify the beneficiary in the official banking app.,1. Open the official banking app. 2. Check the beneficiary list. 3. Contact the bank immediately if you did not make the change.,Low,P4,"English dataset row; retained from the finalized 1,500-record ScamShield dataset.","a new beneficiary was added to your account. if you made this change, no action is required."
TE-S0086,CAPTCHAలు పూర్తి చేసి రోజుకు ₹499 సంపాదించండి. అకౌంట్ యాక్టివేట్ చేయడానికి ₹999 ఫీజు చెల్లించండి.,scam,fake_captcha_job,te,Research-backed synthetic multilingual,synthetic_research_backed,"ఫేక్ CAPTCHA ఉద్యోగం, ముందస్తు ఫీజు",ఫీజు చెల్లించకండి; ఉద్యోగాన్ని వెరిఫై చేయండి.,1. ఫీజు చెల్లించకండి; ఉద్యోగాన్ని వెరిఫై చేయండి. 2. అధికారిక ఛానల్ ద్వారా స్వతంత్రంగా వెరిఫై చేయండి. 3. ఆధారాలను సేవ్ చేసి అవసరమైతే రిపోర్ట్ చేయండి.,High,P1,Telugu synthetic/adapted example; not claimed as verbatim real-world data.,captchaలు పూర్తి చేసి రోజుకు ₹499 సంపాదించండి. అకౌంట్ యాక్టివేట్ చేయడానికి ₹999 ఫీజు చెల్లించండి.
G1420,Your India Post order #401-8246152 has shipped and is expected to arrive on 10 October. — Customer Notification.,genuine,delivery,en,Research-backed synthetic,synthetic_research_backed,normal delivery update,Track through the official retailer/carrier app if needed.,1. Open the official app if tracking is required. 2. Check the order number. 3. No payment is required unless shown in the official order flow.,Low,P4,"English dataset row; retained from the finalized 1,500-record ScamShield dataset.",your india post order #401-8246152 has shipped and is expected to arrive on 10 october. — customer notification.
S1091,Your WhatsApp/email account will be deleted unless you send the 6-digit verification code now. Do not ignore this message.,scam,account_takeover,en,Research-backed synthetic,synthetic_research_backed,"OTP request, account takeover, urgency",Do not share the verification code.,1. Do not share the code. 2. Open the official app and review active sessions. 3. Enable two-step verification. 4. Report the sender.,Critical,P1,"English dataset row; retained from the finalized 1,500-record ScamShield dataset.",your whatsapp/email account will be deleted unless you send the 6-digit verification code now. do not ignore this message.
G1147,Reminder from Apollo Clinic: your lab appointment is booked for 10 October at 2:00 PM. Thank you.,genuine,healthcare,en,Research-backed synthetic,synthetic_research_backed,normal healthcare reminder,Use the clinic's official contact details for changes.,1. Verify the appointment in the clinic system. 2. Add it to your calendar. 3. Contact the clinic through its official number if needed.,Low,P4,"English dataset row; retained from the finalized 1,500-record ScamShield dataset.",reminder from apollo clinic: your lab appointment is booked for 10 october at 2:00 pm. thank you.
S0537,"To receive your refund of Rs 249, scan this QR and enter your UPI PIN. Act now.",scam,upi_qr,en,Research-backed synthetic,synthetic_research_backed,"QR-for-receiving-money, UPI PIN request, refund pretext",Do not scan the QR or enter the UPI PIN.,1. Do not scan the QR. 2. Never enter a UPI PIN to receive money. 3. Verify the refund in the official app. 4. Report the sender.,Critical,P1,"English dataset row; retained from the finalized 1,500-record ScamShield dataset.","to receive your refund of rs 249, scan this qr and enter your upi pin. act now."
G0892,Reminder: your doctor appointment is on Monday at 10:00 AM. Reply 'Y' to confirm.,genuine,appointment,en,User-provided reference file,user_reference,,Reply Y,Verify through an official channel; follow the expected action above.,Low,P4,"English dataset row; retained from the finalized 1,500-record ScamShield dataset.",reminder: your doctor appointment is on monday at 10:00 am. reply 'y' to confirm.
G0228,"Hi Kiran, are we still meeting at main gate around 2:00 PM today? Please keep this for your records.",genuine,personal,en,Research-backed synthetic,synthetic_research_backed,ordinary personal communication,Reply through the normal conversation channel.,1. Check your plans. 2. Reply to the sender. 3. Do not take any financial action based only on this message.,Low,P4,"English dataset row; retained from the finalized 1,500-record ScamShield dataset.","hi kiran, are we still meeting at main gate around 2:00 pm today? please keep this for your records."
G1130,Your electricity bill of Rs 2499 is due on 5 October. Please pay through the official utility portal. Please keep this for your records.,genuine,utility_genuine,en,Research-backed synthetic,synthetic_research_backed,normal utility bill reminder,Use the official utility website/app.,1. Verify the bill in the official portal. 2. Check the due date and amount. 3. Pay only through the official channel.,Low,P4,"English dataset row; retained from the finalized 1,500-record ScamShield dataset.",your electricity bill of rs 2499 is due on 5 october. please pay through the official utility portal. please keep this for your records.
S0405,Your Amazon account has been locked. Verify your identity now at http://secure-update.invalid to avoid permanent closure. Act now.,scam,phishing,en,Research-backed synthetic,synthetic_research_backed,"account threat, urgency, suspicious URL, credential harvesting",Do not click the link.,1. Do not open the URL. 2. Visit the service by typing its official address. 3. Change credentials if exposed. 4. Report the message.,High,P1,"English dataset row; retained from the finalized 1,500-record ScamShield dataset.",your amazon account has been locked. verify your identity now at http://secure-update.invalid to avoid permanent closure. act now.
S1240,Our crypto trading bot guarantees 10% profit every day. Deposit ₹10000 now to join.,scam,crypto_investment,en,Research-backed synthetic,synthetic_research_backed,"guaranteed returns, crypto solicitation, deposit request",Do not transfer money based on guaranteed-profit claims.,1. Do not transfer money based on guaranteed-profit claims. 2. Verify independently using the official service/authority. 3. Preserve evidence. 4. Report suspected cyber fraud.,Critical,P1,"English dataset row; retained from the finalized 1,500-record ScamShield dataset.",our crypto trading bot guarantees 10% profit every day. deposit ₹10000 now to join.
G0058,Rs 499 was spent at Amazon using your UPI. Thank you.,genuine,transaction,en,Research-backed synthetic,synthetic_research_backed,normal transaction notification,Verify the transaction in the official banking/payment app.,1. Open the official banking app. 2. Confirm the transaction. 3. Contact the bank only if it is unrecognized.,Low,P4,"English dataset row; retained from the finalized 1,500-record ScamShield dataset.",rs 499 was spent at amazon using your upi. thank you.
S0079,Our crypto trading bot guarantees 20% profit every day. Deposit ₹2499 now to join.,scam,crypto_investment,en,Research-backed synthetic,synthetic_research_backed,"guaranteed returns, crypto solicitation, deposit request",Do not transfer money based on guaranteed-profit claims.,1. Do not transfer money based on guaranteed-profit claims. 2. Verify independently using the official service/authority. 3. Preserve evidence. 4. Report suspected cyber fraud.,Critical,P1,"English dataset row; retained from the finalized 1,500-record ScamShield dataset.",our crypto trading bot guarantees 20% profit every day. deposit ₹2499 now to join.
S0893,Your insurance policy bonus is ready. Pay Rs 499 service charges and send your Aadhaar and bank details to receive it. Do not ignore this message.,scam,insurance_scam,en,Research-backed synthetic,synthetic_research_backed,"unexpected bonus, advance fee, identity-data request",Do not pay or send identity/bank documents.,1. Do not pay. 2. Contact the insurer through the official website/number. 3. Do not send identity documents. 4. Report the message.,High,P1,"English dataset row; retained from the finalized 1,500-record ScamShield dataset.",your insurance policy bonus is ready. pay rs 499 service charges and send your aadhaar and bank details to receive it. do not ignore this message.
G0063,Please review the latest SupportPilot build before the review tomorrow. — Customer Notification.,genuine,work,en,Research-backed synthetic,synthetic_research_backed,ordinary workplace communication,Review the work through the normal project channel.,1. Open the known project workspace. 2. Review the requested item. 3. Reply with feedback.,Low,P4,"English dataset row; retained from the finalized 1,500-record ScamShield dataset.",please review the latest supportpilot build before the review tomorrow. — customer notification.
HI-G0015,आपकी यात्रा बुकिंग Q4M8LX 5 अक्टूबर के लिए कन्फर्म है।,genuine,travel,hi,Research-backed synthetic multilingual,synthetic_research_backed,सामान्य यात्रा पुष्टि,आधिकारिक एयरलाइन/ट्रैवल ऐप में बुकिंग जांचें।,1. आधिकारिक एयरलाइन/ट्रैवल ऐप में बुकिंग जांचें। 2. आधिकारिक चैनल से स्वतंत्र रूप से सत्यापन करें। 3. संदिग्ध होने पर संदेश/नंबर की रिपोर्ट करें।,Low,P4,Hindi synthetic/adapted example; not claimed as verbatim real-world data.,आपकी यात्रा बुकिंग q4m8lx 5 अक्टूबर के लिए कन्फर्म है।
TE-S0107,మీ Kotak Bank బ్యాంక్ ఖాతా KYC/PAN అప్డేట్ కాలేదు. ఈరోజే ఖాతా బ్లాక్ అవుతుంది. వెంటనే http://verify-account.invalid ఓపెన్ చేసి అప్డేట్ చేయండి.,scam,bank_kyc,te,Research-backed synthetic multilingual,synthetic_research_backed,"బ్యాంక్ ఇంపర్సనేషన్, అత్యవసరం, అనుమానాస్పద లింక్",లింక్ క్లిక్ చేయకండి; అధికారిక బ్యాంక్ యాప్ ద్వారా చెక్ చేయండి.,1. లింక్ క్లిక్ చేయకండి; అధికారిక బ్యాంక్ యాప్ ద్వారా చెక్ చేయండి. 2. అధికారిక ఛానల్ ద్వారా స్వతంత్రంగా వెరిఫై చేయండి. 3. ఆధారాలను సేవ్ చేసి అవసరమైతే రిపోర్ట్ చేయండి.,High,P1,Telugu synthetic/adapted example; not claimed as verbatim real-world data.,మీ kotak bank బ్యాంక్ ఖాతా kyc/pan అప్డేట్ కాలేదు. ఈరోజే ఖాతా బ్లాక్ అవుతుంది. వెంటనే http://verify-account.invalid ఓపెన్ చేసి అప్డేట్ చేయండి.
G0530,Your electricity bill of ₹1299 is due on 10 October.,genuine,utility_genuine,en,Research-backed synthetic,synthetic_research_backed,normal utility reminder,Check the official utility portal.,1. Check the official utility portal. 2. Verify the message in the official app/portal if needed. 3. Do not share sensitive information unnecessarily.,Low,P4,"English dataset row; retained from the finalized 1,500-record ScamShield dataset.",your electricity bill of ₹1299 is due on 10 october.
G0130,Your Netflix subscription renews on 20 October for Rs 2499. Thank you.,genuine,subscription,en,Research-backed synthetic,synthetic_research_backed,normal subscription notice,Review the subscription in the official account settings.,1. Check the subscription details. 2. Confirm the renewal amount. 3. Cancel only through the official account if desired.,Low,P4,"English dataset row; retained from the finalized 1,500-record ScamShield dataset.",your netflix subscription renews on 20 october for rs 2499. thank you.
G0451,Your service request TKT-77104 has been completed. Please review the update in the official portal. Thank you.,genuine,service_update,en,Research-backed synthetic,synthetic_research_backed,normal service update,Review the request through the official portal.,1. Open the official portal directly. 2. Check the request status. 3. Contact official support if the result is incorrect.,Low,P4,"English dataset row; retained from the finalized 1,500-record ScamShield dataset.",your service request tkt-77104 has been completed. please review the update in the official portal. thank you.
S1097,Please donate Rs 799 for an emergency relief campaign. Transfer to this personal UPI ID today.,scam,charity_scam,en,Research-backed synthetic,synthetic_research_backed,"emotional appeal, personal payment destination, urgency",Verify the charity and donation channel independently.,1. Do not transfer to an unverified personal account. 2. Check the organization's official website. 3. Donate through verified channels. 4. Report the message.,Medium,P2,"English dataset row; retained from the finalized 1,500-record ScamShield dataset.",please donate rs 799 for an emergency relief campaign. transfer to this personal upi id today.
S1476,Premium apartment available at a very low rent. Send a refundable booking deposit of Rs 1499 before viewing.,scam,rental_scam,en,Research-backed synthetic,synthetic_research_backed,"unusually low price, advance deposit, no viewing",Do not pay a deposit before independently verifying the property and owner.,1. Do not transfer the deposit. 2. Verify ownership/listing independently. 3. Inspect the property. 4. Report suspicious listings.,High,P2,"English dataset row; retained from the finalized 1,500-record ScamShield dataset.",premium apartment available at a very low rent. send a refundable booking deposit of rs 1499 before viewing.
TE-G0109,రిమైండర్: మీ అపాయింట్‌మెంట్ 2 अक्टूबरన 2:00 बजेకి ఉంది.,genuine,appointment,te,Research-backed synthetic multilingual,synthetic_research_backed,సాధారణ అపాయింట్‌మెంట్ రిమైండర్,అధికారిక ప్రొవైడర్ ద్వారా వివరాలను నిర్ధారించండి.,1. అధికారిక ప్రొవైడర్ ద్వారా వివరాలను నిర్ధారించండి. 2. అధికారిక ఛానల్ ద్వారా స్వతంత్రంగా వెరిఫై చేయండి. 3. ఆధారాలను సేవ్ చేసి అవసరమైతే రిపోర్ట్ చేయండి.,Low,P4,Telugu synthetic/adapted example; not claimed as verbatim real-world data.,రిమైండర్: మీ అపాయింట్‌మెంట్ 2 अक्टूबरన 2:00 बजेకి ఉంది.
G0741,Your mobile plan has 1.2 GB remaining and is valid until 15 October.,genuine,telecom_genuine,en,Research-backed synthetic,synthetic_research_backed,normal telecom usage notice,Check usage in the official provider app.,1. Check usage in the official provider app. 2. Verify the message in the official app/portal if needed. 3. Do not share sensitive information unnecessarily.,Low,P4,"English dataset row; retained from the finalized 1,500-record ScamShield dataset.",your mobile plan has 1.2 gb remaining and is valid until 15 october.
S0336,Your Paytm account has been locked. Verify your identity now at https://example.invalid/verify to avoid permanent closure. Do not ignore this message.,scam,phishing,en,Research-backed synthetic,synthetic_research_backed,"account threat, urgency, suspicious URL, credential harvesting",Do not click the link.,1. Do not open the URL. 2. Visit the service by typing its official address. 3. Change credentials if exposed. 4. Report the message.,High,P1,"English dataset row; retained from the finalized 1,500-record ScamShield dataset.",your paytm account has been locked. verify your identity now at https://example.invalid/verify to avoid permanent closure. do not ignore this message.
TE-S0109,CAPTCHAలు పూర్తి చేసి రోజుకు ₹199 సంపాదించండి. అకౌంట్ యాక్టివేట్ చేయడానికి ₹499 ఫీజు చెల్లించండి.,scam,fake_captcha_job,te,Research-backed synthetic multilingual,synthetic_research_backed,"ఫేక్ CAPTCHA ఉద్యోగం, ముందస్తు ఫీజు",ఫీజు చెల్లించకండి; ఉద్యోగాన్ని వెరిఫై చేయండి.,1. ఫీజు చెల్లించకండి; ఉద్యోగాన్ని వెరిఫై చేయండి. 2. అధికారిక ఛానల్ ద్వారా స్వతంత్రంగా వెరిఫై చేయండి. 3. ఆధారాలను సేవ్ చేసి అవసరమైతే రిపోర్ట్ చేయండి.,High,P1,Telugu synthetic/adapted example; not claimed as verbatim real-world data.,captchaలు పూర్తి చేసి రోజుకు ₹199 సంపాదించండి. అకౌంట్ యాక్టివేట్ చేయడానికి ₹499 ఫీజు చెల్లించండి.
HI-G0075,आपका ₹999 बिजली बिल 10 अक्टूबर को देय है।,genuine,utility_genuine,hi,Research-backed synthetic multilingual,synthetic_research_backed,सामान्य यूटिलिटी रिमाइंडर,आधिकारिक बिजली पोर्टल पर बिल जांचें।,1. आधिकारिक बिजली पोर्टल पर बिल जांचें। 2. आधिकारिक चैनल से स्वतंत्र रूप से सत्यापन करें। 3. संदिग्ध होने पर संदेश/नंबर की रिपोर्ट करें।,Low,P4,Hindi synthetic/adapted example; not claimed as verbatim real-world data.,आपका ₹999 बिजली बिल 10 अक्टूबर को देय है।
S0820,"Hi, I lost my phone and need you to urgently transfer Rs 199 to this new account. Please don't call. Act now.",scam,impersonation,en,Research-backed synthetic,synthetic_research_backed,"impersonation, money request, urgency, discouraging verification",Verify the person's identity through an independent channel before any payment.,1. Do not transfer money. 2. Call the person using a known number. 3. Confirm the request independently. 4. Report if fraudulent.,High,P1,"English dataset row; retained from the finalized 1,500-record ScamShield dataset.","hi, i lost my phone and need you to urgently transfer rs 199 to this new account. please don't call. act now."
S0722,Urgent: your Kotak Bank account will be blocked today because PAN/KYC is incomplete. Click https://example.invalid/verify to update now. Immediate action required.,scam,bank_kyc,en,Research-backed synthetic,synthetic_research_backed,"bank impersonation, urgency, suspicious URL, KYC request",Do not click the link or share banking credentials.,1. Do not click the link. 2. Open the bank's official app/site manually. 3. Verify KYC status. 4. Report the message if fraudulent.,High,P1,"English dataset row; retained from the finalized 1,500-record ScamShield dataset.",urgent: your kotak bank account will be blocked today because pan/kyc is incomplete. click https://example.invalid/verify to update now. immediate action required.
HI-G0113,"आपकी सदस्यता 30 सितंबर को ₹5,000 में नवीनीकृत होगी।",genuine,subscription,hi,Research-backed synthetic multilingual,synthetic_research_backed,सामान्य सदस्यता सूचना,आधिकारिक अकाउंट सेटिंग्स में विवरण जांचें।,1. आधिकारिक अकाउंट सेटिंग्स में विवरण जांचें। 2. आधिकारिक चैनल से स्वतंत्र रूप से सत्यापन करें। 3. संदिग्ध होने पर संदेश/नंबर की रिपोर्ट करें।,Low,P4,Hindi synthetic/adapted example; not claimed as verbatim real-world data.,"आपकी सदस्यता 30 सितंबर को ₹5,000 में नवीनीकृत होगी।"
G0949,Your subscription renews on 30 September for ₹799.,genuine,subscription,en,Research-backed synthetic,synthetic_research_backed,normal subscription notice,Review the subscription in the official account settings.,1. Review the subscription in the official account settings. 2. Verify the message in the official app/portal if needed. 3. Do not share sensitive information unnecessarily.,Low,P4,"English dataset row; retained from the finalized 1,500-record ScamShield dataset.",your subscription renews on 30 september for ₹799.
S0943,You have been selected for a work-from-home Data Analyst paying Rs 799 per day. Pay Rs 299 as registration before joining. Act now.,scam,job_scam,en,Research-backed synthetic,synthetic_research_backed,"unrealistic earnings, upfront fee, unsolicited job",Do not pay the registration fee.,1. Do not pay. 2. Verify the employer independently. 3. Do not share identity/banking documents. 4. Block and report the sender.,High,P1,"English dataset row; retained from the finalized 1,500-record ScamShield dataset.",you have been selected for a work-from-home data analyst paying rs 799 per day. pay rs 299 as registration before joining. act now.
G1015,Your India Post order #402-1937460 has shipped and is expected to arrive on 2 October. Thank you.,genuine,delivery,en,Research-backed synthetic,synthetic_research_backed,normal delivery update,Track through the official retailer/carrier app if needed.,1. Open the official app if tracking is required. 2. Check the order number. 3. No payment is required unless shown in the official order flow.,Low,P4,"English dataset row; retained from the finalized 1,500-record ScamShield dataset.",your india post order #402-1937460 has shipped and is expected to arrive on 2 october. thank you.
S1474,Congratulations! Your instant loan of Rs 799 is approved. Pay Rs 299 processing charges to release the funds. Act now.,scam,loan_scam,en,Research-backed synthetic,synthetic_research_backed,"unsolicited loan, advance fee, pressure",Do not pay the fee.,1. Do not pay upfront charges. 2. Verify the lender independently. 3. Avoid sharing banking credentials. 4. Report the message.,High,P1,"English dataset row; retained from the finalized 1,500-record ScamShield dataset.",congratulations! your instant loan of rs 799 is approved. pay rs 299 processing charges to release the funds. act now.
G0800,Your Uber payment of ₹799 was processed successfully.,genuine,transaction,en,Research-backed synthetic,synthetic_research_backed,normal transaction notification,Verify in the official app.,1. Verify in the official app. 2. Verify the message in the official app/portal if needed. 3. Do not share sensitive information unnecessarily.,Low,P4,"English dataset row; retained from the finalized 1,500-record ScamShield dataset.",your uber payment of ₹799 was processed successfully.
S0418,You have been selected for a work-from-home Data Analyst paying Rs 2499 per day. Pay Rs 499 as registration before joining. Immediate action required.,scam,job_scam,en,Research-backed synthetic,synthetic_research_backed,"unrealistic earnings, upfront fee, unsolicited job",Do not pay the registration fee.,1. Do not pay. 2. Verify the employer independently. 3. Do not share identity/banking documents. 4. Block and report the sender.,High,P1,"English dataset row; retained from the finalized 1,500-record ScamShield dataset.",you have been selected for a work-from-home data analyst paying rs 2499 per day. pay rs 499 as registration before joining. immediate action required.
S0197,A refund of Rs 199 is waiting for you. Share your card number and OTP so we can process it immediately. Do not ignore this message.,scam,refund_scam,en,Research-backed synthetic,synthetic_research_backed,"refund pretext, card-data request, OTP request",Do not share card or OTP details.,1. Do not share credentials. 2. Check refunds in the official merchant app. 3. Contact official support. 4. Report the sender.,Critical,P1,"English dataset row; retained from the finalized 1,500-record ScamShield dataset.",a refund of rs 199 is waiting for you. share your card number and otp so we can process it immediately. do not ignore this message.
TE-S0124,"ఇంటినుంచి పని చేసి రోజుకు ₹5,000 సంపాదించండి. ఉద్యోగం ప్రారంభించడానికి ₹199 రిజిస్ట్రేషన్ ఫీజు చెల్లించండి.",scam,job_scam,te,Research-backed synthetic multilingual,synthetic_research_backed,"ఫేక్ ఉద్యోగం, ముందస్తు ఫీజు, అవాస్తవ ఆదాయం",ఫీజు చెల్లించకండి; ఉద్యోగదాతను స్వతంత్రంగా వెరిఫై చేయండి.,1. ఫీజు చెల్లించకండి; ఉద్యోగదాతను స్వతంత్రంగా వెరిఫై చేయండి. 2. అధికారిక ఛానల్ ద్వారా స్వతంత్రంగా వెరిఫై చేయండి. 3. ఆధారాలను సేవ్ చేసి అవసరమైతే రిపోర్ట్ చేయండి.,High,P1,Telugu synthetic/adapted example; not claimed as verbatim real-world data.,"ఇంటినుంచి పని చేసి రోజుకు ₹5,000 సంపాదించండి. ఉద్యోగం ప్రారంభించడానికి ₹199 రిజిస్ట్రేషన్ ఫీజు చెల్లించండి."
G0230,Flipkart verification code A-739214 है। इसे किसी के साथ साझा न करें।,genuine,otp,en,Research-backed synthetic,synthetic_research_backed,legitimate verification-code notice,Use only for the verification you initiated.,1. कोड केवल आधिकारिक स्क्रीन पर दर्ज करें। 2. किसी को न बताएं। 3. अनचाहा कोड हो तो पासवर्ड/सुरक्षा जांचें।,Low,P4,"English dataset row; retained from the finalized 1,500-record ScamShield dataset.",flipkart verification code a-739214 है। इसे किसी के साथ साझा न करें।
G0555,Your electricity bill of Rs 799 is due on 20 October. Please pay through the official utility portal. Please keep this for your records.,genuine,utility_genuine,en,Research-backed synthetic,synthetic_research_backed,normal utility bill reminder,Use the official utility website/app.,1. Verify the bill in the official portal. 2. Check the due date and amount. 3. Pay only through the official channel.,Low,P4,"English dataset row; retained from the finalized 1,500-record ScamShield dataset.",your electricity bill of rs 799 is due on 20 october. please pay through the official utility portal. please keep this for your records.
HI-G0081,आपका Data Analyst आवेदन अगले चरण के लिए चयनित हुआ है। आधिकारिक करियर पोर्टल देखें।,genuine,job_genuine,hi,Research-backed synthetic multilingual,synthetic_research_backed,सामान्य भर्ती सूचना,कंपनी के आधिकारिक करियर पोर्टल से आवेदन स्थिति जांचें।,1. कंपनी के आधिकारिक करियर पोर्टल से आवेदन स्थिति जांचें। 2. आधिकारिक चैनल से स्वतंत्र रूप से सत्यापन करें। 3. संदिग्ध होने पर संदेश/नंबर की रिपोर्ट करें।,Low,P4,Hindi synthetic/adapted example; not claimed as verbatim real-world data.,आपका data analyst आवेदन अगले चरण के लिए चयनित हुआ है। आधिकारिक करियर पोर्टल देखें।
G1345,"Dear Joshitha, this is a reminder for your placement readiness test with AccioJob in the Java Backend domain tomorrow.",genuine,appointment,en,User-provided reference file,user_reference,,,Verify through an official channel; follow the expected action above.,Low,P4,"English dataset row; retained from the finalized 1,500-record ScamShield dataset.","dear joshitha, this is a reminder for your placement readiness test with acciojob in the java backend domain tomorrow."
TE-S0010,₹499 రీఫండ్ పొందడానికి ఈ QR కోడ్ స్కాన్ చేసి UPI PIN నమోదు చేయండి.,scam,upi_qr,te,Research-backed synthetic multilingual,synthetic_research_backed,"QR మోసం, UPI PIN అభ్యర్థన, రీఫండ్ నెపం",QR స్కాన్ చేయకండి; UPI PIN ఇవ్వకండి.,1. QR స్కాన్ చేయకండి; UPI PIN ఇవ్వకండి. 2. అధికారిక ఛానల్ ద్వారా స్వతంత్రంగా వెరిఫై చేయండి. 3. ఆధారాలను సేవ్ చేసి అవసరమైతే రిపోర్ట్ చేయండి.,Critical,P1,Telugu synthetic/adapted example; not claimed as verbatim real-world data.,₹499 రీఫండ్ పొందడానికి ఈ qr కోడ్ స్కాన్ చేసి upi pin నమోదు చేయండి.
G1146,Your Vi data plan has 1.2 GB remaining and is valid until 2 October. Please keep this for your records.,genuine,telecom_genuine,en,Research-backed synthetic,synthetic_research_backed,normal telecom usage notice,Check usage in the official telecom app if needed.,1. Open the official provider app. 2. Review plan usage. 3. Recharge only through official channels.,Low,P4,"English dataset row; retained from the finalized 1,500-record ScamShield dataset.",your vi data plan has 1.2 gb remaining and is valid until 2 october. please keep this for your records.
G0078,Your Netflix subscription renews on 20 October for Rs 799. Please keep this for your records.,genuine,subscription,en,Research-backed synthetic,synthetic_research_backed,normal subscription notice,Review the subscription in the official account settings.,1. Check the subscription details. 2. Confirm the renewal amount. 3. Cancel only through the official account if desired.,Low,P4,"English dataset row; retained from the finalized 1,500-record ScamShield dataset.",your netflix subscription renews on 20 october for rs 799. please keep this for your records.
S1305,A refund of Rs 1299 is waiting for you. Share your card number and OTP so we can process it immediately.,scam,refund_scam,en,Research-backed synthetic,synthetic_research_backed,"refund pretext, card-data request, OTP request",Do not share card or OTP details.,1. Do not share credentials. 2. Check refunds in the official merchant app. 3. Contact official support. 4. Report the sender.,Critical,P1,"English dataset row; retained from the finalized 1,500-record ScamShield dataset.",a refund of rs 1299 is waiting for you. share your card number and otp so we can process it immediately.
S1467,You have been selected for a work-from-home ML Intern paying Rs 249 per day. Pay Rs 299 as registration before joining.,scam,job_scam,en,Research-backed synthetic,synthetic_research_backed,"unrealistic earnings, upfront fee, unsolicited job",Do not pay the registration fee.,1. Do not pay. 2. Verify the employer independently. 3. Do not share identity/banking documents. 4. Block and report the sender.,High,P1,"English dataset row; retained from the finalized 1,500-record ScamShield dataset.",you have been selected for a work-from-home ml intern paying rs 249 per day. pay rs 299 as registration before joining.
G1262,Your airline booking Q4M8LX is confirmed for 5 October.,genuine,travel,en,Research-backed synthetic,synthetic_research_backed,normal travel confirmation,Check the booking in the official airline app.,1. Check the booking in the official airline app. 2. Verify the message in the official app/portal if needed. 3. Do not share sensitive information unnecessarily.,Low,P4,"English dataset row; retained from the finalized 1,500-record ScamShield dataset.",your airline booking q4m8lx is confirmed for 5 october.
HI-G0033,आपका ऑर्डर #401-8246152 भेज दिया गया है और 5 अक्टूबर तक पहुंचने की उम्मीद है।,genuine,delivery,hi,Research-backed synthetic multilingual,synthetic_research_backed,सामान्य डिलीवरी अपडेट,आधिकारिक ऐप/वेबसाइट से ट्रैक करें।,1. आधिकारिक ऐप/वेबसाइट से ट्रैक करें। 2. आधिकारिक चैनल से स्वतंत्र रूप से सत्यापन करें। 3. संदिग्ध होने पर संदेश/नंबर की रिपोर्ट करें।,Low,P4,Hindi synthetic/adapted example; not claimed as verbatim real-world data.,आपका ऑर्डर #401-8246152 भेज दिया गया है और 5 अक्टूबर तक पहुंचने की उम्मीद है।
TE-S0089,"CAPTCHAలు పూర్తి చేసి రోజుకు ₹5,000 సంపాదించండి. అకౌంట్ యాక్టివేట్ చేయడానికి ₹1,999 ఫీజు చెల్లించండి.",scam,fake_captcha_job,te,Research-backed synthetic multilingual,synthetic_research_backed,"ఫేక్ CAPTCHA ఉద్యోగం, ముందస్తు ఫీజు",ఫీజు చెల్లించకండి; ఉద్యోగాన్ని వెరిఫై చేయండి.,1. ఫీజు చెల్లించకండి; ఉద్యోగాన్ని వెరిఫై చేయండి. 2. అధికారిక ఛానల్ ద్వారా స్వతంత్రంగా వెరిఫై చేయండి. 3. ఆధారాలను సేవ్ చేసి అవసరమైతే రిపోర్ట్ చేయండి.,High,P1,Telugu synthetic/adapted example; not claimed as verbatim real-world data.,"captchaలు పూర్తి చేసి రోజుకు ₹5,000 సంపాదించండి. అకౌంట్ యాక్టివేట్ చేయడానికి ₹1,999 ఫీజు చెల్లించండి."
G0887,Your BSNL data plan has 5 GB remaining and is valid until 10 October. Thank you.,genuine,telecom_genuine,en,Research-backed synthetic,synthetic_research_backed,normal telecom usage notice,Check usage in the official telecom app if needed.,1. Open the official provider app. 2. Review plan usage. 3. Recharge only through official channels.,Low,P4,"English dataset row; retained from the finalized 1,500-record ScamShield dataset.",your bsnl data plan has 5 gb remaining and is valid until 10 october. thank you.
G0894,Your support ticket SS-10482 has been updated. Sign in to the official support portal to view it.,genuine,support_genuine,en,Research-backed synthetic,synthetic_research_backed,normal support notification,Open the known support portal directly.,1. Open the known support portal directly. 2. Verify the message in the official app/portal if needed. 3. Do not share sensitive information unnecessarily.,Low,P4,"English dataset row; retained from the finalized 1,500-record ScamShield dataset.",your support ticket ss-10482 has been updated. sign in to the official support portal to view it.
G1120,Your WhatsApp subscription renews on 15 October for Rs 1299. Thank you.,genuine,subscription,en,Research-backed synthetic,synthetic_research_backed,normal subscription notice,Review the subscription in the official account settings.,1. Check the subscription details. 2. Confirm the renewal amount. 3. Cancel only through the official account if desired.,Low,P4,"English dataset row; retained from the finalized 1,500-record ScamShield dataset.",your whatsapp subscription renews on 15 october for rs 1299. thank you.
S0236,Your SIM will be disconnected in 3 hours because it was used for illegal activity. Call this number immediately. Immediate action required.,scam,telecom_threat,en,Research-backed synthetic,synthetic_research_backed,"telecom impersonation, urgency, threat, callback request",Do not call the supplied number.,1. Do not call the supplied number. 2. Check account status in the official telecom app. 3. Contact official support. 4. Report the message.,High,P1,"English dataset row; retained from the finalized 1,500-record ScamShield dataset.",your sim will be disconnected in 3 hours because it was used for illegal activity. call this number immediately. immediate action required.
S0401,Rent your WhatsApp account to earn ₹5000 per week. Send the verification code to activate the rental.,scam,whatsapp_web_renting,en,Research-backed synthetic,synthetic_research_backed,"account renting, OTP request, financial incentive",Do not share the verification code or account access.,1. Do not share the verification code or account access. 2. Verify independently using the official service/authority. 3. Preserve evidence. 4. Report suspected cyber fraud.,Critical,P1,"English dataset row; retained from the finalized 1,500-record ScamShield dataset.",rent your whatsapp account to earn ₹5000 per week. send the verification code to activate the rental.
S0743,Your parcel is held because of a Rs 199 customs/redelivery charge. Pay at https://example.invalid/verify within 2 hours. Immediate action required.,scam,delivery,en,Research-backed synthetic,synthetic_research_backed,"delivery impersonation, small fee, urgency, suspicious URL",Do not pay through the provided link.,1. Do not open the link. 2. Check the order on the official retailer/carrier site. 3. Verify any fee there. 4. Report the SMS.,High,P1,"English dataset row; retained from the finalized 1,500-record ScamShield dataset.",your parcel is held because of a rs 199 customs/redelivery charge. pay at https://example.invalid/verify within 2 hours. immediate action required.
S0477,Earn ₹2499 daily by completing CAPTCHA tasks. Pay ₹999 registration/software charges to activate your account.,scam,fake_captcha_job,en,Research-backed synthetic,synthetic_research_backed,"upfront fee, unrealistic earnings, fake job platform",Do not pay the registration fee.,1. Do not pay the registration fee. 2. Verify independently using the official service/authority. 3. Preserve evidence. 4. Report suspected cyber fraud.,High,P1,"English dataset row; retained from the finalized 1,500-record ScamShield dataset.",earn ₹2499 daily by completing captcha tasks. pay ₹999 registration/software charges to activate your account.
G0070,Your electricity bill of ₹499 is due on 2 October.,genuine,utility_genuine,en,Research-backed synthetic,synthetic_research_backed,normal utility reminder,Check the official utility portal.,1. Check the official utility portal. 2. Verify the message in the official app/portal if needed. 3. Do not share sensitive information unnecessarily.,Low,P4,"English dataset row; retained from the finalized 1,500-record ScamShield dataset.",your electricity bill of ₹499 is due on 2 october.
HI-S0093,आपका Paytm अकाउंट लॉक हो गया है। इसे बंद होने से बचाने के लिए http://secure-update.invalid पर लॉगिन करें।,scam,phishing,hi,Research-backed synthetic multilingual,synthetic_research_backed,"फिशिंग लिंक, अकाउंट लॉक होने की धमकी, लॉगिन विवरण मांगना",लिंक न खोलें; आधिकारिक ऐप से अकाउंट जांचें।,1. लिंक न खोलें; आधिकारिक ऐप से अकाउंट जांचें। 2. आधिकारिक चैनल से स्वतंत्र रूप से सत्यापन करें। 3. संदिग्ध होने पर संदेश/नंबर की रिपोर्ट करें।,High,P1,Hindi synthetic/adapted example; not claimed as verbatim real-world data.,आपका paytm अकाउंट लॉक हो गया है। इसे बंद होने से बचाने के लिए http://secure-update.invalid पर लॉगिन करें।
HI-S0119,आपका Amazon अकाउंट लॉक हो गया है। इसे बंद होने से बचाने के लिए http://verify-account.invalid पर लॉगिन करें।,scam,phishing,hi,Research-backed synthetic multilingual,synthetic_research_backed,"फिशिंग लिंक, अकाउंट लॉक होने की धमकी, लॉगिन विवरण मांगना",लिंक न खोलें; आधिकारिक ऐप से अकाउंट जांचें।,1. लिंक न खोलें; आधिकारिक ऐप से अकाउंट जांचें। 2. आधिकारिक चैनल से स्वतंत्र रूप से सत्यापन करें। 3. संदिग्ध होने पर संदेश/नंबर की रिपोर्ट करें।,High,P1,Hindi synthetic/adapted example; not claimed as verbatim real-world data.,आपका amazon अकाउंट लॉक हो गया है। इसे बंद होने से बचाने के लिए http://verify-account.invalid पर लॉगिन करें।
G0246,Your Netflix subscription renews on 2 October for Rs 2499. — Customer Notification.,genuine,subscription,en,Research-backed synthetic,synthetic_research_backed,normal subscription notice,Review the subscription in the official account settings.,1. Check the subscription details. 2. Confirm the renewal amount. 3. Cancel only through the official account if desired.,Low,P4,"English dataset row; retained from the finalized 1,500-record ScamShield dataset.",your netflix subscription renews on 2 october for rs 2499. — customer notification.
G0666,The Machine Learning assignment deadline is 2 October. Please submit it through the student portal. Please keep this for your records.,genuine,education,en,Research-backed synthetic,synthetic_research_backed,normal educational announcement,Use the official student portal.,1. Check the assignment details. 2. Prepare the submission. 3. Upload through the official portal before the deadline.,Low,P4,"English dataset row; retained from the finalized 1,500-record ScamShield dataset.",the machine learning assignment deadline is 2 october. please submit it through the student portal. please keep this for your records.
S0776,Congratulations! Your instant loan of Rs 1299 is approved. Pay Rs 999 processing charges to release the funds. Immediate action required.,scam,loan_scam,en,Research-backed synthetic,synthetic_research_backed,"unsolicited loan, advance fee, pressure",Do not pay the fee.,1. Do not pay upfront charges. 2. Verify the lender independently. 3. Avoid sharing banking credentials. 4. Report the message.,High,P1,"English dataset row; retained from the finalized 1,500-record ScamShield dataset.",congratulations! your instant loan of rs 1299 is approved. pay rs 999 processing charges to release the funds. immediate action required.
S0539,Your parcel is held because of a Rs 299 customs/redelivery charge. Pay at http://secure-update.invalid within 2 hours. Immediate action required.,scam,delivery,en,Research-backed synthetic,synthetic_research_backed,"delivery impersonation, small fee, urgency, suspicious URL",Do not pay through the provided link.,1. Do not open the link. 2. Check the order on the official retailer/carrier site. 3. Verify any fee there. 4. Report the SMS.,High,P1,"English dataset row; retained from the finalized 1,500-record ScamShield dataset.",your parcel is held because of a rs 299 customs/redelivery charge. pay at http://secure-update.invalid within 2 hours. immediate action required.
HI-G0076,"आपका ₹2,499 बिजली बिल 15 अक्टूबर को देय है।",genuine,utility_genuine,hi,Research-backed synthetic multilingual,synthetic_research_backed,सामान्य यूटिलिटी रिमाइंडर,आधिकारिक बिजली पोर्टल पर बिल जांचें।,1. आधिकारिक बिजली पोर्टल पर बिल जांचें। 2. आधिकारिक चैनल से स्वतंत्र रूप से सत्यापन करें। 3. संदिग्ध होने पर संदेश/नंबर की रिपोर्ट करें।,Low,P4,Hindi synthetic/adapted example; not claimed as verbatim real-world data.,"आपका ₹2,499 बिजली बिल 15 अक्टूबर को देय है।"
S0881,You have been selected for a work-from-home ML Intern paying Rs 2499 per day. Pay Rs 999 as registration before joining. Act now.,scam,job_scam,en,Research-backed synthetic,synthetic_research_backed,"unrealistic earnings, upfront fee, unsolicited job",Do not pay the registration fee.,1. Do not pay. 2. Verify the employer independently. 3. Do not share identity/banking documents. 4. Block and report the sender.,High,P1,"English dataset row; retained from the finalized 1,500-record ScamShield dataset.",you have been selected for a work-from-home ml intern paying rs 2499 per day. pay rs 999 as registration before joining. act now.
